{"authorDailyContributionsMap":{"guangxuan":[{"date":"2021-09-19","commitResults":[{"hash":"f41d88d294a40d8d1ce113012b5d8a92aef3cbe1","messageTitle":"Add About Us Guangxuan","messageBody":"","fileTypesAndContributionMap":{"docs":{"insertions":51,"deletions":5}}},{"hash":"ff901376bde71e0a8b678edfceddfb19bd18e2e2","messageTitle":"Update DG user stories, glossary, NFRs, use cases","messageBody":"","fileTypesAndContributionMap":{"docs":{"insertions":45,"deletions":24}}}]},{"date":"2021-09-23","commitResults":[{"hash":"e449eed93f0c17e969a415064e242a70dacb45b9","messageTitle":"address DG PR feedback","messageBody":"","fileTypesAndContributionMap":{"docs":{"insertions":6,"deletions":3}}}]},{"date":"2021-09-27","commitResults":[{"hash":"3be81e55de6257129f1f5a91c8e98aa7ed6ad2b2","messageTitle":"Add Seller, Price to AddCommandParser","messageBody":"","fileTypesAndContributionMap":{"functional-code":{"insertions":40,"deletions":17}}},{"hash":"9febdbca4ab4670ba0b0c67b1b669109173284e0","messageTitle":"Add Seller, Price to EditCommandParser","messageBody":"","fileTypesAndContributionMap":{"functional-code":{"insertions":10,"deletions":7}}},{"hash":"8496966e4333c5c04f432c75346e34eb69b7c43d","messageTitle":"Fix Checkstyle","messageBody":"","fileTypesAndContributionMap":{"functional-code":{"insertions":27,"deletions":16}}}]},{"date":"2021-10-03","commitResults":[{"hash":"7353674e5e8de3133e9d9401d2ea078e0e155bc1","messageTitle":"Move repeated fields to field package","messageBody":"","fileTypesAndContributionMap":{"functional-code":{"insertions":26,"deletions":22},"other":{"insertions":6,"deletions":5},"test-code":{"insertions":40,"deletions":30}}},{"hash":"d5f1bc0e44cf3446b5be0e266bec12a44f13bf40","messageTitle":"Move field tests to field package","messageBody":"","fileTypesAndContributionMap":{"other":{"insertions":5,"deletions":14}}},{"hash":"5e3ac67b3003851e56a37bc17f4ee4b1a018d774","messageTitle":"Add Person Class","messageBody":"","fileTypesAndContributionMap":{"functional-code":{"insertions":82,"deletions":0}}},{"hash":"55a955ab68afc2f551df58f1aced4692915e7121","messageTitle":"Add Person Test","messageBody":"","fileTypesAndContributionMap":{"test-code":{"insertions":190,"deletions":0}}},{"hash":"e9de70c4dec89f919ec0fbf59d86314ad2b39bf1","messageTitle":"Revert validFileWithFxRoot.fxml","messageBody":"","fileTypesAndContributionMap":{"test-code":{"insertions":1,"deletions":2}}}]},{"date":"2021-10-04","commitResults":[{"hash":"b0a1d2b6db27c1ac495b959d72131e61c7a0d2ea","messageTitle":"Add JsonAdaptedPerson","messageBody":"","fileTypesAndContributionMap":{"functional-code":{"insertions":76,"deletions":0}}},{"hash":"8c7dba87b26f1a8bc84adbf7a61e75a1633236f6","messageTitle":"Add JsonAdaptedPersonTest","messageBody":"","fileTypesAndContributionMap":{"test-code":{"insertions":74,"deletions":0}}}]},{"date":"2021-10-05","commitResults":[{"hash":"4b5dc2ebae6cb3c4b43e35741a826017e9bad503","messageTitle":"Refactor Property class","messageBody":"","fileTypesAndContributionMap":{"functional-code":{"insertions":12,"deletions":34}}},{"hash":"3cdce009635cef53f31f23c64092b8fc7bbf0b43","messageTitle":"Fix Add Command","messageBody":"","fileTypesAndContributionMap":{"functional-code":{"insertions":5,"deletions":20}}},{"hash":"d43eaa754663e665350aa3107899e2e58275c4a4","messageTitle":"Fix EditCommand","messageBody":"","fileTypesAndContributionMap":{"functional-code":{"insertions":33,"deletions":32}}},{"hash":"5693a51f6a8aeb4d614d0fb35c7d432f236b98b6","messageTitle":"Fix JsonAdaptedProperty","messageBody":"","fileTypesAndContributionMap":{"functional-code":{"insertions":15,"deletions":42}}},{"hash":"c3a103d1202c2b19640cd38982022db26e049911","messageTitle":"Fix SampleDataUtil","messageBody":"","fileTypesAndContributionMap":{"functional-code":{"insertions":25,"deletions":18}}},{"hash":"76b7d75aba68ea2f39523256a5fc3a33f75d0c78","messageTitle":"Fix UI and Storage","messageBody":"","fileTypesAndContributionMap":{"functional-code":{"insertions":6,"deletions":4}}},{"hash":"5aa6c4b46e09af4cdb9dbedd270ad706c381ce7a","messageTitle":"Fix PropertyBuilder and TypicalProperties","messageBody":"","fileTypesAndContributionMap":{"test-code":{"insertions":22,"deletions":31}}},{"hash":"ed0382964fc1d3aa32c004961bc8f6e17f170863","messageTitle":"Rename typical properties to have prefix P_","messageBody":"","fileTypesAndContributionMap":{"test-code":{"insertions":130,"deletions":181}}},{"hash":"12218240912d53ce371edeba1c5d458b23ab3a71","messageTitle":"Remove Seller","messageBody":"","fileTypesAndContributionMap":{"functional-code":{"insertions":4,"deletions":58},"test-code":{"insertions":10,"deletions":79}}},{"hash":"f46853b8e8055269b8d60d9341d631c1b2026e34","messageTitle":"Pass tests that are not System","messageBody":"","fileTypesAndContributionMap":{"functional-code":{"insertions":4,"deletions":0},"test-code":{"insertions":69,"deletions":49}}},{"hash":"77c899f8e19667c38a616c99a5fc0e9ee5b7ce42","messageTitle":"Fix Checkstyle","messageBody":"","fileTypesAndContributionMap":{"functional-code":{"insertions":0,"deletions":6},"test-code":{"insertions":18,"deletions":22}}},{"hash":"81c9885bf7efdccb647ea3ae3b6a038607e1e57a","messageTitle":"Add seller and property prefix before Edit,AddCommands. Address PR changes required","messageBody":"","fileTypesAndContributionMap":{"functional-code":{"insertions":48,"deletions":45},"test-code":{"insertions":12,"deletions":12}}}]},{"date":"2021-10-12","commitResults":[{"hash":"5247480de60a0222f27792c5dde6bd3b69d686d4","messageTitle":"Add Export Properties UI","messageBody":"","fileTypesAndContributionMap":{"functional-code":{"insertions":32,"deletions":1}}},{"hash":"a10bbc940b92fbf2dd64c06f2fb42a0ccb996e59","messageTitle":"Add Export Properties Logic","messageBody":"","fileTypesAndContributionMap":{"functional-code":{"insertions":17,"deletions":0}}},{"hash":"33b1a370c1b92e4832749513890f57b81437483f","messageTitle":"Add Opencsv","messageBody":"","fileTypesAndContributionMap":{"other":{"insertions":2,"deletions":0}}},{"hash":"2e88b45954cf368d0dbdc4071ced29c8e29bb356","messageTitle":"Add CsvManager","messageBody":"","fileTypesAndContributionMap":{"functional-code":{"insertions":43,"deletions":0}}},{"hash":"b3e2ebeb40c5473aa73a19cb374dab8904c4a3f0","messageTitle":"Fix checkstyle","messageBody":"","fileTypesAndContributionMap":{"functional-code":{"insertions":3,"deletions":6}}}]},{"date":"2021-10-13","commitResults":[{"hash":"603df80734d7a725ad6cef74cc3bf2d2504d3fa0","messageTitle":"Add Export Buyers","messageBody":"","fileTypesAndContributionMap":{"functional-code":{"insertions":56,"deletions":0}}},{"hash":"f083ccd231c2025f0de9191b141569418efa0deb","messageTitle":"Add Tests for export Properties and Buyers","messageBody":"","fileTypesAndContributionMap":{"test-code":{"insertions":93,"deletions":0}}},{"hash":"4f66e02deb0cc72aefd6c963a9983aa2641a1eaf","messageTitle":"Fix Checkstyle","messageBody":"","fileTypesAndContributionMap":{"functional-code":{"insertions":0,"deletions":1},"test-code":{"insertions":0,"deletions":8}}}]},{"date":"2021-10-14","commitResults":[{"hash":"4c1c9fca5d2f7bceebfcdeaa32978f6dac7500cf","messageTitle":"Add Buyer Tags for ExportBuyers","messageBody":"","fileTypesAndContributionMap":{"functional-code":{"insertions":3,"deletions":7}}},{"hash":"b9e3593cf34997dbdd45e4081eed1dd360f72ef5","messageTitle":"Add Export Import to User Guide","messageBody":"","fileTypesAndContributionMap":{"docs":{"insertions":34,"deletions":1}}},{"hash":"e3796a38b43ef718d468b01c0fb6180d151e44d1","messageTitle":"Tidy Documentations, fix typos from PR comments","messageBody":"","fileTypesAndContributionMap":{"functional-code":{"insertions":12,"deletions":10},"other":{"insertions":1,"deletions":1},"docs":{"insertions":5,"deletions":7}}},{"hash":"611adc7b811cf6887e93139c653c254940750d53","messageTitle":"Move CsvManager to Storage","messageBody":"","fileTypesAndContributionMap":{"functional-code":{"insertions":80,"deletions":77},"test-code":{"insertions":67,"deletions":85}}},{"hash":"7aac1c1a3017d853f5795280bec97514036d82a8","messageTitle":"Clean up javadoc","messageBody":"","fileTypesAndContributionMap":{"functional-code":{"insertions":2,"deletions":6}}},{"hash":"141b746b44293a1c68b1b4a8ec227700292f32b8","messageTitle":"Abstract csv commands into CsvManager again.","messageBody":"","fileTypesAndContributionMap":{"functional-code":{"insertions":69,"deletions":34},"test-code":{"insertions":103,"deletions":2}}}]},{"date":"2021-10-15","commitResults":[{"hash":"99edbf2f601ed5a9a7f0d509b82815893d051e54","messageTitle":"Add UiCommand Enum","messageBody":"","fileTypesAndContributionMap":{"functional-code":{"insertions":81,"deletions":0}}},{"hash":"2db14cc3e465253e1e7876d25290160db2d4c000","messageTitle":"Add UiParser for Help and Exit","messageBody":"","fileTypesAndContributionMap":{"functional-code":{"insertions":40,"deletions":48}}},{"hash":"118fad7f3548e05ffbc0e3e39c08dde0afd754c5","messageTitle":"Add ExportCommand to UiParser","messageBody":"","fileTypesAndContributionMap":{"functional-code":{"insertions":107,"deletions":21}}},{"hash":"a05ac326fc41ad461365752361bea6b35dd93218","messageTitle":"Change CommandResult to use UiAction","messageBody":"","fileTypesAndContributionMap":{"functional-code":{"insertions":37,"deletions":24}}},{"hash":"0538cdc9b6d31e574aa5c1c4746491d0d166e4f3","messageTitle":"Move UiParser into AddressBookParser","messageBody":"","fileTypesAndContributionMap":{"functional-code":{"insertions":39,"deletions":76}}},{"hash":"49320e5d07dad00c83716e520e2f71a23f4a778e","messageTitle":"Add CommandWithFile, revert Help and Exit Command class","messageBody":"","fileTypesAndContributionMap":{"functional-code":{"insertions":14,"deletions":9}}},{"hash":"eb2f37a93083a85826319e40d11aac1cb599cb9c","messageTitle":"Add ExportPropertiesCommand","messageBody":"","fileTypesAndContributionMap":{"functional-code":{"insertions":104,"deletions":46}}},{"hash":"073b12be97b66a87eba2b2292ce0c309071339ff","messageTitle":"Add AddressBookParser getFileDialogPrompt and isFileSave","messageBody":"","fileTypesAndContributionMap":{"functional-code":{"insertions":48,"deletions":52}}},{"hash":"84a5aa32396d9595307abc5f0769bd1e77f84825","messageTitle":"Add ExportBuyersCommand","messageBody":"","fileTypesAndContributionMap":{"functional-code":{"insertions":35,"deletions":2}}}]},{"date":"2021-10-16","commitResults":[{"hash":"114c9c4768f9de733a4d099786bb581708eea807","messageTitle":"Fix Checkstyle","messageBody":"","fileTypesAndContributionMap":{"functional-code":{"insertions":20,"deletions":59}}},{"hash":"60567c40fb63af7ec6f4d4124b437da72cbd752d","messageTitle":"Add ExportCommandParser","messageBody":"","fileTypesAndContributionMap":{"functional-code":{"insertions":50,"deletions":19}}},{"hash":"748b65e00d0af772f23cbafa7c04ee792f20e575","messageTitle":"ParseActor accepts both buyer and buyers, property and properties","messageBody":"","fileTypesAndContributionMap":{"functional-code":{"insertions":8,"deletions":2}}},{"hash":"34e865cb48033ddc2b1cf9c6392961ee9086215b","messageTitle":"Fix CommandResult tests","messageBody":"","fileTypesAndContributionMap":{"test-code":{"insertions":7,"deletions":7}}},{"hash":"4109977dfcd020858719c31a0177dff23c3a7e11","messageTitle":"Fix Systtem and Storage tests","messageBody":"","fileTypesAndContributionMap":{"functional-code":{"insertions":1,"deletions":1},"test-code":{"insertions":2,"deletions":2}}},{"hash":"500306e98a7b8b3d438e2e95c9f725d4bfb73a46","messageTitle":"Add javadocs to Logic","messageBody":"","fileTypesAndContributionMap":{"functional-code":{"insertions":13,"deletions":4}}},{"hash":"d455b3cf0a3f252350888705758fb9cd38d5a506","messageTitle":"Add CommandPreAction","messageBody":"","fileTypesAndContributionMap":{"functional-code":{"insertions":57,"deletions":40}}},{"hash":"d3b6f8386a1203f20e3e5e2a651de2888159a1fa","messageTitle":"Add CommandPreActionTest, parseCommandWithFile, getCommandPreAction tests","messageBody":"","fileTypesAndContributionMap":{"functional-code":{"insertions":14,"deletions":2},"test-code":{"insertions":81,"deletions":8}}},{"hash":"011c7fd85a0ec090e2ab7a88688ed7e724814d5e","messageTitle":"Fix Checkstyle","messageBody":"","fileTypesAndContributionMap":{"test-code":{"insertions":8,"deletions":10}}}]},{"date":"2021-10-17","commitResults":[{"hash":"38f359edc7861ba8bd7780009b5755a2cae90dec","messageTitle":"Apply suggestions from Wayne\u0027s code review","messageBody":"Co-authored-by: Wayne \u003cwaynetee@users.noreply.github.com\u003e","fileTypesAndContributionMap":{"functional-code":{"insertions":2,"deletions":6}}},{"hash":"387d4d4d2dffec62fb7deb0384b8a0aa820cd743","messageTitle":"Add LogicManager executeWithFile tests, AddressBookParser empty command test","messageBody":"","fileTypesAndContributionMap":{"functional-code":{"insertions":6,"deletions":4},"test-code":{"insertions":45,"deletions":11}}},{"hash":"a5c0713564858c55bd9a5bfbb1e0713f0a85cf45","messageTitle":"EnableAssertions in gradle","messageBody":"","fileTypesAndContributionMap":{"other":{"insertions":4,"deletions":0}}},{"hash":"faffa2db281837bc8319dd46b3ad55a53a53bef1","messageTitle":"Fix javadoc indentation in Logic","messageBody":"","fileTypesAndContributionMap":{"functional-code":{"insertions":2,"deletions":2}}}]}],"lizchow":[{"date":"2021-09-19","commitResults":[{"hash":"e0492c1e4100c6f29d2a99cca26159dfa61f6a7d","messageTitle":"Update AboutUs.md","messageBody":"","fileTypesAndContributionMap":{"docs":{"insertions":52,"deletions":6}}}]},{"date":"2021-09-21","commitResults":[{"hash":"8f419dcc6c0e46f798d8774d95196048286e37cb","messageTitle":"Update lizchow.md","messageBody":"","fileTypesAndContributionMap":{"docs":{"insertions":1,"deletions":1}}}]},{"date":"2021-09-28","commitResults":[{"hash":"cf8a7db9e72fb17c6bcff7d3501bdca572d07f6d","messageTitle":"Fix all tests","messageBody":"","fileTypesAndContributionMap":{"functional-code":{"insertions":4,"deletions":3},"test-code":{"insertions":419,"deletions":113}}},{"hash":"222fdb6600249b57dfdd1ab4c05b1f585908a8fa","messageTitle":"Rename person to property in test files","messageBody":"","fileTypesAndContributionMap":{"docs":{"insertions":2,"deletions":2},"test-code":{"insertions":94,"deletions":94}}}]},{"date":"2021-10-13","commitResults":[{"hash":"e9b579a77a9c565fbcb86f014a7c9d33d41a574c","messageTitle":"Add tags to buyers","messageBody":"","fileTypesAndContributionMap":{"functional-code":{"insertions":54,"deletions":21},"test-code":{"insertions":43,"deletions":8}}},{"hash":"cce7d477ee5f1b60e5eb700ba58f45f2ce77cb4b","messageTitle":"Change P_BENSON to B_BENSON","messageBody":"","fileTypesAndContributionMap":{"test-code":{"insertions":1,"deletions":1}}},{"hash":"71ee3dd04c99956757d806f5b80ce947bffd5581","messageTitle":"Remove unused import","messageBody":"","fileTypesAndContributionMap":{"test-code":{"insertions":0,"deletions":1}}},{"hash":"8dc564315427445a528925784551f1c51237fb02","messageTitle":"Add ta/ and td/ in buyer","messageBody":"","fileTypesAndContributionMap":{"functional-code":{"insertions":210,"deletions":165}}},{"hash":"543293ae19d1118479e2b4289309f6cb613787ad","messageTitle":"Fix checkstyle","messageBody":"","fileTypesAndContributionMap":{"functional-code":{"insertions":17,"deletions":24}}},{"hash":"eadd5fae5f146551b66011cc2a2193942266a41e","messageTitle":"Change List operation to Set","messageBody":"","fileTypesAndContributionMap":{"functional-code":{"insertions":2,"deletions":4}}}]},{"date":"2021-10-14","commitResults":[{"hash":"fe93df6fa7a397962d7c1ccce0a35c94d8248a59","messageTitle":"Add more isSameBuyer test for different tags","messageBody":"","fileTypesAndContributionMap":{"test-code":{"insertions":8,"deletions":0}}}]}],"trxe":[{"date":"2021-09-20","commitResults":[{"hash":"6aaff7f9f99bdad3b4b9064f9ea89c8cf7ef1403","messageTitle":"Start model refactor","messageBody":"","fileTypesAndContributionMap":{"functional-code":{"insertions":1,"deletions":0}}},{"hash":"dd9962724901e635bf31ebdaa404f18b9a8b7df4","messageTitle":"Rename class names containing \u0027Person\u0027","messageBody":"","fileTypesAndContributionMap":{"functional-code":{"insertions":348,"deletions":348},"other":{"insertions":151,"deletions":152},"docs":{"insertions":71,"deletions":71},"test-code":{"insertions":446,"deletions":446}}},{"hash":"cbc9bd4ac3187e27b0a4e6cd266579558a41d170","messageTitle":"Change method, attribute names containing `Person` (in `src\\main`)","messageBody":"","fileTypesAndContributionMap":{"functional-code":{"insertions":93,"deletions":93},"other":{"insertions":2,"deletions":2},"test-code":{"insertions":269,"deletions":270}}}]},{"date":"2021-09-21","commitResults":[{"hash":"f24924d8b4b350c7e78f95f57f1d275a2e30381f","messageTitle":"Add Seller class, contains name of seller","messageBody":"","fileTypesAndContributionMap":{"functional-code":{"insertions":54,"deletions":0}}},{"hash":"ce5872af96182df194ad0e347af106c61609818f","messageTitle":"Update AboutUs.md","messageBody":"","fileTypesAndContributionMap":{"docs":{"insertions":51,"deletions":5}}},{"hash":"484d68ab78d5448b2bc2cc42ddd8a72b599a9551","messageTitle":"Update PropertyBuilder, PropertyUtil; Add `PREFIX_SELLER`","messageBody":"","fileTypesAndContributionMap":{"functional-code":{"insertions":12,"deletions":3},"test-code":{"insertions":17,"deletions":2}}},{"hash":"7d67969432291d64ad2f193f5e77b60cc6c08849","messageTitle":"Add support for Seller in Model, Storage","messageBody":"","fileTypesAndContributionMap":{"functional-code":{"insertions":63,"deletions":25},"test-code":{"insertions":18,"deletions":13}}},{"hash":"51be4f1ca87acfc7e1480803873499d7b23570b9","messageTitle":"Add Price class","messageBody":"","fileTypesAndContributionMap":{"functional-code":{"insertions":47,"deletions":0}}},{"hash":"6022bae1e76e4cc9a75d4e212e50daed75cdac02","messageTitle":"Add support for Price in Model, Storage","messageBody":"","fileTypesAndContributionMap":{"functional-code":{"insertions":74,"deletions":23},"test-code":{"insertions":41,"deletions":13}}},{"hash":"cfa1bbb5de2e071b9c56142bf42a2902e4a83fc1","messageTitle":"Change type of `value` field in `Price` to long","messageBody":"","fileTypesAndContributionMap":{"functional-code":{"insertions":4,"deletions":5}}},{"hash":"ab3459c868e3a85c1358d7ba55e4ecbf474b2ddb","messageTitle":"Change image to png","messageBody":"","fileTypesAndContributionMap":{"docs":{"insertions":1,"deletions":1}}}]},{"date":"2021-09-24","commitResults":[{"hash":"998f61b1cc12d0bfe753f5d43595a50c787b0562","messageTitle":"Update Checkstyle","messageBody":"","fileTypesAndContributionMap":{"functional-code":{"insertions":2,"deletions":1}}},{"hash":"94c4bf48283c97d6dc3a23b80bfe26a957f85824","messageTitle":"Update Checkstyle","messageBody":"","fileTypesAndContributionMap":{"functional-code":{"insertions":2,"deletions":1}}},{"hash":"fce28a2b6820a47a03c63ffbf751bd4aeaf91b5a","messageTitle":"Update checkstyle","messageBody":"","fileTypesAndContributionMap":{"test-code":{"insertions":13,"deletions":9}}},{"hash":"e7a1d81aa9a8db763f12d2f1102eb2101ddcf19d","messageTitle":"Ignore broken tests","messageBody":"","fileTypesAndContributionMap":{"other":{"insertions":1,"deletions":0},"test-code":{"insertions":27,"deletions":20}}},{"hash":"ac4bc3cff44de1812a12c782bc82d603c5c28a97","messageTitle":"Modify user guide command summary","messageBody":"","fileTypesAndContributionMap":{"docs":{"insertions":3,"deletions":2}}}]},{"date":"2021-09-25","commitResults":[{"hash":"ea7a1b7fcfb2ab143e3369b87e4acae83cd7d642","messageTitle":"Replace all remaining mentions of Persons in .java files","messageBody":"","fileTypesAndContributionMap":{"functional-code":{"insertions":22,"deletions":22},"test-code":{"insertions":8,"deletions":8}}},{"hash":"ea4c26c1fa61cf005f5c2137d3230f0ca14646c6","messageTitle":"Update Checkstyle","messageBody":"","fileTypesAndContributionMap":{"functional-code":{"insertions":2,"deletions":2},"test-code":{"insertions":2,"deletions":2}}},{"hash":"2291d360d891619dd89ffe67b64d912088758fa6","messageTitle":"Update Checkstyle","messageBody":"","fileTypesAndContributionMap":{"test-code":{"insertions":0,"deletions":1}}}]},{"date":"2021-09-27","commitResults":[{"hash":"c18cff908676150d6b9d41753b6b15867296adb3","messageTitle":"Update src/main/java/seedu/address/logic/Logic.java","messageBody":"Co-authored-by: Zhang Guangxuan \u003czhangguangxuan99@gmail.com\u003e","fileTypesAndContributionMap":{"functional-code":{"insertions":1,"deletions":1}}},{"hash":"336f78dea76590f98ca0f47e794743565aa0ab90","messageTitle":"Update src/main/java/seedu/address/logic/commands/AddCommand.java","messageBody":"Co-authored-by: Zhang Guangxuan \u003czhangguangxuan99@gmail.com\u003e","fileTypesAndContributionMap":{"functional-code":{"insertions":1,"deletions":1}}},{"hash":"349e756a2f8f1f2963b2b5d37e50730ec9addbdb","messageTitle":"Update src/main/java/seedu/address/logic/commands/EditCommand.java","messageBody":"Co-authored-by: Zhang Guangxuan \u003czhangguangxuan99@gmail.com\u003e","fileTypesAndContributionMap":{"functional-code":{"insertions":1,"deletions":1}}},{"hash":"667f8af1c6bd611c65389120824feba210a88596","messageTitle":"Clean up remaining Person keywords","messageBody":"","fileTypesAndContributionMap":{"functional-code":{"insertions":27,"deletions":27},"test-code":{"insertions":5,"deletions":4}}},{"hash":"ea95efba2526b962d799c97b8360e6be6870d58e","messageTitle":"Update UG","messageBody":"","fileTypesAndContributionMap":{"docs":{"insertions":39,"deletions":40}}},{"hash":"4ee4abc8d6a9c74e4a33a3aea3507c03cdd270f9","messageTitle":"Update UG","messageBody":"","fileTypesAndContributionMap":{"docs":{"insertions":13,"deletions":13}}},{"hash":"0cc137d7631283f2889b362f705409f981f84e08","messageTitle":"Include price in property hash","messageBody":"","fileTypesAndContributionMap":{"functional-code":{"insertions":2,"deletions":1}}},{"hash":"28f8bb5460eaec908bd7996bf7401814078d9a02","messageTitle":"Migrate from junit 4 to junit 5","messageBody":"","fileTypesAndContributionMap":{"other":{"insertions":0,"deletions":1},"test-code":{"insertions":24,"deletions":24}}},{"hash":"8685e631e0cd576fd8b5e7fd8d497f484ea015d5","messageTitle":"Replace remaining Persons, add missing price check","messageBody":"","fileTypesAndContributionMap":{"functional-code":{"insertions":13,"deletions":12}}}]},{"date":"2021-09-28","commitResults":[{"hash":"00b500369ea797f5c7990cc2b7bad135fc7a795e","messageTitle":"Correct UG","messageBody":"","fileTypesAndContributionMap":{"docs":{"insertions":10,"deletions":5}}},{"hash":"5dc3d8c5074f55250673328c5b784d3ce60db7d1","messageTitle":"Add TODO for changing name of addressbook.json","messageBody":"","fileTypesAndContributionMap":{"docs":{"insertions":2,"deletions":1}}},{"hash":"cdb6b0977e6f8fc44790ef45ace866dffdbde216","messageTitle":"Change filename of profile image","messageBody":"","fileTypesAndContributionMap":{"docs":{"insertions":2,"deletions":2}}}]},{"date":"2021-10-03","commitResults":[{"hash":"2cd547d065cc96e7fd42e8ba2ea6b1d56c26f95c","messageTitle":"Add Buyer class","messageBody":"","fileTypesAndContributionMap":{"functional-code":{"insertions":86,"deletions":0}}}]},{"date":"2021-10-04","commitResults":[{"hash":"eccbb7f96d9396cf2bb8356d8b690302ee93611c","messageTitle":"Add BuyerBuilder and TypicalBuyers","messageBody":"","fileTypesAndContributionMap":{"test-code":{"insertions":96,"deletions":0}}},{"hash":"860e05f4d0ab6aadcdcc13f1e7905fc23685029d","messageTitle":"Fix checkstyle","messageBody":"","fileTypesAndContributionMap":{"test-code":{"insertions":5,"deletions":6}}},{"hash":"d74d515b87cae889b28cf48ba78f860441faa1eb","messageTitle":"Add Listable, UniqueList parent class","messageBody":"","fileTypesAndContributionMap":{"functional-code":{"insertions":165,"deletions":0}}},{"hash":"68fee90f878a67e37a7153951cf67f94608cfd64","messageTitle":"Refactor UniqueList to use generics","messageBody":"","fileTypesAndContributionMap":{"functional-code":{"insertions":24,"deletions":12}}}]},{"date":"2021-10-05","commitResults":[{"hash":"b04c46aa8141112994e9413257f77707194a7e25","messageTitle":"Refactored UniquePropertyList","messageBody":"","fileTypesAndContributionMap":{"functional-code":{"insertions":8,"deletions":116}}},{"hash":"cf7f30e8ed385c595b951cbfcfc8fdd2030013bd","messageTitle":"Refactor Buyer and BuyerBuilder to inherit Person and PersonBuilder respectively","messageBody":"","fileTypesAndContributionMap":{"functional-code":{"insertions":10,"deletions":14},"test-code":{"insertions":35,"deletions":15}}},{"hash":"5b74ff624f970ddd7aa6004afc7640bcedcc6a22","messageTitle":"Add BuyerTest","messageBody":"","fileTypesAndContributionMap":{"functional-code":{"insertions":4,"deletions":3},"test-code":{"insertions":100,"deletions":16}}},{"hash":"69d06cdfa853c426766afb73a9413e312536ec24","messageTitle":"Change max to maxPrice, BuyerBuilder.build() and isSameBuyer()","messageBody":"","fileTypesAndContributionMap":{"functional-code":{"insertions":14,"deletions":14},"test-code":{"insertions":2,"deletions":14}}}]},{"date":"2021-10-06","commitResults":[{"hash":"b1369c1cda91e2b6648248f54aafd79b23d42834","messageTitle":"Rename max to maxPrice in BuyerBuilder.java","messageBody":"","fileTypesAndContributionMap":{"test-code":{"insertions":16,"deletions":16}}},{"hash":"d224503d9e5f030e7ee90c902361db1f7c9d8198","messageTitle":"Add UniqueBuyerList","messageBody":"","fileTypesAndContributionMap":{"functional-code":{"insertions":45,"deletions":3}}},{"hash":"86819194368e77af39042f760d7882cf9c56fc86","messageTitle":"Fix exception types thrown","messageBody":"","fileTypesAndContributionMap":{"functional-code":{"insertions":19,"deletions":3}}}]},{"date":"2021-10-07","commitResults":[{"hash":"9b615ddf671be60accf8fb95110599477e8b6226","messageTitle":"Change argument name for BuyerBuilder.withMaxPrice()","messageBody":"","fileTypesAndContributionMap":{"test-code":{"insertions":2,"deletions":2}}}]},{"date":"2021-10-09","commitResults":[{"hash":"71a89b2fa8c10783e2551d9e0c1b49fa78dd2d73","messageTitle":"Create UniqueBuyerList, UniqueBuyerListTest","messageBody":"","fileTypesAndContributionMap":{"functional-code":{"insertions":88,"deletions":12},"test-code":{"insertions":169,"deletions":0}}},{"hash":"0f0c03db15f33918d071fd82b6c56d5c91fb4ab9","messageTitle":"Changed all properties to listables in UniqueList","messageBody":"","fileTypesAndContributionMap":{"functional-code":{"insertions":12,"deletions":12}}},{"hash":"22c30cc7428c40023c9c3c8caaf68251c32fc31b","messageTitle":"Fix checkstyle","messageBody":"","fileTypesAndContributionMap":{"functional-code":{"insertions":2,"deletions":1},"test-code":{"insertions":10,"deletions":11}}},{"hash":"666bf1fadd4ae2622cc5380b260251d4e3633ec7","messageTitle":"Fix","messageBody":"","fileTypesAndContributionMap":{"functional-code":{"insertions":3,"deletions":3}}}]},{"date":"2021-10-10","commitResults":[{"hash":"98f85591d029d37375c533eab677646b3f794b8e","messageTitle":"PropertyList and BuyerList exceptions now extend Listable exceptions","messageBody":"","fileTypesAndContributionMap":{"functional-code":{"insertions":21,"deletions":18},"test-code":{"insertions":4,"deletions":4}}}]},{"date":"2021-10-11","commitResults":[{"hash":"ae591d93ebcd7d4ac4228af6dd03ce5ecf2a79dc","messageTitle":"Correct errors in subclasses of Listable exceptions","messageBody":"","fileTypesAndContributionMap":{"functional-code":{"insertions":7,"deletions":6}}},{"hash":"fac1bb432965d46be0efa529f9744a56c76d59b5","messageTitle":"Correct dcumentation","messageBody":"","fileTypesAndContributionMap":{"functional-code":{"insertions":1,"deletions":1}}}]}],"waynetee":[{"date":"2021-09-19","commitResults":[{"hash":"6cc335149bb07701211f149d8533caa10c97b33e","messageTitle":"Add about wayne","messageBody":"","fileTypesAndContributionMap":{"docs":{"insertions":59,"deletions":6}}}]},{"date":"2021-09-28","commitResults":[{"hash":"fbaa0588e626cb599ad5959bb2d1ae8e5877dd7c","messageTitle":"Add seller and price to UI","messageBody":"","fileTypesAndContributionMap":{"functional-code":{"insertions":27,"deletions":12}}},{"hash":"9d34bddd62efb5bbc5479095c6ab42b2a573c23b","messageTitle":"Fix input validation bug","messageBody":"","fileTypesAndContributionMap":{"functional-code":{"insertions":2,"deletions":2}}},{"hash":"6c8bbea4d5929de92f397ba1d860f96393b9d378","messageTitle":"Fix typo","messageBody":"Co-authored-by: Elizabeth Chow \u003c51410656+lizchow@users.noreply.github.com\u003e","fileTypesAndContributionMap":{"functional-code":{"insertions":1,"deletions":1}}},{"hash":"d819aa1b6db73a2b61f054f7d3ac02a6998c7df4","messageTitle":"Fix price test","messageBody":"","fileTypesAndContributionMap":{"test-code":{"insertions":1,"deletions":1}}}]},{"date":"2021-09-29","commitResults":[{"hash":"66ac291cd7a58c8ac32147423056f6df40211a46","messageTitle":"Add system testing","messageBody":"","fileTypesAndContributionMap":{"functional-code":{"insertions":28,"deletions":3},"test-code":{"insertions":80,"deletions":0}}},{"hash":"5e90d397dcb4a1e752c90e80dc76e08cb8206632","messageTitle":"Add test cases to system tests","messageBody":"","fileTypesAndContributionMap":{"test-code":{"insertions":80,"deletions":80}}},{"hash":"6d4328570f23a795e3530caa375fae1f3fe269e6","messageTitle":"Add support for batch commands","messageBody":"","fileTypesAndContributionMap":{"functional-code":{"insertions":63,"deletions":5}}},{"hash":"ad86a6fceed130d154633c2ed17c22837ad58f5c","messageTitle":"Fix typo","messageBody":"","fileTypesAndContributionMap":{"functional-code":{"insertions":1,"deletions":1}}},{"hash":"bc7307640e20ab30e17efce559e2fbb7c6e21b86","messageTitle":"Fix normal single line paste behaviour","messageBody":"","fileTypesAndContributionMap":{"functional-code":{"insertions":12,"deletions":8}}},{"hash":"3537669e837418b1910747608576219c7d95143f","messageTitle":"Refactor commandBox","messageBody":"","fileTypesAndContributionMap":{"functional-code":{"insertions":9,"deletions":8}}}]},{"date":"2021-10-02","commitResults":[{"hash":"947c98c341ecfe0a1c708dabaae255351853e84c","messageTitle":"Fix corner cases involving whitespace","messageBody":"","fileTypesAndContributionMap":{"functional-code":{"insertions":2,"deletions":2}}},{"hash":"a92fc6b6b1f050d156f4bb26bffaee224ff915fc","messageTitle":"Update user guide for Multi-command input","messageBody":"","fileTypesAndContributionMap":{"docs":{"insertions":8,"deletions":0}}},{"hash":"a734f97a21cc8ca9dd49ba158eb2632b72ba6689","messageTitle":"Improve comment","messageBody":"","fileTypesAndContributionMap":{"functional-code":{"insertions":1,"deletions":1}}},{"hash":"ebf7c264413aaa8d22efeed0084c516938238425","messageTitle":"Improve user guide","messageBody":"","fileTypesAndContributionMap":{"docs":{"insertions":1,"deletions":1}}},{"hash":"b960271c480e628eb308f04f141d043edb9df248","messageTitle":"Improve multi-command input documentation","messageBody":"","fileTypesAndContributionMap":{"docs":{"insertions":1,"deletions":1}}}]},{"date":"2021-10-13","commitResults":[{"hash":"fc77dd4f997b654d6dac10e9a3a12fb1812cafd5","messageTitle":"Add ui resources for buyers","messageBody":"","fileTypesAndContributionMap":{"functional-code":{"insertions":176,"deletions":0}}},{"hash":"23437617f424d7c2ccef6e75c5c4bbc1dce54db1","messageTitle":"Update logic to support getFilteredBuyerList","messageBody":"","fileTypesAndContributionMap":{"functional-code":{"insertions":15,"deletions":1}}},{"hash":"1a2bcd847a9560a8ff71a5cf6a9dfc0cee093f70","messageTitle":"Integrate BuyerList into MainWindow","messageBody":"","fileTypesAndContributionMap":{"functional-code":{"insertions":23,"deletions":7}}},{"hash":"02c91d30dd047a4b2421cc8351dcff526879c7ec","messageTitle":"Fix loading of buyers","messageBody":"","fileTypesAndContributionMap":{"functional-code":{"insertions":1,"deletions":1}}},{"hash":"0e98737660db42d6dbe8744e0266c96918f48714","messageTitle":"Fix gui scaling","messageBody":"","fileTypesAndContributionMap":{"functional-code":{"insertions":2,"deletions":2}}},{"hash":"4bb1db0c71fb669526dc2bec6b4288ff573ff1c6","messageTitle":"Fix javadoc","messageBody":"","fileTypesAndContributionMap":{"functional-code":{"insertions":1,"deletions":1}}},{"hash":"afabd37ee00991048e6c2872f70fe5258c5e2ec1","messageTitle":"Fix import order for checkstyle","messageBody":"","fileTypesAndContributionMap":{"functional-code":{"insertions":1,"deletions":1}}}]}],"sunjc826":[{"date":"2021-09-18","commitResults":[{"hash":"c105059575c9390e0302362dcd8eaa785ead0456","messageTitle":"Update README","messageBody":"","fileTypesAndContributionMap":{"docs":{"insertions":10,"deletions":11}}},{"hash":"acc0b16098d3392e716c3f858aea60325a265702","messageTitle":"Add AboutUs details","messageBody":"","fileTypesAndContributionMap":{"docs":{"insertions":50,"deletions":4}}}]},{"date":"2021-09-23","commitResults":[{"hash":"b92da6a5f2c51a758d916e56d5235562840e1447","messageTitle":"Update documentation index to match README","messageBody":"","fileTypesAndContributionMap":{"docs":{"insertions":5,"deletions":5}}}]},{"date":"2021-09-29","commitResults":[{"hash":"eb1ea8cfc609183d51f8198024e12c3cfdea792a","messageTitle":"Change help message","messageBody":"","fileTypesAndContributionMap":{"functional-code":{"insertions":1,"deletions":1}}},{"hash":"fb7fa8edcc065bd6d405e1355227703963db672a","messageTitle":"Rename addressbook to propertywhiz","messageBody":"","fileTypesAndContributionMap":{"functional-code":{"insertions":1,"deletions":1},"other":{"insertions":1,"deletions":1},"docs":{"insertions":12,"deletions":13},"test-code":{"insertions":4,"deletions":4}}}]},{"date":"2021-09-30","commitResults":[{"hash":"29a096c65d2d14b5d6ba8aec9304e4881718046a","messageTitle":"Update Userguide","messageBody":"","fileTypesAndContributionMap":{"docs":{"insertions":10,"deletions":18}}}]},{"date":"2021-10-05","commitResults":[{"hash":"8052730000833abe3e0443d6b8a1bf1da354edf8","messageTitle":"Improve tag commands","messageBody":"","fileTypesAndContributionMap":{"functional-code":{"insertions":168,"deletions":16}}},{"hash":"b6497369165b37934e7ae4026f00212ac4e746ea","messageTitle":"Fix checkstyle errors","messageBody":"","fileTypesAndContributionMap":{"functional-code":{"insertions":19,"deletions":15}}},{"hash":"6dc51681ee865a837faca228994b6b032370be1e","messageTitle":"Fix tests","messageBody":"","fileTypesAndContributionMap":{"functional-code":{"insertions":19,"deletions":2},"test-code":{"insertions":3,"deletions":0}}},{"hash":"325a8aa4cdd8330f011578ead3c20431282ffc03","messageTitle":"Fix in-code documentation","messageBody":"","fileTypesAndContributionMap":{"functional-code":{"insertions":5,"deletions":5}}},{"hash":"a552f40a0ee765f65078b497a04e1d6e642c2500","messageTitle":"Fix logic bugs","messageBody":"","fileTypesAndContributionMap":{"functional-code":{"insertions":3,"deletions":3}}},{"hash":"5dca4acedc2793fa701ab4d78dc7487356745122","messageTitle":"Improve documentation and console response to user","messageBody":"","fileTypesAndContributionMap":{"functional-code":{"insertions":96,"deletions":52},"test-code":{"insertions":7,"deletions":8}}},{"hash":"bc67aa13750325c07da0e04b50358595fcaad09e","messageTitle":"Update user guide","messageBody":"","fileTypesAndContributionMap":{"docs":{"insertions":26,"deletions":15}}},{"hash":"390a2535e31095e355b11b34cdcf969ccd88d317","messageTitle":"Fix and disable some tests","messageBody":"","fileTypesAndContributionMap":{"functional-code":{"insertions":9,"deletions":3},"docs":{"insertions":16,"deletions":14},"test-code":{"insertions":7,"deletions":3}}},{"hash":"f272e24de05cd54d6acd983a1b6d6055a4c85b39","messageTitle":"Update userguide","messageBody":"","fileTypesAndContributionMap":{"docs":{"insertions":5,"deletions":2}}},{"hash":"bab10d3d2476fda5ce323f691d708fc2fb9a9d53","messageTitle":"Add string helper and fix tests","messageBody":"","fileTypesAndContributionMap":{"functional-code":{"insertions":19,"deletions":4},"test-code":{"insertions":0,"deletions":5}}},{"hash":"a8d38e62a2df5086b722932f2cd74d2df47a54b3","messageTitle":"Improve tag parsing","messageBody":"","fileTypesAndContributionMap":{"functional-code":{"insertions":28,"deletions":13}}},{"hash":"6cc1549f191cad42762fb1c6a04fdaff1b6dc05a","messageTitle":"Update documentation and tests","messageBody":"","fileTypesAndContributionMap":{"functional-code":{"insertions":8,"deletions":5},"other":{"insertions":2,"deletions":1},"docs":{"insertions":14,"deletions":14},"test-code":{"insertions":8,"deletions":0}}},{"hash":"1c06076d40381b80d948e6cf16390b6d2989a492","messageTitle":"Fix whitespace in gitignore and userguide","messageBody":"","fileTypesAndContributionMap":{"docs":{"insertions":2,"deletions":2}}},{"hash":"3a7c1a9d20a8848d1166662f2570f18a6608bed2","messageTitle":"Change expected output of system test. Rename helper method.","messageBody":"","fileTypesAndContributionMap":{"functional-code":{"insertions":3,"deletions":6}}}]},{"date":"2021-10-06","commitResults":[{"hash":"8b29943040a60d6e75f4cdc09d160742546e2b09","messageTitle":"Add tests and documentation","messageBody":"","fileTypesAndContributionMap":{"functional-code":{"insertions":39,"deletions":28},"docs":{"insertions":12,"deletions":10},"test-code":{"insertions":143,"deletions":3}}}]},{"date":"2021-10-11","commitResults":[{"hash":"5d20e410ed398d5710f32c76839c5395f8da821c","messageTitle":"Add JSON adapted buyer classes","messageBody":"","fileTypesAndContributionMap":{"functional-code":{"insertions":67,"deletions":1},"test-code":{"insertions":60,"deletions":0}}},{"hash":"102bb722ef784d60fc97ccf11c95719c0fea6210","messageTitle":"Integrate BuyerList","messageBody":"","fileTypesAndContributionMap":{"functional-code":{"insertions":74,"deletions":8}}},{"hash":"6e85b5c413bb9cf11055e8a1f037911e04e92f7f","messageTitle":"Integrate BuyerList","messageBody":"","fileTypesAndContributionMap":{"functional-code":{"insertions":85,"deletions":3},"test-code":{"insertions":63,"deletions":16}}},{"hash":"e8a8e62086253b01db2917188cda266836892b07","messageTitle":"Fix formatting issues","messageBody":"","fileTypesAndContributionMap":{"test-code":{"insertions":1,"deletions":1}}}]},{"date":"2021-10-12","commitResults":[{"hash":"a571417475e07141a0031e260e170c0d09cbe63d","messageTitle":"Fix in code documentation","messageBody":"","fileTypesAndContributionMap":{"functional-code":{"insertions":1,"deletions":1}}},{"hash":"080a44cccd2f9af643b053ae57537d3202ddbaab","messageTitle":"Add some buyer commands","messageBody":"","fileTypesAndContributionMap":{"functional-code":{"insertions":708,"deletions":58}}},{"hash":"9d094ee760e1a6f7ff3b2ade8be5307c72c5513b","messageTitle":"Rebase to new implementation of tags","messageBody":"","fileTypesAndContributionMap":{"functional-code":{"insertions":157,"deletions":312}}},{"hash":"c2459af7a5562e62069336f3e54bc0923f6212c7","messageTitle":"Fix naming errors","messageBody":"","fileTypesAndContributionMap":{"functional-code":{"insertions":14,"deletions":24},"test-code":{"insertions":69,"deletions":62}}},{"hash":"d8ea40b2321ef5d796618cabb520d78e438d809f","messageTitle":"Modify property delete parsing and modify parsing tests","messageBody":"","fileTypesAndContributionMap":{"functional-code":{"insertions":106,"deletions":35},"test-code":{"insertions":100,"deletions":89}}},{"hash":"e642cbb086a3e4e920eed33700646d13777513ac","messageTitle":"Fix checkstyle errors","messageBody":"","fileTypesAndContributionMap":{"functional-code":{"insertions":0,"deletions":8},"test-code":{"insertions":117,"deletions":66}}},{"hash":"0b43d133b96c17d9cdac0e32d1f89d05314198ef","messageTitle":"Fix AddParser","messageBody":"","fileTypesAndContributionMap":{"functional-code":{"insertions":9,"deletions":5},"test-code":{"insertions":2,"deletions":0}}}]},{"date":"2021-10-13","commitResults":[{"hash":"b06becd659799edb8e7782eddfec6f400da4c40a","messageTitle":"Add documentation, improve code quality","messageBody":"","fileTypesAndContributionMap":{"functional-code":{"insertions":109,"deletions":60}}}]},{"date":"2021-10-16","commitResults":[{"hash":"9b36e07d8c5336bd6fb001b7c863236d2cd9cc3a","messageTitle":"Add default address book values for buyer","messageBody":"","fileTypesAndContributionMap":{"functional-code":{"insertions":22,"deletions":0}}}]}]},"authorFileTypeContributionMap":{"guangxuan":{"docs":121,"functional-code":602,"test-code":575,"other":4},"lizchow":{"docs":54,"functional-code":198,"test-code":351},"trxe":{"docs":129,"functional-code":733,"test-code":889},"waynetee":{"docs":64,"functional-code":252,"test-code":81,"other":1},"sunjc826":{"docs":96,"functional-code":1203,"test-code":484,"other":1}},"authorContributionVariance":{"guangxuan":64490.617,"lizchow":25245.28,"trxe":242173.56,"waynetee":5993.5986,"sunjc826":130081.84},"authorDisplayNameMap":{"guangxuan":"CS2103T-W11-4 ZHAN..XUAN","lizchow":"CS2103T-W11-4 ELIZ.. SAN","trxe":"CS2103T-W11-4 WONG..XIAN","waynetee":"CS2103T-W11-4 TEE ..AYNE","sunjc826":"CS2103T-W11-4 SUN ..HENG"}}
