{"authorDailyContributionsMap":{"RonaldTanSingWei":[{"date":"2021-09-30","commitResults":[{"hash":"d0fe6853f31b9d8b9cbfbb7ae857dfccb7b0f9c8","messageTitle":"Update UserGuide for FriendBook","messageBody":"","fileTypesAndContributionMap":{"docs":{"insertions":114,"deletions":171}}},{"hash":"3ae9dfadf4b1779fb0593ceff8d04ce0148697fc","messageTitle":"Update DeveloperGuide","messageBody":"","fileTypesAndContributionMap":{"docs":{"insertions":100,"deletions":184}}}]},{"date":"2021-10-05","commitResults":[{"hash":"ee7137697802990a61b8ff3476c974f2b0bb32da","messageTitle":"Change address package to friendbook package","messageBody":"","fileTypesAndContributionMap":{"other":{"insertions":315,"deletions":309},"test-code":{"insertions":1,"deletions":1}}},{"hash":"a0d7f21906fa5764ddf411325f99b05fb0c23959","messageTitle":"Change address package in test to friendbook package","messageBody":"","fileTypesAndContributionMap":{"other":{"insertions":424,"deletions":421},"test-code":{"insertions":2,"deletions":2}}},{"hash":"7788bc6a90b88f6d5d0e993732f91cc3f86f3e0c","messageTitle":"Refactor AddressBook and methods to FriendBook","messageBody":"","fileTypesAndContributionMap":{"functional-code":{"insertions":187,"deletions":187},"other":{"insertions":54,"deletions":54},"test-code":{"insertions":1,"deletions":1}}},{"hash":"adea58c5667bce0983f7ecf4409d385ab360f4bc","messageTitle":"Refactor AddressBook in tests to FriendBook","messageBody":"","fileTypesAndContributionMap":{"other":{"insertions":43,"deletions":43},"test-code":{"insertions":247,"deletions":247}}}]},{"date":"2021-10-06","commitResults":[{"hash":"eed06602067d4a0cf1df67e79fc02eb4f86fd8f3","messageTitle":"Refactor CheckStyle","messageBody":"","fileTypesAndContributionMap":{"functional-code":{"insertions":1,"deletions":1}}},{"hash":"a8c18e4e845350d6cc1634fe15055409e4dcf28d","messageTitle":"CheckStyle","messageBody":"","fileTypesAndContributionMap":{"functional-code":{"insertions":1,"deletions":1}}},{"hash":"bf5794512c31b057cbe552c19c5e90286ffa58a8","messageTitle":"Removed some tests","messageBody":"","fileTypesAndContributionMap":{"test-code":{"insertions":10,"deletions":10}}},{"hash":"a6aa89a454474936ad11aeb3b5710de76b3fd940","messageTitle":"CheckStyle","messageBody":"","fileTypesAndContributionMap":{"test-code":{"insertions":2,"deletions":6}}},{"hash":"f59d4de555c84320614c60c44321899143d6c380","messageTitle":"CheckStyle","messageBody":"","fileTypesAndContributionMap":{"test-code":{"insertions":0,"deletions":2}}},{"hash":"b92f80cea19c3da6555fae2f5a6cfcd2425c4ccd","messageTitle":"CheckStyle","messageBody":"","fileTypesAndContributionMap":{"test-code":{"insertions":2,"deletions":5}}}]},{"date":"2021-10-11","commitResults":[{"hash":"f9004becca375a58b474888a32d0387b6aec6a33","messageTitle":"Add FindTag functionality to FriendBook","messageBody":"","fileTypesAndContributionMap":{"functional-code":{"insertions":125,"deletions":9}}},{"hash":"395375633a2e6c0981bcea31a6b1587e8b67828f","messageTitle":"CheckStyle","messageBody":"","fileTypesAndContributionMap":{"functional-code":{"insertions":17,"deletions":10}}}]},{"date":"2021-10-20","commitResults":[{"hash":"353e18f693fa1ea2367c1a890d2bcdd7dd55ff28","messageTitle":"Update Help Command UI","messageBody":"","fileTypesAndContributionMap":{"functional-code":{"insertions":73,"deletions":25}}},{"hash":"d7a9bf86a21bcd50a007ef684ba0d67958c7e7f5","messageTitle":"Update Help Command UI","messageBody":"","fileTypesAndContributionMap":{"functional-code":{"insertions":7,"deletions":7}}},{"hash":"f302d67f57f8a1a7b81f0f9e53585e307e1e754b","messageTitle":"CheckStyle","messageBody":"","fileTypesAndContributionMap":{"functional-code":{"insertions":0,"deletions":1}}},{"hash":"07a91420340c3b696a63faeb487c94ebcd99c9da","messageTitle":"CheckStyle","messageBody":"","fileTypesAndContributionMap":{"functional-code":{"insertions":3,"deletions":3}}}]},{"date":"2021-10-26","commitResults":[{"hash":"aecad925e9c8fe9c50fcc65bbee67cd247328db2","messageTitle":"Add TagContainsKeywordsPredicateTest","messageBody":"","fileTypesAndContributionMap":{"test-code":{"insertions":2,"deletions":0}}},{"hash":"a8db07d64a26511fcbc2fc0d66b5ca390842c60b","messageTitle":"Update TagContainsKeywordsPredicateTest","messageBody":"","fileTypesAndContributionMap":{"test-code":{"insertions":74,"deletions":1}}},{"hash":"5d4541e14007f5faa4f354d6a11d213b9f9c79a9","messageTitle":"CheckStyle","messageBody":"","fileTypesAndContributionMap":{"functional-code":{"insertions":1,"deletions":1},"docs":{"insertions":1,"deletions":1}}},{"hash":"21338cde85f9ed54b5250c1d069a13b44f89b1a1","messageTitle":"CheckStyle","messageBody":"","fileTypesAndContributionMap":{"functional-code":{"insertions":0,"deletions":5}}},{"hash":"460c72cc12ed2d9a357fd9e0d4be136bfb57f2b1","messageTitle":"CheckStyle","messageBody":"","fileTypesAndContributionMap":{"test-code":{"insertions":2,"deletions":1}}},{"hash":"0d8868d11391341a9f752b36a91203e813f92a58","messageTitle":"Add FindTagCommandTest","messageBody":"","fileTypesAndContributionMap":{"test-code":{"insertions":92,"deletions":1}}},{"hash":"7b88a9fa43baf410097b3cb287a1873ce764b68b","messageTitle":"CheckStyle","messageBody":"","fileTypesAndContributionMap":{"test-code":{"insertions":1,"deletions":1}}},{"hash":"3e385f61d8a84b3198afc4bf9874b8e2bc971929","messageTitle":"CheckStyle","messageBody":"","fileTypesAndContributionMap":{"test-code":{"insertions":7,"deletions":3}}}]},{"date":"2021-10-27","commitResults":[{"hash":"9aba930ac2b3fa4fc639c79bb0838d66aeeffa96","messageTitle":"Update UserGuide","messageBody":"","fileTypesAndContributionMap":{"docs":{"insertions":62,"deletions":155}}},{"hash":"ef3d35026761f9c9024f450787ba37f10be9241c","messageTitle":"Update UserGuide","messageBody":"","fileTypesAndContributionMap":{"docs":{"insertions":10,"deletions":10}}},{"hash":"a595e8d7016e7242b51bc5c98f3f5f6ef1e11ebf","messageTitle":"Update User Guide","messageBody":"","fileTypesAndContributionMap":{"docs":{"insertions":1,"deletions":1}}},{"hash":"11cc274982392da4211dd4c26469c829a7bf947b","messageTitle":"Update UserGuide","messageBody":"","fileTypesAndContributionMap":{"docs":{"insertions":1,"deletions":1}}},{"hash":"95e1b5fb4812cb53f4808369de6acbb18442f814","messageTitle":"Update UserGuide","messageBody":"","fileTypesAndContributionMap":{"docs":{"insertions":5,"deletions":5}}},{"hash":"78c230f0b2b3cef57ce5432c1a44204282ac1ef0","messageTitle":"Update UserGuide","messageBody":"","fileTypesAndContributionMap":{"docs":{"insertions":0,"deletions":240}}},{"hash":"2ec32b5c7ac2d0e1898e7fb83e56f0c9b70917a0","messageTitle":"Update userGuide","messageBody":"","fileTypesAndContributionMap":{"docs":{"insertions":349,"deletions":0}}},{"hash":"f13bc86d10c7b9388d767bfa3aee448f55d28623","messageTitle":"Update UserGuide","messageBody":"","fileTypesAndContributionMap":{"docs":{"insertions":243,"deletions":0}}}]},{"date":"2021-10-28","commitResults":[{"hash":"20a1e6fb77c729108584b9660282ae495e7ecb29","messageTitle":"Update Developer Guide","messageBody":"","fileTypesAndContributionMap":{"docs":{"insertions":135,"deletions":1}}},{"hash":"eef879db0994ffda564ca5ac5dcef7d8786353fc","messageTitle":"Update DeveloperGuide","messageBody":"","fileTypesAndContributionMap":{"docs":{"insertions":19,"deletions":19}}},{"hash":"8a785f57964610f7d7f00d6c26bb41bccd5b3cbd","messageTitle":"Update DeveloperGuide","messageBody":"","fileTypesAndContributionMap":{"docs":{"insertions":13,"deletions":6}}},{"hash":"aa55ea1ac2c839eddd640467cb0c8680b2c45c37","messageTitle":"Update DeveloperGuide","messageBody":"","fileTypesAndContributionMap":{"docs":{"insertions":0,"deletions":218}}},{"hash":"27dc414e0c97e1e5c474feabb68a1de72a43d58f","messageTitle":"Update DeveloperGuide","messageBody":"","fileTypesAndContributionMap":{"docs":{"insertions":1,"deletions":1}}},{"hash":"cd19a85747adfb20efb69ce77c4400db356e7d0c","messageTitle":"Update UserGuide","messageBody":"","fileTypesAndContributionMap":{"docs":{"insertions":15,"deletions":6}}},{"hash":"94a1d25bbb54fdfb9449fb7804a05e12dc21ff3e","messageTitle":"Update UserGuide","messageBody":"","fileTypesAndContributionMap":{"docs":{"insertions":1,"deletions":2}}},{"hash":"e4b74c9c02d838593d81a7ae0224e1aa5f8a019f","messageTitle":"Update FindTagCommandParser","messageBody":"","fileTypesAndContributionMap":{"functional-code":{"insertions":1,"deletions":2}}},{"hash":"2393d301bfc37df361eede83c96159538ec88a06","messageTitle":"Update UserGuide","messageBody":"","fileTypesAndContributionMap":{"docs":{"insertions":1,"deletions":0}}},{"hash":"75c58b8b3bbc01f47813beb47e566ecf7fb11dbf","messageTitle":"Update UserGuide","messageBody":"","fileTypesAndContributionMap":{"docs":{"insertions":4,"deletions":5}}},{"hash":"e9d5ce28b6c634414a9374dcf37c3c218081ac7b","messageTitle":"Update UserGuide","messageBody":"","fileTypesAndContributionMap":{"docs":{"insertions":3,"deletions":0}}}]},{"date":"2021-11-01","commitResults":[{"hash":"356232556803c8b51be1d97c8b291eeb173dc6f4","messageTitle":"Documentation Update","messageBody":"","fileTypesAndContributionMap":{"docs":{"insertions":18,"deletions":10}}},{"hash":"52d431fd068d94643c61193c4196dd295d5d624e","messageTitle":"Documentation Update","messageBody":"","fileTypesAndContributionMap":{"docs":{"insertions":20,"deletions":7}}},{"hash":"3a626f227774f5da5cf2372d0b2c4c25f8952fff","messageTitle":"Documentation Update","messageBody":"","fileTypesAndContributionMap":{"docs":{"insertions":1,"deletions":0}}},{"hash":"7a1613b7f2178f4ee175b399635dc489c6c6f271","messageTitle":"UserGuide Update","messageBody":"","fileTypesAndContributionMap":{"docs":{"insertions":6,"deletions":3}}},{"hash":"dea283ae80a5c1bfd937aae2046bb121d8b42227","messageTitle":"UserGuide Update","messageBody":"","fileTypesAndContributionMap":{"docs":{"insertions":4,"deletions":4}}}]},{"date":"2021-11-02","commitResults":[{"hash":"933640c4af4c559d11488ac98a39994abe351975","messageTitle":"Update UserGuide","messageBody":"","fileTypesAndContributionMap":{"docs":{"insertions":2,"deletions":2}}},{"hash":"86f8093bd5f5fd86ae3415b39272fbf9a4d7bd4a","messageTitle":"Update UserGuide","messageBody":"","fileTypesAndContributionMap":{"docs":{"insertions":1,"deletions":1}}}]},{"date":"2021-11-03","commitResults":[{"hash":"4c6b1a3d9029cba07540ba6dacc6c448d42881c6","messageTitle":"PPP Update","messageBody":"","fileTypesAndContributionMap":{"docs":{"insertions":17,"deletions":27}}}]},{"date":"2021-11-04","commitResults":[{"hash":"642d449e2c265eae0a193d50ac60d72d26cd4843","messageTitle":"Update Developer Guide","messageBody":"","fileTypesAndContributionMap":{"docs":{"insertions":4,"deletions":4}}},{"hash":"38bdf71100d95665794ba4581f721b9f1c395426","messageTitle":"Update DG diagram","messageBody":"","fileTypesAndContributionMap":{"docs":{"insertions":1,"deletions":1}}},{"hash":"46d88f101c96bd3beb9618b9abdbb37e68a883e1","messageTitle":"Update DG","messageBody":"","fileTypesAndContributionMap":{"docs":{"insertions":43,"deletions":43}}},{"hash":"b4adfcdf3e659244ce9dcd9352fbf05133ced6eb","messageTitle":"Update DG","messageBody":"","fileTypesAndContributionMap":{"docs":{"insertions":2,"deletions":2}}}]},{"date":"2021-11-07","commitResults":[{"hash":"462510acd9a9b4477a7237bae66738927e2cfa0d","messageTitle":"UG DG update","messageBody":"","fileTypesAndContributionMap":{"docs":{"insertions":32,"deletions":0}}},{"hash":"669bba832edecc867c64a03a4cfb634cfe6bcef0","messageTitle":"Update UG","messageBody":"","fileTypesAndContributionMap":{"docs":{"insertions":1,"deletions":1}}},{"hash":"ae74d3d515314f5c28b0ad43b5faa4bd7c8a773d","messageTitle":"Documentation","messageBody":"","fileTypesAndContributionMap":{"docs":{"insertions":1,"deletions":1}}},{"hash":"7ba9f997e6672f2ded9a1989c361bc4829819b34","messageTitle":"Update UG","messageBody":"","fileTypesAndContributionMap":{"docs":{"insertions":0,"deletions":1}}}]},{"date":"2021-11-08","commitResults":[{"hash":"80738859c8d845367d25d8086d73ff6406ddcaac","messageTitle":"UG Update","messageBody":"","fileTypesAndContributionMap":{"docs":{"insertions":1,"deletions":0}}},{"hash":"d1d9533e446a8d112949ade65452edc3043f9dd9","messageTitle":"Update UG","messageBody":"","fileTypesAndContributionMap":{"docs":{"insertions":1,"deletions":2}}},{"hash":"efc8ba637ff9cdedbda0db46243a179053d89e6e","messageTitle":"Update UG","messageBody":"","fileTypesAndContributionMap":{"docs":{"insertions":1,"deletions":1}}},{"hash":"5a61ddc1e4d803a93912a7452ced821981e5093c","messageTitle":"Update UG","messageBody":"","fileTypesAndContributionMap":{"docs":{"insertions":5,"deletions":7}}}]}],"xnajasho":[{"date":"2021-10-05","commitResults":[{"hash":"e37bf8ecf7e570b2aa7119a969f6104ddcea6f0e","messageTitle":"Create Birthday Class","messageBody":"","fileTypesAndContributionMap":{"functional-code":{"insertions":64,"deletions":0}}}]},{"date":"2021-10-06","commitResults":[{"hash":"991c91f37bf769382b4b76360486b76364a5d63f","messageTitle":"Add support for Person to contain a Birthday field","messageBody":"","fileTypesAndContributionMap":{"functional-code":{"insertions":75,"deletions":14},"test-code":{"insertions":13,"deletions":9}}},{"hash":"c0eb2413df3a72f391fee00ffb4cad0b49c8a036","messageTitle":"Edit Checkstyle","messageBody":"","fileTypesAndContributionMap":{"functional-code":{"insertions":6,"deletions":0},"test-code":{"insertions":32,"deletions":10}}},{"hash":"dbf94383410c96031dc3de06bee19acf2df731af","messageTitle":"Edit Testcase data to support Birthday field","messageBody":"","fileTypesAndContributionMap":{"functional-code":{"insertions":13,"deletions":4},"test-code":{"insertions":61,"deletions":29}}},{"hash":"e5f9aa96468747bcd97abb98a9d62f7aa0fd20de","messageTitle":"Add coverage for the following classes that utilises Birthday","messageBody":"","fileTypesAndContributionMap":{"functional-code":{"insertions":19,"deletions":3},"test-code":{"insertions":91,"deletions":0}}}]},{"date":"2021-10-07","commitResults":[{"hash":"7b1394248a75c6691464491729780efad27f1d80","messageTitle":"Remove comment","messageBody":"","fileTypesAndContributionMap":{"test-code":{"insertions":0,"deletions":2}}},{"hash":"c9ccbf7c9fa0bc7609060c5886a3cf841211038d","messageTitle":"Test","messageBody":"","fileTypesAndContributionMap":{"functional-code":{"insertions":5,"deletions":6}}}]},{"date":"2021-10-12","commitResults":[{"hash":"f0fd501fff5d37a0e0c2625c1430753f6cb1dc1a","messageTitle":"Add method to calculate remaining days to birthday","messageBody":"","fileTypesAndContributionMap":{"functional-code":{"insertions":25,"deletions":0},"test-code":{"insertions":2,"deletions":0}}},{"hash":"195c8ca324052f22cf29a971ca8d6a98605f4612","messageTitle":"Add support for viewing a sorted Birthday List (Without tests)","messageBody":"","fileTypesAndContributionMap":{"functional-code":{"insertions":56,"deletions":5},"test-code":{"insertions":15,"deletions":0}}},{"hash":"2110dd0b3c646f8e142f21319c44829e0ad43c17","messageTitle":"Add Test Methods to support Birthday List #1","messageBody":"","fileTypesAndContributionMap":{"functional-code":{"insertions":0,"deletions":1},"test-code":{"insertions":12,"deletions":0}}},{"hash":"e2ae74cdf8f5b881ba3604fd46f7957eb1d5ca25","messageTitle":"Edit checkstyle for test classes","messageBody":"","fileTypesAndContributionMap":{"test-code":{"insertions":4,"deletions":4}}}]},{"date":"2021-10-14","commitResults":[{"hash":"b7f35e996128ea98d6de5e1dce80a683d00f4bfb","messageTitle":"Add support to calculate age of person","messageBody":"","fileTypesAndContributionMap":{"functional-code":{"insertions":12,"deletions":1},"test-code":{"insertions":11,"deletions":0}}},{"hash":"03ba4e8e0150af8d70ef5939bdd6c4d4cb3eac21","messageTitle":"Add test methods to support calculateAge() in Persons.java","messageBody":"","fileTypesAndContributionMap":{"test-code":{"insertions":8,"deletions":0}}},{"hash":"59831f949c3e25827d084f69e70135ee43352240","messageTitle":"Add method to test equals() in Person with differing birthdays","messageBody":"","fileTypesAndContributionMap":{"test-code":{"insertions":5,"deletions":0}}}]},{"date":"2021-10-19","commitResults":[{"hash":"adb77e2d00dae8c8de56bed0996db23476701133","messageTitle":"Update JavaFX version to 16 from 11","messageBody":"","fileTypesAndContributionMap":{"other":{"insertions":1,"deletions":1}}}]},{"date":"2021-10-20","commitResults":[{"hash":"891ff436acae22e94cac7fc16f39a4b8c7de812a","messageTitle":"Add basic implementation of ViewCommand support V1.1","messageBody":"","fileTypesAndContributionMap":{"functional-code":{"insertions":110,"deletions":0}}},{"hash":"1bd1ae446bfd14f5176f5722253ec8c82f81e67c","messageTitle":"Add basic implementation of ViewCommand support (link to UI) V1.2","messageBody":"","fileTypesAndContributionMap":{"functional-code":{"insertions":45,"deletions":8}}},{"hash":"9af22633298599220682e0a627cc88bb5f579150","messageTitle":"Add basic implementation of ViewCommand support (Improve implementation) V1.3","messageBody":"","fileTypesAndContributionMap":{"functional-code":{"insertions":6,"deletions":5}}},{"hash":"20040d69ba830f9d7e6e51d02a111bc006f33315","messageTitle":"Add test methods for ViewCommandSupport V1.3","messageBody":"","fileTypesAndContributionMap":{"functional-code":{"insertions":1,"deletions":1},"test-code":{"insertions":249,"deletions":14}}}]},{"date":"2021-10-21","commitResults":[{"hash":"b16ec3416700e21a558a6af72c0b886a0dc70113","messageTitle":"Remove unused imports","messageBody":"","tags":["v1.2.1"],"fileTypesAndContributionMap":{"functional-code":{"insertions":0,"deletions":3}}}]},{"date":"2021-10-22","commitResults":[{"hash":"0bb7b10291bcf493f3d8e55b0f4b3e508c8e6cd0","messageTitle":"Fix failing test case for EditCommand","messageBody":"","fileTypesAndContributionMap":{"functional-code":{"insertions":0,"deletions":1},"other":{"insertions":1,"deletions":1},"test-code":{"insertions":4,"deletions":3}}}]},{"date":"2021-10-25","commitResults":[{"hash":"040f910d45ac9acd9d677708c3d2088a3b7b4940","messageTitle":"Fix failing test cases for v1.3","messageBody":"","fileTypesAndContributionMap":{"functional-code":{"insertions":18,"deletions":11},"test-code":{"insertions":124,"deletions":60}}},{"hash":"739eab5954376dc55b388ecf0a491a217b362ea1","messageTitle":"Add test cases for Reminder, Description, TeleHandle, Avatar v1.0","messageBody":"","fileTypesAndContributionMap":{"functional-code":{"insertions":6,"deletions":2},"test-code":{"insertions":181,"deletions":45}}}]},{"date":"2021-10-27","commitResults":[{"hash":"3da7e58727b8f911c0d5887ce5fec9173460161a","messageTitle":"Rename AddressBook to FriendBook","messageBody":"","fileTypesAndContributionMap":{"docs":{"insertions":14,"deletions":14}}},{"hash":"de1db87c57216a44d133aa299d786639c09f526d","messageTitle":"Update UG for View command (without picture)","messageBody":"","fileTypesAndContributionMap":{"docs":{"insertions":13,"deletions":0}}},{"hash":"3420d387d182b02a1c89c1a545bc64b234f32216","messageTitle":"Fixed bug in SampleDataUtil","messageBody":"","fileTypesAndContributionMap":{"functional-code":{"insertions":6,"deletions":6}}},{"hash":"73a0fbfd7c3d6eb1fb404c58604b25fad039b79d","messageTitle":"Update View Feature with picture","messageBody":"","fileTypesAndContributionMap":{"docs":{"insertions":2,"deletions":1}}},{"hash":"e6d1cde3573a5757afdd0aa80595480ed38afb39","messageTitle":"Revert \"Fixed bug in SampleDataUtil\"","messageBody":"This reverts commit 3420d387d182b02a1c89c1a545bc64b234f32216.\n","fileTypesAndContributionMap":{"functional-code":{"insertions":6,"deletions":6}}},{"hash":"1ff2e9da566e061450cc1302e21c20553db1564d","messageTitle":"Fix TeleHandle ID length in SampleDataUtil","messageBody":"","fileTypesAndContributionMap":{"functional-code":{"insertions":5,"deletions":2}}}]},{"date":"2021-10-28","commitResults":[{"hash":"db425f2e8a78e61382a36d9943e6057475ee806f","messageTitle":"Edit DG indentation levels","messageBody":"","fileTypesAndContributionMap":{"docs":{"insertions":25,"deletions":20}}},{"hash":"72b6cc5d3fe5d2f1db42bb9418e3f5164a5f0e83","messageTitle":"Update UG","messageBody":"","fileTypesAndContributionMap":{"docs":{"insertions":15,"deletions":12}}},{"hash":"47798aebbd4a5e7fea54449f5296b3c2e8ea2c08","messageTitle":"Update UG","messageBody":"","fileTypesAndContributionMap":{"docs":{"insertions":2,"deletions":2}}},{"hash":"ca876e5cbc1c09ef536dc43fb74a80d075911405","messageTitle":"Fix TOC format","messageBody":"","fileTypesAndContributionMap":{"docs":{"insertions":2,"deletions":7}}},{"hash":"2c84141c1af32211de6a8d468cdb561c0a3245ef","messageTitle":"Edit TOC in DG","messageBody":"","fileTypesAndContributionMap":{"docs":{"insertions":6,"deletions":13}}},{"hash":"19ebb66b894384cd0b9a4401abade478c1ad3b11","messageTitle":"Edit UG page layout","messageBody":"","fileTypesAndContributionMap":{"docs":{"insertions":4,"deletions":1}}},{"hash":"d750ca3c25b91570261c5e90d054f33034ffcaed","messageTitle":"Edit AddCommand Placeholder message","messageBody":"","fileTypesAndContributionMap":{"functional-code":{"insertions":4,"deletions":5}}},{"hash":"87ca43ac916de74b8eae284304ff5d85303e7ede","messageTitle":"Edit AddCommand Message","messageBody":"","fileTypesAndContributionMap":{"functional-code":{"insertions":4,"deletions":5}}}]},{"date":"2021-11-01","commitResults":[{"hash":"27034bdb5636c957f2ee1cc6474511d88625a460","messageTitle":"Fix Leap Year Bug in Birthday","messageBody":"","fileTypesAndContributionMap":{"functional-code":{"insertions":52,"deletions":8},"test-code":{"insertions":68,"deletions":21}}},{"hash":"dc092e14c3e663e9b062b8cdfd937fd5d1632280","messageTitle":"Update coverage in ParserUtil","messageBody":"","fileTypesAndContributionMap":{"test-code":{"insertions":15,"deletions":3}}},{"hash":"b7fad553e478f037518decf62fff294aefff4e8c","messageTitle":"Fix typo","messageBody":"","fileTypesAndContributionMap":{"test-code":{"insertions":2,"deletions":2}}},{"hash":"c1950cdb6b1d6da489fd712f4739b0e54c2488f3","messageTitle":"Update Coverage in BirthdayTest","messageBody":"","fileTypesAndContributionMap":{"test-code":{"insertions":19,"deletions":0}}},{"hash":"d0a27dd8d3fcb8b87fad89400eae0af38e5fd3b4","messageTitle":"Improve AddCommand error message and coverage","messageBody":"","fileTypesAndContributionMap":{"functional-code":{"insertions":54,"deletions":11},"test-code":{"insertions":197,"deletions":7}}},{"hash":"a8e9da90c4eaebb97b212cfdefd9fc97b633a2ad","messageTitle":"Fix typos","messageBody":"","fileTypesAndContributionMap":{"test-code":{"insertions":10,"deletions":8}}},{"hash":"bb4fbefc03d1d2dbe00db67378660e3c6bbe1160","messageTitle":"Fix typos","messageBody":"","fileTypesAndContributionMap":{"test-code":{"insertions":1,"deletions":1}}}]},{"date":"2021-11-02","commitResults":[{"hash":"3bfc45c62d0e16d4c296ad80a479f58c449f9411","messageTitle":"Fix Birthday to better reflect result if today is birthday","messageBody":"","fileTypesAndContributionMap":{"functional-code":{"insertions":22,"deletions":9}}},{"hash":"cb18f8e14e79cb3db534e793021f0f1847e8aa5b","messageTitle":"Edit Command and Reminder case-sensitivity issues","messageBody":"","fileTypesAndContributionMap":{"functional-code":{"insertions":48,"deletions":8}}},{"hash":"8d7596cccbdae1153127e5a5b213f4cc9086668d","messageTitle":"Update testcase for Avatar","messageBody":"","fileTypesAndContributionMap":{"test-code":{"insertions":1,"deletions":1}}},{"hash":"c7c49e3a8c2f29d3d95e72db2cd9a5d8e300d845","messageTitle":"Update Coverage","messageBody":"","fileTypesAndContributionMap":{"test-code":{"insertions":164,"deletions":3}}},{"hash":"efb249b5c4a595c87d99744fd2428e40c32abd17","messageTitle":"Update Coverage","messageBody":"","fileTypesAndContributionMap":{"test-code":{"insertions":2,"deletions":0}}},{"hash":"a492d59827a77b54fc834e0aa796d69baa3508d2","messageTitle":"Update Coverage","messageBody":"","fileTypesAndContributionMap":{"test-code":{"insertions":5,"deletions":4}}}]},{"date":"2021-11-03","commitResults":[{"hash":"ffe745125a860cfa36cb1e4adfae26c68eaaa533","messageTitle":"Add check for existing phone/email","messageBody":"","fileTypesAndContributionMap":{"functional-code":{"insertions":63,"deletions":2}}},{"hash":"1a280215511f9e6133a3dce316568c6f4ddf66ed","messageTitle":"Update criteria to check for duplicate persons","messageBody":"","fileTypesAndContributionMap":{"functional-code":{"insertions":4,"deletions":1}}},{"hash":"5702ab44e15a4b65fa781ec958cc9a7de0b55407","messageTitle":"Update test cases","messageBody":"","fileTypesAndContributionMap":{"test-code":{"insertions":112,"deletions":5}}},{"hash":"32d28e7908728ae24c644cd88d2174293de5f984","messageTitle":"Update test cases and extra checks","messageBody":"","fileTypesAndContributionMap":{"functional-code":{"insertions":10,"deletions":0},"test-code":{"insertions":18,"deletions":0}}},{"hash":"83318c7dd0cb46dcc590002d0ff62ce3af1ea057","messageTitle":"Add extra test case","messageBody":"","fileTypesAndContributionMap":{"test-code":{"insertions":19,"deletions":0}}},{"hash":"463798045e1154b2d0e9254a58b33c102e6cc29b","messageTitle":"Fix bug in EditCommand","messageBody":"","fileTypesAndContributionMap":{"functional-code":{"insertions":54,"deletions":24},"test-code":{"insertions":20,"deletions":16}}},{"hash":"c6191570c958586d1c31dc8f6381f7bd404fa90b","messageTitle":"Update EditCommand coverage","messageBody":"","fileTypesAndContributionMap":{"functional-code":{"insertions":2,"deletions":2},"test-code":{"insertions":55,"deletions":0}}},{"hash":"5188bc500fb124ae75857f2a465fc9a2af47686f","messageTitle":"Fix checkstyle","messageBody":"","fileTypesAndContributionMap":{"test-code":{"insertions":1,"deletions":1}}}]},{"date":"2021-11-05","commitResults":[{"hash":"9e541f83c6fa0cd45c732496d5edeb043b46eaa1","messageTitle":"Update Code Link","messageBody":"","fileTypesAndContributionMap":{"docs":{"insertions":1,"deletions":1}}},{"hash":"a3a45f0c0b96341cfa1562971223497f95ed40b1","messageTitle":"Update Reposense Link","messageBody":"","fileTypesAndContributionMap":{"docs":{"insertions":1,"deletions":1}}},{"hash":"4c2eae4f34f4ee8f4262b09cb4f090ec16d3fd89","messageTitle":"Update PPP","messageBody":"","fileTypesAndContributionMap":{"docs":{"insertions":17,"deletions":22}}}]},{"date":"2021-11-07","commitResults":[{"hash":"a0fe099cf91f35662168ae663855a2e817542410","messageTitle":"Fix bug in Name which allowed solely numbers","messageBody":"","fileTypesAndContributionMap":{"functional-code":{"insertions":9,"deletions":3},"test-code":{"insertions":16,"deletions":1}}},{"hash":"129c8ced5a56295390b0f599f9df1375fdb04724","messageTitle":"Fixed bug in regex","messageBody":"","fileTypesAndContributionMap":{"functional-code":{"insertions":1,"deletions":1}}},{"hash":"3c71f7322d69487bc26b35be6a786bda5b3f965e","messageTitle":"Fix AddCommand error message","messageBody":"","fileTypesAndContributionMap":{"functional-code":{"insertions":5,"deletions":10}}},{"hash":"0d01dae8470332171608600927c4dc2122041a55","messageTitle":"Update UG address to be optional","messageBody":"","fileTypesAndContributionMap":{"docs":{"insertions":2,"deletions":2}}},{"hash":"f80aab25ff481ff962c2b532fea4ad64f86e450f","messageTitle":"Update UG field summary","messageBody":"","fileTypesAndContributionMap":{"docs":{"insertions":69,"deletions":3}}},{"hash":"fb9d7d874a0c9184db09395713545383b3597e44","messageTitle":"Update constraints","messageBody":"","fileTypesAndContributionMap":{"docs":{"insertions":2,"deletions":2}}},{"hash":"57231c8abcb1e892b6214ecd2a27acbdd593c8ef","messageTitle":"Shift UG Help block","messageBody":"","fileTypesAndContributionMap":{"docs":{"insertions":8,"deletions":8}}},{"hash":"752a3c7d1a804972154c6d701d9989be570f8c6b","messageTitle":"Update indentation level","messageBody":"","fileTypesAndContributionMap":{"docs":{"insertions":5,"deletions":5}}},{"hash":"90164073a0708facd45432b6dfe5b9602030f01e","messageTitle":"Update UserGuide.md","messageBody":"","fileTypesAndContributionMap":{"docs":{"insertions":1,"deletions":1}}},{"hash":"0e56bc1bddc09077a670da9636b493fa21f4d174","messageTitle":"Fix typo","messageBody":"","fileTypesAndContributionMap":{"docs":{"insertions":1,"deletions":1}}},{"hash":"57b979a5ebb314f482269d2fbff6f54377083bd1","messageTitle":"Fix typo","messageBody":"","fileTypesAndContributionMap":{"docs":{"insertions":1,"deletions":1}}},{"hash":"8a31b1fa11684167f9ce7696ac0acb1990ed8f7d","messageTitle":"Update PPP (Sean)","messageBody":"","fileTypesAndContributionMap":{"docs":{"insertions":6,"deletions":4}}},{"hash":"c4a60aba8f57df108ba96beee426ee2a7c75e227","messageTitle":"Update PPP","messageBody":"","fileTypesAndContributionMap":{"docs":{"insertions":0,"deletions":1}}}]},{"date":"2021-11-08","commitResults":[{"hash":"74b2c02ef9351ea9211175e6e63928aa8bb6fa1f","messageTitle":"Update PPP","messageBody":"","fileTypesAndContributionMap":{"docs":{"insertions":2,"deletions":0}}},{"hash":"60a271b88aaf63859698d2f7d610ec4aaf9a6104","messageTitle":"Update DG","messageBody":"","fileTypesAndContributionMap":{"docs":{"insertions":2,"deletions":0}}},{"hash":"7160528d177d699e426afc4c1c479bd6ce47f5e1","messageTitle":"Update PPP","messageBody":"","fileTypesAndContributionMap":{"docs":{"insertions":3,"deletions":3}}}]}],"pss-coder":[{"date":"2021-09-17","commitResults":[{"hash":"24fda13af49a8d28e1285371ddc6385759bc3a7b","messageTitle":"Update README.md","messageBody":"","fileTypesAndContributionMap":{"docs":{"insertions":1,"deletions":1}}}]},{"date":"2021-09-26","commitResults":[{"hash":"2375276c1b5a70b5ead817363db10d9bb7dd00ce","messageTitle":"Proposed Codebase","messageBody":"","fileTypesAndContributionMap":{"functional-code":{"insertions":142,"deletions":37}}}]},{"date":"2021-09-29","commitResults":[{"hash":"a006bd058f1daebd068c0e5d1f8bd36586a6d08b","messageTitle":"Update AboutUs.md","messageBody":"","fileTypesAndContributionMap":{"docs":{"insertions":0,"deletions":10}}},{"hash":"f48fe067d4d36a079f32885e45dea8be7691544f","messageTitle":"Update ProfileDisplay","messageBody":"","fileTypesAndContributionMap":{"functional-code":{"insertions":2,"deletions":5}}},{"hash":"9f146d3b03217b4edb6d8d32657e8eb84f4b9dfb","messageTitle":"Update ProfileDisplay","messageBody":"","fileTypesAndContributionMap":{"functional-code":{"insertions":0,"deletions":1}}}]},{"date":"2021-09-30","commitResults":[{"hash":"e95629a849c8b65662de1aed3fdbc75d5626cc39","messageTitle":"Update project-website","messageBody":"","fileTypesAndContributionMap":{"docs":{"insertions":14,"deletions":6}}},{"hash":"76101677c6e760363c769310d0e79e3c5493ae3f","messageTitle":"Fix Indentation Checkstyle","messageBody":"","fileTypesAndContributionMap":{"functional-code":{"insertions":2,"deletions":6}}},{"hash":"7c6c2b517e79f385d7274aab8fe5550aec12692b","messageTitle":"Update Java CI Badge","messageBody":"I update directly instead of the workflow given that this is just a small commit and not a neccessary change to the project.","fileTypesAndContributionMap":{"docs":{"insertions":2,"deletions":1}}},{"hash":"6b4d92f0b1feafb8b74719e32ca4a55b7d94b453","messageTitle":"Update Java CI Badge to tp Master branch","messageBody":"I update directly instead of the workflow given that this is just a small commit and not a neccessary change to the project.","fileTypesAndContributionMap":{"docs":{"insertions":0,"deletions":1}}},{"hash":"3e5478f4927bda8a88c504d614ee0bdfad491560","messageTitle":"Update Developer Guide","messageBody":"","fileTypesAndContributionMap":{"docs":{"insertions":149,"deletions":369}}},{"hash":"c50bf94e767c162ec98a406b2eaa9d9b8082a28d","messageTitle":"Update DeveloperGuide.md","messageBody":"","fileTypesAndContributionMap":{"docs":{"insertions":68,"deletions":19}}}]},{"date":"2021-10-03","commitResults":[{"hash":"c09f8091c42d601b8723a6bc86d853e5b463a399","messageTitle":"Insert Birthday UI","messageBody":"","fileTypesAndContributionMap":{"functional-code":{"insertions":64,"deletions":40}}}]},{"date":"2021-10-07","commitResults":[{"hash":"7d7ecccda6574b7167e59603b9ba4c1e26327649","messageTitle":"Refactor UI Person to Friend","messageBody":"","fileTypesAndContributionMap":{"functional-code":{"insertions":3,"deletions":4},"other":{"insertions":8,"deletions":8},"docs":{"insertions":1,"deletions":1}}},{"hash":"6436bcf472835f0862628ee9e1c0baf4bf7acae2","messageTitle":"Update Birthday UI","messageBody":"","fileTypesAndContributionMap":{"functional-code":{"insertions":154,"deletions":20},"other":{"insertions":0,"deletions":0}}},{"hash":"36c4bc297a1740fc02fd0d56bf00c81c1a24f831","messageTitle":"Update FriendBook UI","messageBody":"","fileTypesAndContributionMap":{"functional-code":{"insertions":149,"deletions":97}}},{"hash":"f83567372e0cf92ef524d4b941816e62c5fbd7d2","messageTitle":"Remove unused Import","messageBody":"","fileTypesAndContributionMap":{"functional-code":{"insertions":0,"deletions":2}}}]},{"date":"2021-10-13","commitResults":[{"hash":"2597f78faff2e26790edd14b7943559e5c1050e8","messageTitle":"Improve FriendBook layout","messageBody":"","fileTypesAndContributionMap":{"functional-code":{"insertions":590,"deletions":484}}},{"hash":"668f49cb9c1647b56c886d67b47e4fca9a00d70d","messageTitle":"Implement Add button functionality","messageBody":"","fileTypesAndContributionMap":{"functional-code":{"insertions":37,"deletions":2}}},{"hash":"310310b5686610dcba2f6deb5bb279f81cabe4a1","messageTitle":"Fix checkstyle","messageBody":"","fileTypesAndContributionMap":{"functional-code":{"insertions":0,"deletions":3},"docs":{"insertions":24,"deletions":30}}},{"hash":"c30056f272525369c07f4b7d7eba8dab3625ba54","messageTitle":"Set TODO to create method testcase","messageBody":"","fileTypesAndContributionMap":{"functional-code":{"insertions":3,"deletions":0}}},{"hash":"6beba6b8c5973bc4dddebcfac1a575ceb910f640","messageTitle":"Revert \"Branch add tele handle\"","messageBody":"","fileTypesAndContributionMap":{"functional-code":{"insertions":20,"deletions":179},"test-code":{"insertions":92,"deletions":159}}},{"hash":"27718178b9508b382761ab3ba8ea23820dd556b7","messageTitle":"Implement Selected Friend UI","messageBody":"","fileTypesAndContributionMap":{"functional-code":{"insertions":52,"deletions":0}}},{"hash":"805ad6d682251a2f51d9fb57de717e7f2d9262a9","messageTitle":"Implement PinkBlue Color","messageBody":"","fileTypesAndContributionMap":{"functional-code":{"insertions":107,"deletions":61}}},{"hash":"cbc6ba985adb759e1f8d3ff2a2174d9a2d8f226a","messageTitle":"Fix Checkstyle","messageBody":"","fileTypesAndContributionMap":{"functional-code":{"insertions":2,"deletions":2},"docs":{"insertions":3,"deletions":2}}}]},{"date":"2021-10-14","commitResults":[{"hash":"1a0308617fa9e7ee80e0523c364f2773246a68de","messageTitle":"Implement Birthday Reminder UI","messageBody":"","fileTypesAndContributionMap":{"functional-code":{"insertions":3,"deletions":1}}},{"hash":"4776c5eae7a8300e3af1de8ea81153af94b923f6","messageTitle":"Implement view Age UI","messageBody":"","fileTypesAndContributionMap":{"functional-code":{"insertions":10,"deletions":4}}},{"hash":"15b5cac59df4f62c326be5dfe092f3e2f764f901","messageTitle":"Display Age","messageBody":"","fileTypesAndContributionMap":{"functional-code":{"insertions":5,"deletions":5}}}]},{"date":"2021-10-19","commitResults":[{"hash":"bccb852842157234b846300090b78f92124f46ad","messageTitle":"Update Picture field for UI","messageBody":"","fileTypesAndContributionMap":{"functional-code":{"insertions":212,"deletions":110},"test-code":{"insertions":39,"deletions":22}}},{"hash":"b5435ecef163d38a7f17a0d98ddd0de9591c5cf2","messageTitle":"Create FriendWindow UI","messageBody":"","fileTypesAndContributionMap":{"functional-code":{"insertions":174,"deletions":55}}},{"hash":"ec4391f34f7498b4445122b7ece2a500d807d945","messageTitle":"Update Picture implementation","messageBody":"","fileTypesAndContributionMap":{"functional-code":{"insertions":88,"deletions":22},"test-code":{"insertions":31,"deletions":6}}}]},{"date":"2021-10-21","commitResults":[{"hash":"1e6b2866a28fb1461d674c4e17b2c74ac4a51e07","messageTitle":"Enable Gradle Assert","messageBody":"","fileTypesAndContributionMap":{"functional-code":{"insertions":6,"deletions":0},"other":{"insertions":6,"deletions":2}}},{"hash":"14ec23fc43c72ac9ac87a646ad41a37e0b754d92","messageTitle":"Update Use Case view friends","messageBody":"","fileTypesAndContributionMap":{"docs":{"insertions":10,"deletions":0}}},{"hash":"b4508bd8a60f787974ec238ac5b00ff961f737d6","messageTitle":"Updated UI Colortheme","messageBody":"","fileTypesAndContributionMap":{"functional-code":{"insertions":29,"deletions":26}}},{"hash":"4f6ea56dedae36a840f4b5e223c90912c5dfcede","messageTitle":"Update Friend and Help UI","messageBody":"","fileTypesAndContributionMap":{"functional-code":{"insertions":81,"deletions":47},"other":{"insertions":5,"deletions":5}}}]},{"date":"2021-10-23","commitResults":[{"hash":"eb6595a4f5f2ef3bea085cd5dfaf47bc5e73eb09","messageTitle":"Create Reminder.java","messageBody":"","fileTypesAndContributionMap":{"functional-code":{"insertions":154,"deletions":7}}},{"hash":"3987d4edaad829be56509fd918160ff3b1176bb0","messageTitle":"UPDATE REMINDER IN ADD/EDIT COMMAND","messageBody":"","fileTypesAndContributionMap":{"functional-code":{"insertions":62,"deletions":13}}},{"hash":"8a074c52423992316b0eadea86460a1e11648890","messageTitle":"Implement ReminderService","messageBody":"","fileTypesAndContributionMap":{"functional-code":{"insertions":104,"deletions":67}}},{"hash":"7bcf95fd2157687068ae0e461ed4cf3384a63b40","messageTitle":"Link Reminder to BirthdayCheckBox UI","messageBody":"","fileTypesAndContributionMap":{"functional-code":{"insertions":95,"deletions":8}}}]},{"date":"2021-10-24","commitResults":[{"hash":"bea1b90842840f20c43c016cfb3d30b659292eab","messageTitle":"Update HelpWindow UI","messageBody":"","fileTypesAndContributionMap":{"functional-code":{"insertions":105,"deletions":49}}},{"hash":"69edd8a070fadb7a32eb93e446e756ca379eb911","messageTitle":"Update Avatar Test cases","messageBody":"","fileTypesAndContributionMap":{"functional-code":{"insertions":78,"deletions":82},"other":{"insertions":27,"deletions":20},"test-code":{"insertions":133,"deletions":55}}},{"hash":"181dbb7b637a11db5691990792297f281a8929ea","messageTitle":"Add StatusBarFooter UI","messageBody":"","fileTypesAndContributionMap":{"functional-code":{"insertions":62,"deletions":41},"other":{"insertions":5,"deletions":11}}},{"hash":"357ad02f4689b4c1f8cd7c6f90bbe7f8a5a3fcb8","messageTitle":"Move SetReminderExecutor Functional Interface","messageBody":"","fileTypesAndContributionMap":{"functional-code":{"insertions":30,"deletions":36}}},{"hash":"2023379e76a729b9a40cab59098f271e0b6c31d6","messageTitle":"Create CommandList Enum","messageBody":"","fileTypesAndContributionMap":{"functional-code":{"insertions":57,"deletions":3}}},{"hash":"ba6e557880f4a2e5ebf8d1ea54701974a0b2500a","messageTitle":"Refactor UI and Clean UI Dead Comment","messageBody":"","fileTypesAndContributionMap":{"functional-code":{"insertions":22,"deletions":53},"other":{"insertions":0,"deletions":0}}},{"hash":"c9c346890d7879bbe82b4971a5ef663a2bd1b527","messageTitle":"Update Help Window UI","messageBody":"","fileTypesAndContributionMap":{"functional-code":{"insertions":98,"deletions":71}}}]},{"date":"2021-10-25","commitResults":[{"hash":"d5352bd43162ff6060ee068c8b54c67266a9ecd9","messageTitle":"Update FriendWindow UI","messageBody":"","fileTypesAndContributionMap":{"functional-code":{"insertions":79,"deletions":290}}},{"hash":"bb7148e748cca83d8ea3154c2cd55764f02dd892","messageTitle":"Clean UI","messageBody":"","fileTypesAndContributionMap":{"functional-code":{"insertions":70,"deletions":23}}}]},{"date":"2021-10-26","commitResults":[{"hash":"b428f99b604732049c47c856433818e55e576774","messageTitle":"Fix Profile Testcases","messageBody":"","fileTypesAndContributionMap":{"test-code":{"insertions":12,"deletions":0}}},{"hash":"dd04f7d6fe2b25d96d160711efd3dfdb9a29299e","messageTitle":"Fix code style","messageBody":"","fileTypesAndContributionMap":{"functional-code":{"insertions":1,"deletions":1},"docs":{"insertions":1,"deletions":1}}},{"hash":"8a4475ab57c24734e136e79196f84fce8c29db92","messageTitle":"Fix Ronald Image","messageBody":"","fileTypesAndContributionMap":{"docs":{"insertions":1,"deletions":1}}},{"hash":"a3cda5d8e12df312a8e655bf010aa26d62e1c4d5","messageTitle":"Set UserGuide Template","messageBody":"","fileTypesAndContributionMap":{"docs":{"insertions":200,"deletions":5}}},{"hash":"86a2b36708cb073c5e47c3d9dd31676c4d7fcb86","messageTitle":"Set DG Template","messageBody":"","fileTypesAndContributionMap":{"docs":{"insertions":384,"deletions":0}}}]},{"date":"2021-10-27","commitResults":[{"hash":"ca680dca5053d4a80898ec9605f473b15340c29f","messageTitle":"Fix Codestyle","messageBody":"","fileTypesAndContributionMap":{"functional-code":{"insertions":1,"deletions":1},"docs":{"insertions":2,"deletions":3}}}]},{"date":"2021-10-28","commitResults":[{"hash":"9a4e04be7610f40862d840034fa64bcaf4ae0a74","messageTitle":"Update Command Text Usage","messageBody":"","fileTypesAndContributionMap":{"functional-code":{"insertions":56,"deletions":35}}},{"hash":"4cfe7e714ec5ea653cafae6e27b4cc3eb4f9c860","messageTitle":"Update FriendWindow UI","messageBody":"","fileTypesAndContributionMap":{"functional-code":{"insertions":41,"deletions":17}}},{"hash":"d6b3f03ba6a0a9395b93e23445a55de566abecfd","messageTitle":"Fix FindTag error message","messageBody":"","fileTypesAndContributionMap":{"functional-code":{"insertions":2,"deletions":2}}},{"hash":"77ca7e01603da841819b97fd77e266b8afd5055d","messageTitle":"Fix Checkstyle","messageBody":"","fileTypesAndContributionMap":{"functional-code":{"insertions":0,"deletions":1}}},{"hash":"2b23ae937a359534cfa52501ecbc488ad015ff18","messageTitle":"Update UI Component Developer Guide","messageBody":"","fileTypesAndContributionMap":{"docs":{"insertions":4,"deletions":4}}},{"hash":"0ea87d251e888e3b13e5207f073a29e72f100a45","messageTitle":"FIX JAR EXPORT ISSUES","messageBody":"","fileTypesAndContributionMap":{"functional-code":{"insertions":6,"deletions":6},"other":{"insertions":1,"deletions":1}}},{"hash":"4d04f91014b2ba67041ca133253f779ec2d60b85","messageTitle":"Add V1.3 Demo Video Link","messageBody":"","fileTypesAndContributionMap":{"docs":{"insertions":1,"deletions":1}}},{"hash":"6e02db2f11907177cd1dbada8d06068106d81ec4","messageTitle":"Update README.md","messageBody":"","fileTypesAndContributionMap":{"docs":{"insertions":6,"deletions":6}}},{"hash":"6c03ade4d5a4360e3387ad6848ef716bfbf405a1","messageTitle":"Remove old Archive Header","messageBody":"","fileTypesAndContributionMap":{"docs":{"insertions":0,"deletions":4}}},{"hash":"60af0b5e530467ac538241198b05425fda320789","messageTitle":"Clean UG","messageBody":"","fileTypesAndContributionMap":{"docs":{"insertions":53,"deletions":48}}}]},{"date":"2021-10-29","commitResults":[{"hash":"e0a8a254070ed6528a2432c238e24e22a61896d7","messageTitle":"Update link to latest Jar File","messageBody":"","fileTypesAndContributionMap":{"docs":{"insertions":1,"deletions":1}}}]},{"date":"2021-10-31","commitResults":[{"hash":"280975836f5d9a7b53b6c8b67e2adf1da3660dbf","messageTitle":"View Multiple Panes in Help Window","messageBody":"","fileTypesAndContributionMap":{"functional-code":{"insertions":10,"deletions":12}}},{"hash":"c10e747d095a3f254e18ecd802fbd92eaa6f6196","messageTitle":"Fix ProfileDisplay top Margin","messageBody":"","fileTypesAndContributionMap":{"functional-code":{"insertions":5,"deletions":7}}},{"hash":"fdacf3cad522a8d3c23b12c9a8a92ce313ad1f87","messageTitle":"Fix ProfileDisplay top Margin","messageBody":"","fileTypesAndContributionMap":{"functional-code":{"insertions":2,"deletions":2}}},{"hash":"bf3c98d6caaae51f719920c3ec64f85a0efc9c00","messageTitle":"Remove ProfileDisplay dead code","messageBody":"","fileTypesAndContributionMap":{"functional-code":{"insertions":0,"deletions":7}}},{"hash":"40042d66c0e97c076d8fa4749a2f900ceae685bd","messageTitle":"Create Clear Command Confirmation Prompt","messageBody":"","fileTypesAndContributionMap":{"functional-code":{"insertions":14,"deletions":3}}},{"hash":"a7fcafcdde43b7560f2af03ac2e4c189e5de0198","messageTitle":"Improve FriendWindow UI","messageBody":"","fileTypesAndContributionMap":{"functional-code":{"insertions":8,"deletions":3}}},{"hash":"173e7c07c6f3df945682e52b2ca7726c6c12c2ff","messageTitle":"Improve FriendWindow UI","messageBody":"","fileTypesAndContributionMap":{"functional-code":{"insertions":127,"deletions":68}}}]},{"date":"2021-11-01","commitResults":[{"hash":"b8e2c247766f8d861eea0226d5d697c140048571","messageTitle":"Improve Birthday Circle style","messageBody":"","fileTypesAndContributionMap":{"functional-code":{"insertions":88,"deletions":22}}},{"hash":"6dc4e4e737a55ae79b75d21a22c1c440f4264db5","messageTitle":"Set Reminder to 1 week","messageBody":"","fileTypesAndContributionMap":{"functional-code":{"insertions":18,"deletions":8}}},{"hash":"bec813c95d14a5a1bfc1c78da293a52d07e348d0","messageTitle":"Update Reminder in a week UI","messageBody":"","fileTypesAndContributionMap":{"functional-code":{"insertions":3,"deletions":3}}},{"hash":"879b0a24abf2fd34bcc9fa0de9c7348078cfb54e","messageTitle":"Update HelpWindow UI","messageBody":"","fileTypesAndContributionMap":{"functional-code":{"insertions":57,"deletions":14}}},{"hash":"3d10f71941d6535c032579562f8db3272883b1de","messageTitle":"Update Birthday Circle UI","messageBody":"","fileTypesAndContributionMap":{"functional-code":{"insertions":4,"deletions":4}}},{"hash":"bdb72e1fb6f759733a619e3752756bde5bca3030","messageTitle":"Clean HelpWindow Checkstyle","messageBody":"","fileTypesAndContributionMap":{"functional-code":{"insertions":1,"deletions":3}}},{"hash":"b37e1742e157304989618ee29aa069b4ac7a2ac1","messageTitle":"Improve checkstyle","messageBody":"","fileTypesAndContributionMap":{"functional-code":{"insertions":0,"deletions":1},"docs":{"insertions":28,"deletions":29}}}]},{"date":"2021-11-02","commitResults":[{"hash":"6431a90883a492f9a7c65bd8a9366ab062e42dde","messageTitle":"Fix Clear Command Test case","messageBody":"","fileTypesAndContributionMap":{"functional-code":{"insertions":50,"deletions":15}}},{"hash":"8b527fc4931e61777d52d35de3199bfcdd65bb8c","messageTitle":"Fix CommandResult Checkstyle","messageBody":"","fileTypesAndContributionMap":{"functional-code":{"insertions":0,"deletions":34}}},{"hash":"7ce2449aa9cd8fb2d9b5d9990b3b8329be48036f","messageTitle":"Remaining UI Bug Fixes","messageBody":"","fileTypesAndContributionMap":{"functional-code":{"insertions":15,"deletions":15}}}]},{"date":"2021-11-03","commitResults":[{"hash":"ccd483ebe580bf383cc43928e96f1893830c15ae","messageTitle":"Update FriendWindow UI Description","messageBody":"","fileTypesAndContributionMap":{"functional-code":{"insertions":8,"deletions":3}}},{"hash":"aa721cb5758db076e3ce6108a66cfee85578c1a0","messageTitle":"Update Pawandeep PPP","messageBody":"","fileTypesAndContributionMap":{"docs":{"insertions":18,"deletions":20}}},{"hash":"1e0d1f5a614320474a53d4d421f38a795f2cfbf4","messageTitle":"Update FriendWindow Tele UI View","messageBody":"","fileTypesAndContributionMap":{"functional-code":{"insertions":4,"deletions":2}}},{"hash":"d0e2ae28e009f2d56ffaf3f519991dfcfb10af5a","messageTitle":"Update Pawandeep\u0027s PPP","messageBody":"","fileTypesAndContributionMap":{"docs":{"insertions":4,"deletions":2}}}]},{"date":"2021-11-05","commitResults":[{"hash":"d013ce7d6389b8118a91771d08001573ed1f5e47","messageTitle":"Refactor ReminderService to BirthdayReminder","messageBody":"","fileTypesAndContributionMap":{"functional-code":{"insertions":154,"deletions":119},"test-code":{"insertions":49,"deletions":0}}},{"hash":"78386fcdeb5ca2b22a24ff7a9e8c44b4c8687016","messageTitle":"Fix Checkstyle","messageBody":"","fileTypesAndContributionMap":{"functional-code":{"insertions":0,"deletions":1}}},{"hash":"648b9dbb2b82976a34b3f18782ba08cdc625d660","messageTitle":"Update Command.java","messageBody":"","fileTypesAndContributionMap":{"functional-code":{"insertions":38,"deletions":22},"test-code":{"insertions":83,"deletions":0}}},{"hash":"b785ebc7e29ef7d752b1a20769a65e8289075d25","messageTitle":"Remove Ui Deadcode","messageBody":"","fileTypesAndContributionMap":{"functional-code":{"insertions":102,"deletions":73}}},{"hash":"ddb410fdb9b0baf6df7590cfb7795446c1471755","messageTitle":"update Pawan PPP","messageBody":"","fileTypesAndContributionMap":{"docs":{"insertions":15,"deletions":10}}},{"hash":"d80dda8fb68e6ee2f0f937f528e33bf63695b2bb","messageTitle":"Fix FriendListPanel.fxml","messageBody":"","fileTypesAndContributionMap":{"functional-code":{"insertions":2,"deletions":1}}}]},{"date":"2021-11-07","commitResults":[{"hash":"6736709a6eaa93204763b0db60d56a134b0afdb7","messageTitle":"Update Architecture, UI and Reminder Section","messageBody":"","fileTypesAndContributionMap":{"docs":{"insertions":18,"deletions":4}}},{"hash":"0566eada02877e01662b4ab22b8830acff7a9d2c","messageTitle":"Refactor BirthdayReminder to Reminder","messageBody":"","fileTypesAndContributionMap":{"functional-code":{"insertions":9,"deletions":9},"other":{"insertions":11,"deletions":11}}},{"hash":"f0cb186d20c21a37df09b99fc8ddf54bf3c9cd6f","messageTitle":"Insert Reminder Implementation","messageBody":"","fileTypesAndContributionMap":{"docs":{"insertions":29,"deletions":0}}},{"hash":"570a02023c93d17c7203b78517cea6fd3114cda9","messageTitle":"Update Documentation PPP","messageBody":"","fileTypesAndContributionMap":{"docs":{"insertions":7,"deletions":4}}},{"hash":"eda4e87bd7e0bee4dd8b02a1c0b97423a6b1091d","messageTitle":"Update Optional Address FriendWindow View","messageBody":"","fileTypesAndContributionMap":{"functional-code":{"insertions":20,"deletions":2}}},{"hash":"1eacac9312c56c1b66070bb19b7183b90421fa95","messageTitle":"Fix Add Command Optional Address Message Usage","messageBody":"","fileTypesAndContributionMap":{"functional-code":{"insertions":1,"deletions":0}}},{"hash":"abfc54e09b00a8830988cfdd1b0db22109e38cdb","messageTitle":"Update UserGuide Minor Cosmetic Tweaks","messageBody":"","fileTypesAndContributionMap":{"docs":{"insertions":4,"deletions":4}}},{"hash":"de3534e6dcd287ab7252c312145f81d502bcd33e","messageTitle":"Update Reminder description","messageBody":"","fileTypesAndContributionMap":{"docs":{"insertions":3,"deletions":2}}},{"hash":"6cddff34a7809aa9621230a2b5386afaf47f19b7","messageTitle":"Update Project Management Section","messageBody":"","fileTypesAndContributionMap":{"docs":{"insertions":2,"deletions":3}}},{"hash":"5ec1b582975460c848cc36116c5d13779f42b8d4","messageTitle":"Delete damithc.md","messageBody":"","fileTypesAndContributionMap":{"docs":{"insertions":0,"deletions":46}}},{"hash":"8e45b5a581a93858d14b2fd652dc0f14a7b8430d","messageTitle":"Update pss-coder.md","messageBody":"","fileTypesAndContributionMap":{"docs":{"insertions":7,"deletions":2}}},{"hash":"d4da7e4706d84642cf60099e38718214ac2c2263","messageTitle":"Update Ronald Image","messageBody":"","fileTypesAndContributionMap":{"docs":{"insertions":1,"deletions":1}}},{"hash":"334a66a18036d716fb452f1ebd86ef6973e80233","messageTitle":"Update Avatar section","messageBody":"","fileTypesAndContributionMap":{"docs":{"insertions":1,"deletions":1}}}]},{"date":"2021-11-08","commitResults":[{"hash":"0613112806188ea08238805e1544f8e55b98b476","messageTitle":"Add Reminder Sequence Diagram","messageBody":"","fileTypesAndContributionMap":{"docs":{"insertions":8,"deletions":1}}},{"hash":"2aa2b1c86f0fce31f19be0b51432da10807176ec","messageTitle":"Fix Birthday Circle Display Text","messageBody":"","fileTypesAndContributionMap":{"functional-code":{"insertions":4,"deletions":4}}},{"hash":"fd3ab5497936883fa13d21854423e122646e46d4","messageTitle":"Update README.md","messageBody":"","fileTypesAndContributionMap":{"docs":{"insertions":4,"deletions":4}}},{"hash":"49fae79047e126cb1db57cec196271e1461dbf92","messageTitle":"Update Reminder UserGuide Section","messageBody":"","fileTypesAndContributionMap":{"docs":{"insertions":4,"deletions":0}}}]}],"SajalVaishnav":[{"date":"2021-09-28","commitResults":[{"hash":"4e897dcfdb44e10cd8cf3fda138bf0a5edaf99b9","messageTitle":"updated AboutUs","messageBody":"","fileTypesAndContributionMap":{"docs":{"insertions":210,"deletions":25}}}]},{"date":"2021-09-30","commitResults":[{"hash":"093ac413d86eb8531089c028d4b227dc0ef57a8f","messageTitle":"fixed AboutUs.md","messageBody":"","fileTypesAndContributionMap":{"docs":{"insertions":185,"deletions":185}}},{"hash":"a9d407b3f5a87044d4e6928beaf9930fe80ecda0","messageTitle":"fixed error in ProfileDisplay.java","messageBody":"","fileTypesAndContributionMap":{"functional-code":{"insertions":1,"deletions":1}}},{"hash":"5371a555e1ee34da9def9959ef3aa054c8344337","messageTitle":"better AboutUs","messageBody":"","fileTypesAndContributionMap":{"docs":{"insertions":12,"deletions":8}}},{"hash":"7ddbf0fa877ac7091359621b1582b1513ee09929","messageTitle":"added description to github and portfolio links","messageBody":"","fileTypesAndContributionMap":{"docs":{"insertions":8,"deletions":8}}},{"hash":"c8638680a5acb47138c38853ed42c813b35c569a","messageTitle":"updated Readme","messageBody":"","fileTypesAndContributionMap":{"docs":{"insertions":11,"deletions":10}}}]},{"date":"2021-10-13","commitResults":[{"hash":"6402620f978caf6de999e0d4abd917be23f5bf6f","messageTitle":"added telegram field, need to add tests","messageBody":"","fileTypesAndContributionMap":{"functional-code":{"insertions":149,"deletions":15}}},{"hash":"d9f978d3eddbb88a7e3f229d57868094515a4d93","messageTitle":"halfway through tests","messageBody":"","fileTypesAndContributionMap":{"functional-code":{"insertions":23,"deletions":6},"test-code":{"insertions":89,"deletions":12}}},{"hash":"24a9a588529ff7adf7deb882c2e6e36c68fc6e84","messageTitle":"all done!","messageBody":"","fileTypesAndContributionMap":{"functional-code":{"insertions":15,"deletions":7},"test-code":{"insertions":71,"deletions":81}}}]},{"date":"2021-10-14","commitResults":[{"hash":"3c5aba5bbc3bcfc9bf4a3bb6f3a0423a016812be","messageTitle":"rebased src/main","messageBody":"","fileTypesAndContributionMap":{"functional-code":{"insertions":187,"deletions":30}}},{"hash":"3b7a2693e90e0dfb88080f69d2585464ce2ba66e","messageTitle":"rebase complete","messageBody":"","fileTypesAndContributionMap":{"test-code":{"insertions":162,"deletions":48}}},{"hash":"f30a9a2b96d25238cd0dcc4d6d0ffa556ded50fa","messageTitle":"done with main","messageBody":"","fileTypesAndContributionMap":{"functional-code":{"insertions":156,"deletions":20}}},{"hash":"4aec4f446adb165772f794907a87401c32fe9778","messageTitle":"all tests done","messageBody":"","fileTypesAndContributionMap":{"functional-code":{"insertions":6,"deletions":6},"test-code":{"insertions":178,"deletions":54}}}]},{"date":"2021-10-24","commitResults":[{"hash":"e65c79a1e02af56cf422f8038dcbd20782582012","messageTitle":"left with tests only","messageBody":"","fileTypesAndContributionMap":{"functional-code":{"insertions":166,"deletions":4}}}]},{"date":"2021-10-25","commitResults":[{"hash":"290ae5fc8612d86445e52923b32195dab00e6c12","messageTitle":"all tests done","messageBody":"","fileTypesAndContributionMap":{"functional-code":{"insertions":2,"deletions":2},"test-code":{"insertions":234,"deletions":1}}},{"hash":"9dae456f5cc23a37c31127719f063e70b768829a","messageTitle":"fixed checkstyle","messageBody":"","fileTypesAndContributionMap":{"functional-code":{"insertions":3,"deletions":2},"test-code":{"insertions":2,"deletions":1}}},{"hash":"35dbe5a1ea507f9f5fe8590153b031598ca53a6e","messageTitle":"fixed checkstyle 2.0","messageBody":"","fileTypesAndContributionMap":{"functional-code":{"insertions":3,"deletions":1}}},{"hash":"9d10aa833514dd9462a4b6b9fdaaa9702763dc1e","messageTitle":"fix checkstyle 2.1","messageBody":"","fileTypesAndContributionMap":{"functional-code":{"insertions":1,"deletions":3}}},{"hash":"e50087325c13de6dc4f211bf74cad1ae4e41bb11","messageTitle":"fix checkstyle 2.2","messageBody":"","fileTypesAndContributionMap":{"functional-code":{"insertions":2,"deletions":2}}}]},{"date":"2021-11-02","commitResults":[{"hash":"fe19f45c77c8a108580ff095c115cd7404902f15","messageTitle":"creating file for testing cases","messageBody":"","fileTypesAndContributionMap":{"test-code":{"insertions":2,"deletions":2}}},{"hash":"bbae5242e89ff111925feab9b4b5c24665af5507","messageTitle":"fixed some checkstyle violations","messageBody":"","fileTypesAndContributionMap":{"test-code":{"insertions":8,"deletions":1}}},{"hash":"c52799c35c26ec92fc81aa708dc66d9aba87a88e","messageTitle":"test bug","messageBody":"","fileTypesAndContributionMap":{"test-code":{"insertions":1,"deletions":1}}}]},{"date":"2021-11-07","commitResults":[{"hash":"4cce0f766524386f87ab278faf46b10446d125ab","messageTitle":"address is now optional","messageBody":"","fileTypesAndContributionMap":{"functional-code":{"insertions":15,"deletions":6}}},{"hash":"0368bd489db50a90c731a6b834a9ab72a442f2e4","messageTitle":"fixed test cases","messageBody":"","fileTypesAndContributionMap":{"test-code":{"insertions":2,"deletions":40}}},{"hash":"4ab7fa736eb0fbaa6fedd9983cf8568c7096e609","messageTitle":"fixed checkstyle","messageBody":"","fileTypesAndContributionMap":{"test-code":{"insertions":0,"deletions":5}}},{"hash":"9970b2978adf508823bbad4335ff2ed62409cc39","messageTitle":"better message formatting","messageBody":"","fileTypesAndContributionMap":{"functional-code":{"insertions":2,"deletions":2}}}]}]},"authorFileTypeContributionMap":{"RonaldTanSingWei":{"docs":300,"functional-code":612,"test-code":799,"other":1},"xnajasho":{"docs":102,"functional-code":656,"test-code":1377},"pss-coder":{"docs":168,"functional-code":2075,"test-code":327,"other":6},"SajalVaishnav":{"docs":31,"functional-code":440,"test-code":461}},"authorContributionVariance":{"RonaldTanSingWei":145075.75,"xnajasho":16916.963,"pss-coder":111468.39,"SajalVaishnav":21879.93},"authorDisplayNameMap":{"RonaldTanSingWei":"CS2103-F10-3 RONA.. WEI","xnajasho":"CS2103-F10-3 CHIN..SEAN","pss-coder":"CS2103-F10-3 PAWA..KHON","SajalVaishnav":"CS2103-F10-3 SAJA..HNAV"}}
