{"authorDailyContributionsMap":{"HangZelin":[{"date":"2021-09-21","commitResults":[{"hash":"e979d569e70f26a494d6ef8bbe03f3bedf4f4ced","messageTitle":"Add hangzelin\u0027s AboutUs","messageBody":"","fileTypesAndContributionMap":{"docs":{"insertions":19,"deletions":91}}},{"hash":"75b54e1fd7d25cb39ffad3af18d9e43e5985b310","messageTitle":"Fix EOF issue","messageBody":"","fileTypesAndContributionMap":{"docs":{"insertions":1,"deletions":1}}}]},{"date":"2021-09-22","commitResults":[{"hash":"73e7f71ac2c0b7fc23ce17d3056275200bb51532","messageTitle":"Fix photo size","messageBody":"","fileTypesAndContributionMap":{"docs":{"insertions":1,"deletions":1}}}]},{"date":"2021-09-25","commitResults":[{"hash":"f8b254d4d5c751e6a0a854e57dfa973ec80139bd","messageTitle":"Update README.md","messageBody":"","fileTypesAndContributionMap":{"docs":{"insertions":2,"deletions":11}}},{"hash":"2066883719b7873f44f717f0a80f20996f4556b4","messageTitle":"Update index.md","messageBody":"","fileTypesAndContributionMap":{"docs":{"insertions":8,"deletions":6}}},{"hash":"8b899a6843d685879506b99df2c24cf470e10bd9","messageTitle":"Update README.md","messageBody":"","fileTypesAndContributionMap":{"docs":{"insertions":1,"deletions":1}}}]},{"date":"2021-09-29","commitResults":[{"hash":"cfa8737eb0212358a97995d6655172b6771565b6","messageTitle":"Update DeveloperGuide.md","messageBody":"","fileTypesAndContributionMap":{"docs":{"insertions":140,"deletions":0}}},{"hash":"b204fb3ccd95d90e0dd08c782417867591f48fdf","messageTitle":"Update UserGuide","messageBody":"Update user guide info for addContact, deleteContact and listContact.","fileTypesAndContributionMap":{"docs":{"insertions":27,"deletions":0}}}]},{"date":"2021-10-03","commitResults":[{"hash":"11917675b3e84fff431879120ad874355a89bafc","messageTitle":"Edit package name of person to contact and add skeleton contact class for milestone v1.2","messageBody":"","fileTypesAndContributionMap":{"functional-code":{"insertions":487,"deletions":300},"other":{"insertions":108,"deletions":108},"docs":{"insertions":2,"deletions":2},"test-code":{"insertions":106,"deletions":102}}},{"hash":"50f9375a3011293c2a8dbd81eb3b5ed72ec89eaa","messageTitle":"Add more editions","messageBody":"","fileTypesAndContributionMap":{"functional-code":{"insertions":41,"deletions":41},"test-code":{"insertions":203,"deletions":200}}},{"hash":"307d98571bc072cf5f8eb09c4c1dfd308d0bf6bf","messageTitle":"Fix Checkstyle issues.","messageBody":"","fileTypesAndContributionMap":{"functional-code":{"insertions":29,"deletions":17},"other":{"insertions":43,"deletions":43},"test-code":{"insertions":37,"deletions":13}}}]},{"date":"2021-10-04","commitResults":[{"hash":"a2818bea64b184c8d6339cf48f66a4f036169ae6","messageTitle":"Edit for more Contact classes","messageBody":"","fileTypesAndContributionMap":{"functional-code":{"insertions":278,"deletions":15},"other":{"insertions":23,"deletions":23}}},{"hash":"43f7194a598ffcf56e8c208b8b9b579990706b42","messageTitle":"Fix editContact bugs","messageBody":"","fileTypesAndContributionMap":{"functional-code":{"insertions":21,"deletions":27}}},{"hash":"edce3647665255b75f2df775c151c792e31b2c75","messageTitle":"fix CheckStyle issue","messageBody":"","fileTypesAndContributionMap":{"functional-code":{"insertions":34,"deletions":17}}},{"hash":"b37156da1972e702ef35bf1a3f853f4e1093895a","messageTitle":"Add DeleteContact and ListContact feature, update AddressBookParser, and change some classes name corresponding to our own MyCRM app name.","messageBody":"","fileTypesAndContributionMap":{"functional-code":{"insertions":40,"deletions":468},"other":{"insertions":202,"deletions":206},"test-code":{"insertions":574,"deletions":594}}},{"hash":"adb284b375268d41a2cea7744f6141bbae6d2456","messageTitle":"Update UserGuide","messageBody":"","fileTypesAndContributionMap":{"docs":{"insertions":18,"deletions":7}}},{"hash":"f14b3bd6203454837fbf36ca35ee4636d27b507d","messageTitle":"Fix EOF issue","messageBody":"","fileTypesAndContributionMap":{"docs":{"insertions":1,"deletions":1}}}]},{"date":"2021-10-07","commitResults":[{"hash":"4feb8095cc0baedc3ea5fd9b4f7478d01461de28","messageTitle":"Create folders in UI","messageBody":"","fileTypesAndContributionMap":{"functional-code":{"insertions":12,"deletions":8},"other":{"insertions":12,"deletions":7},"test-code":{"insertions":6,"deletions":6}}},{"hash":"7b8fe3b38a812082dcd422fa34c3b64814302f85","messageTitle":"Add FindContactCommand","messageBody":"","fileTypesAndContributionMap":{"functional-code":{"insertions":5,"deletions":4},"other":{"insertions":31,"deletions":27},"test-code":{"insertions":4,"deletions":4}}},{"hash":"37773245ecd14c9ecf9f6cc0f6c5b565ad7a27f6","messageTitle":"Fix trailing white space","messageBody":"","fileTypesAndContributionMap":{"functional-code":{"insertions":0,"deletions":1}}}]},{"date":"2021-10-10","commitResults":[{"hash":"77b7c01a32b09c8a95a104334f1a7a183ed2afca","messageTitle":"Add folder for Product and fix some naming issues","messageBody":"","fileTypesAndContributionMap":{"functional-code":{"insertions":32,"deletions":31},"other":{"insertions":9,"deletions":7},"test-code":{"insertions":28,"deletions":28}}}]},{"date":"2021-10-13","commitResults":[{"hash":"04fe0b85414b8949417ad6320f1bcdf44adff55f","messageTitle":"Add Optional Choices for add Contact","messageBody":"","fileTypesAndContributionMap":{"functional-code":{"insertions":249,"deletions":26},"test-code":{"insertions":0,"deletions":17}}},{"hash":"c827e66ebba4c662657de80511ce6299a26bdd7e","messageTitle":"Delete Link Contact Command","messageBody":"","fileTypesAndContributionMap":{"functional-code":{"insertions":0,"deletions":42},"test-code":{"insertions":0,"deletions":5}}},{"hash":"19920cc6c2f3cf1177d3fca86ca1799a8dd7bae5","messageTitle":"Change App name","messageBody":"","fileTypesAndContributionMap":{"functional-code":{"insertions":1,"deletions":1}}}]},{"date":"2021-10-17","commitResults":[{"hash":"bc14a0b4bc2b19ce9d45575d4d6fef4b9c6eeee9","messageTitle":"Edit names to match the naming of MyCrm","messageBody":"","fileTypesAndContributionMap":{"functional-code":{"insertions":300,"deletions":300},"other":{"insertions":1900,"deletions":1900},"docs":{"insertions":17,"deletions":17},"test-code":{"insertions":647,"deletions":652}}}]},{"date":"2021-10-18","commitResults":[{"hash":"f3f978373f9d32c785c791312bc0235395fb8a5d","messageTitle":"Add FindJobCommand","messageBody":"","fileTypesAndContributionMap":{"functional-code":{"insertions":202,"deletions":20},"other":{"insertions":1,"deletions":1},"test-code":{"insertions":129,"deletions":6}}}]},{"date":"2021-10-20","commitResults":[{"hash":"2c0259a454efa15ef2cba2a9149334fd28b6198a","messageTitle":"Add hideContact feature, update contact card to contain hidden tag.","messageBody":"","fileTypesAndContributionMap":{"functional-code":{"insertions":261,"deletions":18}}},{"hash":"e2d61f1e57e48b8b6d012b2b36eb6c6d5052fae0","messageTitle":"change predicate in updateFilteredContact list","messageBody":"","fileTypesAndContributionMap":{"functional-code":{"insertions":3,"deletions":3}}}]},{"date":"2021-10-21","commitResults":[{"hash":"063d068a4e2d2b93b79d26b7ec46b95cd53cab71","messageTitle":"Add HideContact tests, fix check style issues","messageBody":"","fileTypesAndContributionMap":{"functional-code":{"insertions":56,"deletions":30},"test-code":{"insertions":194,"deletions":14}}},{"hash":"a4018483ac63012aac246bd1b6ee861193655bf3","messageTitle":"Update hide Contact to add more restrictions and update storage for contacts.","messageBody":"","fileTypesAndContributionMap":{"functional-code":{"insertions":62,"deletions":24},"test-code":{"insertions":9,"deletions":27}}}]},{"date":"2021-10-22","commitResults":[{"hash":"6e58f5af647cd052cba979263c2d81afab79463e","messageTitle":"Update UG for add contact UML diagram and skeleton for hide contact and list contact","messageBody":"","fileTypesAndContributionMap":{"functional-code":{"insertions":3,"deletions":3},"docs":{"insertions":191,"deletions":0},"test-code":{"insertions":1,"deletions":1}}},{"hash":"5abe5fc97bfde40a20c702a79e565d2431f83073","messageTitle":"fix EOF issue","messageBody":"","fileTypesAndContributionMap":{"docs":{"insertions":1,"deletions":1}}},{"hash":"e3063bd84fe7a7b2823ba787cca28a6a44fff595","messageTitle":"Update DG and UG","messageBody":"","fileTypesAndContributionMap":{"docs":{"insertions":7,"deletions":5}}},{"hash":"d2eb393fdb02aa529b10e7425d0185e15db6bf01","messageTitle":"Update hide contact to support unhidden feature","messageBody":"","fileTypesAndContributionMap":{"functional-code":{"insertions":14,"deletions":7}}},{"hash":"a2d4abde8f9b3f64469735d943f880277fcd87fc","messageTitle":"Update doc for hideContact","messageBody":"","fileTypesAndContributionMap":{"functional-code":{"insertions":3,"deletions":2}}}]},{"date":"2021-10-25","commitResults":[{"hash":"aa9fd1be553184d3baebce62e4cd2f5567a2f23e","messageTitle":"Add UndoHideContactCommand","messageBody":"","fileTypesAndContributionMap":{"functional-code":{"insertions":164,"deletions":11},"test-code":{"insertions":20,"deletions":0}}},{"hash":"75883dd16e87697b2ead437129672986a94098aa","messageTitle":"Update listContact Command","messageBody":"","fileTypesAndContributionMap":{"functional-code":{"insertions":13,"deletions":4}}},{"hash":"9185f4c1439be2b40459d31b5493862e41a95ee6","messageTitle":"Modify contact commands to sync with job list.","messageBody":"","fileTypesAndContributionMap":{"functional-code":{"insertions":15,"deletions":4},"test-code":{"insertions":3,"deletions":3}}},{"hash":"831e8f7917ead9ecf7de2c1cf77cce6e983d9878","messageTitle":"Revert \"Modify product commands to sync with job list.\"","messageBody":"","fileTypesAndContributionMap":{"functional-code":{"insertions":0,"deletions":43},"test-code":{"insertions":0,"deletions":20}}},{"hash":"ea54b3894c689a8d55f0ea034ad8d469f7ba2616","messageTitle":"Modify delete contact commands to sync with job list with new predicates.","messageBody":"","fileTypesAndContributionMap":{"functional-code":{"insertions":22,"deletions":1},"test-code":{"insertions":0,"deletions":16}}}]},{"date":"2021-10-27","commitResults":[{"hash":"93fe8f6108a4994ec8195e1086c9e906c5cd407f","messageTitle":"Update UG to fit with current version of MyCRM","messageBody":"","fileTypesAndContributionMap":{"docs":{"insertions":65,"deletions":12}}},{"hash":"f7dbb50f404684a8f5f2d98f891d472ecc064da4","messageTitle":"Edit CommandBox to display error text.","messageBody":"","fileTypesAndContributionMap":{"functional-code":{"insertions":1,"deletions":2}}},{"hash":"0524385438b0b6604ac87ddc37067626055c7af2","messageTitle":"Update UG format for contacts","messageBody":"","fileTypesAndContributionMap":{"docs":{"insertions":31,"deletions":17}}}]},{"date":"2021-10-28","commitResults":[{"hash":"6fc3ce6247a9d5592aaa04da0238c1105511ee0a","messageTitle":"Update UG: Add Screenshots for contact commands","messageBody":"","fileTypesAndContributionMap":{"functional-code":{"insertions":7,"deletions":7},"docs":{"insertions":26,"deletions":3}}},{"hash":"3f06f55a98f4cdfe0ae505de5dff2b9e6872cd73","messageTitle":"fix UG issue","messageBody":"","fileTypesAndContributionMap":{"docs":{"insertions":4,"deletions":2}}},{"hash":"210f34ab3b5a531af9aaff89f64aceb51a61db8f","messageTitle":"Add use case for undo a contact","messageBody":"","fileTypesAndContributionMap":{"docs":{"insertions":23,"deletions":0}}}]},{"date":"2021-10-29","commitResults":[{"hash":"8123d9be2cc118c6b64bba7effc1acc67deb1728","messageTitle":"Update UG to clarify undoContact prerequisite.","messageBody":"","fileTypesAndContributionMap":{"functional-code":{"insertions":1,"deletions":0},"docs":{"insertions":1,"deletions":0}}},{"hash":"f38f37066ed8e193b3ee41bc27aa339f654807e5","messageTitle":"Fix unhandled exception issue in select job command","messageBody":"","fileTypesAndContributionMap":{"functional-code":{"insertions":32,"deletions":10}}},{"hash":"58e72dd5d605a5957859823d295009cefa6a3d95","messageTitle":"fix checkstyle","messageBody":"","fileTypesAndContributionMap":{"functional-code":{"insertions":1,"deletions":1}}},{"hash":"c1a85ae83aa83b56a5cc465780a384875085b927","messageTitle":"Add one more exception catch for edit command mutistage","messageBody":"","fileTypesAndContributionMap":{"functional-code":{"insertions":3,"deletions":0}}},{"hash":"e2c84d872f9236f9a7296a465cd1a1678d53713f","messageTitle":"Add one more note for hideContactCommand","messageBody":"","fileTypesAndContributionMap":{"docs":{"insertions":1,"deletions":0}}},{"hash":"a1c8115862559e8f522cc478ac1ec2855432acaa","messageTitle":"Update UserGuide.md","messageBody":"","fileTypesAndContributionMap":{"docs":{"insertions":1,"deletions":0}}}]},{"date":"2021-10-30","commitResults":[{"hash":"04a9d1c8b438fb6c2562af2a495faf5aec93739a","messageTitle":"Update UserGuide.md","messageBody":"","fileTypesAndContributionMap":{"docs":{"insertions":9,"deletions":9}}},{"hash":"faecf4ba4fe41a923cf0bf4900870586f0d3885b","messageTitle":"Fix editContactCommand issue.","messageBody":"","fileTypesAndContributionMap":{"functional-code":{"insertions":2,"deletions":1}}}]},{"date":"2021-10-31","commitResults":[{"hash":"86ff612ebf9aa7b22e8c116e1eb6308d8bf774df","messageTitle":"fix the issue of unclearness of addContact","messageBody":"Fix the issue of unclearness of `addContact` optional rationale.\r\nTo protect clients\u0027 pravicy, we allow a client to provide only partial field of his info.\r\nBut `n/CLIENT_NAME`  and at least one field of `c/CONTACT_NUMBER`, `e/EMAIL` or `a/ADDRESS` should exist.","fileTypesAndContributionMap":{"docs":{"insertions":5,"deletions":3}}}]},{"date":"2021-11-01","commitResults":[{"hash":"de2d3551fe47683b4e63164052a9bb8e9a9662c7","messageTitle":"Add more test cases for DeleteContact and HideContact commands","messageBody":"","fileTypesAndContributionMap":{"functional-code":{"insertions":7,"deletions":5},"docs":{"insertions":8,"deletions":0},"test-code":{"insertions":48,"deletions":9}}},{"hash":"e99bca1f92c89487898558043ca52c478f7e32d6","messageTitle":"Fix the issue that Ui displays \"null\" for Contact Card and Job Card.","messageBody":"","fileTypesAndContributionMap":{"functional-code":{"insertions":4,"deletions":4}}},{"hash":"e15bf62a65761651cfaaf52f568f4263eaabb49c","messageTitle":"Fix minor issues for contact card display.","messageBody":"","fileTypesAndContributionMap":{"functional-code":{"insertions":17,"deletions":16},"test-code":{"insertions":4,"deletions":3}}},{"hash":"6563ea66d126e93c2ac7ffa9effbf60bf062fe0d","messageTitle":"add More test cases for addContactCommandParser.","messageBody":"","fileTypesAndContributionMap":{"functional-code":{"insertions":60,"deletions":61},"test-code":{"insertions":123,"deletions":66}}}]},{"date":"2021-11-02","commitResults":[{"hash":"09067a1b30c2190ff21d6de34648ce1dc0f1cb16","messageTitle":"add UndoHideContact test cases and more test cases for list Contacts hide Contact.","messageBody":"","fileTypesAndContributionMap":{"functional-code":{"insertions":17,"deletions":5},"test-code":{"insertions":236,"deletions":11}}},{"hash":"029c1bd7e45b35e532aa8a8880ffa4c4c112ea82","messageTitle":"Delete redundant log fields.","messageBody":"","fileTypesAndContributionMap":{"functional-code":{"insertions":0,"deletions":3}}},{"hash":"b98a3c1b767449f0802470f5abab3e60d0f329be","messageTitle":"set hidden property for each typical contact","messageBody":"","fileTypesAndContributionMap":{"test-code":{"insertions":5,"deletions":4}}},{"hash":"a4a05a09088fb0d374744a9375cbc1da05bab6dc","messageTitle":"add test case when a contact is linked to a job, attempt to delete this contact is not allowed.","messageBody":"","fileTypesAndContributionMap":{"test-code":{"insertions":37,"deletions":5}}},{"hash":"c9917e3d663bc2bab476f261ce195fe20e928518","messageTitle":"Update UserGuide.md","messageBody":"","fileTypesAndContributionMap":{"docs":{"insertions":2,"deletions":2}}}]},{"date":"2021-11-03","commitResults":[{"hash":"243f8a13209bb34e75fcf31c8ed3db5af5ab8f72","messageTitle":"Finish first version of PPP","messageBody":"","fileTypesAndContributionMap":{"docs":{"insertions":75,"deletions":4}}},{"hash":"420aba9a2d1b19d5251bdeb832693a5da03de946","messageTitle":"Update a few test cases","messageBody":"","fileTypesAndContributionMap":{"other":{"insertions":2,"deletions":2},"test-code":{"insertions":10,"deletions":1}}},{"hash":"ccc5e6e4bec31aed0d8ec77eebb35febccc235c0","messageTitle":"fix checkstyle issue","messageBody":"","fileTypesAndContributionMap":{"test-code":{"insertions":0,"deletions":1}}},{"hash":"1a2bcedf7d6ff6319b171a933e42b6e6b61e6524","messageTitle":"Add EditContact diagrams","messageBody":"","fileTypesAndContributionMap":{"functional-code":{"insertions":7,"deletions":7},"docs":{"insertions":198,"deletions":23}}},{"hash":"7bab6772013a966dba40e327c64e02b8b4203349","messageTitle":"Add HideContact, FindContact, DeleteContact UG diagrams.","messageBody":"","fileTypesAndContributionMap":{"functional-code":{"insertions":3,"deletions":1},"docs":{"insertions":461,"deletions":10}}},{"hash":"2f49475442c081fc8cdaf640786d47628aa67944","messageTitle":"Add listContact UndoHideContact for DG diagrams.","messageBody":"","fileTypesAndContributionMap":{"functional-code":{"insertions":15,"deletions":9},"docs":{"insertions":282,"deletions":10}}},{"hash":"3ad1c5e332c9e074c8a360bdd61aa8bac637cd42","messageTitle":"Fix EOF issues","messageBody":"","fileTypesAndContributionMap":{"docs":{"insertions":2,"deletions":2}}}]},{"date":"2021-11-04","commitResults":[{"hash":"6eebdd64ab99d131b2aceee41b3b4ce4a71dcc5a","messageTitle":"fix activity diagram issues","messageBody":"","fileTypesAndContributionMap":{"docs":{"insertions":25,"deletions":14}}}]},{"date":"2021-11-05","commitResults":[{"hash":"50224d69dfbbeee0d1ae9591a7a61b29e8239267","messageTitle":"delete UC10","messageBody":"","fileTypesAndContributionMap":{"docs":{"insertions":18,"deletions":52}}},{"hash":"2c28261642fc803e388d779b59b05e4e9c95a596","messageTitle":"Update UserGuide.md","messageBody":"","fileTypesAndContributionMap":{"docs":{"insertions":9,"deletions":10}}},{"hash":"de43c52f2c158f5049cb632990786d901063c35c","messageTitle":"fix some minor issues in UG","messageBody":"","fileTypesAndContributionMap":{"docs":{"insertions":4,"deletions":3}}},{"hash":"98097223de4bcd5417b5be010fc759e24661acb2","messageTitle":"Add page breaks","messageBody":"","fileTypesAndContributionMap":{"docs":{"insertions":3,"deletions":3}}},{"hash":"bde3aab897e432b56c8e3a9fec164819d0d8a8aa","messageTitle":"Change spacing","messageBody":"","fileTypesAndContributionMap":{"docs":{"insertions":1,"deletions":0}}},{"hash":"a1747f3cb03ba96dcd5304949c9b56f9406148fe","messageTitle":"edit PPP","messageBody":"","fileTypesAndContributionMap":{"docs":{"insertions":5,"deletions":5}}},{"hash":"a2db50a2c1c0c90c62801a3f8fd6397a4ea67509","messageTitle":"Fix diagrams png issues","messageBody":"","fileTypesAndContributionMap":{"docs":{"insertions":3,"deletions":3}}}]}],"TTraveller7":[{"date":"2021-09-22","commitResults":[{"hash":"b3c774c058d093f6a74c6ff4aca84041f1db101e","messageTitle":"Add Fan Tianhao\u0027s AboutUs","messageBody":"","fileTypesAndContributionMap":{"docs":{"insertions":25,"deletions":0}}},{"hash":"a50cb2ab68f3a2c6133e1460199189052ead807f","messageTitle":"Add a new line in AboutUs","messageBody":"","fileTypesAndContributionMap":{"docs":{"insertions":2,"deletions":1}}},{"hash":"431bc77f7b91e96bd3ca5bf29d2943cf8e70cb99","messageTitle":"Remove trailing whitespaces.","messageBody":"","fileTypesAndContributionMap":{"docs":{"insertions":1,"deletions":5}}}]},{"date":"2021-09-25","commitResults":[{"hash":"f52304d001cb697444a82f84679fadbe1b7df966","messageTitle":"Modify Ui image.","messageBody":"Modify Readme.\n","fileTypesAndContributionMap":{"docs":{"insertions":3,"deletions":3}}},{"hash":"fdbfbcf1ef73ad9de560ebed2c15929de46430f4","messageTitle":"Modify README.","messageBody":"","fileTypesAndContributionMap":{"docs":{"insertions":23,"deletions":10}}},{"hash":"0f6178f4ae3b94f3c85bcb2ff6ea6e5fa00ad037","messageTitle":"README: Remove divider line.","messageBody":"","fileTypesAndContributionMap":{"docs":{"insertions":0,"deletions":2}}},{"hash":"2e42da5adcab7144e1dd0d8905df906baf98b2fc","messageTitle":"README: minor update.","messageBody":"","fileTypesAndContributionMap":{"docs":{"insertions":2,"deletions":3}}}]},{"date":"2021-09-29","commitResults":[{"hash":"dfa82ef6cdd6114c7007ca32114feb92b6937de8","messageTitle":"Add user cases related to products.","messageBody":"Modify NFRs to make things clearer.\n\nAdd glossasry.\n","fileTypesAndContributionMap":{"docs":{"insertions":96,"deletions":12}}}]},{"date":"2021-10-04","commitResults":[{"hash":"b59d137d002e71b3edbc2fd1efe00dd0624f70c7","messageTitle":"User Guide: Add description and summary for product commands.","messageBody":"","fileTypesAndContributionMap":{"docs":{"insertions":27,"deletions":5}}},{"hash":"987dd81c3ee206887a957f7ef32fb0b68399f15c","messageTitle":"User Guide: add ui mock.","messageBody":"","fileTypesAndContributionMap":{"docs":{"insertions":4,"deletions":3}}},{"hash":"fe1d15bc2607e601b43e6c35cc927c3c7611b665","messageTitle":"User Guide: Modify pics width to 600px.","messageBody":"","fileTypesAndContributionMap":{"docs":{"insertions":3,"deletions":3}}},{"hash":"c14ecfac5c05f9a20feec7874cfec852e01b6361","messageTitle":"User Guide: Fix a typo.","messageBody":"","fileTypesAndContributionMap":{"docs":{"insertions":1,"deletions":1}}},{"hash":"b26fc0812042124ce3fa7d99bfcb6052b61ac3a0","messageTitle":"Logic: add a dummy AddProductCommand.","messageBody":"Modify MyCrmParser to accept a AddProductCommand.\n\nAdd AddProductCommandTest that will test that AddProductCommand\nreturns a command result with dummy message.\n\nAdd a new test to MyCrmParserTes, which will test that typing\n\"addProduct\" returns an instance of AddProductCommand.\n\nAdd a dummy AddProductParser.\n","fileTypesAndContributionMap":{"functional-code":{"insertions":38,"deletions":0},"test-code":{"insertions":26,"deletions":0}}},{"hash":"3b34f25d9d0720dd6be4bf9ab9f9d6979319a94d","messageTitle":"Logic: Teach the app to accept and echo Product Command.","messageBody":"main:\n\n* Add Product that represents a product with its name being the only\nfield.\n\n* Modify AddProductCommand to take a Product object and return its\nstringr representation.\n\n* Add product name prefix \"n/\" to CliSyntax.\n\n* Add AddProductCommandParser that knows how to parse and produce\nAddProductCommand.\n\n* Modify MyCrmParser to use the newly implemented\nAddProductCommandParser\n\ntest:\n\n* Modify AddressBookParserTest to ensure that what the user input\ngenerated is the correct command.\n\n* Add ProductBuilder to produce valid products for tests.\n\n* Add commands as strings to CommandTestUtil for tests.\n\n* Add a test to AddProductCommandTest to test\nAddProductCommand#equals()\n\n* Add ProductUtil to store test helpers; add a method that takes in\na product and returns a AddProductCommand\n\n* Add AddProductCommandParserTest.\n","fileTypesAndContributionMap":{"functional-code":{"insertions":88,"deletions":5},"test-code":{"insertions":136,"deletions":3}}}]},{"date":"2021-10-06","commitResults":[{"hash":"9136cfe56317358ce3382338a4a2ca8135f9211a","messageTitle":"Model: Add Type as component of product.","messageBody":"main:\nModify Product to contain a type field.\n\nAdd prefix of product type to CliSyntax.\n\nModify AddProductCommandParser to parse type.\n\ntest:\nAdd test for Type to test equals method.\n\nModify ProductTest to test products with types.\n\nModify AddProductCommandParserTest, AddProductCommandTest to\ntest commands with types.\n\nModify ProductBuilder, ProductUtil and CommandTestUtil so that\nthey now contains product/commands with type.\n","fileTypesAndContributionMap":{"functional-code":{"insertions":98,"deletions":5},"test-code":{"insertions":97,"deletions":13}}},{"hash":"ca3c9cb8682a6439fb69b9f1b8c5eb56668da80b","messageTitle":"Model: Add Manufacturer as component of product.","messageBody":"main:\nModify Product to contain a Manufacturer field.\n\nAdd prefix of product Manufacturer to CliSyntax.\n\nModify AddProductCommandParser to parse manufacturer.\n\ntest:\nAdd test for Manufacturer to test equals method.\n\nModify ProductTest to test products with manufacturers.\n\nModify AddProductCommandParserTest, AddProductCommandTest to\ntest commands with manufacturers.\n\nModify ProductBuilder, ProductUtil and CommandTestUtil so that\nthey now contains product/commands with manufacturer.\n","fileTypesAndContributionMap":{"functional-code":{"insertions":81,"deletions":5},"test-code":{"insertions":79,"deletions":15}}},{"hash":"7909eb577faf3a7f16055431fdd0bd02d466c931","messageTitle":"Model: Add Description as component of product.","messageBody":"main:\nModify Product to contain a Description field.\n\nAdd prefix of product Description to CliSyntax.\n\nModify AddProductCommandParser to parse description.\n\ntest:\nAdd test for Description to test equals method.\n\nModify ProductTest to test products with descriptions.\n\nModify AddProductCommandParserTest to test commands with\ndescriptions.\n\nModify ProductBuilder, ProductUtil and CommandTestUtil so that they\nnow contains product/commands with descriptions.\n","fileTypesAndContributionMap":{"functional-code":{"insertions":79,"deletions":5},"test-code":{"insertions":94,"deletions":22}}}]},{"date":"2021-10-07","commitResults":[{"hash":"c40000af91ed94fe5c98887ec913ad9341b94be6","messageTitle":"Logic: Modify AddProductCommmand to add product to model.","messageBody":"main:\n* Add methods hasProduct, addProduct and deleteProduct in Model;\n  implement the first two in ModelManager.\n\n* Add method getProductList in ReadOnlyAddressBook; implement it in\n  MyCRM.\n\n* Add method isSameProduct in Product that returns true if products\n  have the same name.\n\n* Modify ProductBuilder so that it can change fields of the product\n  to build.\n\n* Add class ProductNameContainsKeywordPredicate.\n\n* Add class UniqueProductList which is a product list that keeps\n  product unique by product names.\n\n* Add DuplicateProductException and ProductNotFoundException to\n  represents problematic operations when manipulating\n  UniqueProductList.\n\n* Add TypicalProducts that contains some products with all the\n  fields being non-empty and provides a method that returns an\n  MyCrm containing the typical products.\n\n* Add an import in CommandException to make javadoc show correctly.\n\ntest:\n* Add tests to test newly added methods in MyCRM and ModelManager.\n\n* Implement methods in model stubs in AddContactCommandTest and\n  AddTemplateCommandTest.\n\n* Modify AddProductCommandTest so that it tests execute method.\n\n* Add a test in ProductTest to test isSameProduct method.\n\n* Add AddProductCommandIntegrationTest to test interaction\n  between AddProductCommand and model.\n\n* Add UniqueProductListTest to test unique list operations.\n\n* Add ProductNameContainsKeywordPredicateTest.\n","fileTypesAndContributionMap":{"functional-code":{"insertions":339,"deletions":2},"test-code":{"insertions":763,"deletions":15}}},{"hash":"4994475b3e5a850388b25b4f61b124f3c9070805","messageTitle":"Ui: Add ProductListPanel in MainWindow to display products.","messageBody":"main:\n* Create ProductCard that holds info of a product. Add corresponding\n  FXML file.\n\n* Create ProductListPanel. Add corresponding FXML file.\n\n* Add getFilteredProductList() to Logic; implement it in\n  LogicManager.\n\n* Modify handleTemplate() in Mainwindow to let it display product\n  panel only.\n\ntest:\n* Add a test in LogicManagerTest to test newly added method.\n\nNote:\n* To display contacts/templates, need to modify fillInnerParts()\n  and handleTemplate() methods.\n","fileTypesAndContributionMap":{"functional-code":{"insertions":187,"deletions":2},"test-code":{"insertions":5,"deletions":0}}},{"hash":"1f5aa31bdea29152298cc065316e8d6d5ae6da9f","messageTitle":"Commands: Add DeleteProductCommand and ListProductCommand.","messageBody":"main:\n* Add class DeleteProductCommandParser that takes in deleteProduct\n  command and returns DeleteProductCommand object.\n\n* Add MESSAGE_INVALID_PRODUCT_DISPLAYED_INDEX in Messages to\n  indicate product index is invalid.\n\n* Modify MyCrmParser to let it recognize command words of newly\n  added commands.\n\n* Implement ModleManager#deleteProduct().\n\n* Add CommandTestUtil#showProductAtIndex() that takes in a model\n and a index and set filtered list to only show the product at given\n index.\n\n* Add a typical product in TypicalProduct and ProductBuilder.\n\n* Add product indexes in TypicalIndexes.\n\ntest:\n* Add a test in MyCrmParserTest to test if MyCrmParser parse delete\n  command correctly.\n\n* Add tests for DeleteProductCommand, ListProductCommand and\n  DeleteProductCommandParser.\n","fileTypesAndContributionMap":{"functional-code":{"insertions":134,"deletions":4},"test-code":{"insertions":224,"deletions":2}}}]},{"date":"2021-10-08","commitResults":[{"hash":"5f6065456d3cac793e385b32fedc657d1679ad87","messageTitle":"Logic: Add enum CommandType and assign it to each command.","messageBody":"main:\n* Add an abstract method Command#getType() that returns type of the\n  command.\n\n* Add COMMAND_TYPE and override getType() in each command.\n\n* Add CommandType as a field of CommandResult.\n\nNOTE: Now to construct a CommandType, you can pass message and\n      command type as argument, or you can just pass the message and\n      command type will be set to CommandType.COMMON by default.\n\n* Modify MainWindow#executeCommand() that it shows panel that\n  correspond to command type of command result.\n\n* Set contact list panel as the first shown panel.\n\ntest:\n* Adjust constructors of CommandResult in tests to pass in the\n  correct arguments.\n","fileTypesAndContributionMap":{"functional-code":{"insertions":205,"deletions":107},"test-code":{"insertions":11,"deletions":17}}},{"hash":"afaf28c5f77f9721408f05a487e7d5e29075fc7b","messageTitle":"Fix a typo in user guide.","messageBody":"","fileTypesAndContributionMap":{"docs":{"insertions":1,"deletions":1}}}]},{"date":"2021-10-09","commitResults":[{"hash":"561333d2a63675f4a97e3b8c1432edbcbb71d124","messageTitle":"Command: Add EditProductCommand.","messageBody":"main:\n* Fix a bug in Ui which could let list panel display nothing if\n  there are multiple commands of the same type.\n\n* Add interface ProductComponent which are essentially String\n  containers.\n\n* Add a component ProductName.\n\n* Add method Model#setProduct(); implement it in ModelManager.\n\n* Add method MyCrm#setProduct() that overwrites a target product\n  in the filtered list.\n\n* Add class EditProductCommandParser that parses a edit product\n  command.\n\ntest:\nAdd EditCommandTest and EditProductDescriptorTest.\n\nNote:\nTests are incomplete for this commit.\n","fileTypesAndContributionMap":{"functional-code":{"insertions":482,"deletions":15},"docs":{"insertions":1,"deletions":0},"test-code":{"insertions":348,"deletions":11}}},{"hash":"ae64f36927425501d62f875573820362aa98ee26","messageTitle":"Fix checkstyle problems.","messageBody":"","fileTypesAndContributionMap":{"test-code":{"insertions":30,"deletions":4}}}]},{"date":"2021-10-10","commitResults":[{"hash":"a59a827a278127d949b686b62919b4d082c883f3","messageTitle":"Add EditProductCommandParserTest and ProductNameTest.","messageBody":"","fileTypesAndContributionMap":{"functional-code":{"insertions":1,"deletions":1},"test-code":{"insertions":177,"deletions":5}}},{"hash":"93688b152d41334840494fdfade6747a5c778354","messageTitle":"Fix a typo in UserGuide.","messageBody":"","fileTypesAndContributionMap":{"docs":{"insertions":2,"deletions":2}}}]},{"date":"2021-10-21","commitResults":[{"hash":"03c8d010ea3bf0c2c1112118a39f7471e1cebbca","messageTitle":"Ui: Split the list panel into two panels.","messageBody":"Panel on the left is named MainDisplay. The other is SideDisplay.\n\nUpdate Sidedisplay so that it now contains lists of contacts,\nproducts, history and templates.\n","fileTypesAndContributionMap":{"functional-code":{"insertions":73,"deletions":39},"other":{"insertions":4,"deletions":0}}},{"hash":"52479fa4261c2bb28507bba4e5d930642f2e7ad9","messageTitle":"Ui: Separate MainDisplay and SideDisplay into different classes.","messageBody":"* Modify MainDisplay to make it switch between job list and mail\n  list.\n\n* Add a header to main display to distinguish job list and mail.\n* Change colors.\n","fileTypesAndContributionMap":{"functional-code":{"insertions":270,"deletions":130}}},{"hash":"758d99dd2e6fa8203f71824d1ccd2943f7a5785a","messageTitle":"Tweak the height of MainDisplay header.","messageBody":"","fileTypesAndContributionMap":{"functional-code":{"insertions":1,"deletions":1}}},{"hash":"14436e86f7c51cf551e56f5b41a0734338b8dc52","messageTitle":"Fix checkstyle problems.","messageBody":"","fileTypesAndContributionMap":{"functional-code":{"insertions":21,"deletions":14}}}]},{"date":"2021-10-22","commitResults":[{"hash":"fba683586c5c6710fa7b1742df2976903ffd8412","messageTitle":"Fix a bug in Ui to let ContactCard show correctly.","messageBody":"","fileTypesAndContributionMap":{"functional-code":{"insertions":6,"deletions":2}}}]},{"date":"2021-10-24","commitResults":[{"hash":"0db0c65325d4fc5c34300121b69dff77ec7b6d23","messageTitle":"Adjust main display","messageBody":"","fileTypesAndContributionMap":{"functional-code":{"insertions":48,"deletions":64}}}]},{"date":"2021-10-25","commitResults":[{"hash":"e94e1bea695ebf40f6ce0a295de08a8a7a56d0ca","messageTitle":"Make ProductName constructor public.","messageBody":"","fileTypesAndContributionMap":{"functional-code":{"insertions":5,"deletions":9}}},{"hash":"f32f98395d16e6e43ee1fc840436707d4a58dd75","messageTitle":"Add javadoc.","messageBody":"","fileTypesAndContributionMap":{"functional-code":{"insertions":8,"deletions":1}}},{"hash":"2f9eadebfa6a37fd04a46139864e143a0d76ef64","messageTitle":"Modify product commands to sync with job list.","messageBody":"","fileTypesAndContributionMap":{"functional-code":{"insertions":45,"deletions":0}}},{"hash":"42a42af7baad3941fa81cc17c3622bd2263bef80","messageTitle":"Modify test cases.","messageBody":"","fileTypesAndContributionMap":{"test-code":{"insertions":20,"deletions":0}}},{"hash":"e517b2b4130ccdb5ed6e83e3b01414cbefc1c6ab","messageTitle":"Modify update job part of DeleteProductCommand","messageBody":"","fileTypesAndContributionMap":{"functional-code":{"insertions":3,"deletions":5}}},{"hash":"a871b88676c3400e9a54c94d0240faffa8046348","messageTitle":"Adjust method \u0026 variable names. Add JavaDoc.","messageBody":"","fileTypesAndContributionMap":{"functional-code":{"insertions":21,"deletions":14},"test-code":{"insertions":4,"deletions":4}}},{"hash":"af386e447ba5f79511ada839dfa155cfce4d4404","messageTitle":"Add fonts in resources. Modify UI.","messageBody":"","fileTypesAndContributionMap":{"functional-code":{"insertions":28,"deletions":21}}},{"hash":"f97c9812464ddba7e0723ea110921c07c202d9ed","messageTitle":"Modify width of contact and product section within job list card.","messageBody":"","fileTypesAndContributionMap":{"functional-code":{"insertions":5,"deletions":5}}}]},{"date":"2021-10-26","commitResults":[{"hash":"19a1e2c7f571ecda639d427e2f4c46ff86e71928","messageTitle":"Add a Ui theme. Add a button to change Ui.","messageBody":"","fileTypesAndContributionMap":{"functional-code":{"insertions":503,"deletions":7}}},{"hash":"d3fa4735765b773e44871ded4c0ac7bec0d1351b","messageTitle":"Add logs to indicate ui changes in console.","messageBody":"","fileTypesAndContributionMap":{"functional-code":{"insertions":2,"deletions":0}}},{"hash":"ca4a86ffcbbfbe8dd6862df53460b1259d99ef0c","messageTitle":"Fix checkstyle problem.","messageBody":"","fileTypesAndContributionMap":{"functional-code":{"insertions":6,"deletions":6}}},{"hash":"55bd0400e5dba7ddd29fdc0c1bb3449fd1fd769b","messageTitle":"Fix EOF problem.","messageBody":"","fileTypesAndContributionMap":{"functional-code":{"insertions":1,"deletions":1}}}]},{"date":"2021-10-27","commitResults":[{"hash":"5d461463cbd1918543c82e51aa84252fbaf22159","messageTitle":"Modify Ui appearance. Store Ui theme to userprefs.","messageBody":"* Change tests for User prefs accordingly.\n","fileTypesAndContributionMap":{"functional-code":{"insertions":66,"deletions":17},"test-code":{"insertions":7,"deletions":6}}},{"hash":"4a16f9efc1ad63938f187bf22ea38fd644eb6abc","messageTitle":"Add theme command.","messageBody":"","fileTypesAndContributionMap":{"functional-code":{"insertions":275,"deletions":84}}},{"hash":"13051cab6b379d83ad82fc7287b455a1efc52318","messageTitle":"Add javadoc and comments.","messageBody":"","fileTypesAndContributionMap":{"functional-code":{"insertions":89,"deletions":80}}}]},{"date":"2021-10-28","commitResults":[{"hash":"fe7e7ba42fa6b90341fd2a5cb31c892e89cd2c3a","messageTitle":"Update UG.","messageBody":"","fileTypesAndContributionMap":{"docs":{"insertions":58,"deletions":9}}},{"hash":"62aba56123ea0a6ba9514bb15d6598aad2741d34","messageTitle":"Fix image name.","messageBody":"","fileTypesAndContributionMap":{"docs":{"insertions":3,"deletions":3}}},{"hash":"6c6676ede099271f93a32076b7d8c139a50ba9fd","messageTitle":"Update Ui section in DG.","messageBody":"","fileTypesAndContributionMap":{"functional-code":{"insertions":1,"deletions":1},"docs":{"insertions":170,"deletions":34}}},{"hash":"07354278efa1db7536ab55e271ea86e6535f8648","messageTitle":"Move Ui class diagram to images folder.","messageBody":"","fileTypesAndContributionMap":{"docs":{"insertions":1,"deletions":1}}},{"hash":"9ee7e9963e3e2e41bb8cddf066972caf22476897","messageTitle":"Fix EOF issue. Delete previous diagram.","messageBody":"","fileTypesAndContributionMap":{"docs":{"insertions":69,"deletions":149}}},{"hash":"1937386442c2ef8d4f7ce0aa7f2695df56a14262","messageTitle":"Fix EOF issue. Delete previous diagram.","messageBody":"","fileTypesAndContributionMap":{"docs":{"insertions":5,"deletions":3}}}]},{"date":"2021-10-29","commitResults":[{"hash":"bc14f119a142cbe80000cdd649ab5740e37c8276","messageTitle":"Modify EditCommandParser to allow empty name field. Update UG. Add a link to Ui Diagram pic.","messageBody":"","fileTypesAndContributionMap":{"functional-code":{"insertions":4,"deletions":12},"docs":{"insertions":12,"deletions":7}}},{"hash":"fba0e4200377f010c7b99fbc34927a5853ee8496","messageTitle":"Delete previous UiClassDiagram image.","messageBody":"","fileTypesAndContributionMap":{"docs":{"insertions":1,"deletions":1}}},{"hash":"5dfe927a77f2e027f2aa602e57a7e85934b00fb1","messageTitle":"Remove pin job part in DG.","messageBody":"","fileTypesAndContributionMap":{"docs":{"insertions":10,"deletions":41}}}]},{"date":"2021-11-04","commitResults":[{"hash":"2c1cd00e8d4aba67fff0daea08d70947899be82b","messageTitle":"Mddify AddProductCommandParser.","messageBody":"","fileTypesAndContributionMap":{"functional-code":{"insertions":3,"deletions":9}}},{"hash":"810dc99a751efd605a07582f29fd724c04696836","messageTitle":"Add Javadoc. Change name of package: model.products to model.product.","messageBody":"","fileTypesAndContributionMap":{"functional-code":{"insertions":199,"deletions":181},"other":{"insertions":107,"deletions":57},"test-code":{"insertions":38,"deletions":38}}}]},{"date":"2021-11-05","commitResults":[{"hash":"722cd4b2e3c242428cda38107c99c13ced36b19b","messageTitle":"Add tests for product commands, parser and component.","messageBody":"","fileTypesAndContributionMap":{"functional-code":{"insertions":12,"deletions":17},"test-code":{"insertions":381,"deletions":38}}}]},{"date":"2021-11-06","commitResults":[{"hash":"bb0764aeccbfe679bc0af8b3c36425dedd0f3a4b","messageTitle":"Update DG","messageBody":"","fileTypesAndContributionMap":{"docs":{"insertions":219,"deletions":1}}},{"hash":"476a061547c3429456ce61c138da3ea1af61131a","messageTitle":"Update DG: modify activity diagram.","messageBody":"","fileTypesAndContributionMap":{"docs":{"insertions":16,"deletions":14}}},{"hash":"09e157d3f385339e623f0882b927b32463a7ecf0","messageTitle":"Update DG","messageBody":"","fileTypesAndContributionMap":{"docs":{"insertions":181,"deletions":2}}},{"hash":"8bc654d352b244396f3e2c2f4567e06afeb4720a","messageTitle":"Modify diagrams.","messageBody":"","fileTypesAndContributionMap":{"docs":{"insertions":7,"deletions":7}}}]}],"Kimowarui":[{"date":"2021-09-22","commitResults":[{"hash":"7a4798701b37a81a961cb9935190c733c2d30bac","messageTitle":"Create zhangyubin.md","messageBody":"","fileTypesAndContributionMap":{"docs":{"insertions":10,"deletions":0}}},{"hash":"2b914752a582783c6eb31f808fe94f5aa6b226a6","messageTitle":"Update AboutUs.md","messageBody":"","fileTypesAndContributionMap":{"docs":{"insertions":14,"deletions":0}}},{"hash":"5d9fd1a11b944df0d978c47f989ff0ce689d96d5","messageTitle":"Update zhangyubin.md","messageBody":"","fileTypesAndContributionMap":{"docs":{"insertions":1,"deletions":1}}}]},{"date":"2021-09-29","commitResults":[{"hash":"22c5c56b09ab6333cee1e3ec639f0238050a58d2","messageTitle":"Update Retrieve Previous Command to UserGuide.md","messageBody":"","fileTypesAndContributionMap":{"docs":{"insertions":22,"deletions":0}}},{"hash":"6d0927db335dfa661e22ae707e4768c8268ee2d3","messageTitle":"Add Retrieve Previous Command to Command Summary","messageBody":"","fileTypesAndContributionMap":{"docs":{"insertions":2,"deletions":1}}},{"hash":"e0acea411a2fce6c7bdb9c25b44efbd76cdc8dec","messageTitle":"Update Retrieve Previous Command to DG","messageBody":"","fileTypesAndContributionMap":{"docs":{"insertions":19,"deletions":1}}}]},{"date":"2021-10-13","commitResults":[{"hash":"d1e686ea71fe198b1cb0c329727a126b31394d59","messageTitle":"Add history feature","messageBody":"","fileTypesAndContributionMap":{"functional-code":{"insertions":419,"deletions":1}}}]},{"date":"2021-10-16","commitResults":[{"hash":"e10b3c801082be6e43679b6e19e1b4a1f387accf","messageTitle":"Add HistoryCommandTest","messageBody":"","fileTypesAndContributionMap":{"functional-code":{"insertions":4,"deletions":15},"test-code":{"insertions":37,"deletions":0}}},{"hash":"91e643e3d2dd7b71b8ee8bcb4567e5a2098bd258","messageTitle":"Update MyCrmTest.java","messageBody":"","fileTypesAndContributionMap":{"test-code":{"insertions":6,"deletions":0}}},{"hash":"7f1d1b5993b78bc434ce77e4296be8eb52b5129e","messageTitle":"Fix some coddingStyle","messageBody":"","fileTypesAndContributionMap":{"functional-code":{"insertions":21,"deletions":16},"test-code":{"insertions":64,"deletions":6}}},{"hash":"dc1ebda4df7d2fa33b03d2647358e306261f27ba","messageTitle":"Fix some coddingStyle","messageBody":"","fileTypesAndContributionMap":{"functional-code":{"insertions":2,"deletions":1},"test-code":{"insertions":23,"deletions":0}}},{"hash":"6097d06d26cbc5d070e066510b2bc9735034c660","messageTitle":"Fix some coddingStyle","messageBody":"","fileTypesAndContributionMap":{"functional-code":{"insertions":2,"deletions":4}}}]},{"date":"2021-10-24","commitResults":[{"hash":"8c2a37c1401956bc5932730cd595e1530644685e","messageTitle":"Add feature-retrieving recent entered command via arrow key-and ClearHistoryCommand","messageBody":"","fileTypesAndContributionMap":{"functional-code":{"insertions":185,"deletions":106},"other":{"insertions":5,"deletions":0}}}]},{"date":"2021-10-25","commitResults":[{"hash":"8b783ccac5fbd240a29b400a58123ac43309ddfb","messageTitle":"Add ClearHistoryCommandTest","messageBody":"","fileTypesAndContributionMap":{"functional-code":{"insertions":5,"deletions":7},"test-code":{"insertions":142,"deletions":38}}},{"hash":"b566eebf2d408cb733bbb410025a41a1ca99100a","messageTitle":"Update UserGuide.md","messageBody":"","fileTypesAndContributionMap":{"docs":{"insertions":6,"deletions":9}}}]},{"date":"2021-10-26","commitResults":[{"hash":"4818b36dc42da72666a59edb9ac52a239298b8a1","messageTitle":"Add PrintReportCommand (printing out list of completed jobs and in-progress jobs this month)","messageBody":"","fileTypesAndContributionMap":{"functional-code":{"insertions":360,"deletions":10}}}]},{"date":"2021-10-27","commitResults":[{"hash":"b8c3b301a7dd2dc13f30f6ebf657df6a82e004f8","messageTitle":"Update PrintReportCommand","messageBody":"","fileTypesAndContributionMap":{"functional-code":{"insertions":337,"deletions":27},"test-code":{"insertions":88,"deletions":0}}},{"hash":"11fa3844043bf7cf93e2e831ac59d25262d445bc","messageTitle":"Fixed checkstyle","messageBody":"","fileTypesAndContributionMap":{"functional-code":{"insertions":11,"deletions":3},"test-code":{"insertions":4,"deletions":5}}},{"hash":"257321d751730c012364f47b11cdb1f6e83380ce","messageTitle":"Fix checkstyle","messageBody":"","fileTypesAndContributionMap":{"functional-code":{"insertions":1,"deletions":2}}}]},{"date":"2021-10-29","commitResults":[{"hash":"acbaa3c75b1162a898721cdef992ce77210ac964","messageTitle":"Add Export Report feature","messageBody":"","fileTypesAndContributionMap":{"functional-code":{"insertions":250,"deletions":22},"test-code":{"insertions":4,"deletions":4}}},{"hash":"ffd06ba1f969e70f0d407cda649ec77f9ffbce3f","messageTitle":"Add title to each list in printed page","messageBody":"","fileTypesAndContributionMap":{"functional-code":{"insertions":47,"deletions":28}}},{"hash":"fe2a523285001dc449bd029f48033f4a52225979","messageTitle":"Add ExportReportCommand","messageBody":"","fileTypesAndContributionMap":{"functional-code":{"insertions":47,"deletions":2}}}]},{"date":"2021-11-01","commitResults":[{"hash":"fe36835e072541ba219b32aecf66d076c3c108b5","messageTitle":"Fix issue #157 and #152","messageBody":"","fileTypesAndContributionMap":{"functional-code":{"insertions":20,"deletions":2},"docs":{"insertions":3,"deletions":3}}},{"hash":"0a30c7b55487cf0f9703b9eed108d1c415aa223a","messageTitle":"Add HistoryTest and HistoryListTest","messageBody":"","fileTypesAndContributionMap":{"test-code":{"insertions":82,"deletions":0}}},{"hash":"e9a9e03786cd5fb4c372350bbecfeb050b3babf9","messageTitle":"Add PrintReportCommandTest and ExportReportCommandTest","messageBody":"","fileTypesAndContributionMap":{"test-code":{"insertions":74,"deletions":0}}},{"hash":"188f6aa7e189cd4ecf4fa44f4ffbd756fa43fe37","messageTitle":"Update UserGuide.md","messageBody":"","fileTypesAndContributionMap":{"docs":{"insertions":1,"deletions":1}}}]},{"date":"2021-11-04","commitResults":[{"hash":"30591091a4122abe0dcc2fa42dd99b4c531f695b","messageTitle":"Improve export feature (allowing report to be printed in multiple page)","messageBody":"","fileTypesAndContributionMap":{"functional-code":{"insertions":120,"deletions":59}}}]},{"date":"2021-11-05","commitResults":[{"hash":"7442c35b2a606b726d8f0b95f352579e98b9f340","messageTitle":"Add Kimowarui\u0027s PPP","messageBody":"","fileTypesAndContributionMap":{"docs":{"insertions":40,"deletions":0}}},{"hash":"06ceba9a81eb09b39c25095b4c846917a5679689","messageTitle":"Align the Ui theme of report window with main window","messageBody":"","fileTypesAndContributionMap":{"functional-code":{"insertions":18,"deletions":0}}},{"hash":"fb8000cd54cc0f5872e5a7f3f0436e9d2d80f062","messageTitle":"Update ThemeManager.java","messageBody":"","fileTypesAndContributionMap":{"functional-code":{"insertions":2,"deletions":2}}}]},{"date":"2021-11-06","commitResults":[{"hash":"1a985947926ddab03e15349ebe64e7b04e6acfcc","messageTitle":"Update PrintReportCommand to fully CLI operational","messageBody":"","fileTypesAndContributionMap":{"functional-code":{"insertions":138,"deletions":12},"docs":{"insertions":5,"deletions":3}}},{"hash":"a65c58de5723a291ab41222e08a291c3b2c2e655","messageTitle":"Update UG","messageBody":"","fileTypesAndContributionMap":{"docs":{"insertions":4,"deletions":0}}},{"hash":"131429a23b5ab1f850cac9bf3d089bf8612d3ae8","messageTitle":"Update CommandResult.java","messageBody":"","fileTypesAndContributionMap":{"functional-code":{"insertions":0,"deletions":1}}}]}],"dhshah1":[{"date":"2021-09-29","commitResults":[{"hash":"dd8de31e7f668b4d7d37c328b6ed7c2c62b78854","messageTitle":"Add dhshah1 info to About Us doc","messageBody":"","fileTypesAndContributionMap":{"docs":{"insertions":23,"deletions":0}}},{"hash":"f6174c30c69046375ebb2d7af4d5df3f02a873b9","messageTitle":"Fix EOF issue","messageBody":"","fileTypesAndContributionMap":{"docs":{"insertions":1,"deletions":1}}},{"hash":"17fc87bde1d8c0cad93d85a4ddde3ec4e70041ab","messageTitle":"Add explanation for job related commands to User Guide","messageBody":"","fileTypesAndContributionMap":{"docs":{"insertions":50,"deletions":0}}},{"hash":"1f345ebcffeb06fb773ef7fcd9183e0d16204451","messageTitle":"Clean up some formatting errors","messageBody":"","fileTypesAndContributionMap":{"docs":{"insertions":7,"deletions":7}}},{"hash":"e166fb76c493578cf329a37e79e5474b4e5ffe67","messageTitle":"Change image size for example in addJob command","messageBody":"","fileTypesAndContributionMap":{"docs":{"insertions":6,"deletions":6}}},{"hash":"6fcb6f8db4189c5c12da0c04714401b7fc890333","messageTitle":"Add use cases for job related commands","messageBody":"","fileTypesAndContributionMap":{"docs":{"insertions":199,"deletions":20}}},{"hash":"90b549471c3fde0e4309c441c272e5e0f01389e9","messageTitle":"Fix some formatting","messageBody":"","fileTypesAndContributionMap":{"docs":{"insertions":5,"deletions":5}}}]},{"date":"2021-10-07","commitResults":[{"hash":"b4edc43e1e4726cc1c133121be7f168441beaac0","messageTitle":"Add basic structure for add, list \u0026 delete job commands","messageBody":"","fileTypesAndContributionMap":{"functional-code":{"insertions":992,"deletions":3}}},{"hash":"f30ff6d151ca029f14596c34f6a464fce75b8fa1","messageTitle":"Add basic structure for tests for jobs","messageBody":"","fileTypesAndContributionMap":{"functional-code":{"insertions":12,"deletions":5},"test-code":{"insertions":410,"deletions":0}}},{"hash":"85fe36f7b8e0a7e528e14c5ac71d195969f644be","messageTitle":"Update addJob command desription in UG \u0026 DG","messageBody":"","fileTypesAndContributionMap":{"docs":{"insertions":10,"deletions":51}}},{"hash":"09513e56014bfcd39f85dfd03a60862252226c28","messageTitle":"Fix bug where listContact wasnt working","messageBody":"","fileTypesAndContributionMap":{"functional-code":{"insertions":12,"deletions":0}}},{"hash":"df732639086da6fae713be28e15ab67d9707709e","messageTitle":"Fix missing newline at EOF","messageBody":"","fileTypesAndContributionMap":{"functional-code":{"insertions":2,"deletions":2},"test-code":{"insertions":1,"deletions":1}}},{"hash":"e9ee91e0b6aefa7517f5a458d2ad39636111e5d8","messageTitle":"Fix checkstyle issues","messageBody":"","fileTypesAndContributionMap":{"functional-code":{"insertions":10,"deletions":16},"test-code":{"insertions":0,"deletions":12}}},{"hash":"52580a9b19caf212749a6bdb422842ddacf489cd","messageTitle":"Fix more checkstyle issues","messageBody":"","fileTypesAndContributionMap":{"test-code":{"insertions":1,"deletions":2}}}]},{"date":"2021-10-13","commitResults":[{"hash":"ffdf95e7063e4b291350c6656c9e4089d62fcfb7","messageTitle":"Add product attribute to Job class and commands","messageBody":"","fileTypesAndContributionMap":{"functional-code":{"insertions":282,"deletions":78},"test-code":{"insertions":7,"deletions":3}}},{"hash":"83ba847b037d0b3c661dfdada4966813346b49c9","messageTitle":"Add some tests for jobs","messageBody":"","fileTypesAndContributionMap":{"functional-code":{"insertions":14,"deletions":16},"test-code":{"insertions":106,"deletions":15}}},{"hash":"d3ac2a0747d026dc1bd91836695018bde36fe63c","messageTitle":"Update UG \u0026 DG for AddJobCommand","messageBody":"","fileTypesAndContributionMap":{"docs":{"insertions":7,"deletions":7}}},{"hash":"816b07f4a98e07514d0234195366f889015df6bb","messageTitle":"Remove println statements","messageBody":"","fileTypesAndContributionMap":{"functional-code":{"insertions":0,"deletions":3}}},{"hash":"b3cc81532609c5aebd1f2c2653e368cc0d848ec1","messageTitle":"Fix failing test","messageBody":"","fileTypesAndContributionMap":{"test-code":{"insertions":0,"deletions":2}}}]},{"date":"2021-10-21","commitResults":[{"hash":"19de19a6ce9dbf6516439b040e72b3d5f307b705","messageTitle":"Update DG for complete job use case","messageBody":"","fileTypesAndContributionMap":{"docs":{"insertions":10,"deletions":4}}},{"hash":"f13d0a6f82b71ed57cb2125762e0c336606ab30b","messageTitle":"Add completeJob command","messageBody":"","fileTypesAndContributionMap":{"functional-code":{"insertions":208,"deletions":6}}},{"hash":"450fd0b12959d884668c360455ae31b34c0d0aa7","messageTitle":"Modify Model Stub in test cases","messageBody":"","fileTypesAndContributionMap":{"functional-code":{"insertions":1,"deletions":1},"test-code":{"insertions":77,"deletions":4}}}]},{"date":"2021-10-23","commitResults":[{"hash":"ed04f7049ac430df49c764a85a2fadc5ba6e5566","messageTitle":"Add fee, recievedDate and completedDate fields to job","messageBody":"","fileTypesAndContributionMap":{"functional-code":{"insertions":327,"deletions":63},"other":{"insertions":25,"deletions":11},"test-code":{"insertions":46,"deletions":5}}}]},{"date":"2021-10-25","commitResults":[{"hash":"089cb14008f8a42124c80f7069fc842d9bba7a37","messageTitle":"Add editJob command","messageBody":"","fileTypesAndContributionMap":{"functional-code":{"insertions":350,"deletions":3}}},{"hash":"3e7f17473a8b08b9856c730104092f87f7351859","messageTitle":"Fix checkstyle issues","messageBody":"","fileTypesAndContributionMap":{"functional-code":{"insertions":4,"deletions":16}}}]},{"date":"2021-10-26","commitResults":[{"hash":"90b72998819a32db44ceaeab8a2163a26d8d58f2","messageTitle":"Add multistage addJob and editJob commands","messageBody":"","fileTypesAndContributionMap":{"functional-code":{"insertions":746,"deletions":54},"test-code":{"insertions":9,"deletions":9}}},{"hash":"f42c4d9b810df909d184e61163a00797c9f8ed6b","messageTitle":"Draft of UG for job commands","messageBody":"","fileTypesAndContributionMap":{"docs":{"insertions":50,"deletions":2}}}]},{"date":"2021-10-27","commitResults":[{"hash":"d855c46b1625c9be8f95345ef4471aa72e8819c6","messageTitle":"Modify tests and fix checkstyle violations","messageBody":"","fileTypesAndContributionMap":{"functional-code":{"insertions":63,"deletions":44},"test-code":{"insertions":18,"deletions":9}}},{"hash":"11c4603308463a49743ee5cc878a44a219fbeb36","messageTitle":"Dummy commit for CI","messageBody":"","fileTypesAndContributionMap":{"functional-code":{"insertions":1,"deletions":1}}},{"hash":"ed019abd002a4ce4da0645bf952944049917eff4","messageTitle":"Add undoCompleteJob command","messageBody":"","fileTypesAndContributionMap":{"functional-code":{"insertions":112,"deletions":0}}},{"hash":"bd83aee296af2936c032a2ed52c9aaa5fbe70ab1","messageTitle":"Add optional completion date parameter for completeJob command","messageBody":"","fileTypesAndContributionMap":{"functional-code":{"insertions":27,"deletions":8}}},{"hash":"1f4594697ec87a2f5fe5d0c2c9135b46c0e93f23","messageTitle":"Fix completeJob command parser","messageBody":"","fileTypesAndContributionMap":{"functional-code":{"insertions":17,"deletions":3}}},{"hash":"4bff9cd3fa12e275f80643eee219601716090965","messageTitle":"Check for allowed command in StateManager using command word","messageBody":"","fileTypesAndContributionMap":{"functional-code":{"insertions":59,"deletions":26}}},{"hash":"351d3915270040d69993e697ea9e7b4438020f19","messageTitle":"Revert back job storage parsing logic to reflect compulsory attributes of jobs","messageBody":"","fileTypesAndContributionMap":{"functional-code":{"insertions":69,"deletions":79}}},{"hash":"dd3f343097ce0314936eb2870030a802445170f7","messageTitle":"Fix checkstyle issues","messageBody":"","fileTypesAndContributionMap":{"functional-code":{"insertions":19,"deletions":22},"test-code":{"insertions":4,"deletions":4}}},{"hash":"a8f523d75754c7f2ec9f5a1cd1f30e7501bc10a9","messageTitle":"Remove uneeded variables previously added for multistage job command","messageBody":"","fileTypesAndContributionMap":{"functional-code":{"insertions":0,"deletions":4}}}]},{"date":"2021-10-28","commitResults":[{"hash":"7a4a19c8fbb3ba4429331e100011fcaedcaad2ef","messageTitle":"Add maximum permissable amount for JobFee","messageBody":"","fileTypesAndContributionMap":{"functional-code":{"insertions":20,"deletions":8}}},{"hash":"c15c032df27b3feeada5483aa27e87db4659a12a","messageTitle":"Add screenshots for addJob and editJob commands in the UG","messageBody":"","fileTypesAndContributionMap":{"docs":{"insertions":74,"deletions":14}}}]},{"date":"2021-10-29","commitResults":[{"hash":"ca3b1847c910234c78b90a19c4e17f6f00dec4c5","messageTitle":"Add findJob to UG and fix img path names","messageBody":"","fileTypesAndContributionMap":{"functional-code":{"insertions":5,"deletions":5},"docs":{"insertions":21,"deletions":18}}},{"hash":"937e51096908c1726ce7744c4cfa3f8854b6d129","messageTitle":"Mention special subcommands for addJob and editJob in UG","messageBody":"","fileTypesAndContributionMap":{"docs":{"insertions":3,"deletions":1}}},{"hash":"b2c88af3831cc9ebe5c7063dfeaf05aac8041c2e","messageTitle":"Remove duplicate findProduct entry","messageBody":"","fileTypesAndContributionMap":{"docs":{"insertions":0,"deletions":1}}},{"hash":"b832a2d15e6bd3fa71d99cc5308723ffeaf56285","messageTitle":"Update version number to v1.3.1 in MainApp","messageBody":"","fileTypesAndContributionMap":{"functional-code":{"insertions":1,"deletions":1}}},{"hash":"ea9db5558fb0faacf32471c2ac16155b3670385a","messageTitle":"Update UG description undoCompleteJob","messageBody":"","fileTypesAndContributionMap":{"docs":{"insertions":2,"deletions":1}}}]},{"date":"2021-11-03","commitResults":[{"hash":"5866d52475948ef3c6d04f9601394191c33f72dd","messageTitle":"Fix UG bugs related to jobs","messageBody":"","fileTypesAndContributionMap":{"docs":{"insertions":16,"deletions":11}}},{"hash":"693a94865a352bb2428938275eb08d71c5495a32","messageTitle":"Show proper error message when proper index is not provided for contact or product in editJob","messageBody":"","fileTypesAndContributionMap":{"functional-code":{"insertions":26,"deletions":13}}}]}],"ooawagaeri":[{"date":"2021-09-22","commitResults":[{"hash":"2de81c14bddf6eab92e4c39c50d5c31861fadea5","messageTitle":"Add Timothy\u0027s AboutUs","messageBody":"","fileTypesAndContributionMap":{"docs":{"insertions":56,"deletions":46}}},{"hash":"e7f3801a451b8e61efb91869c4d96c57248fa005","messageTitle":"Fix merge indentation","messageBody":"","fileTypesAndContributionMap":{"docs":{"insertions":6,"deletions":6}}},{"hash":"d6bb2975648fcdbc228f88d535875dc178ca25cf","messageTitle":"Fix merge image file type","messageBody":"","fileTypesAndContributionMap":{"docs":{"insertions":1,"deletions":1}}},{"hash":"ed26dec76fa0a6fedff17f97a3d6f99f01d4bb8d","messageTitle":"Fix EOF","messageBody":"","fileTypesAndContributionMap":{"docs":{"insertions":1,"deletions":1}}},{"hash":"01a159257967251a8c82e207131fd3177862c936","messageTitle":"Add UserGuide base","messageBody":"","fileTypesAndContributionMap":{"docs":{"insertions":92,"deletions":28}}},{"hash":"7b1a1c7863020a0fd5ccea014a00590dfef57984","messageTitle":"Remove whitespace trail","messageBody":"","fileTypesAndContributionMap":{"docs":{"insertions":13,"deletions":13}}},{"hash":"ac18826709492cd6941e5e09e5f9893d6765dd7e","messageTitle":"Add User Guide for Mail","messageBody":"","fileTypesAndContributionMap":{"docs":{"insertions":74,"deletions":5}}},{"hash":"147e341126c1a134d7254646b8cbe0f40473f984","messageTitle":"Change Mail UI size","messageBody":"","fileTypesAndContributionMap":{"docs":{"insertions":2,"deletions":2}}},{"hash":"8f3eb995700eac8f6f491696416f58243021ec58","messageTitle":"Update UserGuide and DeveloperGuide for Email","messageBody":"","fileTypesAndContributionMap":{"docs":{"insertions":120,"deletions":155}}}]},{"date":"2021-09-26","commitResults":[{"hash":"c638d51fb28501767ef6b51463d19f65173eff95","messageTitle":"Update UserGuide and DeveloperGuide for Load data and Purge data","messageBody":"","fileTypesAndContributionMap":{"docs":{"insertions":90,"deletions":21}}}]},{"date":"2021-09-27","commitResults":[{"hash":"d3fa884c84960d5280c455022830d9260610847c","messageTitle":"Add Template object \u0026 Add AddTemplateCommand","messageBody":"","fileTypesAndContributionMap":{"functional-code":{"insertions":425,"deletions":0}}}]},{"date":"2021-09-29","commitResults":[{"hash":"0a6a77430c110b2ab303429b839ac923b7135091","messageTitle":"Add Junit Test for AddTemplateCommand","messageBody":"","fileTypesAndContributionMap":{"test-code":{"insertions":287,"deletions":0}}}]},{"date":"2021-09-30","commitResults":[{"hash":"9e006e57bdbc6cc130c0dfe943208a275124c2b9","messageTitle":"Add example hint for AddTemplate","messageBody":"","fileTypesAndContributionMap":{"functional-code":{"insertions":3,"deletions":1}}},{"hash":"3914d68854a22e2395801e2670cea42f58ca3c61","messageTitle":"Update ooawagaeri image to PNG","messageBody":"","fileTypesAndContributionMap":{"docs":{"insertions":1,"deletions":1}}}]},{"date":"2021-10-03","commitResults":[{"hash":"363842bd66243d262b29acb9d1b7055f44ab9645","messageTitle":"Add Template and UniqueTemplateList test","messageBody":"","fileTypesAndContributionMap":{"test-code":{"insertions":287,"deletions":0}}},{"hash":"b03f7f4915535f99c8404bc00ff563ad7493d31b","messageTitle":"Add ListTemplateCommand, List UI, ListTemplateCommand Test Update Template subject and body to Object Subject and Body","messageBody":"","fileTypesAndContributionMap":{"functional-code":{"insertions":428,"deletions":15},"test-code":{"insertions":92,"deletions":20}}},{"hash":"4409ce1a224e6cafa1112312a01bc95ec7172f2b","messageTitle":"Add DeleteCommand and test","messageBody":"","fileTypesAndContributionMap":{"functional-code":{"insertions":117,"deletions":3},"test-code":{"insertions":128,"deletions":8}}}]},{"date":"2021-10-04","commitResults":[{"hash":"80c19409f337e97e30922a757c3a3fa80a3ca757","messageTitle":"Update AboutUs Image to all lower case","messageBody":"","fileTypesAndContributionMap":{"docs":{"insertions":1,"deletions":1}}},{"hash":"a71575ed5ae93e2afd431bc28e13ee2055bbd2cd","messageTitle":"Update exit and purge use case with post conditions","messageBody":"","fileTypesAndContributionMap":{"docs":{"insertions":6,"deletions":5}}}]},{"date":"2021-10-05","commitResults":[{"hash":"15c6ff7c939b45d6ecf849bb5ac2aff4a403133e","messageTitle":"Update AboutUs roles","messageBody":"","fileTypesAndContributionMap":{"docs":{"insertions":1,"deletions":1}}}]},{"date":"2021-10-10","commitResults":[{"hash":"94083ff91d7af5af991b4437d486165979a13c82","messageTitle":"Add Mail Command and Mail UI","messageBody":"","fileTypesAndContributionMap":{"functional-code":{"insertions":611,"deletions":38},"test-code":{"insertions":150,"deletions":0}}}]},{"date":"2021-10-12","commitResults":[{"hash":"172ef3d20f6b9fd4068aa6470d33596f20ef3961","messageTitle":"Add Test Cases for Mail and MailCommand","messageBody":"","fileTypesAndContributionMap":{"functional-code":{"insertions":5,"deletions":0},"test-code":{"insertions":526,"deletions":2}}}]},{"date":"2021-10-17","commitResults":[{"hash":"943dd5e10fe15088aedf11e397163ed1e5ee2568","messageTitle":"Fix myCrmStorage style","messageBody":"","fileTypesAndContributionMap":{"functional-code":{"insertions":2,"deletions":2}}},{"hash":"cdc330f1e31e4235d8430bf46479dd18c4c17d9d","messageTitle":"Update release version","messageBody":"","fileTypesAndContributionMap":{"functional-code":{"insertions":1,"deletions":1}}}]},{"date":"2021-10-21","commitResults":[{"hash":"9e16a961920d7ef11e13314245f66bf58bbeee1b","messageTitle":"Update DG and Add Template/Job/Product to Storage","messageBody":"","fileTypesAndContributionMap":{"functional-code":{"insertions":319,"deletions":7},"docs":{"insertions":246,"deletions":70},"test-code":{"insertions":3,"deletions":3}}},{"hash":"fc977ac3aabd3ef6c572a0784f89dc7e34179dfe","messageTitle":"Fix JavaFX version to 11 and Add defensive JsonSerializableMyCrm","messageBody":"","fileTypesAndContributionMap":{"functional-code":{"insertions":30,"deletions":20}}},{"hash":"b27454eafbf67d3d9cd1754b153faa05311bc872","messageTitle":"Add EOF","messageBody":"","fileTypesAndContributionMap":{"docs":{"insertions":1,"deletions":1}}}]},{"date":"2021-10-24","commitResults":[{"hash":"2a048c4e61c5f84bb59b2b86be2f0a6fe5862b89","messageTitle":"Add Job, Product, Template to SampleData generation, Add ConstructMail test case, Update HelpWindow user guide URL","messageBody":"","fileTypesAndContributionMap":{"functional-code":{"insertions":79,"deletions":13},"test-code":{"insertions":24,"deletions":0}}},{"hash":"f4a3b1b8f5ec475ae20cedc3f2a3aeb8745bb8ba","messageTitle":"Add Edit Template Command","messageBody":"","fileTypesAndContributionMap":{"functional-code":{"insertions":246,"deletions":8},"test-code":{"insertions":258,"deletions":23}}}]},{"date":"2021-10-25","commitResults":[{"hash":"d674cc20c9f77b940657b58e44ab8ae8cc07466b","messageTitle":"Fix example EditTemplateCommand","messageBody":"","fileTypesAndContributionMap":{"functional-code":{"insertions":1,"deletions":1}}},{"hash":"095314cd619a552e7a300b0740bb3c12253413bf","messageTitle":"Update default window size","messageBody":"","fileTypesAndContributionMap":{"functional-code":{"insertions":2,"deletions":2}}},{"hash":"185fa9ec85a28ee8cb409cf5005dd415a84a8905","messageTitle":"Add Test case for JSON adapters Job, Product and Template","messageBody":"","fileTypesAndContributionMap":{"test-code":{"insertions":207,"deletions":1}}},{"hash":"a60430708ebb09885d10306ca1462756d45210a6","messageTitle":"Add Test case for JSON adapters Job, Product and Template","messageBody":"","fileTypesAndContributionMap":{"docs":{"insertions":94,"deletions":40}}}]},{"date":"2021-10-26","commitResults":[{"hash":"8efb6e14e33a01cbb11d7f8af05c357a95b17b16","messageTitle":"Add Test case for AddTemplateCommandParser and Update Mail body with \u0027\\n\u0027 feature","messageBody":"","fileTypesAndContributionMap":{"functional-code":{"insertions":43,"deletions":12},"test-code":{"insertions":87,"deletions":3}}}]},{"date":"2021-10-27","commitResults":[{"hash":"b5d673c8eb6bf539caaef127cf6f48aca38a5ef0","messageTitle":"Add EOF","messageBody":"","fileTypesAndContributionMap":{"functional-code":{"insertions":2,"deletions":2}}},{"hash":"c1e1ace87028b8540029746b79edb0f401dd1693","messageTitle":"Add userguide URL","messageBody":"","fileTypesAndContributionMap":{"functional-code":{"insertions":22,"deletions":3}}},{"hash":"f0b4aab5d8b0020ff638d4df2793e6a512d6cc3e","messageTitle":"Add Find Template Command","messageBody":"","fileTypesAndContributionMap":{"functional-code":{"insertions":103,"deletions":4},"test-code":{"insertions":150,"deletions":0}}},{"hash":"b319756d24ceaad15bd2ddeed701b90369f7a79a","messageTitle":"Update UG for Template","messageBody":"","fileTypesAndContributionMap":{"functional-code":{"insertions":2,"deletions":2},"docs":{"insertions":36,"deletions":12}}},{"hash":"4840a8edc1cbb45201092b88e530383249f822a0","messageTitle":"Update UG for Template and Mail test","messageBody":"","fileTypesAndContributionMap":{"functional-code":{"insertions":2,"deletions":1},"docs":{"insertions":6,"deletions":3},"test-code":{"insertions":2,"deletions":3}}}]},{"date":"2021-10-28","commitResults":[{"hash":"b2157d21bdfa480fa5d512aabbb64bfe2ccfdfcd","messageTitle":"Fixes JsonAdaptedJobTest and Update User Guide for Help","messageBody":"","fileTypesAndContributionMap":{"docs":{"insertions":1,"deletions":1},"test-code":{"insertions":3,"deletions":3}}},{"hash":"2558953a8152a40522b57120d7bc5f8c1d9f279b","messageTitle":"Update user guide with mail application","messageBody":"","fileTypesAndContributionMap":{"docs":{"insertions":4,"deletions":2}}},{"hash":"b4d39e5bccee167a6bf15c7e79d9ccdb0a2a339a","messageTitle":"Update user guide help message and Trim not included v1.3 features","messageBody":"","fileTypesAndContributionMap":{"docs":{"insertions":3,"deletions":12}}}]},{"date":"2021-10-29","commitResults":[{"hash":"6768b267cea032ce866da69623d4ab81cda3da1b","messageTitle":"Fix overlapping Print and Add userguide for Print","messageBody":"","fileTypesAndContributionMap":{"functional-code":{"insertions":6,"deletions":0},"docs":{"insertions":21,"deletions":0}}}]},{"date":"2021-11-01","commitResults":[{"hash":"6ac51684ffd0f610c35f9fb5c899a926517399a2","messageTitle":"Update DG EditTemplate","messageBody":"","fileTypesAndContributionMap":{"docs":{"insertions":175,"deletions":13}}},{"hash":"a79e419d57f53091b5af8fa4e80b117f91b5b9e8","messageTitle":"Fix Template typos and newline break","messageBody":"","fileTypesAndContributionMap":{"functional-code":{"insertions":9,"deletions":6},"docs":{"insertions":14,"deletions":7}}},{"hash":"abc6b21c673a92815e61bf51e2ea21be2ee753ab","messageTitle":"Add ParserTest for MailCommand, Add Test case for Mail, JsonAdaptedContact and JsonSerializableMyCrm","messageBody":"","fileTypesAndContributionMap":{"functional-code":{"insertions":114,"deletions":62},"test-code":{"insertions":583,"deletions":60}}},{"hash":"f00bcb41d35b643dc7eed463192a81bf90eb2b9b","messageTitle":"Refactor Template diagrams and images to folders, Update DG for Mail","messageBody":"","fileTypesAndContributionMap":{"docs":{"insertions":386,"deletions":42}}}]},{"date":"2021-11-04","commitResults":[{"hash":"aacf2a35e0976052563b47ce98043550206f1fc0","messageTitle":"Fix Mail command when Email empty","messageBody":"","fileTypesAndContributionMap":{"functional-code":{"insertions":22,"deletions":38},"docs":{"insertions":14,"deletions":7},"test-code":{"insertions":38,"deletions":5}}},{"hash":"0e4b71966f97cd191b17354de1f8233dbd739197","messageTitle":"Fix Mail Sequence Diagram Color","messageBody":"","fileTypesAndContributionMap":{"docs":{"insertions":6,"deletions":6}}},{"hash":"f47a5673b23240cd0e5e8839c33571b3d4c936a5","messageTitle":"Update Template commands, parser, and Storage with JavaDocs and SLAP","messageBody":"","fileTypesAndContributionMap":{"functional-code":{"insertions":247,"deletions":121}}}]},{"date":"2021-11-05","commitResults":[{"hash":"ee09cf51e901012752659af49c9e30214b22c16e","messageTitle":"Update PPP for ooawagaeri","messageBody":"","fileTypesAndContributionMap":{"docs":{"insertions":60,"deletions":24}}},{"hash":"7417e37dd64cb8f5014133218fc7a9bbbde9e5f8","messageTitle":"Add FindTemplate DG","messageBody":"","fileTypesAndContributionMap":{"docs":{"insertions":139,"deletions":1}}}]}]},"authorFileTypeContributionMap":{"HangZelin":{"docs":1476,"functional-code":2815,"test-code":2880,"other":3},"TTraveller7":{"docs":687,"functional-code":2745,"test-code":2091,"other":4},"Kimowarui":{"docs":100,"functional-code":1631,"test-code":449,"other":3},"dhshah1":{"docs":295,"functional-code":2704,"test-code":520},"ooawagaeri":{"docs":1332,"functional-code":2363,"test-code":2548}},"authorContributionVariance":{"HangZelin":800402.8,"TTraveller7":97237.88,"Kimowarui":15583.658,"dhshah1":74932.77,"ooawagaeri":99471.02},"authorDisplayNameMap":{"HangZelin":"CS2103-T14-3 HANG..ELIN","TTraveller7":"CS2103-T14-3 FAN ..NHAO","Kimowarui":"CS2103-T14-3 ZHAN..UBIN","dhshah1":"CS2103-T14-3 SHAH..LESH","ooawagaeri":"CS2103-T14-3 CHUA..OTHY"}}
