{"authorDailyContributionsMap":{"phuccuongngo99":[{"date":"2021-09-25","commitResults":[{"hash":"46a33c308552895ec604030a1fe94474f88a72ab","messageTitle":"Update UserGuide for Add/Delete/Edit student","messageBody":"","fileTypesAndContributionMap":{"docs":{"insertions":27,"deletions":22}}},{"hash":"97145ea16d8553007bc893da07c692b50fd975fe","messageTitle":"Update Use case for Edit/Delete student","messageBody":"","fileTypesAndContributionMap":{"docs":{"insertions":30,"deletions":7}}},{"hash":"072bf2ceac4cf65c3c61e4e361ec44e845e63519","messageTitle":"Update Non-functional requirement","messageBody":"","fileTypesAndContributionMap":{"docs":{"insertions":5,"deletions":3}}}]}],"Amadeus-Winarto":[],"cheweejia":[],"hmanhduc2k":[],"jianoway":[{"date":"2021-09-19","commitResults":[{"hash":"d39ddda5a2a7a08b05c7a8747feaddb415564c49","messageTitle":"Add Use Cases and UG part for studiopart and attendance","messageBody":"","fileTypesAndContributionMap":{"docs":{"insertions":115,"deletions":1}}},{"hash":"70399a457b6ecc4f4fb138408f5b2693e9e54194","messageTitle":"Update AboutUs.md","messageBody":"","fileTypesAndContributionMap":{"docs":{"insertions":23,"deletions":20}}}]}]},"authorFileTypeContributionMap":{"phuccuongngo99":{"docs":57,"functional-code":0,"test-code":0},"Amadeus-Winarto":{"docs":0,"functional-code":0,"test-code":0},"cheweejia":{"docs":0,"functional-code":0,"test-code":0},"hmanhduc2k":{"docs":0,"functional-code":0,"test-code":0},"jianoway":{"docs":138,"functional-code":0,"test-code":0}},"authorContributionVariance":{"phuccuongngo99":872.6914,"Amadeus-Winarto":0.0,"cheweejia":0.0,"hmanhduc2k":0.0,"jianoway":2496.889},"authorDisplayNameMap":{"phuccuongngo99":"CS2103T-T15-3 NGO ..UONG","Amadeus-Winarto":"CS2103T-T15-3 AMAD..ARTO","cheweejia":"CS2103T-T15-3 CHEW.. JIA","hmanhduc2k":"CS2103T-T15-3 HOAN.. DUC","jianoway":"CS2103T-T15-3 TAN .. WEI"}}
