{"authorDailyContributionsMap":{"alissayarmantho":[{"date":"2021-09-23","commitResults":[{"hash":"ef5bfc812f7d08ecdd52d5d639804827cc55b9cd","messageTitle":"Add AboutUs page","messageBody":"","fileTypesAndContributionMap":{"docs":{"insertions":52,"deletions":6}}},{"hash":"493e0274e92ea209b2eef014d186fbd1959d25e0","messageTitle":"Rename file name and change responsibility","messageBody":"","fileTypesAndContributionMap":{"docs":{"insertions":3,"deletions":3}}}]},{"date":"2021-10-10","commitResults":[{"hash":"0053c3a254661b8df9950b9674409c6872f32bb3","messageTitle":"Add font files","messageBody":"","fileTypesAndContributionMap":{"other":{"insertions":65,"deletions":82}}},{"hash":"11574a287f4d557f5e5a80b8ff0968aa2453484e","messageTitle":"Add new font files to Fonts.css","messageBody":"","fileTypesAndContributionMap":{"functional-code":{"insertions":45,"deletions":0}}},{"hash":"29378cc1219ef9853ed12c857f0ede59d9304ff5","messageTitle":"Change app icon","messageBody":"","fileTypesAndContributionMap":{"test-code":{"insertions":1,"deletions":1}}},{"hash":"3e6a71ac0d27789cd94fac1195c6170d25e06501","messageTitle":"Change icon image name in UI Manager","messageBody":"","fileTypesAndContributionMap":{"functional-code":{"insertions":1,"deletions":1}}},{"hash":"b847bad9e2d38ca2fa8d20cdbd4d7b3996cf5bd1","messageTitle":"Change font and icon","messageBody":"","fileTypesAndContributionMap":{"functional-code":{"insertions":4,"deletions":4}}},{"hash":"de58de019a593d24b848e666b9129ee4cdc588a0","messageTitle":"Revamp UIlooks","messageBody":"","fileTypesAndContributionMap":{"functional-code":{"insertions":592,"deletions":239}}},{"hash":"209d1f5bb2610ad9cc9ad36ac5537f2f76906e5f","messageTitle":"Add UI support for Recipe","messageBody":"","fileTypesAndContributionMap":{"functional-code":{"insertions":302,"deletions":527}}},{"hash":"d7abd61bea4c6eaedfa89d03d1f6a5bb9c90da7f","messageTitle":"Remove jfoenix library","messageBody":"","fileTypesAndContributionMap":{"functional-code":{"insertions":1,"deletions":0}}},{"hash":"8b525a0d756ce64b8f53a448ae710bafe8d16d70","messageTitle":"Edit Ingredient Card UI Move description to bottom of the card Label expiry date with expiring on \u003cdate\u003e","messageBody":"","fileTypesAndContributionMap":{"functional-code":{"insertions":2,"deletions":2}}},{"hash":"a6e22e7051254d6863c3f91794abdf5093e321c9","messageTitle":"Fix checkstyle","messageBody":"","fileTypesAndContributionMap":{"functional-code":{"insertions":1,"deletions":1},"docs":{"insertions":4,"deletions":4}}},{"hash":"21a5029ccbdf3e37fa2f87d86222b7f4f816ffe4","messageTitle":"Fix comment checkstyle","messageBody":"","fileTypesAndContributionMap":{"functional-code":{"insertions":0,"deletions":3}}},{"hash":"b61162502c77c2c1bbcb51966a10b36291358ee2","messageTitle":"Remove unused variables and fix naming","messageBody":"","fileTypesAndContributionMap":{"functional-code":{"insertions":1,"deletions":2}}},{"hash":"0dd893a46aa69a40229041685b6201874c2a7a19","messageTitle":"Add css styling","messageBody":"","fileTypesAndContributionMap":{"functional-code":{"insertions":12,"deletions":4}}},{"hash":"fb08031ed22db7fc3aed70150f2648a30f1b440f","messageTitle":"Fix add example command","messageBody":"","fileTypesAndContributionMap":{"functional-code":{"insertions":3,"deletions":1}}}]},{"date":"2021-10-11","commitResults":[{"hash":"0412aa0c4384de1666438ef8e89de697ebf91168","messageTitle":"Fix Bugs -Fix listview black color bug -Remove scrollbar background -Make description field wrap text so that it will not get cut off -Add padding to the result display text area -Make result display wrap text so that it is vertically scrollable and not horizontally scrollable","messageBody":"","fileTypesAndContributionMap":{"functional-code":{"insertions":11,"deletions":10}}},{"hash":"23dc841ab3792bb13672f6e5e71ba2a270dc601e","messageTitle":"Reduce min width size","messageBody":"","fileTypesAndContributionMap":{"functional-code":{"insertions":1,"deletions":1}}},{"hash":"bde5b19dd9912f041c40372aeaacbe51f288ae96","messageTitle":"Add test for getFilteredRecipeList","messageBody":"","fileTypesAndContributionMap":{"test-code":{"insertions":5,"deletions":0}}},{"hash":"fe46c2bcb799bcb0b5a32a9d0ed09ef527fd24ba","messageTitle":"Fix FXML tabbing","messageBody":"","fileTypesAndContributionMap":{"functional-code":{"insertions":153,"deletions":155}}},{"hash":"44daa2a625a4cd4c8589f340f8f9cd000087a96b","messageTitle":"Add newline at EOF","messageBody":"","fileTypesAndContributionMap":{"functional-code":{"insertions":8,"deletions":6},"test-code":{"insertions":2,"deletions":0}}},{"hash":"ffb77b972b93a9ddda4243bd568636adaf54eb04","messageTitle":"Add UI improvements Truncation of long texts Specifically color expired tag as red","messageBody":"","fileTypesAndContributionMap":{"functional-code":{"insertions":58,"deletions":8},"test-code":{"insertions":43,"deletions":1}}},{"hash":"3b7a6240e86038b63d4b7606e5baea317f067a7d","messageTitle":"Remove unused import","messageBody":"","fileTypesAndContributionMap":{"functional-code":{"insertions":0,"deletions":2}}},{"hash":"d736fd1b99186376c3be053c15c4c4c364a9fec0","messageTitle":"Edit minimum height of the window","messageBody":"","fileTypesAndContributionMap":{"functional-code":{"insertions":2,"deletions":2}}}]},{"date":"2021-10-21","commitResults":[{"hash":"e916ab5120a5f763c412d270595f869a625e3b5e","messageTitle":"Add Find command for recipes based on the recipe name - Edit find command for ingredients to add the ingredient keyword differentiate between recipe and ingredient - Add plural customisation for find success message for both commands","messageBody":"","fileTypesAndContributionMap":{"functional-code":{"insertions":144,"deletions":6}}},{"hash":"1c3d1cb1aed6276aaba61ebfdad53719146fb8c6","messageTitle":"Fix checkstyle","messageBody":"","fileTypesAndContributionMap":{"functional-code":{"insertions":5,"deletions":7}}},{"hash":"f583e79cfe7d7c9470e52b5212491f1bdb24ea6d","messageTitle":"Fix find ingredient test","messageBody":"","fileTypesAndContributionMap":{"test-code":{"insertions":19,"deletions":7}}},{"hash":"33999bae75d7a9bf5d3f8e94cc472495e352e2ee","messageTitle":"Fix checkstyle","messageBody":"","fileTypesAndContributionMap":{"test-code":{"insertions":2,"deletions":2}}},{"hash":"f5d71e54c2d9c9c2ab31a598a0b64c5681875f44","messageTitle":"Add FindRecipeCommand Tests","messageBody":"","fileTypesAndContributionMap":{"test-code":{"insertions":299,"deletions":11}}},{"hash":"9d27fa099d02081b2cb71b9e8ef7e5c09572ab33","messageTitle":"Fix checkstyle","messageBody":"","fileTypesAndContributionMap":{"test-code":{"insertions":26,"deletions":7}}},{"hash":"413a6aa4fd8785223b2a3da11f1956838a9a26c0","messageTitle":"Fix import orders","messageBody":"","fileTypesAndContributionMap":{"test-code":{"insertions":3,"deletions":3}}},{"hash":"985ef7157d526dd974b04f54fbae497c19c1e481","messageTitle":"Fix extra separation imports","messageBody":"","fileTypesAndContributionMap":{"test-code":{"insertions":0,"deletions":1}}},{"hash":"05dd075f174bd51d62d4da1f08645bda07c698c9","messageTitle":"Add test case to FindCommandTest","messageBody":"","fileTypesAndContributionMap":{"test-code":{"insertions":10,"deletions":0}}},{"hash":"cb4024f264d9753fd0e66518ccfc519fb6a22f5e","messageTitle":"Add require non null predicate for find recipe","messageBody":"","fileTypesAndContributionMap":{"functional-code":{"insertions":1,"deletions":0},"test-code":{"insertions":5,"deletions":0}}},{"hash":"5de78ce919fffe031672d3bbfbf9ac5e1e0e2d66","messageTitle":"Add javadoc","messageBody":"","fileTypesAndContributionMap":{"functional-code":{"insertions":3,"deletions":0}}},{"hash":"41a32589c1e716f6574586a3a1414de878104094","messageTitle":"Add List Recipe Command Added getFilteredIngredientList method to RecipeModel class because Recipe needs to check for missing ingredients and thus, needs the ingredient list","messageBody":"","fileTypesAndContributionMap":{"functional-code":{"insertions":123,"deletions":2}}},{"hash":"987a88336fed1232b4b890e5f25b47d693dc426b","messageTitle":"Fix comments and remove unused imports","messageBody":"","fileTypesAndContributionMap":{"functional-code":{"insertions":1,"deletions":1}}},{"hash":"eb5463f23e062874932a39ef618e44280cb44418","messageTitle":"Rebase merge","messageBody":"","fileTypesAndContributionMap":{"functional-code":{"insertions":10,"deletions":0}}},{"hash":"f95d4adf4a8300fdb025a833d94119077e3e6080","messageTitle":"Fix ModelManager arrangements","messageBody":"","fileTypesAndContributionMap":{"functional-code":{"insertions":7,"deletions":5}}},{"hash":"8561c4bc3d2310bb97c6208d4ef91baf80a4943f","messageTitle":"Fix CI","messageBody":"","fileTypesAndContributionMap":{"functional-code":{"insertions":1,"deletions":1},"test-code":{"insertions":36,"deletions":0}}},{"hash":"2ec42228b07231e76795632a739d8f6a71872222","messageTitle":"Filter away expired ingredients in recipe comparator","messageBody":"","fileTypesAndContributionMap":{"functional-code":{"insertions":8,"deletions":0}}},{"hash":"13891edbe09501e7f1837d0f716dc5305319fc38","messageTitle":"Add List Recipe Tests","messageBody":"","fileTypesAndContributionMap":{"functional-code":{"insertions":12,"deletions":1},"test-code":{"insertions":167,"deletions":2}}},{"hash":"242fbf42d5b9cc8073b2d3e4e6a671b328c6b2ba","messageTitle":"Fix ListRecipeCommand test cases Add a new Recipe Default Comparator based on recipe names that is not dependant on the ModelManager state.","messageBody":"Rename the old comparator appropriately\n","fileTypesAndContributionMap":{"functional-code":{"insertions":64,"deletions":45},"test-code":{"insertions":3,"deletions":5}}},{"hash":"2c4e5c3931ff708073d90973f35f0c79dc88f465","messageTitle":"Fix checkstyle + testcases","messageBody":"","fileTypesAndContributionMap":{"functional-code":{"insertions":1,"deletions":0},"test-code":{"insertions":5,"deletions":2}}},{"hash":"e591099d8528f4ca102e1d0b4d4df0b12e0e33ab","messageTitle":"Fix checkstyle","messageBody":"","fileTypesAndContributionMap":{"functional-code":{"insertions":3,"deletions":0}}},{"hash":"b975b4066574a35c2bdb41bbda0945d7897a9b55","messageTitle":"Fix code style","messageBody":"","fileTypesAndContributionMap":{"functional-code":{"insertions":0,"deletions":1}}},{"hash":"1d52ad303e6ed918763bfef2968b4fe63cb169a7","messageTitle":"Add UI component DG","messageBody":"","fileTypesAndContributionMap":{"docs":{"insertions":2,"deletions":1}}},{"hash":"03bf80a42a872f9e0a5af5aafa6a8c9f5862fb29","messageTitle":"Add more dg explanation","messageBody":"","fileTypesAndContributionMap":{"docs":{"insertions":4,"deletions":1}}},{"hash":"e241ce6de1030ab30ab1b3a65ea92e3c45b488e5","messageTitle":"Remove unused variables","messageBody":"","fileTypesAndContributionMap":{"functional-code":{"insertions":1,"deletions":6}}},{"hash":"e74c89ae37acf3600737c4f1572c8422ee21c55a","messageTitle":"Fix checkstyle","messageBody":"","fileTypesAndContributionMap":{"functional-code":{"insertions":0,"deletions":1},"docs":{"insertions":7,"deletions":7}}},{"hash":"b88a95285ea9f3d183bf4960ad4f6c8ebafe825b","messageTitle":"Add explanation on UIManager class","messageBody":"","fileTypesAndContributionMap":{"docs":{"insertions":2,"deletions":2}}},{"hash":"252d4125bedc39372d7cd341db3d4789ab222e84","messageTitle":"Add more explanation","messageBody":"","fileTypesAndContributionMap":{"docs":{"insertions":3,"deletions":3}}},{"hash":"8b57aff8f009ea17e1583c581164e5c5574bcb35","messageTitle":"Remove comparators","messageBody":"","fileTypesAndContributionMap":{"functional-code":{"insertions":1,"deletions":79},"test-code":{"insertions":1,"deletions":1}}}]},{"date":"2021-10-27","commitResults":[{"hash":"f1d0b465f2f01175edfb2f2c71421ec079775e9d","messageTitle":"Add view","messageBody":"","fileTypesAndContributionMap":{"functional-code":{"insertions":259,"deletions":18}}},{"hash":"4e564dd6c49babd669a510e317945022477fe853","messageTitle":"Show recipe in the blank area","messageBody":"","fileTypesAndContributionMap":{"functional-code":{"insertions":14,"deletions":18}}},{"hash":"439ca48d1a7c776914b8584f6c09feb2dae9bdf9","messageTitle":"Add vbox to contain recipe steps","messageBody":"","fileTypesAndContributionMap":{"functional-code":{"insertions":11,"deletions":6}}},{"hash":"5084da6c650172056e1f9178133df3de552f9da3","messageTitle":"Minor UI style improvements","messageBody":"","fileTypesAndContributionMap":{"functional-code":{"insertions":40,"deletions":6}}},{"hash":"855ed26d5bfb771cb797c5c4a07ea1ceff442a1d","messageTitle":"Fix merge conflicts","messageBody":"","fileTypesAndContributionMap":{"functional-code":{"insertions":54,"deletions":49}}},{"hash":"f8f6c5924d0b337d0dcb63c48cf59fb577c6100c","messageTitle":"Fix checkstyle and steps bug","messageBody":"","fileTypesAndContributionMap":{"functional-code":{"insertions":11,"deletions":32}}},{"hash":"77259237554c8979d19ff19c7c70890b04f305d0","messageTitle":"Resolve merge conflicts","messageBody":"","fileTypesAndContributionMap":{"functional-code":{"insertions":26,"deletions":13}}},{"hash":"05548cf820c61f6e10e61a2d2d6f9b64ef63c1a9","messageTitle":"Implement Recipe Display Also increase font sizes across the app","messageBody":"","fileTypesAndContributionMap":{"functional-code":{"insertions":159,"deletions":29}}},{"hash":"1bbd0be3936a3522c8bb40a25e1e104b2636042c","messageTitle":"Add v-value","messageBody":"","fileTypesAndContributionMap":{"functional-code":{"insertions":2,"deletions":2}}},{"hash":"01ea263f62bf0ef485b90eba9874e7a3c5c52e73","messageTitle":"Add rounded corners to recipe ingredient tags","messageBody":"","fileTypesAndContributionMap":{"functional-code":{"insertions":9,"deletions":6}}},{"hash":"faf0411f99585d9457421464800729f8e97f2a50","messageTitle":"Add linebreak for each step","messageBody":"","fileTypesAndContributionMap":{"functional-code":{"insertions":1,"deletions":1}}},{"hash":"0b5788b587203a961424c7f649e0f2723ad42c91","messageTitle":"Add tag sorting for view ingredient","messageBody":"","fileTypesAndContributionMap":{"functional-code":{"insertions":5,"deletions":1}}},{"hash":"d6f7b3e50d49dfcf6967e338a851a50e8fa97db7","messageTitle":"Change name font size","messageBody":"","fileTypesAndContributionMap":{"functional-code":{"insertions":1,"deletions":1}}}]},{"date":"2021-10-28","commitResults":[{"hash":"cfa4af4d7b06c89b32831bfcdd3450b2dd2c9be4","messageTitle":"UG add","messageBody":"","fileTypesAndContributionMap":{"docs":{"insertions":7,"deletions":5}}}]},{"date":"2021-10-29","commitResults":[{"hash":"86b5ef3a2e253778c0c4aa70967811c7d54e6b44","messageTitle":"Fix trailing whitespaces for checkstyle","messageBody":"","fileTypesAndContributionMap":{"docs":{"insertions":7,"deletions":7}}},{"hash":"3a4807399ae327ba25b6ec8c687f34e45d8c573d","messageTitle":"Fix checkstyle","messageBody":"","fileTypesAndContributionMap":{"docs":{"insertions":1,"deletions":1}}},{"hash":"c59808a5be9b68b1887bc6ab1588a818df68ba92","messageTitle":"Fix UI bugs - Add box for recipe steps and title for available and missing ingredients. - Adjust font size and padding - Remove optional components UI when it is empty","messageBody":"","fileTypesAndContributionMap":{"functional-code":{"insertions":92,"deletions":37}}},{"hash":"2d748d9c207c2941a91b02a84f53577c8365de15","messageTitle":"Resize ingredient and steps title font size","messageBody":"","fileTypesAndContributionMap":{"functional-code":{"insertions":2,"deletions":2}}},{"hash":"dc6cdd2d7263d564c494c89e5c67c0ad4263c738","messageTitle":"Resize min window size","messageBody":"","fileTypesAndContributionMap":{"functional-code":{"insertions":1,"deletions":1}}},{"hash":"245ade802c062d5fd5f0b8c658f97bbfe0d46345","messageTitle":"Adjust steps description padding","messageBody":"","fileTypesAndContributionMap":{"functional-code":{"insertions":7,"deletions":3}}},{"hash":"840cf19b7400bc16ba6a9d70e793c7ede307f136","messageTitle":"Adjust truncation cutoff","messageBody":"","fileTypesAndContributionMap":{"functional-code":{"insertions":2,"deletions":4}}}]},{"date":"2021-10-31","commitResults":[{"hash":"26d7d19bbc28c721994c93f9136a33e6eb73ff23","messageTitle":"Remove addressbook traces","messageBody":"","fileTypesAndContributionMap":{"functional-code":{"insertions":56,"deletions":56},"other":{"insertions":1,"deletions":1},"test-code":{"insertions":38,"deletions":38}}},{"hash":"a7ca611d1da32be0c5dbb393e24ccd4970d6e9af","messageTitle":"Better sample ingredients","messageBody":"","fileTypesAndContributionMap":{"functional-code":{"insertions":12,"deletions":12}}},{"hash":"1e5ccbc66732014157854e63129385a7ae3ba885","messageTitle":"Add quantity to ingredient in add recipe command message","messageBody":"","fileTypesAndContributionMap":{"functional-code":{"insertions":2,"deletions":2}}},{"hash":"0767c7baf25a0baa5b5f64769875eacf0557584f","messageTitle":"Remove traces of addressbook from docs","messageBody":"","fileTypesAndContributionMap":{"docs":{"insertions":6,"deletions":4}}}]},{"date":"2021-11-03","commitResults":[{"hash":"ae2f99bfbfec4c34d2d34452dc2a34df16bfc794","messageTitle":"Fix clear bug","messageBody":"","fileTypesAndContributionMap":{"functional-code":{"insertions":2,"deletions":0}}},{"hash":"1598bd903341df9f70deeecbfbd94101188c8776","messageTitle":"Add default message for empty steps","messageBody":"","fileTypesAndContributionMap":{"functional-code":{"insertions":8,"deletions":3}}},{"hash":"9b4d101e1545c2c16af9c63f32913c5c28217c75","messageTitle":"Remove empty line","messageBody":"","fileTypesAndContributionMap":{"functional-code":{"insertions":1,"deletions":2}}},{"hash":"09addf9e8d58cd93616eed13bfed715f67074527","messageTitle":"Fix trailing whitespaces","messageBody":"","fileTypesAndContributionMap":{"functional-code":{"insertions":1,"deletions":1},"docs":{"insertions":22,"deletions":22}}},{"hash":"064dab0df9df9415e710d43932d1762721b5e172","messageTitle":"Fix log messages","messageBody":"","fileTypesAndContributionMap":{"functional-code":{"insertions":3,"deletions":3}}}]},{"date":"2021-11-04","commitResults":[{"hash":"b85d43216abde34daf1e58c9e29c15e37821256b","messageTitle":"Fix error messages (date, tag, view)","messageBody":"","fileTypesAndContributionMap":{"functional-code":{"insertions":20,"deletions":7},"test-code":{"insertions":2,"deletions":0}}},{"hash":"edc35650784ab2d26d6d7403e318d2535a9ceafc","messageTitle":"Fix more error messages formatting","messageBody":"","fileTypesAndContributionMap":{"functional-code":{"insertions":35,"deletions":16}}},{"hash":"727f3ce808f40275548c7139fb813e738e2dd5ad","messageTitle":"Change handling of cook error messages","messageBody":"","fileTypesAndContributionMap":{"functional-code":{"insertions":20,"deletions":14}}},{"hash":"2d584f03b80a1fc0422856fd2594de2c8f8a896c","messageTitle":"Fix tests","messageBody":"","fileTypesAndContributionMap":{"test-code":{"insertions":1,"deletions":1}}},{"hash":"50fa36c17bc16d9347d902d89ec961bb84c9f78f","messageTitle":"Add Fridgy Parser Test","messageBody":"","fileTypesAndContributionMap":{"test-code":{"insertions":68,"deletions":0}}},{"hash":"4bf4425494a8d65add8acc30a525416df3e6cca2","messageTitle":"Edit Quantity error message","messageBody":"","fileTypesAndContributionMap":{"functional-code":{"insertions":1,"deletions":1}}},{"hash":"147ca608028300a7e01a5dc61aa75dcf89bce577","messageTitle":"Add plural success message for delete","messageBody":"","fileTypesAndContributionMap":{"functional-code":{"insertions":10,"deletions":4},"test-code":{"insertions":6,"deletions":6}}},{"hash":"b1f2eebf6d639ff52b9f84af33a8a4519a601ce0","messageTitle":"Edit name message constraints and remove date exception","messageBody":"","fileTypesAndContributionMap":{"functional-code":{"insertions":7,"deletions":4}}},{"hash":"5018100e5b4e936156e76db6c7ef759579356104","messageTitle":"Fix error messages (date, tag, view)","messageBody":"","fileTypesAndContributionMap":{"functional-code":{"insertions":1,"deletions":1}}},{"hash":"ca98b88294ec2a5797252cbf9b6fcede849aa2b2","messageTitle":"Remove addressbook from javadocs","messageBody":"","fileTypesAndContributionMap":{"functional-code":{"insertions":15,"deletions":15},"test-code":{"insertions":8,"deletions":8}}}]},{"date":"2021-11-08","commitResults":[{"hash":"9bd969116de1d6fff96e626afaa10745740b62b7","messageTitle":"Add PPP draft","messageBody":"","fileTypesAndContributionMap":{"docs":{"insertions":18,"deletions":16}}},{"hash":"2a7ebd3b4f6bf39679d9515f1c117bd981e1b7a7","messageTitle":"Add spacing","messageBody":"","fileTypesAndContributionMap":{"docs":{"insertions":1,"deletions":0}}},{"hash":"e8189ac8cce0581cdf52bc203c96ce848f47eb8a","messageTitle":"Add PPP for Alissa","messageBody":"","fileTypesAndContributionMap":{"docs":{"insertions":20,"deletions":17}}},{"hash":"e97c2ea013b49e4dafebb43fb28bbc66b1a3c3dd","messageTitle":"Edit ppp minor refactoring section","messageBody":"","fileTypesAndContributionMap":{"docs":{"insertions":1,"deletions":1}}},{"hash":"b22261bda56a1f0221ce534a94dbff12df63ee38","messageTitle":"Edit Rework GUI section","messageBody":"","fileTypesAndContributionMap":{"docs":{"insertions":1,"deletions":1}}},{"hash":"403d1e01c1014e73c5cc9d11353a30071dfeaf8c","messageTitle":"Edit styling","messageBody":"","fileTypesAndContributionMap":{"docs":{"insertions":3,"deletions":3}}},{"hash":"77a588d1f62fb9fb3e52e35645b82ac4a8600a87","messageTitle":"Edit PPP","messageBody":"","fileTypesAndContributionMap":{"docs":{"insertions":2,"deletions":1}}},{"hash":"a7498d43ef59bab8aa48bcbdce252bb4c472b8b8","messageTitle":"Remove tutorial and edit other parts of the docs","messageBody":"","fileTypesAndContributionMap":{"docs":{"insertions":2,"deletions":823}}}]}],"rebeccacxy":[{"date":"2021-09-19","commitResults":[{"hash":"83b459868b6eece2fc7f6ed9b93434a9cd5ceea8","messageTitle":"Update AboutUs","messageBody":"","fileTypesAndContributionMap":{"docs":{"insertions":52,"deletions":6}}},{"hash":"21964f96d32fe855ac98a443eb5e8802694dfead","messageTitle":"Update DG user stories, glossary, NFRs, use cases","messageBody":"","fileTypesAndContributionMap":{"docs":{"insertions":57,"deletions":30}}},{"hash":"3fe485c2fe34c9cb6b1ac6040db12c5c4a537849","messageTitle":"Remove AboutMe","messageBody":"","fileTypesAndContributionMap":{"docs":{"insertions":6,"deletions":52}}},{"hash":"a859d74a8e264d31766e34d4c0a3792eccf2df85","messageTitle":"Update saving data behaviour","messageBody":"","fileTypesAndContributionMap":{"docs":{"insertions":3,"deletions":1}}}]},{"date":"2021-09-20","commitResults":[{"hash":"f05b434a8715af714dfaa8ed55cec68b68d1cd4d","messageTitle":"Update img name","messageBody":"","fileTypesAndContributionMap":{"docs":{"insertions":1,"deletions":1}}},{"hash":"138c8af5cbbecd6897b9a193b7f412e7bb1632c1","messageTitle":"Update portfolio name","messageBody":"","fileTypesAndContributionMap":{"docs":{"insertions":1,"deletions":1}}}]},{"date":"2021-09-21","commitResults":[{"hash":"627d46d5ffff5bc3752296835c042215c48ea80b","messageTitle":"Update delete use case","messageBody":"","fileTypesAndContributionMap":{"docs":{"insertions":3,"deletions":3}}}]},{"date":"2021-09-23","commitResults":[{"hash":"c3081c7cc938f9b136ef1fd8421dbe4226806cd0","messageTitle":"Add more changes to DG","messageBody":"","fileTypesAndContributionMap":{"docs":{"insertions":3,"deletions":3}}},{"hash":"c4361ac3a2a2902eed9c8e72645cefbca77c2454","messageTitle":"Change delete command params","messageBody":"","fileTypesAndContributionMap":{"docs":{"insertions":1,"deletions":1}}}]},{"date":"2021-09-26","commitResults":[{"hash":"11488d2409bfdb3ba2a0022910752b8f82586829","messageTitle":"Refactor project-wide Person to Ingredient and change package name","messageBody":"","fileTypesAndContributionMap":{"functional-code":{"insertions":367,"deletions":367},"other":{"insertions":951,"deletions":939},"docs":{"insertions":155,"deletions":155},"test-code":{"insertions":1662,"deletions":1744}}},{"hash":"38dbcfdf5d857687a064ad0d12222f90d1fc5cbb","messageTitle":"Revert changes","messageBody":"","fileTypesAndContributionMap":{"docs":{"insertions":46,"deletions":0}}},{"hash":"91ca968286ff507794c1016c270a9fcf01e9a8c4","messageTitle":"Revert unnecessary changes","messageBody":"","fileTypesAndContributionMap":{"docs":{"insertions":161,"deletions":161}}},{"hash":"b8d1ea89edd410a41f8ef7d1b2d1cb85fbd06467","messageTitle":"Fix test file paths","messageBody":"","fileTypesAndContributionMap":{"functional-code":{"insertions":69,"deletions":37}}},{"hash":"6db05a32f1716d84baec7fd6ab23837e87aa917e","messageTitle":"Fix some checkstyles","messageBody":"","fileTypesAndContributionMap":{"functional-code":{"insertions":3,"deletions":32}}},{"hash":"477c51a80b9ad4a05a431b83aa1f75cfe55ffa23","messageTitle":"Push successful build","messageBody":"","fileTypesAndContributionMap":{"functional-code":{"insertions":13,"deletions":17},"other":{"insertions":1,"deletions":0},"test-code":{"insertions":1,"deletions":1}}},{"hash":"1ff8f2d40e8e452aa6fe5b429a182cb9cac6eeb5","messageTitle":"Amend files","messageBody":"","fileTypesAndContributionMap":{"functional-code":{"insertions":157,"deletions":157},"other":{"insertions":78,"deletions":78},"docs":{"insertions":6,"deletions":6},"test-code":{"insertions":225,"deletions":225}}}]},{"date":"2021-09-29","commitResults":[{"hash":"191426db59e2f759e4bc352fef89448a50dcc360","messageTitle":"Address DG PR comments","messageBody":"","fileTypesAndContributionMap":{"docs":{"insertions":9,"deletions":9}}}]},{"date":"2021-09-30","commitResults":[{"hash":"a3bfd43f8897f048be58f96faf9ba35f50ff2516","messageTitle":"Change Phone to Quantity and Address to Description","messageBody":"","fileTypesAndContributionMap":{"functional-code":{"insertions":172,"deletions":172},"other":{"insertions":9,"deletions":9},"test-code":{"insertions":243,"deletions":243}}},{"hash":"01bee722e04dcd8f09d834bda16a4d21e858e040","messageTitle":"Update help message","messageBody":"","fileTypesAndContributionMap":{"functional-code":{"insertions":1,"deletions":1}}},{"hash":"b52df5b49da2a2a36e53f21be495573a36ab6cf9","messageTitle":"Fix tests and update support messages for commands","messageBody":"","fileTypesAndContributionMap":{"functional-code":{"insertions":73,"deletions":67},"other":{"insertions":3,"deletions":4},"test-code":{"insertions":9,"deletions":9}}},{"hash":"d714d104b6ef76f9e41eef59b8077acda3180599","messageTitle":"Rename name of app in MainApp","messageBody":"","fileTypesAndContributionMap":{"functional-code":{"insertions":2,"deletions":2}}}]},{"date":"2021-10-01","commitResults":[{"hash":"b872fb6409ac94c901679ffd5595f8f460c9624e","messageTitle":"Turn Description into an optional field","messageBody":"","fileTypesAndContributionMap":{"functional-code":{"insertions":61,"deletions":30},"test-code":{"insertions":64,"deletions":41}}}]},{"date":"2021-10-04","commitResults":[{"hash":"dfa1474a0fbc720958e5b4a6b73e3f8acb05c07a","messageTitle":"Strip leading zeros from quantity","messageBody":"","fileTypesAndContributionMap":{"functional-code":{"insertions":4,"deletions":3},"test-code":{"insertions":5,"deletions":0}}},{"hash":"507430e299865227ceb70b3062ead27738e0ff13","messageTitle":"Change person names to ingredient names in tests","messageBody":"","fileTypesAndContributionMap":{"functional-code":{"insertions":6,"deletions":6},"test-code":{"insertions":247,"deletions":250}}},{"hash":"a2ed7995ddd80ce9e3bd7d65a449db823eda2a6d","messageTitle":"Change more person names to ingredients","messageBody":"","fileTypesAndContributionMap":{"test-code":{"insertions":46,"deletions":46}}},{"hash":"d2f3ba8ba404c05c928094e634fc0ffade78ea99","messageTitle":"Update command syntax to include ingredient argument","messageBody":"","fileTypesAndContributionMap":{"functional-code":{"insertions":56,"deletions":7},"test-code":{"insertions":97,"deletions":66}}}]},{"date":"2021-10-05","commitResults":[{"hash":"9be59050e458c5becbc40ac273f77feb930a569f","messageTitle":"Fix illegal reflective access warning and add parsing for List command","messageBody":"","fileTypesAndContributionMap":{"functional-code":{"insertions":50,"deletions":13},"test-code":{"insertions":48,"deletions":16}}}]},{"date":"2021-10-07","commitResults":[{"hash":"ec0c0c6dd427e9d1c2c883d9ee4cefca5e62da74","messageTitle":"Add sorting for ingredients and some assertions","messageBody":"","fileTypesAndContributionMap":{"functional-code":{"insertions":85,"deletions":19},"test-code":{"insertions":26,"deletions":0}}},{"hash":"9a3f8a14ccef113984c9d422568da51192ed9204","messageTitle":"Fix error in ingredient description causing inventory to reset","messageBody":"","fileTypesAndContributionMap":{"functional-code":{"insertions":11,"deletions":9},"test-code":{"insertions":3,"deletions":5}}}]},{"date":"2021-10-19","commitResults":[{"hash":"337a3d9e7bffc37c2158a933c7a7738de5b349ca","messageTitle":"update dg no uml","messageBody":"","fileTypesAndContributionMap":{"docs":{"insertions":379,"deletions":65}}},{"hash":"fd5c40302302fb3915396fdc24915c5d5828cacd","messageTitle":"undo toc","messageBody":"","fileTypesAndContributionMap":{"docs":{"insertions":2,"deletions":24}}},{"hash":"c6ec0cc2e54b1d8fdf38363f25ac4faa1089faa3","messageTitle":"remove dg toc links","messageBody":"","fileTypesAndContributionMap":{"docs":{"insertions":0,"deletions":22}}},{"hash":"f9c031d78875b67bedbb5f2fa9db07e106dc3d2d","messageTitle":"remove extra lines dg","messageBody":"","fileTypesAndContributionMap":{"docs":{"insertions":1,"deletions":2}}},{"hash":"6ee2cdbb1a671a1019de57f4869bfd5ba74cd849","messageTitle":"remove space b4 toc dg","messageBody":"","fileTypesAndContributionMap":{"docs":{"insertions":1,"deletions":1}}}]},{"date":"2021-10-20","commitResults":[{"hash":"dfd133690bc7ad49790648aaa63d191d94631ce5","messageTitle":"Add base ingredient to be used by recipe","messageBody":"","fileTypesAndContributionMap":{"functional-code":{"insertions":99,"deletions":16},"test-code":{"insertions":142,"deletions":1}}}]},{"date":"2021-10-21","commitResults":[{"hash":"54f13e201d9d87f1541e07913ac028d5e151fbd6","messageTitle":"amend base ingredient javadocs and class import","messageBody":"","fileTypesAndContributionMap":{"functional-code":{"insertions":8,"deletions":6},"test-code":{"insertions":2,"deletions":0}}}]},{"date":"2021-10-22","commitResults":[{"hash":"2cc9c75dd01c9b24e87c69d270af760be71f671c","messageTitle":"Add tests and remove traces of person in tests","messageBody":"","fileTypesAndContributionMap":{"functional-code":{"insertions":15,"deletions":15},"test-code":{"insertions":135,"deletions":69}}}]},{"date":"2021-10-24","commitResults":[{"hash":"ff86d18d34b0491c3eb70a6a8323e1642f36c708","messageTitle":"Modify tag comparator for expired/expiring tags and change expiring tags to grey","messageBody":"","fileTypesAndContributionMap":{"functional-code":{"insertions":11,"deletions":1}}},{"hash":"bc6d4d30ad1bb5b13d302aea7409a29324b8281e","messageTitle":"Better error messages and UI messages","messageBody":"","fileTypesAndContributionMap":{"functional-code":{"insertions":40,"deletions":36}}},{"hash":"c5864928b6b5a525f12dd10b38964ece58c31cbf","messageTitle":"Fix checkstyle and revert unintended change to clear command param","messageBody":"","fileTypesAndContributionMap":{"functional-code":{"insertions":4,"deletions":5}}},{"hash":"0701864764e914e6a5576917b54c90b3c7bcbf68","messageTitle":"Remove accidental comment","messageBody":"","fileTypesAndContributionMap":{"functional-code":{"insertions":0,"deletions":1}}},{"hash":"b4ab29297d525e04b2b66a4178ef5630a24a0eda","messageTitle":"Update DG use cases for view commands and resolve feedback given","messageBody":"","fileTypesAndContributionMap":{"docs":{"insertions":65,"deletions":24}}}]},{"date":"2021-10-25","commitResults":[{"hash":"f57718a78e093f0458625b9905b115dc31b2f52b","messageTitle":"Improve on intro and add quickstart for UG and add logo","messageBody":"","fileTypesAndContributionMap":{"docs":{"insertions":79,"deletions":52}}},{"hash":"15935bc00016f83935f7485a2c5c43e3ec945f16","messageTitle":"Decrease logo size","messageBody":"","fileTypesAndContributionMap":{"docs":{"insertions":1,"deletions":1}}},{"hash":"dd7caf3e1adba711a3d8862949937baaaa525642","messageTitle":"Decrease logo size more","messageBody":"","fileTypesAndContributionMap":{"docs":{"insertions":1,"deletions":1}}},{"hash":"77745cc47083fcc3d798f3ede0c5f3da323c69a5","messageTitle":"Sort for add edit find ingredient commands","messageBody":"","fileTypesAndContributionMap":{"functional-code":{"insertions":6,"deletions":0},"test-code":{"insertions":10,"deletions":10}}},{"hash":"c8c651607d0a4f843ce6b2769edf7cff66aefc35","messageTitle":"Add tutorial in quickstart ug","messageBody":"","fileTypesAndContributionMap":{"docs":{"insertions":27,"deletions":0}}}]},{"date":"2021-10-26","commitResults":[{"hash":"db9e4132faa7fde96a4870c413d96b20dc901ae9","messageTitle":"Correct UG grammar","messageBody":"","fileTypesAndContributionMap":{"docs":{"insertions":3,"deletions":3}}}]},{"date":"2021-10-31","commitResults":[{"hash":"26a0962e7ad4447900fcdb5b1b821e69a1ede6a2","messageTitle":"Add better error messages and allow spaces between tag names","messageBody":"","fileTypesAndContributionMap":{"functional-code":{"insertions":76,"deletions":15},"test-code":{"insertions":1,"deletions":1}}},{"hash":"e3322cda3f5b3e99961183bacb74a2e9426cec10","messageTitle":"Revert UI window size","messageBody":"","fileTypesAndContributionMap":{"functional-code":{"insertions":1,"deletions":1}}},{"hash":"8341747139dc3b2fdb110ec23efb015c6e99295b","messageTitle":"Update execute recipe format","messageBody":"","fileTypesAndContributionMap":{"docs":{"insertions":2,"deletions":2}}}]},{"date":"2021-11-01","commitResults":[{"hash":"726d6d9e0fb1be8e6366f2fdcf0ca3da0e784ce5","messageTitle":"Tweak quantity error msg","messageBody":"","fileTypesAndContributionMap":{"functional-code":{"insertions":1,"deletions":2}}}]},{"date":"2021-11-04","commitResults":[{"hash":"9cfb5af034316991f59aab72da2c292e2e947dc8","messageTitle":"UI improvements for recipe activewindow and prevent pushing on selection in card","messageBody":"","fileTypesAndContributionMap":{"functional-code":{"insertions":48,"deletions":39},"test-code":{"insertions":1,"deletions":1}}}]},{"date":"2021-11-07","commitResults":[{"hash":"7e31cb8e14fccaac73dd4452e1d7056d83a00a10","messageTitle":"Add PPP, remove Fridgy title from UG DG","messageBody":"","fileTypesAndContributionMap":{"docs":{"insertions":31,"deletions":30}}},{"hash":"1910a75913eae543683d831b32e2ff1503033455","messageTitle":"Add missing javadocs (FridgyParser)","messageBody":"","fileTypesAndContributionMap":{"functional-code":{"insertions":8,"deletions":1}}},{"hash":"ad89592992236ab4a93f91ecc8d1c1c4e2a65309","messageTitle":"Update project links for devops, settingup, testing docs. Minor changes to DG \u0026 update PPP","messageBody":"","fileTypesAndContributionMap":{"docs":{"insertions":20,"deletions":21}}},{"hash":"381235e2256a6fbb7929ed2540bd5d51b28497f2","messageTitle":"Add manual testing cases for DG","messageBody":"","fileTypesAndContributionMap":{"docs":{"insertions":80,"deletions":6}}},{"hash":"87b4fa0ab6912ab4bb7c6b3299abaeb175a8a6c9","messageTitle":"Update ppp","messageBody":"","fileTypesAndContributionMap":{"docs":{"insertions":1,"deletions":1}}},{"hash":"1c52bc5f8393ea0bc910195403e75d990be72879","messageTitle":"remove ppp","messageBody":"","fileTypesAndContributionMap":{"docs":{"insertions":30,"deletions":31}}},{"hash":"0a7b8b4a9e8606c5316e60317ccb7a0591487e61","messageTitle":"Remove ppp again","messageBody":"","fileTypesAndContributionMap":{"docs":{"insertions":19,"deletions":19}}},{"hash":"f92ac5a99871fc12bfa852d75e13e36dd170653f","messageTitle":"Correct grammar error in DG","messageBody":"","fileTypesAndContributionMap":{"docs":{"insertions":2,"deletions":2}}},{"hash":"0f3e8b530cff929021aa345102a35a397587c491","messageTitle":"Update reb ppp","messageBody":"","fileTypesAndContributionMap":{"docs":{"insertions":32,"deletions":28}}}]}],"rootkie":[{"date":"2021-09-20","commitResults":[{"hash":"7ef35714cb79f6d72674d5ae7d861bab26339ea1","messageTitle":"Update AboutMe page and Add portfolio placeholder","messageBody":"","fileTypesAndContributionMap":{"docs":{"insertions":52,"deletions":6}}}]},{"date":"2021-09-26","commitResults":[{"hash":"0e9c2601a20a0b4b6bb15235435cf6e81bcbfe81","messageTitle":"Update site-wide settings","messageBody":"","fileTypesAndContributionMap":{"docs":{"insertions":3,"deletions":3}}}]},{"date":"2021-09-30","commitResults":[{"hash":"e9224df972431943e273ab47d6cea086f3573acf","messageTitle":"Add recipe class under model","messageBody":"","fileTypesAndContributionMap":{"functional-code":{"insertions":262,"deletions":0},"docs":{"insertions":6,"deletions":6},"test-code":{"insertions":285,"deletions":0}}},{"hash":"98b6e995ea0a45848b3b6bbf7ed692f419d51ea9","messageTitle":"Add Recipe to storage module","messageBody":"","fileTypesAndContributionMap":{"functional-code":{"insertions":1023,"deletions":118},"test-code":{"insertions":619,"deletions":27}}},{"hash":"a0cd685c5cf2e9cd04dcbcd254854a570c022bd4","messageTitle":"Revert accidental changes to docs files","messageBody":"","fileTypesAndContributionMap":{"docs":{"insertions":32,"deletions":32}}},{"hash":"1cdde77af058553906876da0b7f9a983abb676e5","messageTitle":"Revert unwanted changes to javadocs and tests","messageBody":"","fileTypesAndContributionMap":{"functional-code":{"insertions":20,"deletions":20},"other":{"insertions":4,"deletions":4},"test-code":{"insertions":116,"deletions":142}}}]},{"date":"2021-10-10","commitResults":[{"hash":"bdfa82410968f5b0ae0990b22607e9f72fae131f","messageTitle":"Fix #54","messageBody":"","fileTypesAndContributionMap":{"functional-code":{"insertions":54,"deletions":34}}},{"hash":"ef9bd716eea7b4f72f7976a3ff3e531d8fe0d1ac","messageTitle":"Remove pesky CRLFs","messageBody":"","fileTypesAndContributionMap":{"functional-code":{"insertions":32,"deletions":32}}},{"hash":"424a1cf59b0d8625ac703e4bed893f82a5f7c025","messageTitle":"Add generic CRUD base model","messageBody":"","fileTypesAndContributionMap":{"functional-code":{"insertions":215,"deletions":0}}},{"hash":"5ae4cbfc1e23a27c10113998522635ffde0902e2","messageTitle":"Integrate generic base model into existing models","messageBody":"","fileTypesAndContributionMap":{"functional-code":{"insertions":89,"deletions":308},"test-code":{"insertions":0,"deletions":372}}},{"hash":"7421881955872ea798896c40886c4dd9afff1cf5","messageTitle":"Integrate generic database to RecipeBook","messageBody":"","fileTypesAndContributionMap":{"functional-code":{"insertions":357,"deletions":366},"test-code":{"insertions":16,"deletions":16}}},{"hash":"574fb0ff8f2808fb84d4dad9cd238168b9b18417","messageTitle":"Replace ReadOnlyRecipe class with generic ReadOnlyDatabase\u003cRecipe\u003e","messageBody":"","fileTypesAndContributionMap":{"functional-code":{"insertions":41,"deletions":46},"test-code":{"insertions":14,"deletions":12}}},{"hash":"015b72b61aad56c8e8c6e98d92536a4089128a17","messageTitle":"Integrate generic database to Inventory","messageBody":"","fileTypesAndContributionMap":{"functional-code":{"insertions":78,"deletions":174},"test-code":{"insertions":38,"deletions":36}}},{"hash":"350a0f65867043889fb75bee5c69edac0f2fe32b","messageTitle":"Fix checkstyles","messageBody":"","fileTypesAndContributionMap":{"functional-code":{"insertions":14,"deletions":16}}},{"hash":"68f2c1e50611d5f56cf312ab4b73f03781ee84e9","messageTitle":"Remove CRLFs","messageBody":"","fileTypesAndContributionMap":{"functional-code":{"insertions":238,"deletions":238}}},{"hash":"140af6ad3932a988e0b28a53c6ca3592b8686f02","messageTitle":"Fix checkstyle in tests","messageBody":"","fileTypesAndContributionMap":{"test-code":{"insertions":12,"deletions":13}}},{"hash":"972e976ad223b71fb8464c3f3318007e26f59eed","messageTitle":"Revert changing RecipeBook to Database\u003cRecipe\u003e to allow recipe specific model extensions in future","messageBody":"","fileTypesAndContributionMap":{"functional-code":{"insertions":2,"deletions":3}}}]},{"date":"2021-10-12","commitResults":[{"hash":"8953010e4c9bd81f0c3028d406ab6f9e99746873","messageTitle":"Adds view command for recipe","messageBody":"","fileTypesAndContributionMap":{"functional-code":{"insertions":168,"deletions":5},"test-code":{"insertions":12,"deletions":0}}},{"hash":"7f1310c96102542110644feedea1ef0026ac791e","messageTitle":"Add test for recipe view commands","messageBody":"","fileTypesAndContributionMap":{"test-code":{"insertions":235,"deletions":4}}},{"hash":"a19f8b88963eddb9ee7d9c5c28cab95bee66b894","messageTitle":"Fix checkstyle in tests","messageBody":"","fileTypesAndContributionMap":{"test-code":{"insertions":6,"deletions":4}}}]},{"date":"2021-10-17","commitResults":[{"hash":"e3ba8b4764343638068982d60ab8742ed602cb23","messageTitle":"Change model method to overloading methods","messageBody":"","fileTypesAndContributionMap":{"functional-code":{"insertions":50,"deletions":48},"test-code":{"insertions":56,"deletions":55}}},{"hash":"80ad563d4bc639535593fda9b4df4e750dbe55a0","messageTitle":"Fix checkstyle in tests","messageBody":"","fileTypesAndContributionMap":{"test-code":{"insertions":2,"deletions":2}}}]},{"date":"2021-10-19","commitResults":[{"hash":"218ab4968231320b2442661945b9aa50d19b1c5d","messageTitle":"Update DG design text section","messageBody":"","fileTypesAndContributionMap":{"docs":{"insertions":18,"deletions":16}}},{"hash":"8efd72d84b2384de9f5f3dda86613190d3603ed4","messageTitle":"Update UML diagrams in design","messageBody":"","fileTypesAndContributionMap":{"docs":{"insertions":175,"deletions":84}}},{"hash":"cb33b8413298c29a21def75aa025cbd230382afc","messageTitle":"Update DG repo links","messageBody":"","fileTypesAndContributionMap":{"docs":{"insertions":8,"deletions":8}}},{"hash":"8e06fdbb79102ea89e1a7077e5130600a6382c74","messageTitle":"Add implementation details","messageBody":"","fileTypesAndContributionMap":{"docs":{"insertions":8,"deletions":77}}}]},{"date":"2021-10-20","commitResults":[{"hash":"47fe7f3bc1ab812ac1f249193b76c497979e57b6","messageTitle":"Fix Delete sequence diagram","messageBody":"","fileTypesAndContributionMap":{"docs":{"insertions":7,"deletions":13}}},{"hash":"77a2101ccb399fe038a42013e8efd08fd2afcf33","messageTitle":"Fix model class diagram","messageBody":"","fileTypesAndContributionMap":{"docs":{"insertions":51,"deletions":22}}},{"hash":"fe5f9959e186ecc6e808448083bc8924b8f45413","messageTitle":"Fix checkstyle","messageBody":"","fileTypesAndContributionMap":{"docs":{"insertions":2,"deletions":2}}},{"hash":"7e23b280ee3f14ab09fc94dc984dfc4cb978e425","messageTitle":"Fix class diagram","messageBody":"","fileTypesAndContributionMap":{"docs":{"insertions":2,"deletions":2}}}]},{"date":"2021-10-21","commitResults":[{"hash":"0c7a8c777f1b8e69d80481ad9c03eca93a823f65","messageTitle":"Add numbering to implementation section headers","messageBody":"","fileTypesAndContributionMap":{"docs":{"insertions":2,"deletions":2}}}]},{"date":"2021-10-22","commitResults":[{"hash":"a39ac1abf10b4acd12e663e353e13edcc73dd51f","messageTitle":"Integrate base ingredient into recipe","messageBody":"","fileTypesAndContributionMap":{"functional-code":{"insertions":92,"deletions":101},"test-code":{"insertions":15,"deletions":15}}},{"hash":"bde356e93e82d8e8717ab76caba0c179f87ffdc2","messageTitle":"Fix tests for integrated base ingredient","messageBody":"","fileTypesAndContributionMap":{"test-code":{"insertions":54,"deletions":53}}}]},{"date":"2021-10-23","commitResults":[{"hash":"d164c5812b4c46814e25a431280f8de88316abb0","messageTitle":"Add small changes to fix week 10 left over issues","messageBody":"1. Enable assertions in gradle\n2. Update MainApp version to 1.2.1\n","fileTypesAndContributionMap":{"functional-code":{"insertions":1,"deletions":1},"other":{"insertions":4,"deletions":0}}}]},{"date":"2021-10-24","commitResults":[{"hash":"20a9d151a087890223e3a8bcaa0b0e139398becf","messageTitle":"Fix parsing bug for base ingredient and add relevant tests","messageBody":"","fileTypesAndContributionMap":{"functional-code":{"insertions":6,"deletions":1},"test-code":{"insertions":49,"deletions":0}}},{"hash":"2ffa4fa7455adeef26e6ba5b95253f15644fe60c","messageTitle":"Fix some DG problems with models","messageBody":"","fileTypesAndContributionMap":{"docs":{"insertions":84,"deletions":62}}},{"hash":"d4c89bc58ff38722c6752ba9c4d970d8865a5153","messageTitle":"Change CRLF to LF","messageBody":"","fileTypesAndContributionMap":{"docs":{"insertions":59,"deletions":59}}}]},{"date":"2021-10-25","commitResults":[{"hash":"561e149c9a9c851e421afed2d89b02c9b371e35c","messageTitle":"Fix sample ingredient expiry tag and sorting issue","messageBody":"","fileTypesAndContributionMap":{"functional-code":{"insertions":4,"deletions":0}}},{"hash":"af063365407da65a515b386148fece24fddd5832","messageTitle":"Remove unused imports","messageBody":"","fileTypesAndContributionMap":{"test-code":{"insertions":0,"deletions":1}}},{"hash":"e881e54424955f535c12d34fcbd4cd08de60ac10","messageTitle":"Implement missing ingredient highlighting","messageBody":"","fileTypesAndContributionMap":{"functional-code":{"insertions":65,"deletions":16}}}]},{"date":"2021-10-26","commitResults":[{"hash":"2f90a7a085e02de5dac71e013616e354d90cf363","messageTitle":"Fix images and phrasing in UG","messageBody":"","fileTypesAndContributionMap":{"docs":{"insertions":407,"deletions":404}}},{"hash":"2ead5ac2307a42e604d8effc500ecd1ae9fdf05b","messageTitle":"change CRLF to LF","messageBody":"","fileTypesAndContributionMap":{"docs":{"insertions":407,"deletions":407}}}]},{"date":"2021-11-02","commitResults":[{"hash":"c70bf952c802e0b9506fe2481cdd5602431c0df7","messageTitle":"Change to use event for UI actions","messageBody":"","fileTypesAndContributionMap":{"functional-code":{"insertions":162,"deletions":55},"test-code":{"insertions":11,"deletions":5}}},{"hash":"8f815dffc0004f19624ff719e609885f1c6cf0a8","messageTitle":"Add tests for UI State class","messageBody":"","fileTypesAndContributionMap":{"functional-code":{"insertions":25,"deletions":0},"test-code":{"insertions":91,"deletions":0}}},{"hash":"186a3b9bcfcb345063bb485fd521d2214d73378b","messageTitle":"Extract tablist component from main window","messageBody":"","fileTypesAndContributionMap":{"functional-code":{"insertions":241,"deletions":195},"test-code":{"insertions":0,"deletions":11}}},{"hash":"4024d686037fe9816f4f80edc1ca9313a7fd27a4","messageTitle":"Fix View command to switch to the correct tab and select the right card","messageBody":"","fileTypesAndContributionMap":{"functional-code":{"insertions":64,"deletions":13}}},{"hash":"2a2b42f716ef8d7aa6e89d1e63985c2db9480912","messageTitle":"Fix List and Find command to switch to correct tab. Fix #177 Fix #151","messageBody":"","fileTypesAndContributionMap":{"functional-code":{"insertions":48,"deletions":13}}},{"hash":"0b2a41dbbaa0b7a49b536b55e1326b1923db2ac1","messageTitle":"Change onChange event to onClick event for list cards. This should fix #164","messageBody":"","fileTypesAndContributionMap":{"functional-code":{"insertions":37,"deletions":22}}},{"hash":"f3f4ca72e2460d5db0d3f9e1dbeef2d847825c85","messageTitle":"Change tab switching to be more intuitive","messageBody":"","fileTypesAndContributionMap":{"functional-code":{"insertions":34,"deletions":37}}},{"hash":"1d48ad59fd060b583337247d7e7247c08f0609c4","messageTitle":"Fix Find command will reset selected item.","messageBody":"","fileTypesAndContributionMap":{"functional-code":{"insertions":17,"deletions":2}}},{"hash":"d05cf70b5f66e46be2a8a9375d47c084fa136a02","messageTitle":"Update javadoc for newly added methods","messageBody":"","fileTypesAndContributionMap":{"functional-code":{"insertions":31,"deletions":6}}},{"hash":"418bd21e7b0ed8b2439e48e4986e13115435eee7","messageTitle":"Fix ingredient tag color update for recipe for Cook and Edit ingredient command","messageBody":"","fileTypesAndContributionMap":{"functional-code":{"insertions":4,"deletions":2}}},{"hash":"2f1fdb7a6d6317ab0bac37ff1459d643e07df116","messageTitle":"Fix active item to update if editted item is the same","messageBody":"","fileTypesAndContributionMap":{"functional-code":{"insertions":19,"deletions":0}}},{"hash":"96c43ed74b61e87102300e34b5969ddcb1b7b7a7","messageTitle":"Delete obsolete class","messageBody":"","fileTypesAndContributionMap":{"functional-code":{"insertions":20,"deletions":70}}},{"hash":"c18bc999c72c7243203072cc2d6dd79e7056c3c4","messageTitle":"Refactor code","messageBody":"","fileTypesAndContributionMap":{"functional-code":{"insertions":34,"deletions":23}}},{"hash":"af3e00b36334289044539030632de72e3249cbe6","messageTitle":"Fix bug where edits does not reflect on active window","messageBody":"","fileTypesAndContributionMap":{"functional-code":{"insertions":39,"deletions":18}}},{"hash":"4ad6facb2f4d408597b74b811515f7e385ef5766","messageTitle":"Fix checkstyles and testcases","messageBody":"","fileTypesAndContributionMap":{"functional-code":{"insertions":26,"deletions":13},"test-code":{"insertions":20,"deletions":10}}}]},{"date":"2021-11-03","commitResults":[{"hash":"06f21db7c1da4d4528ea8c8a2b068b84b3098c17","messageTitle":"Fix travis errors","messageBody":"","fileTypesAndContributionMap":{"functional-code":{"insertions":147,"deletions":147}}},{"hash":"f69d8f44e2476d71dc9b9718e2b46f5333230188","messageTitle":"Update delete command to switch tab and clear window if active item is the deleted item","messageBody":"","fileTypesAndContributionMap":{"functional-code":{"insertions":34,"deletions":1},"test-code":{"insertions":70,"deletions":2}}},{"hash":"d7349c098ead10e716d6cc151a581236cd0856a0","messageTitle":"Fix delete command will shift the selected item and clear command not clearing window when need. Fix #211","messageBody":"","fileTypesAndContributionMap":{"functional-code":{"insertions":30,"deletions":2}}},{"hash":"4ad9f20c6913239b517bc3538feb2d5e8267b1b7","messageTitle":"Delete unused import","messageBody":"","fileTypesAndContributionMap":{"functional-code":{"insertions":0,"deletions":1}}},{"hash":"a4a7f85195f25e67dc07cf242c5c665f38c2398a","messageTitle":"Fix scrollbar not working until clicked in active display window","messageBody":"","fileTypesAndContributionMap":{"functional-code":{"insertions":0,"deletions":2}}}]},{"date":"2021-11-04","commitResults":[{"hash":"eacab94fa53c08217a58cf623d2e0f8b963cf033","messageTitle":"Fix null pointer exception on click of empty space and fix javafx version to 11","messageBody":"","fileTypesAndContributionMap":{"functional-code":{"insertions":15,"deletions":4}}},{"hash":"547e4378678db2dce56c51db5b124781bdae542d","messageTitle":"Remove unused import","messageBody":"","fileTypesAndContributionMap":{"functional-code":{"insertions":0,"deletions":1}}}]},{"date":"2021-11-06","commitResults":[{"hash":"942548326071ba266efd66bab3c7ba4a030f387d","messageTitle":"Update UI implementation","messageBody":"","fileTypesAndContributionMap":{"docs":{"insertions":94,"deletions":0}}},{"hash":"2bedf4fc9a6215d48fa67deec4c1d865e0c5dd60","messageTitle":"Remove commented out PUML","messageBody":"","fileTypesAndContributionMap":{"docs":{"insertions":0,"deletions":24}}},{"hash":"8a387ca9e53c443471b4b5365c34cfc78afbbe5f","messageTitle":"Fix UI State class diagram","messageBody":"","fileTypesAndContributionMap":{"docs":{"insertions":1,"deletions":1}}}]},{"date":"2021-11-07","commitResults":[{"hash":"6a55bf66742badcb0515a8c1a20bf0cf314a123c","messageTitle":"Update rootkie.md for PPP","messageBody":"","fileTypesAndContributionMap":{"docs":{"insertions":37,"deletions":23}}},{"hash":"80d172af26d464e71433b14d6ed07b508e131c58","messageTitle":"Fix small travis issue","messageBody":"","fileTypesAndContributionMap":{"docs":{"insertions":1,"deletions":1}}},{"hash":"6a0e201ef32b41b531aa0874303c3b67bd69760d","messageTitle":"Fix grammar mistake","messageBody":"","fileTypesAndContributionMap":{"docs":{"insertions":1,"deletions":1}}}]},{"date":"2021-11-08","commitResults":[{"hash":"bf671d295d87dfda9c401a6ac11eb17f8e342780","messageTitle":"Fixed typos and wrong links","messageBody":"","fileTypesAndContributionMap":{"docs":{"insertions":3,"deletions":3}}},{"hash":"54cd7595ac1a92b310016ec3ed4efd27d0cca7d5","messageTitle":"Refactor ingredient logic component into its own package","messageBody":"","fileTypesAndContributionMap":{"functional-code":{"insertions":7,"deletions":6},"other":{"insertions":54,"deletions":26},"test-code":{"insertions":37,"deletions":21}}},{"hash":"900a1f0ed7e143d7c7b8f9b65676fb995570aacf","messageTitle":"Fix clear command does not clear active item in UIstate causing bug with subsequent commands","messageBody":"","fileTypesAndContributionMap":{"functional-code":{"insertions":2,"deletions":0}}},{"hash":"4afe1416a92a1dea3b879bbfd67a057c6efc99ed","messageTitle":"Fix bug where clear ingredient does not update recipe list","messageBody":"","fileTypesAndContributionMap":{"functional-code":{"insertions":1,"deletions":0}}}]}],"pattan9955":[{"date":"2021-09-23","commitResults":[{"hash":"249a6b962be07af6b8dba01ff41806ad08eb5efa","messageTitle":"Update AboutUs page for pattan9955","messageBody":"","fileTypesAndContributionMap":{"docs":{"insertions":51,"deletions":5}}},{"hash":"d49f68dcbc818ab6adfd3c7a450e0fee6e4f6438","messageTitle":"Revert \"Update AboutUs page for pattan9955\"","messageBody":"This reverts commit 249a6b962be07af6b8dba01ff41806ad08eb5efa.\n","fileTypesAndContributionMap":{"docs":{"insertions":5,"deletions":51}}},{"hash":"df28749eac4475265b2289defd80d161490f3140","messageTitle":"Add AboutUs info for pattan9955","messageBody":"","fileTypesAndContributionMap":{"docs":{"insertions":51,"deletions":5}}}]},{"date":"2021-09-29","commitResults":[{"hash":"836c2a2930595c7f8f03544422b05a5d1d05f687","messageTitle":"Update README to be in line with project direction","messageBody":"","fileTypesAndContributionMap":{"docs":{"insertions":32,"deletions":11}}}]},{"date":"2021-10-08","commitResults":[{"hash":"62c790a820a0d468b29e2cad57ef849ee2a74f1b","messageTitle":"Add Parsing and Command logic for adding recipes","messageBody":"","fileTypesAndContributionMap":{"functional-code":{"insertions":282,"deletions":8},"test-code":{"insertions":418,"deletions":2}}}]},{"date":"2021-10-10","commitResults":[{"hash":"ce165e11ea57b098985218b8af4b0b6ad3ee12b4","messageTitle":"Add Command logic and Parsing for Delete Recipe Commands","messageBody":"","fileTypesAndContributionMap":{"functional-code":{"insertions":9,"deletions":4},"test-code":{"insertions":83,"deletions":21}}},{"hash":"716ac3183959175a7de537f72fb48a104a97b9bb","messageTitle":"Include files for deleting recipes and parsing delete commands","messageBody":"","fileTypesAndContributionMap":{"functional-code":{"insertions":95,"deletions":0},"test-code":{"insertions":212,"deletions":0}}},{"hash":"4d3a53f99926a250914eb53aabef14387dff9dc5","messageTitle":"Fix newline issue with test case","messageBody":"","fileTypesAndContributionMap":{"test-code":{"insertions":1,"deletions":1}}},{"hash":"f5526757da62b8bac17a180ff334a3bff6229873","messageTitle":"Fix invalid add/delete recipe command prompt","messageBody":"Add spaces for the prompt received by the user when entering an\ninvalid recipe command.\n","fileTypesAndContributionMap":{"functional-code":{"insertions":12,"deletions":12}}}]},{"date":"2021-10-14","commitResults":[{"hash":"021e70c9b5c8165b9d27e493634e2a4c5a9e3554","messageTitle":"Add spacing to numbered list of steps when viewing recipe","messageBody":"","fileTypesAndContributionMap":{"functional-code":{"insertions":1,"deletions":1}}}]},{"date":"2021-10-19","commitResults":[{"hash":"f61f2cec126e58c5b1039ccca31e44198ed3a8cf","messageTitle":"Unify Inventory and Recipe Parsers","messageBody":"","fileTypesAndContributionMap":{"functional-code":{"insertions":99,"deletions":29},"test-code":{"insertions":173,"deletions":13}}}]},{"date":"2021-10-21","commitResults":[{"hash":"4d9550c35bffe3ab22f126175f87d25ea5ea2b41","messageTitle":"Fix lax regex matching for General Commands","messageBody":"","fileTypesAndContributionMap":{"functional-code":{"insertions":1,"deletions":1}}},{"hash":"e3577c3c9602eed146281d7b55157d3359939d91","messageTitle":"Edit sections on parsing and logic in Developer\u0027s Guide","messageBody":"","fileTypesAndContributionMap":{"docs":{"insertions":8,"deletions":4}}}]},{"date":"2021-10-22","commitResults":[{"hash":"a6bd0c693746c16452d184445ce78a418bdbb4c7","messageTitle":"Implement Edit Recipe functionality","messageBody":"","fileTypesAndContributionMap":{"functional-code":{"insertions":258,"deletions":5}}}]},{"date":"2021-10-23","commitResults":[{"hash":"956175b274af6f7455615c7b62589db8fb614fdd","messageTitle":"Add tests for Edit Recipe","messageBody":"","fileTypesAndContributionMap":{"functional-code":{"insertions":20,"deletions":3},"test-code":{"insertions":585,"deletions":0}}}]},{"date":"2021-10-25","commitResults":[{"hash":"37ed2350174a95d2d7d8ddb8196e86201e1b6a36","messageTitle":"Add Javadocs for classes","messageBody":"","fileTypesAndContributionMap":{"functional-code":{"insertions":24,"deletions":0}}}]},{"date":"2021-10-26","commitResults":[{"hash":"8265cb70223c7a26501459e872bf1364ad8c1c69","messageTitle":"Edit find by keyword behaviour","messageBody":"Edited Find functionality such that users can search for a recipe\nor ingredient by a partial name match as opposed to a full name\nmatch.\n","fileTypesAndContributionMap":{"functional-code":{"insertions":15,"deletions":3},"test-code":{"insertions":6,"deletions":2}}},{"hash":"72a6b3064d7f9bbe84be01d2b087d349d78748a6","messageTitle":"Implement Clear Recipe functionality","messageBody":"","fileTypesAndContributionMap":{"functional-code":{"insertions":79,"deletions":0},"test-code":{"insertions":114,"deletions":0}}}]},{"date":"2021-10-27","commitResults":[{"hash":"1353c06f595a70f59b6eec4745a145bdddac5ecb","messageTitle":"Add Clear Recipes command to UG and update Find commands","messageBody":"","fileTypesAndContributionMap":{"docs":{"insertions":20,"deletions":8}}}]},{"date":"2021-11-03","commitResults":[{"hash":"68224b57fbbd6668b07143e93fc2e4dd7b6571cd","messageTitle":"Allow user to add ingredients with same name but different expiry dates","messageBody":"","fileTypesAndContributionMap":{"functional-code":{"insertions":2,"deletions":1},"test-code":{"insertions":27,"deletions":1}}}]},{"date":"2021-11-04","commitResults":[{"hash":"a76cd3c1d295e8da7611fcf6438ca1e9e281995a","messageTitle":"Edit comparison methods to allow for case insensitive comparisons","messageBody":"","fileTypesAndContributionMap":{"functional-code":{"insertions":14,"deletions":4},"test-code":{"insertions":79,"deletions":2}}}]},{"date":"2021-11-07","commitResults":[{"hash":"e762bea19355602dcccd44f3ec6a22078d86d1ea","messageTitle":"Fix error from resolving merge conflict","messageBody":"","fileTypesAndContributionMap":{"test-code":{"insertions":2,"deletions":1}}}]},{"date":"2021-11-08","commitResults":[{"hash":"5f45f976a6ebd93f997bcee7bae37c5dc8073a96","messageTitle":"Update PPP for pattan9955.md","messageBody":"","fileTypesAndContributionMap":{"docs":{"insertions":47,"deletions":26}}},{"hash":"c861f659aa01df1c8472eb1a510b1221f5114013","messageTitle":"Update statistics for PPP","messageBody":"","fileTypesAndContributionMap":{"docs":{"insertions":3,"deletions":2}}}]}],"NayLin-H99":[{"date":"2021-09-21","commitResults":[{"hash":"bb624a561622d28c599da5b6f7ea03b83ed2481f","messageTitle":"Update AboutUs","messageBody":"","fileTypesAndContributionMap":{"docs":{"insertions":6,"deletions":5}}}]},{"date":"2021-09-27","commitResults":[{"hash":"33c173c47f47a2cbb849eb9cbd7e36b1b7d17081","messageTitle":"Update UG for v1.1","messageBody":"","fileTypesAndContributionMap":{"docs":{"insertions":33,"deletions":155}}},{"hash":"a8857844f956085ffba11978af8e217ff89ebf84","messageTitle":"Update UserGuide.md","messageBody":"","fileTypesAndContributionMap":{"docs":{"insertions":31,"deletions":17}}}]},{"date":"2021-09-30","commitResults":[{"hash":"f7085d86ae58c3c17f2716668456f5d3a7c59a39","messageTitle":"Add support for ExpiryDate and Type as fields for Ingredient","messageBody":"","fileTypesAndContributionMap":{"functional-code":{"insertions":317,"deletions":29},"test-code":{"insertions":139,"deletions":62}}},{"hash":"139552214d10ee719e54cde693f922e53ef09cc4","messageTitle":"Update UserGuide.md","messageBody":"","fileTypesAndContributionMap":{"docs":{"insertions":13,"deletions":1}}},{"hash":"bd40342b3453295e51b5cc8dda327a63a77ee8fb","messageTitle":"Update UserGuide.md with Table of Contents and Command Summary","messageBody":"","fileTypesAndContributionMap":{"docs":{"insertions":10,"deletions":10}}}]},{"date":"2021-10-01","commitResults":[{"hash":"bad337ca3460ad2db37b7a26c20c9a47cecda04d","messageTitle":"Adjust UG for formatting consistency","messageBody":"","fileTypesAndContributionMap":{"docs":{"insertions":5,"deletions":2}}}]},{"date":"2021-10-09","commitResults":[{"hash":"58442a6de92517e5e0b721d631944258c6bcd586","messageTitle":"Remove Type, update Quantity to support units","messageBody":"","fileTypesAndContributionMap":{"functional-code":{"insertions":129,"deletions":157},"test-code":{"insertions":73,"deletions":79}}},{"hash":"77a6d109dba06c6d5debbef64c96c0970afc28b8","messageTitle":"Update CLI Syntax","messageBody":"","fileTypesAndContributionMap":{"functional-code":{"insertions":2,"deletions":7},"test-code":{"insertions":0,"deletions":1}}},{"hash":"258047dbcccf53ade5320397f91ce7be14af2d17","messageTitle":"Fix minor bug for quantities without units","messageBody":"","fileTypesAndContributionMap":{"functional-code":{"insertions":2,"deletions":1}}},{"hash":"1f16c4b790bf3bee248490a072eda53c7849a0b6","messageTitle":"Add auto-updating of expiry status of Ingredients under Tag","messageBody":"","fileTypesAndContributionMap":{"functional-code":{"insertions":71,"deletions":38},"test-code":{"insertions":47,"deletions":2}}}]},{"date":"2021-10-10","commitResults":[{"hash":"60977dd19ca58b2e328591fe602378b7a352ef33","messageTitle":"Remove Email field and add other minor improvements","messageBody":"Remove Email fields and tests.\nAdjust FXML files to show expiry date.\nStandardise quantity to 3 decimal places if any.\n","fileTypesAndContributionMap":{"functional-code":{"insertions":29,"deletions":167},"other":{"insertions":3,"deletions":2},"test-code":{"insertions":76,"deletions":288}}},{"hash":"e2dd98e49d3b586639ec37900618040909f46d7a","messageTitle":"Remove remnants from Person class","messageBody":"","fileTypesAndContributionMap":{"functional-code":{"insertions":11,"deletions":11}}}]},{"date":"2021-10-19","commitResults":[{"hash":"5096fb5b501c8c92e01ba4c2677f2689518c25dd","messageTitle":"Update User Guide to v1.2","messageBody":"","fileTypesAndContributionMap":{"docs":{"insertions":96,"deletions":15}}}]},{"date":"2021-10-21","commitResults":[{"hash":"50139fcdc85e60fe7ec3fa0fd34c9997feb0611b","messageTitle":"Fix displayed results from Commands and update UG","messageBody":"","fileTypesAndContributionMap":{"functional-code":{"insertions":22,"deletions":15},"docs":{"insertions":122,"deletions":45}}},{"hash":"1fa3db4e400338094668f9176ff5410654719d23","messageTitle":"Update UG for Recipe and other formatting changes","messageBody":"","fileTypesAndContributionMap":{"docs":{"insertions":37,"deletions":25}}},{"hash":"cc89593d6cc81df5e9501ad04921eba1c79181cf","messageTitle":"Update DG for Automatic Quantity Unit Conversion","messageBody":"","fileTypesAndContributionMap":{"docs":{"insertions":23,"deletions":3}}},{"hash":"3af90834117059978b00d5f2d07aef72c9bacde2","messageTitle":"Minor fixes to UG","messageBody":"","fileTypesAndContributionMap":{"docs":{"insertions":19,"deletions":20}}}]},{"date":"2021-10-22","commitResults":[{"hash":"c4e070a8f203d9b873786a104340794e728bfbd0","messageTitle":"Add View Ingredient Command","messageBody":"","fileTypesAndContributionMap":{"functional-code":{"insertions":218,"deletions":26},"test-code":{"insertions":289,"deletions":40}}},{"hash":"bde65b2e65312971c2146dd18365124640bbf698","messageTitle":"Fix checkstyle errors","messageBody":"","fileTypesAndContributionMap":{"functional-code":{"insertions":25,"deletions":10},"other":{"insertions":8,"deletions":3},"test-code":{"insertions":8,"deletions":11}}}]},{"date":"2021-10-24","commitResults":[{"hash":"91fefff97c8d0293dcd6c3a853319557d2fcb5d6","messageTitle":"Add Cook Recipe Command to deduct quantity from inventory","messageBody":"","fileTypesAndContributionMap":{"functional-code":{"insertions":260,"deletions":1},"test-code":{"insertions":347,"deletions":15}}},{"hash":"f83a85ea0c92a13cec6210a1ff6052f255bd881b","messageTitle":"Update to the UG intro","messageBody":"","fileTypesAndContributionMap":{"docs":{"insertions":13,"deletions":4}}},{"hash":"571c1e352c07d933fad1ce72d30512c4139c0df8","messageTitle":"Bugfix for View Ingredient","messageBody":"","fileTypesAndContributionMap":{"functional-code":{"insertions":2,"deletions":2},"other":{"insertions":0,"deletions":0}}}]},{"date":"2021-10-25","commitResults":[{"hash":"1859f2f9ab6612c3c481fff93b3871ddbe139d9a","messageTitle":"Improve code and tests based on comments","messageBody":"","fileTypesAndContributionMap":{"functional-code":{"insertions":98,"deletions":77},"test-code":{"insertions":162,"deletions":23}}},{"hash":"e4611dc2b47e8435ed307d7df4a414975a586c28","messageTitle":"Fix trailing whitespace","messageBody":"","fileTypesAndContributionMap":{"test-code":{"insertions":0,"deletions":2}}},{"hash":"57f77faedf592fa716902304a9af482b708e8a8d","messageTitle":"Update UG","messageBody":"","fileTypesAndContributionMap":{"docs":{"insertions":158,"deletions":88}}}]},{"date":"2021-10-26","commitResults":[{"hash":"03cb4edcf2d8da8ccd11c4a14284bcd5c95f51a8","messageTitle":"Implement MultiDelete for Ingredient and Recipe","messageBody":"","fileTypesAndContributionMap":{"functional-code":{"insertions":271,"deletions":1},"test-code":{"insertions":380,"deletions":0}}},{"hash":"2a5e77df2bb6a9a434402d19dc1c8f032633dc27","messageTitle":"Adjust varargs","messageBody":"","fileTypesAndContributionMap":{"functional-code":{"insertions":4,"deletions":12},"test-code":{"insertions":25,"deletions":0}}}]},{"date":"2021-10-27","commitResults":[{"hash":"01fb489dcb3f9505b2c0720b3c79b65d02fc26fd","messageTitle":"Update Clear Command for expired Ingredients","messageBody":"","fileTypesAndContributionMap":{"functional-code":{"insertions":75,"deletions":6},"test-code":{"insertions":78,"deletions":6}}}]},{"date":"2021-10-29","commitResults":[{"hash":"69c08affb8711cad8ba8caececbf88cc5e1008bd","messageTitle":"Fix and update UG for v1.3","messageBody":"","fileTypesAndContributionMap":{"docs":{"insertions":181,"deletions":121}}}]},{"date":"2021-11-03","commitResults":[{"hash":"357ed58ed96769990f06e7b4a412ad3842405f23","messageTitle":"Merge Delete and MultiDelete command into one","messageBody":"","fileTypesAndContributionMap":{"functional-code":{"insertions":114,"deletions":337},"docs":{"insertions":2,"deletions":2},"test-code":{"insertions":193,"deletions":577}}},{"hash":"284ae305d489d91977fcfc55088264cad4a022a9","messageTitle":"Fix Checkstyle errors","messageBody":"","fileTypesAndContributionMap":{"functional-code":{"insertions":16,"deletions":2},"test-code":{"insertions":25,"deletions":7}}},{"hash":"2539bc7dc54ccbbcf120e96184847f80b764f9bc","messageTitle":"Fix empty step and ingredient bugs for AddRecipeCommand","messageBody":"","fileTypesAndContributionMap":{"functional-code":{"insertions":9,"deletions":4},"test-code":{"insertions":0,"deletions":4}}},{"hash":"af3e9bf8c1729ca01527d5deb2881d61af85b5be","messageTitle":"Minor fixes and UG update","messageBody":"","fileTypesAndContributionMap":{"functional-code":{"insertions":3,"deletions":1},"docs":{"insertions":10,"deletions":47},"test-code":{"insertions":12,"deletions":0}}},{"hash":"ac600044c10350a3bfe365ef4de4bf37f89dec1c","messageTitle":"Minor fixes","messageBody":"","fileTypesAndContributionMap":{"functional-code":{"insertions":2,"deletions":2},"docs":{"insertions":2,"deletions":2}}},{"hash":"3d0b3b3b5c011342b8e7689e8baa66644537001e","messageTitle":"Add tests","messageBody":"","fileTypesAndContributionMap":{"test-code":{"insertions":56,"deletions":0}}}]},{"date":"2021-11-04","commitResults":[{"hash":"5c66f061b2871cdc14cacf47a7be0eed217951c0","messageTitle":"Reject \u0027expiry\u0027 or \u0027expiring\u0027 tags as userinput","messageBody":"","fileTypesAndContributionMap":{"functional-code":{"insertions":12,"deletions":2}}},{"hash":"b3a580e615b706c90bfed0ab7840de31799bda67","messageTitle":"Fix test cases and checkstyle","messageBody":"","fileTypesAndContributionMap":{"functional-code":{"insertions":15,"deletions":8},"test-code":{"insertions":59,"deletions":45}}},{"hash":"54cb69bbbfeac9e23e3faea4f4f23c97e4887b81","messageTitle":"Fix optional steps JSON bug","messageBody":"","fileTypesAndContributionMap":{"functional-code":{"insertions":0,"deletions":4},"test-code":{"insertions":1,"deletions":8}}}]},{"date":"2021-11-07","commitResults":[{"hash":"edd0d5a0e1388cca4eff2ba355aaca1715f9df28","messageTitle":"Minor changes and bugfixes for Quantity.","messageBody":"","fileTypesAndContributionMap":{"functional-code":{"insertions":29,"deletions":20},"test-code":{"insertions":22,"deletions":22}}},{"hash":"2ff9152ba7c07414ee07234603d67c2ac2886dc1","messageTitle":"Minor adjustments","messageBody":"","fileTypesAndContributionMap":{"functional-code":{"insertions":11,"deletions":9}}}]},{"date":"2021-11-08","commitResults":[{"hash":"b9753ae13080c27cc1956165d74c42f9962c0337","messageTitle":"Update naylin-h99.md for PPP","messageBody":"","fileTypesAndContributionMap":{"docs":{"insertions":44,"deletions":29}}},{"hash":"ef7c1471b79c47b69799b79be8da23849efb1a7b","messageTitle":"Update PPP","messageBody":"","fileTypesAndContributionMap":{"docs":{"insertions":7,"deletions":6}}},{"hash":"867a60db34e5837c2edd928a3b34e9e94d80aeff","messageTitle":"Minor update to PPP","messageBody":"","fileTypesAndContributionMap":{"docs":{"insertions":1,"deletions":1}}},{"hash":"117ccc0df803048f7224f225a494ea0c70a7b0cb","messageTitle":"Minor update to PPP","messageBody":"","fileTypesAndContributionMap":{"docs":{"insertions":2,"deletions":2}}}]}]},"authorFileTypeContributionMap":{"alissayarmantho":{"docs":79,"functional-code":1304,"test-code":715,"other":6},"rebeccacxy":{"docs":582,"functional-code":1088,"test-code":1929,"other":6},"rootkie":{"docs":373,"functional-code":2187,"test-code":1214,"other":5},"pattan9955":{"docs":128,"functional-code":810,"test-code":1442},"NayLin-H99":{"docs":321,"functional-code":1010,"test-code":1737,"other":2}},"authorContributionVariance":{"alissayarmantho":116210.23,"rebeccacxy":1144161.0,"rootkie":351993.88,"pattan9955":21971.672,"NayLin-H99":77346.555},"authorDisplayNameMap":{"alissayarmantho":"CS2103T-W11-1 ALIS..ISSA","rebeccacxy":"CS2103T-W11-1 CHIN..ECCA","rootkie":"CS2103T-W11-1 LI B..ILIN","pattan9955":"CS2103T-W11-1 PATR..EONG","NayLin-H99":"CS2103T-W11-1 NAY .. HAN"}}
