{"authorDailyContributionsMap":{"marcuschj":[{"date":"2021-09-19","commitResults":[{"hash":"ff9277f3890ba6a46173000c708b48101a666bba","messageTitle":"UG changes to the description, command summary, features for list, exit commands and saving data","messageBody":"","fileTypesAndContributionMap":{"docs":{"insertions":9,"deletions":5}}},{"hash":"fbe6ebe38085ead8cec7b055ff2c964b5a16e64b","messageTitle":"Update Acknowledgements and Use Cases for DG","messageBody":"","fileTypesAndContributionMap":{"docs":{"insertions":67,"deletions":9}}},{"hash":"ba1f9f089e33772f8dd5f3ea39c3851570780b4d","messageTitle":"Update DG user stories priority","messageBody":"","fileTypesAndContributionMap":{"docs":{"insertions":5,"deletions":5}}},{"hash":"f0b7f3887b009c3d1ec48ff2d6e48920ea2099a0","messageTitle":"Update UG resource links","messageBody":"","fileTypesAndContributionMap":{"docs":{"insertions":1,"deletions":1}}},{"hash":"7cc619633fa9d84e8e56d435a084831b8b4f8597","messageTitle":"Remove \u0027AddressBook\u0027 occurences","messageBody":"","fileTypesAndContributionMap":{"docs":{"insertions":4,"deletions":4}}},{"hash":"14c0effc8a55c64bb4e48569dba31b3e4f233dbb","messageTitle":"Add personal information for AboutUs Add personal portfolio and image","messageBody":"","fileTypesAndContributionMap":{"docs":{"insertions":52,"deletions":6}}}]},{"date":"2021-09-21","commitResults":[{"hash":"4882bdc7595feb7602ea620b72fdd4a3013876a5","messageTitle":"Update image file name to proper format","messageBody":"","fileTypesAndContributionMap":{"docs":{"insertions":1,"deletions":1}}}]},{"date":"2021-10-06","commitResults":[{"hash":"141fde58f6c1f5b01937ea904b0dc6b50a0e4b81","messageTitle":"Update GUI to match WhereTourGo","messageBody":"The current GUI follows that of AB3 without personalisation for the interface of WhereTourGo.\n\nLet\u0027s\n* Change the logo and color scheme of the GUI\n","fileTypesAndContributionMap":{"functional-code":{"insertions":82,"deletions":47},"test-code":{"insertions":1,"deletions":1}}},{"hash":"1450d5d8cd226ffa8f4bd2889ebc282380364840","messageTitle":"Update GUI to match WhereTourGo application","messageBody":"The current GUI follows that of AB3 without personalisation for the interface of WhereTourGo.\n\nLet\u0027s\n* Change the logo and color scheme of the GUI\n","fileTypesAndContributionMap":{"functional-code":{"insertions":88,"deletions":53},"test-code":{"insertions":1,"deletions":1}}},{"hash":"b95d13a89716f7fda1d0a20b77aca763506f7e52","messageTitle":"Edit sample data for Tour contacts","messageBody":"","fileTypesAndContributionMap":{"functional-code":{"insertions":18,"deletions":18}}},{"hash":"a2bbdfa7cc837aa570a5416ebbb61585bd7fb4a6","messageTitle":"Reformat code to pass gradle checks","messageBody":"","fileTypesAndContributionMap":{"functional-code":{"insertions":6,"deletions":5}}}]},{"date":"2021-10-10","commitResults":[{"hash":"1135387a6003be464f15705bd9277dcb80523534","messageTitle":"Rate Command: introducing ratings to application","messageBody":"No existing method to rank the contacts in database, other than lexographically.\n\nA rating can be add to all new contact objects and updated whenever needed.\nRatings have to be an integer from 1 to 5 inclusive.\n","fileTypesAndContributionMap":{"functional-code":{"insertions":235,"deletions":57},"test-code":{"insertions":10,"deletions":10}}},{"hash":"1d529ebeb0ecdd98b1079c6af3de1540ba51752d","messageTitle":"Rate Command: Improve GUI rendering","messageBody":"Current rating is displayed plainly as an integer under each PersonCard. Does not stand out to user and can confuse user without any background knowledge of the fields.\n\nA highlighted box with bolded text and a star emoticon will help users easily and intuitively understand what the field stands for, and aids our rating field in achieving what it is supposed to: readability and comprehensibility.\n\nLet\u0027s\n* Improve the look of the rating field in the GUI\n","fileTypesAndContributionMap":{"functional-code":{"insertions":14,"deletions":3}}},{"hash":"da996d2765f7d4c4f05e94848f2944b4ee89a246","messageTitle":"Add support for ratings for AddCommand and EditCommand","messageBody":"Add tests for ratings under RatingTest\n","fileTypesAndContributionMap":{"functional-code":{"insertions":15,"deletions":22},"test-code":{"insertions":123,"deletions":67}}},{"hash":"48f59973632fcd8784f43493e8130eb81e6813b6","messageTitle":"Fix test and code quality issues","messageBody":"","fileTypesAndContributionMap":{"functional-code":{"insertions":79,"deletions":17},"test-code":{"insertions":87,"deletions":28}}}]},{"date":"2021-10-11","commitResults":[{"hash":"07c12dd60c8017a1d612d2514174acf3420b7642","messageTitle":"Add optionality to Rating field","messageBody":"Fix display result for Add and Edit to include Rating\n","fileTypesAndContributionMap":{"functional-code":{"insertions":13,"deletions":6}}},{"hash":"484df13e9c40884315eb614800aed20231902643","messageTitle":"Update tests for rating","messageBody":"","fileTypesAndContributionMap":{"test-code":{"insertions":2,"deletions":3}}},{"hash":"36fc9e0c42a0e961b65a8a16b622a1097e68ae8b","messageTitle":"Fix code quality for merge into main","messageBody":"","fileTypesAndContributionMap":{"functional-code":{"insertions":8,"deletions":8},"test-code":{"insertions":5,"deletions":5}}}]},{"date":"2021-10-17","commitResults":[{"hash":"c2598a970e5332006835fbd5cf8d2dbd756190c9","messageTitle":"Update Filter Command to add filter by ratings functionality","messageBody":"Previous Filter command was only filter by category codes\n\nCurrent filter command will be able to filter by ratings too.\n\nEnhance this feature by allowing users to filter by rating, i.e.:\n\n`filter ra/3`: filter all contacts with a rating of 3 stars.\n`filter c/att ra/5`: filter all accommodation-coded contacts with a rating of 5 stars.\n","fileTypesAndContributionMap":{"functional-code":{"insertions":72,"deletions":43},"test-code":{"insertions":152,"deletions":78}}},{"hash":"c58dab93a644741641ac0f651a06f9e13247a643","messageTitle":"Remove `Rate Command`","messageBody":"`Rate Command` is redundant as we already have \u0027Add Command` and `Edit Command` for the addition and modification of `rating` field respectively.\n","fileTypesAndContributionMap":{"functional-code":{"insertions":6,"deletions":111}}}]},{"date":"2021-10-19","commitResults":[{"hash":"e18b54f03cee6542b347cb240f1f020b4266148c","messageTitle":"Update DG with Rating implementation","messageBody":"","fileTypesAndContributionMap":{"docs":{"insertions":160,"deletions":11}}}]},{"date":"2021-10-21","commitResults":[{"hash":"efb38c1e8d9644935da38049a914ee0857b2f269","messageTitle":"Refactor `IsInFilterPredicate` class to `IsFilterablePredicate`","messageBody":"","fileTypesAndContributionMap":{"functional-code":{"insertions":9,"deletions":10},"other":{"insertions":20,"deletions":20}}},{"hash":"5886568b82dcc8161bbdae4e13bc11c2960ff40f","messageTitle":"Add UG table of contents and contents as per group discussion","messageBody":"","fileTypesAndContributionMap":{"docs":{"insertions":201,"deletions":78}}}]},{"date":"2021-10-23","commitResults":[{"hash":"9b031d138916dfdc908a8acb7b3f33228dc4b590","messageTitle":"Add `export` command","messageBody":"Application now supports exporting contacts as plain text. Export can either be a single contact (referenced by index), or the entire list of contacts.\n","fileTypesAndContributionMap":{"functional-code":{"insertions":268,"deletions":9},"test-code":{"insertions":5,"deletions":0}}},{"hash":"66351f6da670dfceaf9d76ffa072b4b39fb42a3d","messageTitle":"Add test cases for `export` commands","messageBody":"","fileTypesAndContributionMap":{"functional-code":{"insertions":2,"deletions":5},"test-code":{"insertions":258,"deletions":2}}}]},{"date":"2021-10-24","commitResults":[{"hash":"c6a8d0d7d4d2e79aec9b42736476730514dceaf1","messageTitle":"Change print statements for `ExportStorage` class, use logger instead","messageBody":"","fileTypesAndContributionMap":{"functional-code":{"insertions":6,"deletions":3}}},{"hash":"290ace147da10b369733f64f366eee13cab291c1","messageTitle":"Fix CI build issues","messageBody":"","fileTypesAndContributionMap":{"functional-code":{"insertions":1,"deletions":1},"docs":{"insertions":14,"deletions":15}}}]},{"date":"2021-10-31","commitResults":[{"hash":"52eb1a053cb148c7d95b8cc9d602e965e8868e4f","messageTitle":"Fix Rating with different constructor for empty Rating","messageBody":"No longer using 0 as input for \u0027unrated\u0027 or empty rating.\n\nRating bugs in `add`, `edit`, and `filter` commands have been addressed.\n","fileTypesAndContributionMap":{"functional-code":{"insertions":58,"deletions":19},"test-code":{"insertions":60,"deletions":13}}},{"hash":"11414e78912a22215a8b98f98f341ac05b18b56f","messageTitle":"Add UG changes","messageBody":"Notably, major changes to the About section.\n","fileTypesAndContributionMap":{"docs":{"insertions":108,"deletions":85}}},{"hash":"47e1f0931c72d5392996fe08464f94039b6de1ba","messageTitle":"Update `export` to improve on exported contact format","messageBody":"","fileTypesAndContributionMap":{"functional-code":{"insertions":37,"deletions":3}}},{"hash":"30318ddecdb07eec7460afdbf35530958050cb77","messageTitle":"Add screenshot for export.txt in User Guide","messageBody":"","fileTypesAndContributionMap":{"docs":{"insertions":3,"deletions":1}}}]},{"date":"2021-11-01","commitResults":[{"hash":"6eb0699f31337fa1975fc208aa703edf23a693b5","messageTitle":"Limit length of input fields `phone`, `address` and `name`","messageBody":"","fileTypesAndContributionMap":{"functional-code":{"insertions":9,"deletions":6}}},{"hash":"a3c4f2a7c5c51a0e7a2afb674bad72105f6e32c1","messageTitle":"Fix checkstyle errors","messageBody":"","fileTypesAndContributionMap":{"functional-code":{"insertions":8,"deletions":5}}},{"hash":"08c68c2a0585695f41c6b2f0dfa97f086ae4c05a","messageTitle":"Update marcuschj\u0027s PPP","messageBody":"","fileTypesAndContributionMap":{"docs":{"insertions":91,"deletions":68}}},{"hash":"d2800d3ae7bc576a3b930c03d43461a7d1b41f7d","messageTitle":"Fix bug where empty input for `Name` and `Address` was allowed","messageBody":"","fileTypesAndContributionMap":{"functional-code":{"insertions":2,"deletions":2}}},{"hash":"6e826281b3b5f65dbaa7585316c88f2f74df494a","messageTitle":"Revise previous regex expressions","messageBody":"Added test cases relevant to changes\n","fileTypesAndContributionMap":{"functional-code":{"insertions":4,"deletions":4},"test-code":{"insertions":14,"deletions":2}}},{"hash":"193de73f9c2294141e8fc59cde377a2b5868de56","messageTitle":"Update PRs reviewed for marcuschj","messageBody":"","fileTypesAndContributionMap":{"docs":{"insertions":1,"deletions":47}}}]},{"date":"2021-11-02","commitResults":[{"hash":"c9e914784158e385c2a5381d3d5ff603ae35ef08","messageTitle":"Add test cases for `filter` `rating` and `export`","messageBody":"Add `equals` method for single word commands and the corresponding test cases.\n","fileTypesAndContributionMap":{"functional-code":{"insertions":46,"deletions":17},"other":{"insertions":27,"deletions":27},"docs":{"insertions":4,"deletions":3},"test-code":{"insertions":512,"deletions":133}}},{"hash":"b1015cda01f9349f5e1e04253c4ffde20ec8ed4e","messageTitle":"Fix checkstyle errors","messageBody":"","fileTypesAndContributionMap":{"functional-code":{"insertions":1,"deletions":4},"test-code":{"insertions":55,"deletions":37}}},{"hash":"c2fa7d8de88daea297f593e45f18363c5b08581a","messageTitle":"Fix merge conflicts with the test typical persons","messageBody":"","fileTypesAndContributionMap":{"test-code":{"insertions":36,"deletions":27}}},{"hash":"0a796476a84f9adb3cad81dcbff828f1417f746a","messageTitle":"Test CI checks","messageBody":"","fileTypesAndContributionMap":{"test-code":{"insertions":4,"deletions":4}}},{"hash":"98f92bd264e066cdc376b0a99fab8e943227c8b4","messageTitle":"Remove possible illegal character for CI check","messageBody":"","fileTypesAndContributionMap":{"test-code":{"insertions":1,"deletions":1}}}]}],"Imerbear":[{"date":"2021-09-19","commitResults":[{"hash":"5dcf86b74b956de2d44a18024bb2817b54ade6e2","messageTitle":"Update UG for add feature","messageBody":"","fileTypesAndContributionMap":{"docs":{"insertions":12,"deletions":5}}},{"hash":"bc5e51b47cd7db243843977a500c79dec5e8eea0","messageTitle":"Update DG user profile and value proposition","messageBody":"","fileTypesAndContributionMap":{"docs":{"insertions":6,"deletions":1}}}]},{"date":"2021-09-20","commitResults":[{"hash":"70b6b59c2638610c75095948f63dbc4d3910dc88","messageTitle":"Add personal information for AboutUs","messageBody":"","fileTypesAndContributionMap":{"docs":{"insertions":4,"deletions":4}}}]},{"date":"2021-10-06","commitResults":[{"hash":"77ffcfb1b4a9c83fb51467befb63cd65f876436c","messageTitle":"Update UG to better show usage of add command","messageBody":"Change format of the usage of category code and added OTHERS category to UG\n","fileTypesAndContributionMap":{"docs":{"insertions":8,"deletions":7}}},{"hash":"b1edd0e221975dc6563fd617727d3718f7fbc615","messageTitle":"Update old test cases to support new add function","messageBody":"The following test cases have some changes within to allow for the tests to be run. NO test cases for category codes has been written as of yet.\n","fileTypesAndContributionMap":{"test-code":{"insertions":121,"deletions":111}}},{"hash":"eef3e7920d3e814decbbf2cd3f85e45421471201","messageTitle":"Add support for showing Categories in the GUI","messageBody":"Update done is small and is just a proof of concept. Further tweaking of the GUI is expected.\n","fileTypesAndContributionMap":{"functional-code":{"insertions":4,"deletions":0}}},{"hash":"8e13665f2b13e1f052f4dce4361d7dc24370640f","messageTitle":"Add new CategoryCode Class to the model","messageBody":"CategoryCode is used to show the category that the given person belongs to\n","fileTypesAndContributionMap":{"functional-code":{"insertions":80,"deletions":0}}},{"hash":"d896219dce644c1c2e1203332c8c2a3a0c641f5e","messageTitle":"Add support for EditCommand Class","messageBody":"EditCommand works closely with AddCommand. So changes had to be made before testing could be done. Minimal testing has been done on EditCommand, more testing required.\n","fileTypesAndContributionMap":{"functional-code":{"insertions":17,"deletions":9}}},{"hash":"4ff49e3f4c32463f555d1281fe6e00cddd852250","messageTitle":"Add support for new add command","messageBody":"AddCommand: Minor changes done (only UI message changed)\nAddCommandParser: Added support for category codes\nCliSyntax: Added new prefix \"c/\"\nParseUtil: Added new method for parsing of category from code parsed by argMultiMap\nPerson: Added CategoryCode as new attribute\nSampleDataUtil: Add new attribute to sample data\nJsonAdaptedPerson: Updated way Person objects are saved to allow for new attribute\n","fileTypesAndContributionMap":{"functional-code":{"insertions":61,"deletions":47}}},{"hash":"2d209154a3813b1b17c3beee9db8254477853d9d","messageTitle":"Change code to comply with coding standards","messageBody":"","fileTypesAndContributionMap":{"functional-code":{"insertions":88,"deletions":51},"test-code":{"insertions":3,"deletions":3}}},{"hash":"da11d597658ad36823c9c7654e41489f061dc386","messageTitle":"Change test files to comply with coding standards","messageBody":"","fileTypesAndContributionMap":{"test-code":{"insertions":117,"deletions":84}}}]},{"date":"2021-10-12","commitResults":[{"hash":"21e3de9367b8df0eaba3a38addeadb94bfa709ee","messageTitle":"Add test cases for isValidCategory method found in CategoryCode class","messageBody":"","fileTypesAndContributionMap":{"test-code":{"insertions":43,"deletions":0}}},{"hash":"f8ca8d8a87941f968e8035f86798878250424d66","messageTitle":"Fix bug of not being able to edit category codes","messageBody":"","fileTypesAndContributionMap":{"functional-code":{"insertions":16,"deletions":4},"test-code":{"insertions":1,"deletions":0}}},{"hash":"463bdbed7db79fe8101d63934d4ef9966cb43664","messageTitle":"Temporary fix","messageBody":"Should change this method, but changing the method results in failure of some test cases. Need to relook into this another time\n","fileTypesAndContributionMap":{"functional-code":{"insertions":1,"deletions":4}}},{"hash":"1fa991cd38333e66fc912c6ffdf56eb0c797df91","messageTitle":"Updated to comply with checkstyle","messageBody":"","fileTypesAndContributionMap":{"test-code":{"insertions":2,"deletions":2}}}]},{"date":"2021-10-14","commitResults":[{"hash":"dd69b9edbde6694e0a619d29d012b1ec1df99a7b","messageTitle":"Remove extra line causing compilation error","messageBody":"","fileTypesAndContributionMap":{"test-code":{"insertions":0,"deletions":1}}},{"hash":"a32cc7f4fb978e29ccf18b95f6be0b9e9b95e7b3","messageTitle":"Modify to comply with checkstyle","messageBody":"","fileTypesAndContributionMap":{"test-code":{"insertions":0,"deletions":1}}}]},{"date":"2021-10-19","commitResults":[{"hash":"2113eaebe4e3a383336021d40fc9b7c8b0ae85ea","messageTitle":"Update UserGuide.md","messageBody":"Tweak add command example in the command summary","fileTypesAndContributionMap":{"docs":{"insertions":1,"deletions":1}}},{"hash":"d2ee18e7d551fc48502ec7f0434eaaadec7dc827","messageTitle":"Change Help Command to either - Open the commandSummary.png file using the user\u0027s relevant desktop application - Open the online UserGuide on our github page using the user\u0027s default web browsing application (If the option above fails) - Open the in-built help page (If the two options above fails)","messageBody":"","fileTypesAndContributionMap":{"functional-code":{"insertions":89,"deletions":13}}},{"hash":"1e0ccb9a6149a24b5e37242bff59c4a14af1aaf0","messageTitle":"Update UG","messageBody":"","fileTypesAndContributionMap":{"docs":{"insertions":1,"deletions":3}}},{"hash":"d14ddb8ad7a436afe3e4aafde28c7ba7c55a8281","messageTitle":"Fix checkstyle","messageBody":"","fileTypesAndContributionMap":{"functional-code":{"insertions":1,"deletions":2}}},{"hash":"9d171c092d16f1d9f98db360d480d9eb6a6ca92c","messageTitle":"Update Help Menu to allow for both opening online User Guide as well as command summary png","messageBody":"","fileTypesAndContributionMap":{"functional-code":{"insertions":21,"deletions":10},"docs":{"insertions":3,"deletions":3}}}]},{"date":"2021-10-21","commitResults":[{"hash":"dcedb6bfb676cdd3a5bdca8b6365dfa4c8bf177f","messageTitle":"Update DG for Category Code","messageBody":"","fileTypesAndContributionMap":{"docs":{"insertions":176,"deletions":0}}},{"hash":"75091cecd1d15718979d223ee0c5704e19291a47","messageTitle":"Fix checkstyle","messageBody":"","fileTypesAndContributionMap":{"docs":{"insertions":3,"deletions":4}}},{"hash":"d165adaee121b8822ccd2eb31dffd64790ba5440","messageTitle":"Update DG","messageBody":"","fileTypesAndContributionMap":{"docs":{"insertions":8,"deletions":5}}},{"hash":"ed5751f391653b8d7ad7ed84bd7a15bce3cddcbf","messageTitle":"Tweak DG","messageBody":"","fileTypesAndContributionMap":{"docs":{"insertions":0,"deletions":1}}},{"hash":"90db1a02c050a0c89cbd1f38266a4abced8b7b7d","messageTitle":"Tweak Activity diagram","messageBody":"","fileTypesAndContributionMap":{"docs":{"insertions":2,"deletions":9}}}]},{"date":"2021-10-22","commitResults":[{"hash":"4a71089b95016c7a9cca4ed0587473f2f2d482af","messageTitle":"Update UserGuide.md","messageBody":"","fileTypesAndContributionMap":{"docs":{"insertions":6,"deletions":6}}},{"hash":"b3e2b823be592db74499ee91178f892cb25890fc","messageTitle":"Update UserGuide.md","messageBody":"","fileTypesAndContributionMap":{"docs":{"insertions":1,"deletions":1}}},{"hash":"524cbc840642ec2fcdd7575193be8a9d04cd8910","messageTitle":"Update UserGuide.md","messageBody":"","fileTypesAndContributionMap":{"docs":{"insertions":17,"deletions":17}}},{"hash":"62e9f059dfda5516d38818e4be356c90dbe61e0a","messageTitle":"Update UserGuide.md","messageBody":"","fileTypesAndContributionMap":{"docs":{"insertions":6,"deletions":6}}},{"hash":"6ee327fdcd7c9c03d15f4c22da5cb3b2f45c78d5","messageTitle":"Update UserGuide.md","messageBody":"","fileTypesAndContributionMap":{"docs":{"insertions":1,"deletions":1}}},{"hash":"46b4f86cef3fbb1bda8fca107bf3d2212fcfc62c","messageTitle":"Update UserGuide.md","messageBody":"","fileTypesAndContributionMap":{"docs":{"insertions":1,"deletions":1}}},{"hash":"3f42104fb5af6127f911ada40dabdb5e8066ac6c","messageTitle":"Update UserGuide.md","messageBody":"","fileTypesAndContributionMap":{"docs":{"insertions":1,"deletions":1}}},{"hash":"94039ad0d45cd64e19f84ac65f8aa971ca2d7e86","messageTitle":"Update UserGuide.md","messageBody":"","fileTypesAndContributionMap":{"docs":{"insertions":1,"deletions":1}}},{"hash":"9ae5aa5cc94db0fa19096bd4c8df7b5ba654cc52","messageTitle":"Update UserGuide.md","messageBody":"","fileTypesAndContributionMap":{"docs":{"insertions":2,"deletions":2}}},{"hash":"537a62fbbbb59a9b548bed09a8bcf7ab37aab74a","messageTitle":"Update UserGuide.md","messageBody":"","fileTypesAndContributionMap":{"docs":{"insertions":1,"deletions":1}}},{"hash":"7907b134cb9a518985d8e5762c9a16a754a71044","messageTitle":"Update UserGuide.md","messageBody":"","fileTypesAndContributionMap":{"docs":{"insertions":1,"deletions":1}}},{"hash":"44e1363ea2b17396b0c85438721173651a89fbe3","messageTitle":"Update UserGuide.md","messageBody":"","fileTypesAndContributionMap":{"docs":{"insertions":2,"deletions":2}}},{"hash":"198e0976a028f5dcdb6164efd6685224c3205efa","messageTitle":"Add Cmd command and the necessary test cases","messageBody":"","fileTypesAndContributionMap":{"functional-code":{"insertions":44,"deletions":5},"test-code":{"insertions":58,"deletions":2}}},{"hash":"fa1c960a009bd283932f6469fed0c43e291775d6","messageTitle":"Add javadoc comments","messageBody":"","fileTypesAndContributionMap":{"functional-code":{"insertions":4,"deletions":1}}},{"hash":"532b846c2efeb8c20ffab23cefb00f2b4f3a849e","messageTitle":"Tweak activity diagram","messageBody":"","fileTypesAndContributionMap":{"docs":{"insertions":3,"deletions":3}}},{"hash":"b09bff0dcf937ce73f9af97a64ac998518a68087","messageTitle":"Add javadoc","messageBody":"","fileTypesAndContributionMap":{"functional-code":{"insertions":6,"deletions":2}}}]},{"date":"2021-10-23","commitResults":[{"hash":"d19cbeaab624374c76b47e630f2bdeef6fe4357b","messageTitle":"Tweak comments","messageBody":"","fileTypesAndContributionMap":{"functional-code":{"insertions":13,"deletions":6}}}]},{"date":"2021-10-24","commitResults":[{"hash":"c079ae2be79b79e89b046aa72ab9b156cbb3536e","messageTitle":"Add input history functionality","messageBody":"","fileTypesAndContributionMap":{"functional-code":{"insertions":144,"deletions":1},"other":{"insertions":0,"deletions":0}}},{"hash":"0c241c0c69bec3f85e060d43b50af1cc3f15814e","messageTitle":"Tweak Javadocs","messageBody":"","fileTypesAndContributionMap":{"functional-code":{"insertions":19,"deletions":18}}},{"hash":"c20064f8e2a9295682213618afa7601a1d1a0a31","messageTitle":"Change naming","messageBody":"","fileTypesAndContributionMap":{"functional-code":{"insertions":3,"deletions":3}}},{"hash":"b9837e761588ded833778cc71316de69452e570d","messageTitle":"Changed output for MESSAGE_UNKNOWN_COMMAND","messageBody":"","fileTypesAndContributionMap":{"functional-code":{"insertions":5,"deletions":2}}},{"hash":"bf7f01d379cb20c9c70e3a1b8053fc9180530074","messageTitle":"Fix bug of empty commands getting saved in input history","messageBody":"","fileTypesAndContributionMap":{"functional-code":{"insertions":5,"deletions":1}}},{"hash":"805faa10f2b7797f935cec57b94d48b23f89d12c","messageTitle":"Changed name of method to provide greater clarity","messageBody":"","fileTypesAndContributionMap":{"functional-code":{"insertions":3,"deletions":3}}}]},{"date":"2021-10-25","commitResults":[{"hash":"96fae0786a73d439e2b0e144e90483d4757fceae","messageTitle":"Change categories to show full name instead of shorthand in PersonCard","messageBody":"","fileTypesAndContributionMap":{"functional-code":{"insertions":2,"deletions":2}}},{"hash":"8e92846f81a974faf977c10ffd61d6ac959fbc7c","messageTitle":"Added test cases for inputHistory","messageBody":"","fileTypesAndContributionMap":{"functional-code":{"insertions":20,"deletions":5},"test-code":{"insertions":108,"deletions":0}}},{"hash":"342337eb76ef9cf36e02c28f9fb868cf4f7b7185","messageTitle":"Added test cases for category","messageBody":"","fileTypesAndContributionMap":{"functional-code":{"insertions":8,"deletions":8},"test-code":{"insertions":48,"deletions":5}}},{"hash":"23593632f9a65d7ad466cba6309d6e2da16173ce","messageTitle":"Changed unknown command message to include cmd command prompt","messageBody":"","fileTypesAndContributionMap":{"test-code":{"insertions":4,"deletions":2}}}]},{"date":"2021-10-27","commitResults":[{"hash":"7aa9d3bb6a309af57a28947bb63a889370ba7f94","messageTitle":"Add more sample data","messageBody":"","fileTypesAndContributionMap":{"functional-code":{"insertions":53,"deletions":1}}},{"hash":"4eeeb4c438051af5acced2f820d04332311f936c","messageTitle":"Fix checkstyle","messageBody":"","fileTypesAndContributionMap":{"functional-code":{"insertions":3,"deletions":3}}},{"hash":"5f0aa3442486b6b5584a8c090507c3bd0549427d","messageTitle":"Add more sample data","messageBody":"","fileTypesAndContributionMap":{"functional-code":{"insertions":27,"deletions":1}}}]},{"date":"2021-10-30","commitResults":[{"hash":"df4efcde9bfe3edb2f248253554946d743281ae1","messageTitle":"Fix exception","messageBody":"","fileTypesAndContributionMap":{"functional-code":{"insertions":2,"deletions":2}}},{"hash":"7f9d46c34c5fda5703f3babec21b2f55cf0cda49","messageTitle":"Change cmd command implementation","messageBody":"","fileTypesAndContributionMap":{"functional-code":{"insertions":6,"deletions":6}}},{"hash":"b1fe2f9a6e8e0739da67323dd04bb9233e6db714","messageTitle":"Fix checkstyle","messageBody":"","fileTypesAndContributionMap":{"functional-code":{"insertions":1,"deletions":1}}},{"hash":"a518e31355277daa982f7ab429a90871a8c29db5","messageTitle":"Fix checkstyle","messageBody":"","fileTypesAndContributionMap":{"functional-code":{"insertions":0,"deletions":1}}}]},{"date":"2021-11-02","commitResults":[{"hash":"96830dbf11e92b40bb6a8fa09eb1f69d8e4a23fd","messageTitle":"Fix inconsistent use of person and contacts","messageBody":"","fileTypesAndContributionMap":{"functional-code":{"insertions":3,"deletions":3}}},{"hash":"5b774b25fc20e2fee19308f3ccba143f621324b7","messageTitle":"Update link","messageBody":"","fileTypesAndContributionMap":{"functional-code":{"insertions":2,"deletions":2}}}]},{"date":"2021-11-03","commitResults":[{"hash":"e724b084131a44e075fc93b5353b5d87fad7020d","messageTitle":"Change person to contact","messageBody":"","fileTypesAndContributionMap":{"functional-code":{"insertions":629,"deletions":629},"other":{"insertions":174,"deletions":174},"docs":{"insertions":2,"deletions":2},"test-code":{"insertions":537,"deletions":537}}},{"hash":"32447772c7b3d8ab7f3469f3d26fd60c85c40c9e","messageTitle":"Fix bugs","messageBody":"","fileTypesAndContributionMap":{"functional-code":{"insertions":2,"deletions":2}}},{"hash":"aae9ac4a1451045bcfc54863a1151ab2ef3dd88b","messageTitle":"Update person to contact for tests","messageBody":"","fileTypesAndContributionMap":{"functional-code":{"insertions":19,"deletions":15},"other":{"insertions":104,"deletions":104},"test-code":{"insertions":407,"deletions":408}}},{"hash":"c33fabb4b83ebefce0956f16a9b8082cbe38d1fa","messageTitle":"Change person to contacts for documentation and diagrams","messageBody":"","fileTypesAndContributionMap":{"docs":{"insertions":106,"deletions":106}}},{"hash":"2ff1d23a9fdd3388a255cd3e54d895e0190da570","messageTitle":"Add PPP and FAQ for UG","messageBody":"","fileTypesAndContributionMap":{"functional-code":{"insertions":3,"deletions":1},"docs":{"insertions":56,"deletions":2}}}]}],"ryantianj":[{"date":"2021-09-19","commitResults":[{"hash":"71a98f523ad45c04df95a98739ad062313717d55","messageTitle":"Update UserGuide.md","messageBody":"","fileTypesAndContributionMap":{"docs":{"insertions":5,"deletions":4}}},{"hash":"ddfcf938793a1efe904067a6ed3211e03e6e2c38","messageTitle":"Update UserGuide.md","messageBody":"","fileTypesAndContributionMap":{"docs":{"insertions":1,"deletions":1}}},{"hash":"a9c6c16553e85cc2554213f9538e319ac2f33a8b","messageTitle":"Update UG with delete","messageBody":"","fileTypesAndContributionMap":{"functional-code":{"insertions":2,"deletions":0},"docs":{"insertions":1,"deletions":1}}},{"hash":"caa84b67bd6fd44f4e1a47678e07a18e39659fd4","messageTitle":"Update UG with delete","messageBody":"","fileTypesAndContributionMap":{"functional-code":{"insertions":0,"deletions":2}}},{"hash":"767f5c51e17fc2a3e75a212e233a3b7ada5d0518","messageTitle":"Update User Stories in DG","messageBody":"","fileTypesAndContributionMap":{"docs":{"insertions":23,"deletions":6}}},{"hash":"e01c90974f724cab791ad58d3836dddbb4861e0f","messageTitle":"Update About Us","messageBody":"","fileTypesAndContributionMap":{"docs":{"insertions":4,"deletions":4}}},{"hash":"792f1fe4aaaf86dc3bdd1ae202c30458ba0fa651","messageTitle":"Update AboutUs with DG","messageBody":"","fileTypesAndContributionMap":{"docs":{"insertions":1,"deletions":1}}}]},{"date":"2021-09-20","commitResults":[{"hash":"b5ca9ca347b4b927ba712c1be44f454144752895","messageTitle":"Update NFR for DG","messageBody":"","fileTypesAndContributionMap":{"docs":{"insertions":4,"deletions":0}}}]},{"date":"2021-10-04","commitResults":[{"hash":"1b4d42e407302f7a6cb9200136139e12062473c1","messageTitle":"Update Delete to support name deletion","messageBody":"","fileTypesAndContributionMap":{"functional-code":{"insertions":131,"deletions":26},"other":{"insertions":9,"deletions":9},"test-code":{"insertions":132,"deletions":10}}}]},{"date":"2021-10-05","commitResults":[{"hash":"66cc2d222daca9840df7729f501f18611d7cabbc","messageTitle":"Update test cases","messageBody":"","fileTypesAndContributionMap":{"functional-code":{"insertions":3,"deletions":17},"test-code":{"insertions":9,"deletions":6}}},{"hash":"56c19818b9325c6737987be42ec720f81b16de3e","messageTitle":"Fix styling","messageBody":"","fileTypesAndContributionMap":{"functional-code":{"insertions":2,"deletions":1}}},{"hash":"def164f5a70d3a55ec1a2d8fbb91e3e27bdf9063","messageTitle":"Update test files styling","messageBody":"","fileTypesAndContributionMap":{"test-code":{"insertions":21,"deletions":10}}},{"hash":"6d13e22b327b25132144ff95f41b9dc03f710236","messageTitle":"Update UG for delete","messageBody":"","fileTypesAndContributionMap":{"docs":{"insertions":12,"deletions":2}}},{"hash":"0e1d2476e0f696f2631bfb0ebd7d3a9e08e029a0","messageTitle":"Update styling","messageBody":"","fileTypesAndContributionMap":{"functional-code":{"insertions":1,"deletions":2}}}]},{"date":"2021-10-10","commitResults":[{"hash":"958e4754e1deceb1080f23f26f60e4d4dd800d9a","messageTitle":"add review","messageBody":"","fileTypesAndContributionMap":{"functional-code":{"insertions":139,"deletions":25}}},{"hash":"62738dd034701b103f1823b83fdeb2c84f7049b9","messageTitle":"Update test cases","messageBody":"","fileTypesAndContributionMap":{"functional-code":{"insertions":26,"deletions":8},"docs":{"insertions":7,"deletions":3},"test-code":{"insertions":79,"deletions":32}}},{"hash":"3acf5a8a934c6cf55ea828b9b59b6bf641f966af","messageTitle":"Update edit command to support review","messageBody":"","fileTypesAndContributionMap":{"functional-code":{"insertions":9,"deletions":2}}}]},{"date":"2021-10-16","commitResults":[{"hash":"363934e6a38496df7b8fe58b6ba4e7008ef2bde9","messageTitle":"Enable assertions","messageBody":"","fileTypesAndContributionMap":{"other":{"insertions":4,"deletions":0}}}]},{"date":"2021-10-17","commitResults":[{"hash":"78be877484b9221c23b8766aca7e0d5dbda5e8fe","messageTitle":"Add Summary class","messageBody":"","fileTypesAndContributionMap":{"functional-code":{"insertions":118,"deletions":9},"test-code":{"insertions":78,"deletions":0}}}]},{"date":"2021-10-19","commitResults":[{"hash":"eead4bf33fcf2f4d18c2916bd5fe1bedae597d3e","messageTitle":"Update DG","messageBody":"","fileTypesAndContributionMap":{"docs":{"insertions":264,"deletions":0}}},{"hash":"24f23046d8648a4e92c78e1a026549260f6ed36b","messageTitle":"Fix checkstyle","messageBody":"","fileTypesAndContributionMap":{"docs":{"insertions":2,"deletions":8}}}]},{"date":"2021-10-20","commitResults":[{"hash":"4155c3c64823683de9f5f70489c2d7c55c116fbb","messageTitle":"Update Sequence diagram","messageBody":"","fileTypesAndContributionMap":{"docs":{"insertions":4,"deletions":1}}}]},{"date":"2021-10-22","commitResults":[{"hash":"2c26f05da45306036580f5bfe02edf94e7d14841","messageTitle":"Update UG","messageBody":"","fileTypesAndContributionMap":{"docs":{"insertions":36,"deletions":31}}},{"hash":"8e1148ab454a26397c968f3fe962e08dfbdc7982","messageTitle":"Update UG","messageBody":"","fileTypesAndContributionMap":{"docs":{"insertions":36,"deletions":21}}},{"hash":"46f78f34e1f1813bc7a539df4ece89882d0d1a59","messageTitle":"Update AboutUs.md","messageBody":"","fileTypesAndContributionMap":{"docs":{"insertions":0,"deletions":1}}},{"hash":"ab230cfb7f45153aacb928bde410df11c858c72d","messageTitle":"Update index.md","messageBody":"","fileTypesAndContributionMap":{"docs":{"insertions":1,"deletions":1}}},{"hash":"a10ba7312cc81e4ad4bd770d189feeab2afbdb54","messageTitle":"Update UserGuide.md","messageBody":"","fileTypesAndContributionMap":{"docs":{"insertions":1,"deletions":1}}},{"hash":"418d1a780f2d7028ce488f79f40555d3113bda2f","messageTitle":"Update UserGuide.md","messageBody":"Reduce Header size","fileTypesAndContributionMap":{"docs":{"insertions":1,"deletions":1}}},{"hash":"3645066980d1a43771d442f72ae3006462b244cb","messageTitle":"Add screenshots to UG","messageBody":"","fileTypesAndContributionMap":{"docs":{"insertions":8,"deletions":5}}},{"hash":"b776d5bb2d7a275d30d3cc4746485fdbd5329cab","messageTitle":"Update docs","messageBody":"","fileTypesAndContributionMap":{"docs":{"insertions":18,"deletions":12}}},{"hash":"9ecf1e028b8d77836bf477851bd6cbbfa578c511","messageTitle":"Update UserGuide.md","messageBody":"","fileTypesAndContributionMap":{"docs":{"insertions":1,"deletions":1}}},{"hash":"c0943caaad5be120de007770a8d724103dd0b720","messageTitle":"Update UserGuide.md","messageBody":"Fix Spelling Mistake","fileTypesAndContributionMap":{"docs":{"insertions":1,"deletions":1}}},{"hash":"0b79b8032c02cad5a92dbbac514f7d94b034cad8","messageTitle":"Link UI and Summary","messageBody":"","fileTypesAndContributionMap":{"functional-code":{"insertions":145,"deletions":54}}}]},{"date":"2021-10-23","commitResults":[{"hash":"e173c79c53d037f1c31f22ea2fd4a935dcdfd3b4","messageTitle":"Add Pie charts to summary","messageBody":"","fileTypesAndContributionMap":{"functional-code":{"insertions":130,"deletions":45},"test-code":{"insertions":14,"deletions":9}}},{"hash":"253412994e360cbd715f2266177c85f60903e810","messageTitle":"Add sum command","messageBody":"","fileTypesAndContributionMap":{"functional-code":{"insertions":28,"deletions":0}}},{"hash":"4590e527deb11143baf57057d7075390df06cadf","messageTitle":"Add sum command","messageBody":"","fileTypesAndContributionMap":{"functional-code":{"insertions":82,"deletions":49},"test-code":{"insertions":6,"deletions":29}}},{"hash":"103329f5b0dbd35f8376f502363915f5f5dc372e","messageTitle":"Update AddressBookParser.java","messageBody":"","fileTypesAndContributionMap":{"functional-code":{"insertions":1,"deletions":1}}},{"hash":"272a68ed85bcd09e3abbab6d8c15fc96734d8547","messageTitle":"Fix checkstyle","messageBody":"","fileTypesAndContributionMap":{"functional-code":{"insertions":1,"deletions":1}}},{"hash":"3fc2dd47d794f892cd53dc1b7df619229ac4e72b","messageTitle":"Fix Merge conflicts","messageBody":"","fileTypesAndContributionMap":{"functional-code":{"insertions":1,"deletions":0}}},{"hash":"0f8f101b9b65bc2ca754e323ba32ae74a8b111cc","messageTitle":"Add Test cases for summary","messageBody":"","fileTypesAndContributionMap":{"docs":{"insertions":1,"deletions":1},"test-code":{"insertions":109,"deletions":1}}}]},{"date":"2021-10-30","commitResults":[{"hash":"ff185e9bc2b118ab42a9ef2bc641a8013f4a8d4b","messageTitle":"Bug Fixes","messageBody":"","fileTypesAndContributionMap":{"functional-code":{"insertions":77,"deletions":39},"test-code":{"insertions":5,"deletions":3}}},{"hash":"c340e8ca14c52114e29969c9bbdd7a1276f13322","messageTitle":"Bug Fixes","messageBody":"","fileTypesAndContributionMap":{"functional-code":{"insertions":2,"deletions":3}}},{"hash":"c2d9f5ebef8b48ea9bcf421d14a2a07e3eb4c8fa","messageTitle":"Bug fixes","messageBody":"","fileTypesAndContributionMap":{"functional-code":{"insertions":16,"deletions":4},"docs":{"insertions":20,"deletions":8},"test-code":{"insertions":6,"deletions":4}}},{"hash":"abad6c4bb50224fe4731ee42000c2b8165829b56","messageTitle":"Update UG","messageBody":"","fileTypesAndContributionMap":{"docs":{"insertions":201,"deletions":118}}}]},{"date":"2021-10-31","commitResults":[{"hash":"e50a33a8088663185fda1ef393816bab892f81d4","messageTitle":"Update PPP","messageBody":"","fileTypesAndContributionMap":{"docs":{"insertions":57,"deletions":5}}},{"hash":"31e0fe0e20a22384a0d3cba5e1656be0c25f97a7","messageTitle":"Update AboutUs PPP","messageBody":"","fileTypesAndContributionMap":{"docs":{"insertions":1,"deletions":0}}},{"hash":"f8661dc2f9e6e2d5aa6e41ef45d371268b69d62f","messageTitle":"Update UserGuide.md","messageBody":"Update Warning Wrapper","fileTypesAndContributionMap":{"docs":{"insertions":2,"deletions":1}}},{"hash":"f04c984bff079a041b98c042dff1acf21b55bd79","messageTitle":"Update UI bug","messageBody":"","fileTypesAndContributionMap":{"functional-code":{"insertions":27,"deletions":7}}},{"hash":"e01c858a36daf42fa103c2f0313f86a2649df47c","messageTitle":"Update style","messageBody":"","fileTypesAndContributionMap":{"functional-code":{"insertions":16,"deletions":17}}}]},{"date":"2021-11-01","commitResults":[{"hash":"944cb76cd959e09b35084e456b532f37cce1c8ef","messageTitle":"Update commandbox syntax","messageBody":"","fileTypesAndContributionMap":{"functional-code":{"insertions":2,"deletions":1}}},{"hash":"3431dcf6356efcf9cd14e9e4c4b4d8d00a79c79e","messageTitle":"Update PPP","messageBody":"","fileTypesAndContributionMap":{"docs":{"insertions":3,"deletions":3}}},{"hash":"b8dc1f085d5a07a4231cdd7e38933e2b25dc294b","messageTitle":"Update review char limit, other small bug fixes","messageBody":"","fileTypesAndContributionMap":{"functional-code":{"insertions":22,"deletions":7},"docs":{"insertions":3,"deletions":1},"test-code":{"insertions":27,"deletions":1}}},{"hash":"808b6840d53bce937ecf7374ecbf60820e21fa76","messageTitle":"Update test cases","messageBody":"","fileTypesAndContributionMap":{"functional-code":{"insertions":2,"deletions":1},"test-code":{"insertions":61,"deletions":0}}},{"hash":"e73ea7430d1c47c0960b384ae3a2df320ce28a39","messageTitle":"Add More tests","messageBody":"","fileTypesAndContributionMap":{"functional-code":{"insertions":10,"deletions":2},"test-code":{"insertions":98,"deletions":4}}}]},{"date":"2021-11-02","commitResults":[{"hash":"d8fa61b61db2d8d8c54424219e64529f351c5cdd","messageTitle":"Update comments","messageBody":"","fileTypesAndContributionMap":{"functional-code":{"insertions":1,"deletions":0}}}]},{"date":"2021-11-03","commitResults":[{"hash":"a4f6e31b0a14e1f66722207dfeb2b017a9c41bb0","messageTitle":"Update UG","messageBody":"","fileTypesAndContributionMap":{"docs":{"insertions":68,"deletions":24}}}]}],"nataniayp":[{"date":"2021-09-22","commitResults":[{"hash":"4abd59f8db7d79b84a0cc3994a35d553f2e344d8","messageTitle":"Add Natania\u0027s section in docs/AboutUs.md","messageBody":"","fileTypesAndContributionMap":{"docs":{"insertions":4,"deletions":5}}},{"hash":"87c2efaee8afa50932c6d5154fbabad1221ee250","messageTitle":"Update README","messageBody":"","fileTypesAndContributionMap":{"docs":{"insertions":12,"deletions":6}}},{"hash":"196aca4f61e7b6c2e619c04ac783fa5d2a49a82e","messageTitle":"Update README","messageBody":"","fileTypesAndContributionMap":{"docs":{"insertions":12,"deletions":6}}},{"hash":"dc2351a452d671e1c16eccc2ce697688afcbddb1","messageTitle":"Add newline in README","messageBody":"","fileTypesAndContributionMap":{"docs":{"insertions":1,"deletions":1}}},{"hash":"2379621ac2962a3c016892641b7b63d1a1e0603f","messageTitle":"Edit find command","messageBody":"","fileTypesAndContributionMap":{"docs":{"insertions":7,"deletions":10}}},{"hash":"1a547d7d0361ed36e2785382a4897e50143dc0bd","messageTitle":"Update Github Actions badge","messageBody":"","fileTypesAndContributionMap":{"docs":{"insertions":1,"deletions":1}}}]},{"date":"2021-10-05","commitResults":[{"hash":"b5fe6fe6557c801d019db7efc62b2588b34147cf","messageTitle":"Modify Find Command","messageBody":"- Add a method named containsAndIgnoreCase in StringUtil.java to accept non-full word\n  matches.\n- Replace containsWordIgnoreCase in NameContainsKeywordsPredicate.java\n  with containsAndIgnoreCase to accept non-full word matches for basic\n  find command.\n","fileTypesAndContributionMap":{"functional-code":{"insertions":29,"deletions":1}}}]},{"date":"2021-10-09","commitResults":[{"hash":"6baa3e3120959e6843e7d2c8b0263b33ec4a9b90","messageTitle":"Add Java test code for FindCommand","messageBody":"","fileTypesAndContributionMap":{"test-code":{"insertions":44,"deletions":1}}}]},{"date":"2021-10-11","commitResults":[{"hash":"abf67c4bb0b7f0a47682848b5f14a1d5c5076c75","messageTitle":"Modify FindCommand to support more fields","messageBody":"- Include Name, Address, Email, Phone and Review as fields\n- Replace NameContainsKeywordsPredicate with\n  FindableContainsKeywordsPredicate\n","fileTypesAndContributionMap":{"functional-code":{"insertions":40,"deletions":36},"other":{"insertions":13,"deletions":13},"test-code":{"insertions":22,"deletions":22}}},{"hash":"19e6c987a3ba7fc12f295538b408ed6f19480cba","messageTitle":"Fix checkstyle","messageBody":"","fileTypesAndContributionMap":{"test-code":{"insertions":8,"deletions":4}}},{"hash":"dc0ed74fd8a5e342687b1e7a52b33d60768fa36d","messageTitle":"Edit FindableContainsKeywordsPredicateTest","messageBody":"","fileTypesAndContributionMap":{"test-code":{"insertions":0,"deletions":5}}}]},{"date":"2021-10-13","commitResults":[{"hash":"dd73df978455ff3c2ff8e765de2f1d469ea406ab","messageTitle":"Add more test cases for Find Command","messageBody":"","fileTypesAndContributionMap":{"test-code":{"insertions":95,"deletions":14}}},{"hash":"0ce8fd711e2964fd66e70c28b05eaf0fbc0348e4","messageTitle":"Fix code for CI checks","messageBody":"","fileTypesAndContributionMap":{"test-code":{"insertions":2,"deletions":2}}}]},{"date":"2021-10-19","commitResults":[{"hash":"ab1aca7c05dd4f0930ed1dad1f8a07d287c38eb8","messageTitle":"Modify GUI to have SelectedPerson panel","messageBody":"","fileTypesAndContributionMap":{"functional-code":{"insertions":271,"deletions":6}}},{"hash":"d6065bdf0b37e912c1451b1885ea20b7c7520a39","messageTitle":"Edit checkstyle and edit some methods","messageBody":"","fileTypesAndContributionMap":{"functional-code":{"insertions":3,"deletions":37}}}]},{"date":"2021-10-20","commitResults":[{"hash":"796d8b2c4a870af95415da61c5d59566720124b9","messageTitle":"Add the implementation details of Find command in DG","messageBody":"","fileTypesAndContributionMap":{"docs":{"insertions":152,"deletions":1}}},{"hash":"aa328ce374d574a6cd3f298a4be76f7fd8a919cc","messageTitle":"Fix checkstyle, edit UG and UI and replace persons with contacts","messageBody":"","fileTypesAndContributionMap":{"functional-code":{"insertions":3,"deletions":3},"docs":{"insertions":2,"deletions":2},"test-code":{"insertions":11,"deletions":11}}},{"hash":"ad02be4fbed0b13e527259173236a1e9bdb22813","messageTitle":"Add newline at EOF in FindSequenceDiagram.puml","messageBody":"","fileTypesAndContributionMap":{"docs":{"insertions":1,"deletions":1}}},{"hash":"d3c6df912de0778478b7f3e0aa0a98afdde91696","messageTitle":"Modify fxml files and integrate updated files to the original ones","messageBody":"","fileTypesAndContributionMap":{"functional-code":{"insertions":9,"deletions":83}}}]},{"date":"2021-10-21","commitResults":[{"hash":"ac965c4fdb28f61b12bb09dbb36d8bcfc964e08e","messageTitle":"Replace right display StackPane with ScrollPane, set text alignment for Address and Review","messageBody":"","fileTypesAndContributionMap":{"functional-code":{"insertions":31,"deletions":9}}}]},{"date":"2021-10-22","commitResults":[{"hash":"451a2660e1f7b6c962785efd794190ca7fb1f240","messageTitle":"Change design of PersonCard, add listener (not functional), modify design of rating label in SelectedPersonCard, edit javafx version","messageBody":"","fileTypesAndContributionMap":{"functional-code":{"insertions":82,"deletions":49}}}]},{"date":"2021-10-24","commitResults":[{"hash":"4132f15d8040c1c3917b39c5eb0b891a42cae29e","messageTitle":"Add implementation of SortCommandName and SortCommandRating","messageBody":"","fileTypesAndContributionMap":{"functional-code":{"insertions":178,"deletions":3}}}]},{"date":"2021-10-25","commitResults":[{"hash":"b614b1534a157b0efdc50b5f6b06287c73ce9b00","messageTitle":"Do code cleanup, add javadoc","messageBody":"","fileTypesAndContributionMap":{"functional-code":{"insertions":80,"deletions":54}}}]},{"date":"2021-10-26","commitResults":[{"hash":"8b112a08590cc77829519272be75770931fa55a5","messageTitle":"Change implementation of SortCommand to modify internal list of AddressBook","messageBody":"","fileTypesAndContributionMap":{"functional-code":{"insertions":38,"deletions":80},"test-code":{"insertions":5,"deletions":0}}},{"hash":"afd169432ed6b857a9a210dc52466b33f87263a8","messageTitle":"Remove trailing whitespaces in ModelManager.java","messageBody":"","fileTypesAndContributionMap":{"functional-code":{"insertions":2,"deletions":2}}}]},{"date":"2021-10-29","commitResults":[{"hash":"c36d95f88b817d66c1378af9eeebaeea5548f992","messageTitle":"Add test cases in SortCommandNameTest and SortCommandRatingTest","messageBody":"","fileTypesAndContributionMap":{"functional-code":{"insertions":2,"deletions":1},"test-code":{"insertions":373,"deletions":8}}}]},{"date":"2021-10-30","commitResults":[{"hash":"690f1f850b72224fa889822b0850d6270a5dfa00","messageTitle":"Add SortCommandParserTest, modify ParserUtilTest and fix checkstyle","messageBody":"","fileTypesAndContributionMap":{"functional-code":{"insertions":9,"deletions":0},"test-code":{"insertions":75,"deletions":2}}},{"hash":"2f0fcfa7344371efe45ea52907fa4f89fa2aaa24","messageTitle":"Modify EditCommand to show editedPerson on the right panel","messageBody":"","fileTypesAndContributionMap":{"functional-code":{"insertions":1,"deletions":1}}}]},{"date":"2021-11-02","commitResults":[{"hash":"efccdf87c448bea5f6674808df94c1cfef4c7e7c","messageTitle":"Edit default rating of PersonBuilder to match contacts in getTypicalAddressBook()","messageBody":"","fileTypesAndContributionMap":{"test-code":{"insertions":1,"deletions":1}}},{"hash":"624566f6d3ee5d7a57f8d6687a9198ded58cbe35","messageTitle":"Edit UI bugs","messageBody":"","fileTypesAndContributionMap":{"functional-code":{"insertions":14,"deletions":13}}},{"hash":"64159f635da9486a201a02889f1b447f6d1d0306","messageTitle":"Edit TypicalPersons to have Rating values between 1 and 5 inclusive and modify test cases","messageBody":"","fileTypesAndContributionMap":{"test-code":{"insertions":5,"deletions":5}}}]},{"date":"2021-11-03","commitResults":[{"hash":"13ebb829f12cb2d392773d2df64d640deaabc84b","messageTitle":"Update PPP and UserGuide","messageBody":"","fileTypesAndContributionMap":{"docs":{"insertions":102,"deletions":15}}},{"hash":"97aae4f9356ddbdd386fd4e122b3ac589e22974d","messageTitle":"Update PPP and DG","messageBody":"","fileTypesAndContributionMap":{"docs":{"insertions":4,"deletions":6}}},{"hash":"78be99334a281131d757c1a41316520a581f697d","messageTitle":"Fix checkstyle","messageBody":"","fileTypesAndContributionMap":{"docs":{"insertions":17,"deletions":17}}},{"hash":"5b5637cb00d833481560a4e0adf8aa4c1d993cab","messageTitle":"Fix inconsistency in ending some statements with/without period","messageBody":"","fileTypesAndContributionMap":{"docs":{"insertions":5,"deletions":5}}}]}],"lethiciars":[{"date":"2021-09-22","commitResults":[{"hash":"55e440c5b0bc69ba784c4bb73d075c4b8daf1be8","messageTitle":"Add personal details in AboutUs","messageBody":"","fileTypesAndContributionMap":{"docs":{"insertions":4,"deletions":5}}},{"hash":"ebb7fd8727d308f28c91d753311ba75a3180731e","messageTitle":"Add Filter feature to UG","messageBody":"","fileTypesAndContributionMap":{"docs":{"insertions":18,"deletions":0}}}]},{"date":"2021-10-05","commitResults":[{"hash":"c30f20102e5ec71ecbdd5987ce2e8dd00eef209f","messageTitle":"Add Filter command","messageBody":"Add dummy Filter command without implementation. filter c/CATEGORY_CODE\nreturns \"Filter contacts in CATEGORY_CODE category.\" in the Command\nResult\n","fileTypesAndContributionMap":{"functional-code":{"insertions":84,"deletions":9}}},{"hash":"bdd98180aa440d91fd454ccac46393ced1291ae8","messageTitle":"Fix checkstyle","messageBody":"","fileTypesAndContributionMap":{"functional-code":{"insertions":17,"deletions":8}}},{"hash":"8688a866f0cde6dda62842d9027f75e5f910e280","messageTitle":"Fix checkstyle","messageBody":"","fileTypesAndContributionMap":{"functional-code":{"insertions":4,"deletions":1}}}]},{"date":"2021-10-08","commitResults":[{"hash":"5834010b3799a592a8f455be8cd440862bc09198","messageTitle":"Implement filter feature","messageBody":"","fileTypesAndContributionMap":{"functional-code":{"insertions":65,"deletions":17}}},{"hash":"0ddc11c92edb1ff2e021364d02ecc6065825642e","messageTitle":"Fix checkstyle","messageBody":"","fileTypesAndContributionMap":{"functional-code":{"insertions":2,"deletions":2}}}]},{"date":"2021-10-10","commitResults":[{"hash":"48021db92a4ebf9e5f35a044264d33e351def722","messageTitle":"Fix bugs in Filter parser","messageBody":"","fileTypesAndContributionMap":{"functional-code":{"insertions":4,"deletions":4}}},{"hash":"928d2162aac5311ecf9a6bc1d8940f56e6d2d137","messageTitle":"Add filter multiple codes feature","messageBody":"","fileTypesAndContributionMap":{"functional-code":{"insertions":33,"deletions":14},"docs":{"insertions":6,"deletions":2}}},{"hash":"094ce1f4ac8d819ffd362ac4973b08d74787c939","messageTitle":"Fix checkstyle","messageBody":"","fileTypesAndContributionMap":{"functional-code":{"insertions":2,"deletions":1}}},{"hash":"f782fc1914a144c0b0f9e0b170a1593d86d0de6e","messageTitle":"Fix checkstyle","messageBody":"","fileTypesAndContributionMap":{"functional-code":{"insertions":1,"deletions":0}}}]},{"date":"2021-10-12","commitResults":[{"hash":"8f6c847e294091b019abf89153d43bce5dd6a36d","messageTitle":"Add test cases","messageBody":"Write test cases for IsInCategoryPredicate and FilterCommandParser\n","fileTypesAndContributionMap":{"test-code":{"insertions":144,"deletions":0}}},{"hash":"37bf96020df680bcd953060ac66249d64f07c609","messageTitle":"Fix checkstyle","messageBody":"","fileTypesAndContributionMap":{"test-code":{"insertions":2,"deletions":2}}},{"hash":"026ae4cd084443d404a612159de3998d4635bb7a","messageTitle":"Fix checkstyle","messageBody":"","fileTypesAndContributionMap":{"test-code":{"insertions":10,"deletions":7}}},{"hash":"4cb7eeb4413961b902dd273f405632a5be42b475","messageTitle":"Fix checkstyle","messageBody":"","fileTypesAndContributionMap":{"test-code":{"insertions":4,"deletions":4}}},{"hash":"fbc0a7f6bbd6e65927c348871d84c086d46a84bb","messageTitle":"Add test cases for Filter","messageBody":"","fileTypesAndContributionMap":{"test-code":{"insertions":67,"deletions":0}}}]},{"date":"2021-10-19","commitResults":[{"hash":"ef977af20d450e9816b2b8c07f9e207481a800ce","messageTitle":"Add method to display selected person","messageBody":"","fileTypesAndContributionMap":{"functional-code":{"insertions":29,"deletions":3}}}]},{"date":"2021-10-20","commitResults":[{"hash":"76d100c1ce2ed55ed61863038ea7a6729b7bcd6f","messageTitle":"Fix no selected person display","messageBody":"","fileTypesAndContributionMap":{"functional-code":{"insertions":41,"deletions":25}}},{"hash":"cf07a77947cc08788cade74973d51267c61cf9ca","messageTitle":"Fix GUI","messageBody":"","fileTypesAndContributionMap":{"functional-code":{"insertions":11,"deletions":85}}},{"hash":"4add9343f45f13eee59a3cfe5f0b9fa418916bdc","messageTitle":"Improve Display Pane GUI","messageBody":"","fileTypesAndContributionMap":{"functional-code":{"insertions":122,"deletions":61}}},{"hash":"bf98d5bf2c4c870483ce742e1ef643e2a810fb58","messageTitle":"Fix text wrap","messageBody":"","fileTypesAndContributionMap":{"functional-code":{"insertions":2,"deletions":0}}},{"hash":"6d712714ca8642ffb0ee555e86b91fa3e41b06de","messageTitle":"Update DG with Filter implementation","messageBody":"","fileTypesAndContributionMap":{"docs":{"insertions":142,"deletions":0}}}]},{"date":"2021-10-21","commitResults":[{"hash":"654ec3b5c2563ad4d3cc5f9c5d77811472bee3a3","messageTitle":"Add EOF","messageBody":"","fileTypesAndContributionMap":{"functional-code":{"insertions":1,"deletions":1}}},{"hash":"d74199143f48220b055ea79d76e1cef6594a9dd2","messageTitle":"Fix checkstyle","messageBody":"","fileTypesAndContributionMap":{"functional-code":{"insertions":0,"deletions":50}}},{"hash":"3f5e0b87ae635a62b6f0c776f8db006c6ac2311b","messageTitle":"Add View Command","messageBody":"","fileTypesAndContributionMap":{"functional-code":{"insertions":115,"deletions":0}}}]},{"date":"2021-10-22","commitResults":[{"hash":"1bd6362042fb91e7973e826216ac4b851d075bd9","messageTitle":"Implement view command","messageBody":"","fileTypesAndContributionMap":{"functional-code":{"insertions":42,"deletions":16}}}]},{"date":"2021-10-23","commitResults":[{"hash":"7aedeb0c6a8695090bb8a8562f19450acf490759","messageTitle":"Add equals method","messageBody":"","fileTypesAndContributionMap":{"functional-code":{"insertions":7,"deletions":0}}},{"hash":"2d3dc5db866aee8a1c42e3a119c111ad7b17c14c","messageTitle":"Add view by name command","messageBody":"","fileTypesAndContributionMap":{"functional-code":{"insertions":56,"deletions":0}}}]},{"date":"2021-10-25","commitResults":[{"hash":"c127f67e7b781ee6aea1ed7a7666fc40154b4183","messageTitle":"Add undo/redo commands","messageBody":"","fileTypesAndContributionMap":{"functional-code":{"insertions":86,"deletions":0}}},{"hash":"41db898504a30c3c65be2408b0e20f5a1e30a966","messageTitle":"Add javadocs","messageBody":"","fileTypesAndContributionMap":{"functional-code":{"insertions":8,"deletions":2}}},{"hash":"3ae1f7a02e9372dabc0d430def7430af5ce1437c","messageTitle":"Add undo and redo handling","messageBody":"","fileTypesAndContributionMap":{"functional-code":{"insertions":43,"deletions":4}}},{"hash":"e7f1ac103832529c697e830d2587bc69915e43f2","messageTitle":"Add equals method","messageBody":"","fileTypesAndContributionMap":{"functional-code":{"insertions":12,"deletions":0}}},{"hash":"ff71490084aefe210c70aa3f9a9558108c96315d","messageTitle":"Add redo undo implementation","messageBody":"","fileTypesAndContributionMap":{"test-code":{"insertions":25,"deletions":0}}},{"hash":"d8b3ea74ed53fe635fa2345c1a7433dfdd1fc3cb","messageTitle":"Update summary after undo/redo","messageBody":"","fileTypesAndContributionMap":{"functional-code":{"insertions":4,"deletions":0}}},{"hash":"de5a761c1bf2e5f23f37add8cf55012fe8e09326","messageTitle":"Fix summary update","messageBody":"","fileTypesAndContributionMap":{"functional-code":{"insertions":2,"deletions":2}}}]},{"date":"2021-10-26","commitResults":[{"hash":"78fece93a1935d88dd70b306700a6475fdde529a","messageTitle":"Add tag to filter feature","messageBody":"","fileTypesAndContributionMap":{"functional-code":{"insertions":40,"deletions":15}}},{"hash":"5ce63ea74ae72b60c1b1a0d977d663c817d598e9","messageTitle":"Update test cases","messageBody":"","fileTypesAndContributionMap":{"test-code":{"insertions":34,"deletions":22}}}]},{"date":"2021-11-02","commitResults":[{"hash":"3b3e1d87ea3b118b205202050edb943e255fb01d","messageTitle":"Fix multiple clears","messageBody":"","fileTypesAndContributionMap":{"functional-code":{"insertions":9,"deletions":3}}},{"hash":"d6385ddc0367aea29f6ee06fddd49c2798f3e8aa","messageTitle":"Fix message formatting","messageBody":"","fileTypesAndContributionMap":{"functional-code":{"insertions":1,"deletions":1}}},{"hash":"375ac65c0ee4946d5180b99848c8a1e23a53dd8e","messageTitle":"Modify test cases","messageBody":"","fileTypesAndContributionMap":{"test-code":{"insertions":1,"deletions":1}}},{"hash":"fbf329905ea74eb2718713349828d7eeafa79746","messageTitle":"Change implementation of clear command","messageBody":"","fileTypesAndContributionMap":{"functional-code":{"insertions":5,"deletions":4},"test-code":{"insertions":4,"deletions":3}}}]}]},"authorFileTypeContributionMap":{"marcuschj":{"docs":479,"functional-code":662,"test-code":990},"Imerbear":{"docs":335,"functional-code":1293,"test-code":1268},"ryantianj":{"docs":539,"functional-code":658,"test-code":415,"other":5},"nataniayp":{"docs":263,"functional-code":327,"test-code":445},"lethiciars":{"docs":137,"functional-code":578,"test-code":171}},"authorContributionVariance":{"marcuschj":43099.91,"Imerbear":338682.9,"ryantianj":18242.87,"nataniayp":8032.117,"lethiciars":7299.7656},"authorDisplayNameMap":{"marcuschj":"CS2103T-T12-2 CHUA..RCUS","Imerbear":"CS2103T-T12-2 ONG .. KAI","ryantianj":"CS2103T-T12-2 RYAN.. JUN","nataniayp":"CS2103T-T12-2 NATA..ANTO","lethiciars":"CS2103T-T12-2 LETH..TOSO"}}
