{"authorDailyContributionsMap":{"srj31":[{"date":"2021-09-30","commitResults":[{"hash":"9af25a0bb32ffa21f985311d4dd2571cd2c71791","messageTitle":"Add Sourabh\u0027s details","messageBody":"","fileTypesAndContributionMap":{"docs":{"insertions":4,"deletions":4}}},{"hash":"a106f8de75dabcd622a89eb69d53a1b691988a2c","messageTitle":"Add information about add task","messageBody":"","fileTypesAndContributionMap":{"docs":{"insertions":15,"deletions":8}}},{"hash":"2418d3df3c8f683eb6df271e9eea3d4e70af3259","messageTitle":"Update UserGuide command summary","messageBody":"","fileTypesAndContributionMap":{"docs":{"insertions":1,"deletions":1}}},{"hash":"07698a73bea31540a595499e00ec322b406b3839","messageTitle":"Update DG(information about add )","messageBody":"","fileTypesAndContributionMap":{"docs":{"insertions":21,"deletions":1}}},{"hash":"e93ab49d5c40a5716d02ddeb8e8775b9914266dc","messageTitle":"fix broken branch","messageBody":"","fileTypesAndContributionMap":{"docs":{"insertions":1,"deletions":1}}},{"hash":"0a25aa47cefeda666e2fb5d2a249ee8baca9d275","messageTitle":"correct branch name","messageBody":"","fileTypesAndContributionMap":{"docs":{"insertions":1,"deletions":1}}}]}],"KelvinSoo":[{"date":"2021-09-25","commitResults":[{"hash":"302636863c68a32ae58497ff8838b8459f9fab36","messageTitle":"Update Ui fxml files","messageBody":"","fileTypesAndContributionMap":{"functional-code":{"insertions":86,"deletions":16}}},{"hash":"b0505fb7359a8c8950399ff3c874cf0e5ab9f76c","messageTitle":"Update Ui fxml files","messageBody":"","fileTypesAndContributionMap":{"functional-code":{"insertions":1,"deletions":1}}}]},{"date":"2021-09-27","commitResults":[{"hash":"23b569cd971dec333d2dc1f3eeb408ff419104f0","messageTitle":"AboutUs: add details of Kelvin","messageBody":"","fileTypesAndContributionMap":{"docs":{"insertions":4,"deletions":4}}},{"hash":"1ff214b92b6cbdffb6b2e1e8282deaea466533ea","messageTitle":"UserGuide: add information of find feature","messageBody":"","fileTypesAndContributionMap":{"docs":{"insertions":18,"deletions":16}}},{"hash":"8ba7c34968b49b561195d4c2b9ba2176d9cde59d","messageTitle":"DeveloperGuide: add use case for finding a task","messageBody":"","fileTypesAndContributionMap":{"docs":{"insertions":15,"deletions":1}}},{"hash":"cd1c9da65d3d6bcf7a59ebced08876dd623e78c0","messageTitle":"Update AboutUs","messageBody":"","fileTypesAndContributionMap":{"docs":{"insertions":1,"deletions":1}}}]},{"date":"2021-09-30","commitResults":[{"hash":"03593e0e8eda1d8706a3e677c40e67f0f25b829c","messageTitle":"README: update description","messageBody":"","fileTypesAndContributionMap":{"docs":{"insertions":20,"deletions":5}}},{"hash":"9045102faa5b3078c68514d96d347f27c9f4224c","messageTitle":"README: fix whitespace error","messageBody":"","fileTypesAndContributionMap":{"docs":{"insertions":2,"deletions":5}}}]},{"date":"2021-10-06","commitResults":[{"hash":"342eb6904a648d3ce5e323c9fdb89cc426a9ebdc","messageTitle":"Rename project package from address to unify","messageBody":"","fileTypesAndContributionMap":{"other":{"insertions":738,"deletions":738},"test-code":{"insertions":3,"deletions":3}}},{"hash":"47d9461a7989962e0aa44a6fa2d6606013a5328d","messageTitle":"Rename model from person to task","messageBody":"","fileTypesAndContributionMap":{"functional-code":{"insertions":79,"deletions":79},"other":{"insertions":32,"deletions":32},"test-code":{"insertions":59,"deletions":59}}},{"hash":"f53ef264d153dbf064be7f2337aa986bc9cf219d","messageTitle":"Organise imports","messageBody":"","fileTypesAndContributionMap":{"functional-code":{"insertions":25,"deletions":18},"test-code":{"insertions":12,"deletions":12}}},{"hash":"8268a6c259b9170e84b43d3b895078d01cc29aab","messageTitle":"Optimise imports Remove separation before seedu.unify imports.","messageBody":"","fileTypesAndContributionMap":{"functional-code":{"insertions":0,"deletions":21},"test-code":{"insertions":0,"deletions":30}}},{"hash":"aaf54799b6cb4b3c73eb7dc673ef3e37cde9a92d","messageTitle":"Optimise imports Add separation between exceptions imports.","messageBody":"","fileTypesAndContributionMap":{"functional-code":{"insertions":62,"deletions":36},"test-code":{"insertions":28,"deletions":15}}},{"hash":"b787d3e192519d3e4efd6bcf0a60e38155526c46","messageTitle":"Optimise imports Add separation between com imports.","messageBody":"","fileTypesAndContributionMap":{"functional-code":{"insertions":38,"deletions":60},"test-code":{"insertions":15,"deletions":28}}},{"hash":"3a75a56f04d10170fee034efcf6d252f3aba7ee7","messageTitle":"Optimise imports","messageBody":"Add separation between org imports.\n","fileTypesAndContributionMap":{"test-code":{"insertions":35,"deletions":4}}}]}],"naranghardik16":[{"date":"2021-09-30","commitResults":[{"hash":"179f2ecf0918ef7a60dddc9d879efd5ee355a2bb","messageTitle":"Add Hardik details","messageBody":"","fileTypesAndContributionMap":{"docs":{"insertions":6,"deletions":5}}},{"hash":"2810fb0d3fd94e426c01572486dc3ebae63396d7","messageTitle":"Update UserGuide about tag command","messageBody":"","fileTypesAndContributionMap":{"docs":{"insertions":31,"deletions":1}}},{"hash":"4816926f37c31f220cbaf1f811e9ddb1d9146c09","messageTitle":"Update DG(information about tag)","messageBody":"","fileTypesAndContributionMap":{"docs":{"insertions":17,"deletions":1}}}]}],"lwj1711":[{"date":"2021-09-25","commitResults":[{"hash":"dcfce3de1c2ec338adf3646b568cded2c2c7b0d4","messageTitle":"Update README","messageBody":"","fileTypesAndContributionMap":{"docs":{"insertions":5,"deletions":12}}},{"hash":"a4e22fbe4c1e8d65adaaa1217907348b6b204d24","messageTitle":"Update UserGuide (focus on delete function)","messageBody":"","fileTypesAndContributionMap":{"docs":{"insertions":46,"deletions":54}}},{"hash":"00ec081871b78931d9ed177e1dfb89527decbc84","messageTitle":"Edit UserGuide for Java CI","messageBody":"","fileTypesAndContributionMap":{"docs":{"insertions":4,"deletions":4}}}]},{"date":"2021-09-26","commitResults":[{"hash":"07553171d02bfb19b96cf94752322816d29b74c2","messageTitle":"Update DeveloperGuide (focus on delete feature)","messageBody":"","fileTypesAndContributionMap":{"docs":{"insertions":21,"deletions":16}}},{"hash":"7b62da5083b5f5253edcc16764a631f0f30e814a","messageTitle":"Update README","messageBody":"","fileTypesAndContributionMap":{"docs":{"insertions":196,"deletions":12}}}]},{"date":"2021-09-27","commitResults":[{"hash":"d220b4afba8698979e556fca7302978a9c562bae","messageTitle":"Update index.md for site-wide-settings","messageBody":"","fileTypesAndContributionMap":{"docs":{"insertions":7,"deletions":7}}}]},{"date":"2021-10-03","commitResults":[{"hash":"173f861ecb255a2260b34b4d331ee36c098c2a5f","messageTitle":"Fix problems in AboutUs","messageBody":"","fileTypesAndContributionMap":{"docs":{"insertions":2,"deletions":2}}}]}],"Dr-Octavius":[{"date":"2021-09-30","commitResults":[{"hash":"3116a31c48194c41cf507a720f349aa4fcee8ae6","messageTitle":"Add Michael\u0027s details","messageBody":"","fileTypesAndContributionMap":{"docs":{"insertions":3,"deletions":3}}},{"hash":"bd268962d18b8f851404cf9710dc4c6ead557656","messageTitle":"Update UserGuide about show command","messageBody":"","fileTypesAndContributionMap":{"docs":{"insertions":22,"deletions":3}}},{"hash":"48097a6368e9fe0ae54fe1b3411cf1a4054cc455","messageTitle":"Update Developer Guide Information about show","messageBody":"","fileTypesAndContributionMap":{"docs":{"insertions":21,"deletions":3}}}]},{"date":"2021-10-02","commitResults":[{"hash":"425eb6473b8fe5f2ab81fd389b459a2f24bb721f","messageTitle":"Fix Nomenclature Issues","messageBody":"","fileTypesAndContributionMap":{"docs":{"insertions":3,"deletions":3}}},{"hash":"48d1d5f04014bdb70706e164d721cc2a7cb82535","messageTitle":"Amend Hardik Role","messageBody":"","fileTypesAndContributionMap":{"docs":{"insertions":1,"deletions":1}}},{"hash":"c437ccca3d224cde6b91455169fbce368d3088de","messageTitle":"Amend UserGuide","messageBody":"Remove redundant information\n","fileTypesAndContributionMap":{"docs":{"insertions":0,"deletions":24}}},{"hash":"4acc5e6c50e2147dda3ddfc76a453ecf1c8ad08d","messageTitle":"Amend Userguide","messageBody":"Remove Edit Feature from Command Summary\n","fileTypesAndContributionMap":{"docs":{"insertions":0,"deletions":1}}}]}]},"authorFileTypeContributionMap":{"srj31":{"docs":39,"functional-code":0,"test-code":0},"KelvinSoo":{"docs":54,"functional-code":447,"test-code":442},"naranghardik16":{"docs":43,"functional-code":0,"test-code":0},"lwj1711":{"docs":78,"functional-code":0,"test-code":0,"other":1},"Dr-Octavius":{"docs":35,"functional-code":0,"test-code":0}},"authorContributionVariance":{"srj31":165.34746,"KelvinSoo":241285.9,"naranghardik16":176.7475,"lwj1711":3416.7397,"Dr-Octavius":186.34001},"authorDisplayNameMap":{"srj31":"CS2103T-W17-4 SOUR..SWAL","KelvinSoo":"CS2103T-W17-4 SOO ..LVIN","naranghardik16":"CS2103T-W17-4 NARA..RDIK","lwj1711":"CS2103T-W17-4 LIM .. JIE","Dr-Octavius":"CS2103T-W17-4 LOO ..HAEL"}}
