{"authorDailyContributionsMap":{"yunpeng1234":[{"date":"2021-09-21","commitResults":[{"hash":"85a2fe61eacc77124d54b1b7e7b191ea4b29fae0","messageTitle":"Add Base Ui to test model","messageBody":"","fileTypesAndContributionMap":{"functional-code":{"insertions":142,"deletions":16}}},{"hash":"d4f022e2837a36a21f123dbea1890e76d430fb77","messageTitle":"Fix Checkstyle erros","messageBody":"","fileTypesAndContributionMap":{"functional-code":{"insertions":13,"deletions":6}}}]},{"date":"2021-09-22","commitResults":[{"hash":"f07eb5eaee3682fc7c5f89a79d795a84c2aa2e69","messageTitle":"Add Grade to model","messageBody":"","fileTypesAndContributionMap":{"functional-code":{"insertions":179,"deletions":17},"test-code":{"insertions":146,"deletions":48}}},{"hash":"746c4a3a62ef6e32774fe0070b8f4dad54360904","messageTitle":"Fix Checkstyle error","messageBody":"","fileTypesAndContributionMap":{"functional-code":{"insertions":1,"deletions":2}}},{"hash":"11c590db6c89ebd45ca7d6780000f8769ff0eb91","messageTitle":"Fix CheckStyle errors","messageBody":"","fileTypesAndContributionMap":{"functional-code":{"insertions":12,"deletions":12}}},{"hash":"046385f7da2d2931196974309f2b4076e3eadec9","messageTitle":"Fix CheckStyle error","messageBody":"","fileTypesAndContributionMap":{"test-code":{"insertions":17,"deletions":10}}},{"hash":"14226e4a2f7ae212859f6c711782f8f90a12c219","messageTitle":"Fix PR issues","messageBody":"","fileTypesAndContributionMap":{"functional-code":{"insertions":3,"deletions":3},"test-code":{"insertions":4,"deletions":4}}}]},{"date":"2021-09-26","commitResults":[{"hash":"f7984530036def1741247600a9f43a9e79079215","messageTitle":"Add Mock System to show academic","messageBody":"","fileTypesAndContributionMap":{"functional-code":{"insertions":49,"deletions":39}}},{"hash":"f88dbd1c193bb686e427e8879677272c09369809","messageTitle":"Add Dynamic Resizing","messageBody":"","fileTypesAndContributionMap":{"functional-code":{"insertions":23,"deletions":20}}}]},{"date":"2021-09-27","commitResults":[{"hash":"bea364275babec47769f9d1165820cdbe561c78c","messageTitle":"Fix  Resizing issue","messageBody":"","fileTypesAndContributionMap":{"functional-code":{"insertions":4,"deletions":4}}},{"hash":"9ac3cb9937c92e6c5b21ec4601b2ba4362f4d0e6","messageTitle":"Updated READ.me","messageBody":"","fileTypesAndContributionMap":{"docs":{"insertions":11,"deletions":11}}}]},{"date":"2021-09-29","commitResults":[{"hash":"cc89593033775617e42faddb861d03bef7df9a98","messageTitle":"Update AboutUs page","messageBody":"","fileTypesAndContributionMap":{"docs":{"insertions":3,"deletions":3}}}]}],"Jeromesyl":[{"date":"2021-09-22","commitResults":[{"hash":"d859be16250b800a1b0b4df4ae088525d86ad222","messageTitle":"Empty commit","messageBody":"","fileTypesAndContributionMap":{"functional-code":{"insertions":1,"deletions":1}}}]},{"date":"2021-09-23","commitResults":[{"hash":"ceb874c8500396337e1d49b260b37283da3f3d97","messageTitle":"Empty commit","messageBody":"","fileTypesAndContributionMap":{"functional-code":{"insertions":1,"deletions":1}}},{"hash":"7f06e1f8b2228c282bc9de34b1530751af3a8949","messageTitle":"Add course field to Person model.","messageBody":"","fileTypesAndContributionMap":{"functional-code":{"insertions":146,"deletions":22},"test-code":{"insertions":81,"deletions":17}}}]},{"date":"2021-09-24","commitResults":[{"hash":"5791d18d58e5413d8a4f005b863cc2f4483360bc","messageTitle":"Fix some unit tests.","messageBody":"Yet to resolve 2 tests.\n","fileTypesAndContributionMap":{"functional-code":{"insertions":2,"deletions":2},"test-code":{"insertions":82,"deletions":39}}},{"hash":"73876286a33f883dfbfdf8808d367b7f6c6f151f","messageTitle":"Add newline at EOF","messageBody":"","fileTypesAndContributionMap":{"functional-code":{"insertions":3,"deletions":3}}},{"hash":"0c618982bba3241f4e0738d7477d27f4a51e16b9","messageTitle":"Fix remaining unit tests.","messageBody":"Now passes all unit tests.\n","fileTypesAndContributionMap":{"functional-code":{"insertions":11,"deletions":2},"test-code":{"insertions":5,"deletions":3}}},{"hash":"9c363e596a3f5b85afe61733e2fa620792bd5ee3","messageTitle":"Update course validation regex.","messageBody":"Course names should only contain alphabet characters and spaces, and\nshould not be blank.\n","fileTypesAndContributionMap":{"functional-code":{"insertions":2,"deletions":2}}}]},{"date":"2021-09-28","commitResults":[{"hash":"247001de066a4bd367236dfe3872b514dd4e50d2","messageTitle":"update aboutus.md","messageBody":"","fileTypesAndContributionMap":{"docs":{"insertions":4,"deletions":3}}},{"hash":"12996e89569905bca00a6b87445a38dadd325460","messageTitle":"Update Aboutus.md","messageBody":"Renamed jerome-soh.png in images folder and updated the name in\naboutus.md\n","fileTypesAndContributionMap":{"docs":{"insertions":1,"deletions":1}}}]},{"date":"2021-10-01","commitResults":[{"hash":"ea83a8979c084e197a48901b351c01f9cf5e82ea","messageTitle":"Update aboutus.md","messageBody":"","fileTypesAndContributionMap":{"docs":{"insertions":1,"deletions":1}}}]}],"nicolej2122":[{"date":"2021-09-26","commitResults":[{"hash":"16cc64c054def87ae81c8530c6a4351cf96c20a3","messageTitle":"Add Skills field","messageBody":"","fileTypesAndContributionMap":{"functional-code":{"insertions":67,"deletions":67},"other":{"insertions":24,"deletions":24},"test-code":{"insertions":41,"deletions":41}}},{"hash":"5bdf144142ecfd9fde023cdee06c9d42aabf48ba","messageTitle":"Fix checkstyle errors","messageBody":"","fileTypesAndContributionMap":{"functional-code":{"insertions":10,"deletions":7}}},{"hash":"33cb1af5afce98e83f4f641b02d53f2ffaab0734","messageTitle":"Fix checkstyle","messageBody":"","fileTypesAndContributionMap":{"functional-code":{"insertions":2,"deletions":2}}},{"hash":"d844661077911084540eeb936567b328fc3fb5d5","messageTitle":"Fix checkstyle","messageBody":"","fileTypesAndContributionMap":{"functional-code":{"insertions":2,"deletions":2}}}]},{"date":"2021-09-28","commitResults":[{"hash":"418ddc086377ab77ba1f2b9ca430e06d4a8749b6","messageTitle":"Update AboutUs.md","messageBody":"","fileTypesAndContributionMap":{"docs":{"insertions":5,"deletions":5}}}]}],"jackgugz":[{"date":"2021-09-25","commitResults":[{"hash":"9527b79088b9eba603d84fcb7f11623a4014fcf7","messageTitle":"Add year of graduation field","messageBody":"","fileTypesAndContributionMap":{"functional-code":{"insertions":166,"deletions":31},"test-code":{"insertions":178,"deletions":55}}},{"hash":"f7ad9a93963b1073815119192f88abbdec46bd5b","messageTitle":"Fix style","messageBody":"","fileTypesAndContributionMap":{"other":{"insertions":1,"deletions":0},"test-code":{"insertions":14,"deletions":6}}}]},{"date":"2021-09-27","commitResults":[{"hash":"8500d63b7053e9ed7216f2c2e4e27e85215d4c4c","messageTitle":"Update Aboutme for gugeng","messageBody":"","fileTypesAndContributionMap":{"docs":{"insertions":3,"deletions":3}}}]},{"date":"2021-09-28","commitResults":[{"hash":"cb255b5d65e753821baefbbab836fdad007cfa38","messageTitle":"Update Developer Guide","messageBody":"Let\u0027s,\n* update product scope\n* update user stories\n* update NFRs\n* update Glossary\n","fileTypesAndContributionMap":{"docs":{"insertions":58,"deletions":10}}},{"hash":"1e89c5d7e86104fdf8d92c819be28e51f4a027ce","messageTitle":"Update Aboutme for gugeng","messageBody":"FIx the formatting and naming issues\n","fileTypesAndContributionMap":{"docs":{"insertions":2,"deletions":2}}}]}],"Chang-CH":[{"date":"2021-09-21","commitResults":[{"hash":"7bf59827404c21c392b104072feafa8533fee64f","messageTitle":"Add institution attribute","messageBody":"","fileTypesAndContributionMap":{"functional-code":{"insertions":149,"deletions":18},"test-code":{"insertions":148,"deletions":54}}},{"hash":"7e7875edfe4f407ae5423394545b3f92e89623d8","messageTitle":"Fix CheckStyle","messageBody":"","fileTypesAndContributionMap":{"test-code":{"insertions":2,"deletions":2}}},{"hash":"04f21c24cfcb30160d14c9600ab4d63e7dc2ebc4","messageTitle":"Added status field","messageBody":"- Changed address prefix to /addr, pending approval for removal\n- Added a/ prefix with json \"status\" for application status\n- Application status defaults to Status.APPLIED, with overloaded constructor to specify statuses\n","fileTypesAndContributionMap":{"functional-code":{"insertions":179,"deletions":12},"test-code":{"insertions":24,"deletions":14}}}]},{"date":"2021-09-22","commitResults":[{"hash":"a6dd7b7b1c573d375f033efeb2dff61a5a56e4a8","messageTitle":"Update institution test","messageBody":"","fileTypesAndContributionMap":{"test-code":{"insertions":7,"deletions":0}}},{"hash":"54ea9d7105b85362632ae98dc7f6124f8b338049","messageTitle":"Fix import order CheckStyle","messageBody":"","fileTypesAndContributionMap":{"test-code":{"insertions":1,"deletions":1}}},{"hash":"05920dcf5aecf6d4da65ad3a282d974e937ea90c","messageTitle":"Fix import order CheckStyle","messageBody":"","fileTypesAndContributionMap":{"test-code":{"insertions":1,"deletions":1}}},{"hash":"a1ae3e0e27ce3cf9baba03db4bd8bfd242944b6b","messageTitle":"Update institution test with grade","messageBody":"","fileTypesAndContributionMap":{"test-code":{"insertions":1,"deletions":1}}},{"hash":"21f91289e8f9e0e665360dedf0d83b6108e003cd","messageTitle":"Fixed style issues from conflict resolution","messageBody":"","fileTypesAndContributionMap":{"functional-code":{"insertions":17,"deletions":15},"test-code":{"insertions":17,"deletions":15}}},{"hash":"2e76d388c17bdcd1f4185a573e52a305e38f0b3a","messageTitle":"Fix missing prefix bug","messageBody":"Most likely introduced during conflict resolution.\n","fileTypesAndContributionMap":{"functional-code":{"insertions":1,"deletions":1},"test-code":{"insertions":0,"deletions":2}}}]},{"date":"2021-09-26","commitResults":[{"hash":"758eaf327af32d7baaf2e7af8ed10dbf32484f83","messageTitle":"Fix UI update","messageBody":"","fileTypesAndContributionMap":{"functional-code":{"insertions":100,"deletions":70}}}]},{"date":"2021-09-27","commitResults":[{"hash":"10f460b72079900db751ac57fae14bba07325d5d","messageTitle":"Update UserGuide.md","messageBody":"","fileTypesAndContributionMap":{"docs":{"insertions":29,"deletions":30}}},{"hash":"3867f22cfb8fd5e2a01c74daa44935a7b0dabf08","messageTitle":"Update project to match User Guide","messageBody":"","fileTypesAndContributionMap":{"functional-code":{"insertions":3,"deletions":3}}},{"hash":"f056ba9a8359808177e40477b1406f69d46d241a","messageTitle":"Update images","messageBody":"","fileTypesAndContributionMap":{"functional-code":{"insertions":1,"deletions":1}}},{"hash":"af404d07de8c9bf807a93423880df9b34f49fbed","messageTitle":"Update AboutUs.md","messageBody":"","fileTypesAndContributionMap":{"docs":{"insertions":3,"deletions":3}}},{"hash":"809fde10c6b1e28934eefc490d701bd7f27de57a","messageTitle":"Update AboutUs.md","messageBody":"","fileTypesAndContributionMap":{"docs":{"insertions":2,"deletions":1}}},{"hash":"4feada6d38126f29837f23e4e58988966c6d25a3","messageTitle":"Fix markdown syntax","messageBody":"","fileTypesAndContributionMap":{"docs":{"insertions":6,"deletions":6}}}]},{"date":"2021-09-28","commitResults":[{"hash":"0c05aca50ed43f19eff4a1e6f48794d3af767c8a","messageTitle":"Update AboutUs.md","messageBody":"","fileTypesAndContributionMap":{"docs":{"insertions":0,"deletions":1}}}]},{"date":"2021-10-01","commitResults":[{"hash":"38fcac3ce175fc6052d0576b01f95bff9a4c0e1d","messageTitle":"Update developer guide","messageBody":"","fileTypesAndContributionMap":{"docs":{"insertions":6,"deletions":0}}}]},{"date":"2021-10-07","commitResults":[{"hash":"e996f441a05b182aaf768dbd690c98816fbbb3a2","messageTitle":"Remove address field","messageBody":"","fileTypesAndContributionMap":{"functional-code":{"insertions":22,"deletions":150},"test-code":{"insertions":86,"deletions":260}}},{"hash":"deda4bf5b62cce2507839602ddb31c90665a86dd","messageTitle":"Fix tab css","messageBody":"","fileTypesAndContributionMap":{"functional-code":{"insertions":32,"deletions":6}}}]}]},"authorFileTypeContributionMap":{"yunpeng1234":{"docs":14,"functional-code":236,"test-code":88},"Jeromesyl":{"docs":4,"functional-code":129,"test-code":65},"nicolej2122":{"docs":5,"functional-code":90,"test-code":44},"jackgugz":{"docs":58,"functional-code":146,"test-code":163,"other":1},"Chang-CH":{"docs":45,"functional-code":432,"test-code":177}},"authorContributionVariance":{"yunpeng1234":10883.87,"Jeromesyl":4150.251,"nicolej2122":3779.2302,"jackgugz":9299.773,"Chang-CH":28907.95},"authorDisplayNameMap":{"yunpeng1234":"CS2103T-F12-2 XIAO..PENG","Jeromesyl":"CS2103T-F12-2 JERO.. LER","nicolej2122":"CS2103T-F12-2 NICO..SEPH","jackgugz":"CS2103T-F12-2 GU G..GENG","Chang-CH":"CS2103T-F12-2 CHAN.. HAO"}}
