{"authorDailyContributionsMap":{"yunpeng1234":[{"date":"2021-09-21","commitResults":[{"hash":"85a2fe61eacc77124d54b1b7e7b191ea4b29fae0","messageTitle":"Add Base Ui to test model","messageBody":"","fileTypesAndContributionMap":{"functional-code":{"insertions":142,"deletions":16}}},{"hash":"d4f022e2837a36a21f123dbea1890e76d430fb77","messageTitle":"Fix Checkstyle erros","messageBody":"","fileTypesAndContributionMap":{"functional-code":{"insertions":13,"deletions":6}}}]},{"date":"2021-09-22","commitResults":[{"hash":"f07eb5eaee3682fc7c5f89a79d795a84c2aa2e69","messageTitle":"Add Grade to model","messageBody":"","fileTypesAndContributionMap":{"functional-code":{"insertions":179,"deletions":17},"test-code":{"insertions":146,"deletions":48}}},{"hash":"746c4a3a62ef6e32774fe0070b8f4dad54360904","messageTitle":"Fix Checkstyle error","messageBody":"","fileTypesAndContributionMap":{"functional-code":{"insertions":1,"deletions":2}}},{"hash":"11c590db6c89ebd45ca7d6780000f8769ff0eb91","messageTitle":"Fix CheckStyle errors","messageBody":"","fileTypesAndContributionMap":{"functional-code":{"insertions":12,"deletions":12}}},{"hash":"046385f7da2d2931196974309f2b4076e3eadec9","messageTitle":"Fix CheckStyle error","messageBody":"","fileTypesAndContributionMap":{"test-code":{"insertions":17,"deletions":10}}},{"hash":"14226e4a2f7ae212859f6c711782f8f90a12c219","messageTitle":"Fix PR issues","messageBody":"","fileTypesAndContributionMap":{"functional-code":{"insertions":3,"deletions":3},"test-code":{"insertions":4,"deletions":4}}}]},{"date":"2021-09-26","commitResults":[{"hash":"f7984530036def1741247600a9f43a9e79079215","messageTitle":"Add Mock System to show academic","messageBody":"","fileTypesAndContributionMap":{"functional-code":{"insertions":49,"deletions":39}}},{"hash":"f88dbd1c193bb686e427e8879677272c09369809","messageTitle":"Add Dynamic Resizing","messageBody":"","fileTypesAndContributionMap":{"functional-code":{"insertions":23,"deletions":20}}}]},{"date":"2021-09-27","commitResults":[{"hash":"bea364275babec47769f9d1165820cdbe561c78c","messageTitle":"Fix  Resizing issue","messageBody":"","fileTypesAndContributionMap":{"functional-code":{"insertions":4,"deletions":4}}},{"hash":"9ac3cb9937c92e6c5b21ec4601b2ba4362f4d0e6","messageTitle":"Updated READ.me","messageBody":"","fileTypesAndContributionMap":{"docs":{"insertions":11,"deletions":11}}}]},{"date":"2021-09-29","commitResults":[{"hash":"cc89593033775617e42faddb861d03bef7df9a98","messageTitle":"Update AboutUs page","messageBody":"","fileTypesAndContributionMap":{"docs":{"insertions":3,"deletions":3}}}]},{"date":"2021-10-07","commitResults":[{"hash":"3bc559db71b2f8ca949d8b2a1c4b250adcbc5cbf","messageTitle":"Shift Ui Features around","messageBody":"","fileTypesAndContributionMap":{"functional-code":{"insertions":41,"deletions":48}}},{"hash":"755c2582119924464148ba1a0b50dea2bca8993e","messageTitle":"Fix CheckStyle import erros","messageBody":"","fileTypesAndContributionMap":{"functional-code":{"insertions":3,"deletions":4}}},{"hash":"2eb2b0586037043c8683faf1e94561932c0513ee","messageTitle":"Fix checkstyle error","messageBody":"","fileTypesAndContributionMap":{"functional-code":{"insertions":1,"deletions":0}}}]},{"date":"2021-10-08","commitResults":[{"hash":"8045e0b91aa9bbb5f1af2e75fc39827929ed7374","messageTitle":"Remove Address Field in UI","messageBody":"","fileTypesAndContributionMap":{"functional-code":{"insertions":0,"deletions":1}}}]},{"date":"2021-10-12","commitResults":[{"hash":"d3beea675beb797d1624ea71d46f1868dcc98181","messageTitle":"Refactored Addressbook into Internwatcher","messageBody":"","fileTypesAndContributionMap":{"functional-code":{"insertions":55,"deletions":55},"other":{"insertions":2,"deletions":2},"test-code":{"insertions":38,"deletions":38}}},{"hash":"fd8ace20924eb5ecc10d52d53ada80cd90915835","messageTitle":"Change comment suggestions to better reflect Skills","messageBody":"","fileTypesAndContributionMap":{"functional-code":{"insertions":2,"deletions":2}}},{"hash":"6e7c74bc58229f977d459067269614bd2a54713e","messageTitle":"Refactor Tags into Skill","messageBody":"","fileTypesAndContributionMap":{"functional-code":{"insertions":43,"deletions":42},"test-code":{"insertions":143,"deletions":148}}},{"hash":"cb5bad39076ed6e54ea898e0242a246e151532f7","messageTitle":"Fix CheckStyle erros","messageBody":"","fileTypesAndContributionMap":{"test-code":{"insertions":32,"deletions":16}}},{"hash":"e66208fd6c15b4504a0faaa101e10f3a03717e51","messageTitle":"Fix CheckStyle Errors","messageBody":"","fileTypesAndContributionMap":{"test-code":{"insertions":1,"deletions":2}}}]},{"date":"2021-10-18","commitResults":[{"hash":"70c3870801bad5d913aef2a842d2aeb7d79d0e89","messageTitle":"Add delete all functionality to InternWatcher","messageBody":"","fileTypesAndContributionMap":{"functional-code":{"insertions":34,"deletions":6}}},{"hash":"b92591fbe63788557fe3fea284b896e2f5a096a8","messageTitle":"Add tests for delete all command","messageBody":"","fileTypesAndContributionMap":{"functional-code":{"insertions":9,"deletions":0},"test-code":{"insertions":37,"deletions":3}}},{"hash":"dcb2601573e0efd9cbf4b43ea034f2abb523c451","messageTitle":"Fix Checkstyle Errors","messageBody":"","fileTypesAndContributionMap":{"functional-code":{"insertions":7,"deletions":2}}},{"hash":"8b9e25849705b8786b3aa8e8a506e1fcffbcd9c2","messageTitle":"Add test for parser util","messageBody":"","fileTypesAndContributionMap":{"test-code":{"insertions":24,"deletions":0}}},{"hash":"7c7a2ac9241841ea2e0f4cf9289e012924eadd08","messageTitle":"Fix checkstyle errors","messageBody":"","fileTypesAndContributionMap":{"functional-code":{"insertions":2,"deletions":2}}},{"hash":"ba8815116db2bc49e0b3ac22aa67fb230e5c6f73","messageTitle":"Fix Checkstyle Errors","messageBody":"","fileTypesAndContributionMap":{"test-code":{"insertions":9,"deletions":5}}},{"hash":"d91a2a0e6a12d6e624bf40af5ec6d6a0930c7cd3","messageTitle":"Fix checkstyle error","messageBody":"","fileTypesAndContributionMap":{"test-code":{"insertions":2,"deletions":2}}}]},{"date":"2021-10-19","commitResults":[{"hash":"2131ee93df30bfbd3e87061d0fb19c7eb9f582b5","messageTitle":"Rework Delete command with new Selection Class","messageBody":"","fileTypesAndContributionMap":{"functional-code":{"insertions":41,"deletions":11},"test-code":{"insertions":110,"deletions":33}}},{"hash":"e7b4f3ec7cee7a0a20ded148911e7b6dd4e3f8ea","messageTitle":"Fix CheckStyle Error","messageBody":"","fileTypesAndContributionMap":{"functional-code":{"insertions":3,"deletions":2}}},{"hash":"14839880a260f5b8f6734667ba32ede18642b7ff","messageTitle":"Fix CheckStyle Error","messageBody":"","fileTypesAndContributionMap":{"functional-code":{"insertions":0,"deletions":1}}},{"hash":"6ab111586004c1af1d81ea77170fbb6638186804","messageTitle":"Fix CheckStyle Error","messageBody":"","fileTypesAndContributionMap":{"test-code":{"insertions":5,"deletions":5}}},{"hash":"08af01545115b4a4757f6c244e113148127969e1","messageTitle":"Fix Checkstyle Error","messageBody":"","fileTypesAndContributionMap":{"test-code":{"insertions":0,"deletions":2}}}]},{"date":"2021-10-21","commitResults":[{"hash":"6c2976343de51616b2476f7d7d4f735718bd3528","messageTitle":"Add filter command test cases","messageBody":"","fileTypesAndContributionMap":{"functional-code":{"insertions":38,"deletions":36},"test-code":{"insertions":536,"deletions":17}}},{"hash":"02043f5f43f427700268cc4130b156080804f70c","messageTitle":"Fix Checkstyle errors","messageBody":"","fileTypesAndContributionMap":{"functional-code":{"insertions":2,"deletions":1},"test-code":{"insertions":0,"deletions":23}}},{"hash":"f286885f9890d3a2ef4332f0a018689becd31f88","messageTitle":"Fix CheckStyle Errors","messageBody":"","fileTypesAndContributionMap":{"test-code":{"insertions":14,"deletions":10}}},{"hash":"37e5c9663a18e02908c251ddc68161566572e7e0","messageTitle":"Fix Checkstyle errors","messageBody":"","fileTypesAndContributionMap":{"test-code":{"insertions":26,"deletions":4}}},{"hash":"3ca76ebf13c1acc72cca49a18b0681eb86b17f5c","messageTitle":"Fix Check style Error","messageBody":"","fileTypesAndContributionMap":{"test-code":{"insertions":11,"deletions":10}}},{"hash":"507b2359c0784a14ec080e0ff339486111e2bc32","messageTitle":"Fix Checkstyle errors","messageBody":"","fileTypesAndContributionMap":{"test-code":{"insertions":3,"deletions":3}}},{"hash":"c58055d264d4ad54353d2b2b9c209c62e9bf3db7","messageTitle":"Fix checkstyle error","messageBody":"","fileTypesAndContributionMap":{"test-code":{"insertions":1,"deletions":1}}},{"hash":"8c02c53b69f9ce3be69d9a2dd070b797ab02c843","messageTitle":"Fix Checkstyle errors","messageBody":"","fileTypesAndContributionMap":{"test-code":{"insertions":1,"deletions":1}}},{"hash":"b6d08212fde7c9e3ff2704d39d0c0019d236e827","messageTitle":"Update DG for Delete all command","messageBody":"","fileTypesAndContributionMap":{"docs":{"insertions":5,"deletions":0}}}]},{"date":"2021-10-25","commitResults":[{"hash":"4b6f6c8e27406bb8400a4387fd0a82636acddc5a","messageTitle":"Add Parser Tests for view command + fix certain bugs","messageBody":"","fileTypesAndContributionMap":{"functional-code":{"insertions":20,"deletions":0},"test-code":{"insertions":75,"deletions":0}}},{"hash":"c31d3d9206f5b57d7f8b94fa00b8ba48afadf0cf","messageTitle":"Fix checkstyle errors + remove remnants of testing","messageBody":"","fileTypesAndContributionMap":{"functional-code":{"insertions":5,"deletions":15}}},{"hash":"999b8d151e04d672f67119ea9a224356598b84f3","messageTitle":"Fix Checkstyle errors","messageBody":"","fileTypesAndContributionMap":{"functional-code":{"insertions":1,"deletions":3}}},{"hash":"3748ac36ff42bc81c0ff03b699101f481c35d160","messageTitle":"Fix checkstyle error","messageBody":"","fileTypesAndContributionMap":{"functional-code":{"insertions":1,"deletions":1}}},{"hash":"52a26e6a1362090958f26996f6316fc0786000e8","messageTitle":"Fix checkstyle error","messageBody":"","fileTypesAndContributionMap":{"test-code":{"insertions":2,"deletions":2}}},{"hash":"eb94778c5a3b02e133a5915b162825ed46499988","messageTitle":"Update UserGuide.MD","messageBody":"","fileTypesAndContributionMap":{"docs":{"insertions":48,"deletions":5}}},{"hash":"29304ddca01aab0e856025be4bb5955a84a1b120","messageTitle":"Update UserGuide.MD","messageBody":"","fileTypesAndContributionMap":{"docs":{"insertions":7,"deletions":3}}},{"hash":"1d1181f825763b2d8823e4abd3e70d94589038f0","messageTitle":"Update UserGuide","messageBody":"","fileTypesAndContributionMap":{"docs":{"insertions":5,"deletions":5}}}]}],"Jeromesyl":[{"date":"2021-09-22","commitResults":[{"hash":"d859be16250b800a1b0b4df4ae088525d86ad222","messageTitle":"Empty commit","messageBody":"","fileTypesAndContributionMap":{"functional-code":{"insertions":1,"deletions":1}}}]},{"date":"2021-09-23","commitResults":[{"hash":"ceb874c8500396337e1d49b260b37283da3f3d97","messageTitle":"Empty commit","messageBody":"","fileTypesAndContributionMap":{"functional-code":{"insertions":1,"deletions":1}}},{"hash":"7f06e1f8b2228c282bc9de34b1530751af3a8949","messageTitle":"Add course field to Person model.","messageBody":"","fileTypesAndContributionMap":{"functional-code":{"insertions":146,"deletions":22},"test-code":{"insertions":81,"deletions":17}}}]},{"date":"2021-09-24","commitResults":[{"hash":"5791d18d58e5413d8a4f005b863cc2f4483360bc","messageTitle":"Fix some unit tests.","messageBody":"Yet to resolve 2 tests.\n","fileTypesAndContributionMap":{"functional-code":{"insertions":2,"deletions":2},"test-code":{"insertions":82,"deletions":39}}},{"hash":"73876286a33f883dfbfdf8808d367b7f6c6f151f","messageTitle":"Add newline at EOF","messageBody":"","fileTypesAndContributionMap":{"functional-code":{"insertions":3,"deletions":3}}},{"hash":"0c618982bba3241f4e0738d7477d27f4a51e16b9","messageTitle":"Fix remaining unit tests.","messageBody":"Now passes all unit tests.\n","fileTypesAndContributionMap":{"functional-code":{"insertions":11,"deletions":2},"test-code":{"insertions":5,"deletions":3}}},{"hash":"9c363e596a3f5b85afe61733e2fa620792bd5ee3","messageTitle":"Update course validation regex.","messageBody":"Course names should only contain alphabet characters and spaces, and\nshould not be blank.\n","fileTypesAndContributionMap":{"functional-code":{"insertions":2,"deletions":2}}}]},{"date":"2021-09-28","commitResults":[{"hash":"247001de066a4bd367236dfe3872b514dd4e50d2","messageTitle":"update aboutus.md","messageBody":"","fileTypesAndContributionMap":{"docs":{"insertions":4,"deletions":3}}},{"hash":"12996e89569905bca00a6b87445a38dadd325460","messageTitle":"Update Aboutus.md","messageBody":"Renamed jerome-soh.png in images folder and updated the name in\naboutus.md\n","fileTypesAndContributionMap":{"docs":{"insertions":1,"deletions":1}}}]},{"date":"2021-10-01","commitResults":[{"hash":"ea83a8979c084e197a48901b351c01f9cf5e82ea","messageTitle":"Update aboutus.md","messageBody":"","fileTypesAndContributionMap":{"docs":{"insertions":1,"deletions":1}}}]},{"date":"2021-10-11","commitResults":[{"hash":"cd1afeba670a1843d8491df4a49831c5086a8f70","messageTitle":"Update AbousUs and UserGuide documentation.","messageBody":"- Updated responsibilities line for Jerome.\n- Added sub section for \"undoing a command\" under Features.\n","fileTypesAndContributionMap":{"docs":{"insertions":5,"deletions":1}}}]},{"date":"2021-10-20","commitResults":[{"hash":"fc0d6121fc2dd3e717a09640ed3d5b3acaa6052a","messageTitle":"Add classes for redo and undo commands.","messageBody":"","fileTypesAndContributionMap":{"functional-code":{"insertions":48,"deletions":0}}},{"hash":"6c4dc298af52287f1c8c358bfb1cd84e79856cf6","messageTitle":"Add Undo Manager class.","messageBody":"Undo manager contains the actual mechanisms for undo/redo.\nIt has a list that stores the state history of the Intern Watcher.\nMethods:\n- commitState(): Saves current state in the history\n- undo(): Restores the previous sate from history\n- redo(): Restores the previous undone state from history\n","fileTypesAndContributionMap":{"functional-code":{"insertions":50,"deletions":0}}},{"hash":"cba8c7808790c27ae89f27313fcfca67b3f725d2","messageTitle":"Update Model to include Undo/Redo functionality","messageBody":"","fileTypesAndContributionMap":{"functional-code":{"insertions":39,"deletions":0}}},{"hash":"748609e3a7b7aea6e73262c4e88d7759d7e387bd","messageTitle":"Update Redo and Undo Commands to match model","messageBody":"","fileTypesAndContributionMap":{"functional-code":{"insertions":6,"deletions":6}}},{"hash":"a86a3b09c26ef4ff969c91c58dcf647809bde148","messageTitle":"Update parser to include redo and undo commands","messageBody":"","fileTypesAndContributionMap":{"functional-code":{"insertions":6,"deletions":0}}},{"hash":"c6ddbd652684ff40ec62a7ae1c8f21ff2abc52e1","messageTitle":"Add usage message to Undo.","messageBody":"","fileTypesAndContributionMap":{"functional-code":{"insertions":3,"deletions":0}}}]},{"date":"2021-10-21","commitResults":[{"hash":"31c67f365a84567ba023c68f4bfdc5ac4b4b05e9","messageTitle":"Refactor UndoManager to VersionedInternWatcher","messageBody":"","fileTypesAndContributionMap":{"other":{"insertions":8,"deletions":12}}},{"hash":"05dea27866d6bbbfd677aed7a3ecb3e39b63c1ea","messageTitle":"Update ModelManager to support undo/redo functions.","messageBody":"When the application first launches, a VersionedInternWatcher instance\nwill be created instead of a InternWatcher instance. This is to allow\nthe states to be saved in a list.\n","fileTypesAndContributionMap":{"functional-code":{"insertions":7,"deletions":9}}},{"hash":"47403abba37c14a6da67b5d4afe199f1b0fb1d1b","messageTitle":"Update command to commit state after successful execution.","messageBody":"","fileTypesAndContributionMap":{"functional-code":{"insertions":6,"deletions":1}}},{"hash":"07c255e1fd1509974229d6012ccda65cb4c820c8","messageTitle":"Update usage message.","messageBody":"","fileTypesAndContributionMap":{"functional-code":{"insertions":8,"deletions":5}}},{"hash":"690616a7949bd992febc66cda70927778f21eb9e","messageTitle":"Add javadoc comments","messageBody":"","fileTypesAndContributionMap":{"functional-code":{"insertions":48,"deletions":0}}},{"hash":"9963032ce9117050d6fc6a1be7ec8bc3ed4bce5b","messageTitle":"Resolve build gradle exception","messageBody":"","fileTypesAndContributionMap":{"test-code":{"insertions":25,"deletions":0}}},{"hash":"c1701e576c0fba3868735cbe39236ca1e3556326","messageTitle":"Resolve build gradle error","messageBody":"","fileTypesAndContributionMap":{"test-code":{"insertions":1,"deletions":1}}}]},{"date":"2021-10-23","commitResults":[{"hash":"94895e37f451f5abe55fbdf56a29f0c78fb5a5d8","messageTitle":"Update JavaDoc comments","messageBody":"","fileTypesAndContributionMap":{"functional-code":{"insertions":3,"deletions":3}}},{"hash":"c91a13c523b6b26c21ffcd32b129bf17370dfd75","messageTitle":"Update DG for undo/redo feature implementation","messageBody":"","fileTypesAndContributionMap":{"docs":{"insertions":18,"deletions":19}}},{"hash":"bde33181ee3973df41f3057c6d7194172b2d4379","messageTitle":"Refactor variable names to better represent their purpose","messageBody":"","fileTypesAndContributionMap":{"functional-code":{"insertions":15,"deletions":15}}},{"hash":"318eea6c5b731dcd6b8c06e5fdd03ea60c8601d6","messageTitle":"Move undo-redo images to its own folder","messageBody":"","fileTypesAndContributionMap":{"docs":{"insertions":7,"deletions":7}}}]},{"date":"2021-10-25","commitResults":[{"hash":"4d34b2faf9da583ebb6e6392192293aa87ba0951","messageTitle":"Update user guide for undo/redo feature","messageBody":"","fileTypesAndContributionMap":{"docs":{"insertions":48,"deletions":24}}},{"hash":"19c01d00f286516ea74bfbc177766f478603a389","messageTitle":"Update undo/redo to display the action that was undone/redone.","messageBody":"undo/redo previously displays \"Action has been undone\" or \"Action\nhas been redone\".\n\nUndoable actions now commit a message to show the action that was\nchanged. The message is stored as a string in an array list\ncommandHistory, tied to the watcherStateList with the\ncurrStatePointer. When undo/redo is called, the message is displayed\nin the command result.\n","fileTypesAndContributionMap":{"functional-code":{"insertions":58,"deletions":37},"test-code":{"insertions":3,"deletions":3}}},{"hash":"f5c8365d7235a091516b314cfac43f264e13a359","messageTitle":"Fix checkstyle errors","messageBody":"","fileTypesAndContributionMap":{"functional-code":{"insertions":3,"deletions":3}}},{"hash":"212d60a2f6612d1affa10114c0287d2c4fdc8e79","messageTitle":"Update javadoc","messageBody":"","fileTypesAndContributionMap":{"test-code":{"insertions":2,"deletions":0}}},{"hash":"fa4d1d819159dd73dbc57915114cf457006d45d7","messageTitle":"Remove undocommandtest","messageBody":"","fileTypesAndContributionMap":{"test-code":{"insertions":0,"deletions":2}}},{"hash":"a38522fca8a822f5fd0a8e3d196f51e322b62c3c","messageTitle":"Revert \"Remove undocommandtest\"","messageBody":"This reverts commit fa4d1d819159dd73dbc57915114cf457006d45d7.\n","fileTypesAndContributionMap":{"test-code":{"insertions":2,"deletions":0}}},{"hash":"4e4afbcfe1f5e0e074dda7bebedc8bde87c74dfb","messageTitle":"Revert \"Update javadoc\"","messageBody":"This reverts commit 212d60a2f6612d1affa10114c0287d2c4fdc8e79.\n","fileTypesAndContributionMap":{"test-code":{"insertions":0,"deletions":2}}},{"hash":"6ab658053f2b692e8a2e6432151f0100ba4a0db8","messageTitle":"Update Javadoc","messageBody":"","fileTypesAndContributionMap":{"functional-code":{"insertions":2,"deletions":2}}},{"hash":"4afd71147f2b33039f822d8dd581c57f551b6e88","messageTitle":"Add undo command test","messageBody":"","fileTypesAndContributionMap":{"test-code":{"insertions":18,"deletions":0}}},{"hash":"bd1c221aa927b23a574462f406feaa7d1da5ccc1","messageTitle":"Fix bug for add command test.","messageBody":"commitInternWatcher method was not properly overridden.\n","fileTypesAndContributionMap":{"test-code":{"insertions":9,"deletions":1}}}]}],"nicolej2122":[{"date":"2021-09-26","commitResults":[{"hash":"16cc64c054def87ae81c8530c6a4351cf96c20a3","messageTitle":"Add Skills field","messageBody":"","fileTypesAndContributionMap":{"functional-code":{"insertions":67,"deletions":67},"other":{"insertions":24,"deletions":24},"test-code":{"insertions":41,"deletions":41}}},{"hash":"5bdf144142ecfd9fde023cdee06c9d42aabf48ba","messageTitle":"Fix checkstyle errors","messageBody":"","fileTypesAndContributionMap":{"functional-code":{"insertions":10,"deletions":7}}},{"hash":"33cb1af5afce98e83f4f641b02d53f2ffaab0734","messageTitle":"Fix checkstyle","messageBody":"","fileTypesAndContributionMap":{"functional-code":{"insertions":2,"deletions":2}}},{"hash":"d844661077911084540eeb936567b328fc3fb5d5","messageTitle":"Fix checkstyle","messageBody":"","fileTypesAndContributionMap":{"functional-code":{"insertions":2,"deletions":2}}}]},{"date":"2021-09-28","commitResults":[{"hash":"418ddc086377ab77ba1f2b9ca430e06d4a8749b6","messageTitle":"Update AboutUs.md","messageBody":"","fileTypesAndContributionMap":{"docs":{"insertions":5,"deletions":5}}}]},{"date":"2021-10-08","commitResults":[{"hash":"200fdbdc7bb6620faa6886e0b95c7b2c41283834","messageTitle":"Refactor JavaDocs and variable/ method names","messageBody":"","fileTypesAndContributionMap":{"functional-code":{"insertions":264,"deletions":263},"other":{"insertions":307,"deletions":307},"test-code":{"insertions":495,"deletions":495}}},{"hash":"bb3ab9b29991d8ba0eddecd7a6071f3c9bf7d804","messageTitle":"Fix checkstyle issues","messageBody":"","fileTypesAndContributionMap":{"functional-code":{"insertions":5,"deletions":3}}},{"hash":"16ec4d5556bf19c0c9fbbbf9c7bc2d3512dc7c95","messageTitle":"Fix more checkstyle issues","messageBody":"","fileTypesAndContributionMap":{"functional-code":{"insertions":9,"deletions":6}}},{"hash":"604a89ce7901da545e671eb822eecfe0159d4b4e","messageTitle":"Fix more checkstyle issues","messageBody":"","fileTypesAndContributionMap":{"test-code":{"insertions":15,"deletions":12}}},{"hash":"3b2236ec62f3ccca178c89f7c18da35670694c2b","messageTitle":"Fix more checkstyle issues","messageBody":"","fileTypesAndContributionMap":{"test-code":{"insertions":2,"deletions":2}}},{"hash":"33e9a5f10dbaf87c387a72d44b67def7bb8038e9","messageTitle":"Fix gradle build errors","messageBody":"","fileTypesAndContributionMap":{"test-code":{"insertions":44,"deletions":44}}},{"hash":"57d4655ae7bbcdbe1c18ad949ba50dd85c0484f5","messageTitle":"Fix gradle build errors","messageBody":"","fileTypesAndContributionMap":{"test-code":{"insertions":1,"deletions":48}}}]},{"date":"2021-10-13","commitResults":[{"hash":"0e33ebc9905be7a8f69211f48da7fe5234a70287","messageTitle":"Add tests for new fields","messageBody":"","fileTypesAndContributionMap":{"functional-code":{"insertions":23,"deletions":18},"other":{"insertions":5,"deletions":5},"test-code":{"insertions":198,"deletions":2}}},{"hash":"80ef63519491e9b87ae47cc342925e6ac79feaa8","messageTitle":"Resolve merge conflicts","messageBody":"","fileTypesAndContributionMap":{"functional-code":{"insertions":223,"deletions":210},"other":{"insertions":1034,"deletions":1038},"docs":{"insertions":68,"deletions":64},"test-code":{"insertions":14,"deletions":14}}}]},{"date":"2021-10-19","commitResults":[{"hash":"7152d55427a048df751a57311956bba0105e2a06","messageTitle":"Add View Command","messageBody":"","fileTypesAndContributionMap":{"functional-code":{"insertions":145,"deletions":17},"test-code":{"insertions":22,"deletions":7}}},{"hash":"f111712927c663e549febd4c4a05ade9259934c4","messageTitle":"Resolve Gradle build error","messageBody":"","fileTypesAndContributionMap":{"functional-code":{"insertions":90,"deletions":7},"other":{"insertions":2,"deletions":2},"test-code":{"insertions":6,"deletions":6}}},{"hash":"805899d36023d10a814aea111b89af27feab147a","messageTitle":"Fix checkstyle errors","messageBody":"","fileTypesAndContributionMap":{"functional-code":{"insertions":0,"deletions":3}}}]},{"date":"2021-10-20","commitResults":[{"hash":"cdc71083c999b942ba7cf352cfdc2105b140d77d","messageTitle":"Update Developer Guide with View command feature","messageBody":"","fileTypesAndContributionMap":{"docs":{"insertions":13,"deletions":2}}}]},{"date":"2021-10-23","commitResults":[{"hash":"a46d19a45b7209c8aaddf5a79c8ef9b77f23abac","messageTitle":"Add toggle functionality to View Command","messageBody":"","fileTypesAndContributionMap":{"functional-code":{"insertions":134,"deletions":46},"test-code":{"insertions":8,"deletions":3}}}]},{"date":"2021-10-24","commitResults":[{"hash":"798906a2352b64dcd6ef4109f6746439e09ca2a5","messageTitle":"Update View command implementation","messageBody":"","fileTypesAndContributionMap":{"functional-code":{"insertions":51,"deletions":53},"test-code":{"insertions":3,"deletions":3}}}]}],"jackgugz":[{"date":"2021-09-25","commitResults":[{"hash":"9527b79088b9eba603d84fcb7f11623a4014fcf7","messageTitle":"Add year of graduation field","messageBody":"","fileTypesAndContributionMap":{"functional-code":{"insertions":166,"deletions":31},"test-code":{"insertions":178,"deletions":55}}},{"hash":"f7ad9a93963b1073815119192f88abbdec46bd5b","messageTitle":"Fix style","messageBody":"","fileTypesAndContributionMap":{"other":{"insertions":1,"deletions":0},"test-code":{"insertions":14,"deletions":6}}}]},{"date":"2021-09-27","commitResults":[{"hash":"8500d63b7053e9ed7216f2c2e4e27e85215d4c4c","messageTitle":"Update Aboutme for gugeng","messageBody":"","fileTypesAndContributionMap":{"docs":{"insertions":3,"deletions":3}}}]},{"date":"2021-09-28","commitResults":[{"hash":"cb255b5d65e753821baefbbab836fdad007cfa38","messageTitle":"Update Developer Guide","messageBody":"Let\u0027s,\n* update product scope\n* update user stories\n* update NFRs\n* update Glossary\n","fileTypesAndContributionMap":{"docs":{"insertions":58,"deletions":10}}},{"hash":"1e89c5d7e86104fdf8d92c819be28e51f4a027ce","messageTitle":"Update Aboutme for gugeng","messageBody":"FIx the formatting and naming issues\n","fileTypesAndContributionMap":{"docs":{"insertions":2,"deletions":2}}}]},{"date":"2021-10-10","commitResults":[{"hash":"35bb441cae774f837594dbb6c547f4bad5221ddc","messageTitle":"Update AboutUs","messageBody":"","fileTypesAndContributionMap":{"docs":{"insertions":2,"deletions":2}}}]},{"date":"2021-10-19","commitResults":[{"hash":"999461817bb877e5da391c926b710a89cc4dbeea","messageTitle":"Add the Filter Command Bug: * it works fine except for multiple words for course Todo: * documentation improvements * message for filter command * test cases","messageBody":"","fileTypesAndContributionMap":{"functional-code":{"insertions":442,"deletions":1}}},{"hash":"15c6562f995e1ff6d485380f9b7a657c3e2aa9e0","messageTitle":"Fix bug mentioned in the last commit in this branch","messageBody":"","fileTypesAndContributionMap":{"functional-code":{"insertions":71,"deletions":23}}},{"hash":"8a0ea3f5977ef3a1ce5715337f355a919cf0b5fc","messageTitle":"Fix checkstyle","messageBody":"","fileTypesAndContributionMap":{"functional-code":{"insertions":1,"deletions":1}}}]},{"date":"2021-10-20","commitResults":[{"hash":"cc2a3b8753aa2233da20bcea8d33002ecdbff5cb","messageTitle":"Change description of FilterCommand","messageBody":"","fileTypesAndContributionMap":{"functional-code":{"insertions":2,"deletions":1}}}]},{"date":"2021-10-21","commitResults":[{"hash":"033a27dd6b7c8b65010bfb22faa9c1250e93c41a","messageTitle":"Adding v1.2 milestone PR","messageBody":"","fileTypesAndContributionMap":{"docs":{"insertions":1,"deletions":1}}},{"hash":"c7e9d980f47fdd56908fe34810c374352059f7e7","messageTitle":"Update DG for FilterCommand","messageBody":"","fileTypesAndContributionMap":{"functional-code":{"insertions":0,"deletions":3},"docs":{"insertions":13,"deletions":0}}}]}],"Chang-CH":[{"date":"2021-09-21","commitResults":[{"hash":"7bf59827404c21c392b104072feafa8533fee64f","messageTitle":"Add institution attribute","messageBody":"","fileTypesAndContributionMap":{"functional-code":{"insertions":149,"deletions":18},"test-code":{"insertions":148,"deletions":54}}},{"hash":"7e7875edfe4f407ae5423394545b3f92e89623d8","messageTitle":"Fix CheckStyle","messageBody":"","fileTypesAndContributionMap":{"test-code":{"insertions":2,"deletions":2}}},{"hash":"04f21c24cfcb30160d14c9600ab4d63e7dc2ebc4","messageTitle":"Added status field","messageBody":"- Changed address prefix to /addr, pending approval for removal\n- Added a/ prefix with json \"status\" for application status\n- Application status defaults to Status.APPLIED, with overloaded constructor to specify statuses\n","fileTypesAndContributionMap":{"functional-code":{"insertions":179,"deletions":12},"test-code":{"insertions":24,"deletions":14}}}]},{"date":"2021-09-22","commitResults":[{"hash":"a6dd7b7b1c573d375f033efeb2dff61a5a56e4a8","messageTitle":"Update institution test","messageBody":"","fileTypesAndContributionMap":{"test-code":{"insertions":7,"deletions":0}}},{"hash":"54ea9d7105b85362632ae98dc7f6124f8b338049","messageTitle":"Fix import order CheckStyle","messageBody":"","fileTypesAndContributionMap":{"test-code":{"insertions":1,"deletions":1}}},{"hash":"05920dcf5aecf6d4da65ad3a282d974e937ea90c","messageTitle":"Fix import order CheckStyle","messageBody":"","fileTypesAndContributionMap":{"test-code":{"insertions":1,"deletions":1}}},{"hash":"a1ae3e0e27ce3cf9baba03db4bd8bfd242944b6b","messageTitle":"Update institution test with grade","messageBody":"","fileTypesAndContributionMap":{"test-code":{"insertions":1,"deletions":1}}},{"hash":"21f91289e8f9e0e665360dedf0d83b6108e003cd","messageTitle":"Fixed style issues from conflict resolution","messageBody":"","fileTypesAndContributionMap":{"functional-code":{"insertions":17,"deletions":15},"test-code":{"insertions":17,"deletions":15}}},{"hash":"2e76d388c17bdcd1f4185a573e52a305e38f0b3a","messageTitle":"Fix missing prefix bug","messageBody":"Most likely introduced during conflict resolution.\n","fileTypesAndContributionMap":{"functional-code":{"insertions":1,"deletions":1},"test-code":{"insertions":0,"deletions":2}}}]},{"date":"2021-09-26","commitResults":[{"hash":"758eaf327af32d7baaf2e7af8ed10dbf32484f83","messageTitle":"Fix UI update","messageBody":"","fileTypesAndContributionMap":{"functional-code":{"insertions":100,"deletions":70}}}]},{"date":"2021-09-27","commitResults":[{"hash":"10f460b72079900db751ac57fae14bba07325d5d","messageTitle":"Update UserGuide.md","messageBody":"","fileTypesAndContributionMap":{"docs":{"insertions":29,"deletions":30}}},{"hash":"3867f22cfb8fd5e2a01c74daa44935a7b0dabf08","messageTitle":"Update project to match User Guide","messageBody":"","fileTypesAndContributionMap":{"functional-code":{"insertions":3,"deletions":3}}},{"hash":"f056ba9a8359808177e40477b1406f69d46d241a","messageTitle":"Update images","messageBody":"","fileTypesAndContributionMap":{"functional-code":{"insertions":1,"deletions":1}}},{"hash":"af404d07de8c9bf807a93423880df9b34f49fbed","messageTitle":"Update AboutUs.md","messageBody":"","fileTypesAndContributionMap":{"docs":{"insertions":3,"deletions":3}}},{"hash":"809fde10c6b1e28934eefc490d701bd7f27de57a","messageTitle":"Update AboutUs.md","messageBody":"","fileTypesAndContributionMap":{"docs":{"insertions":2,"deletions":1}}},{"hash":"4feada6d38126f29837f23e4e58988966c6d25a3","messageTitle":"Fix markdown syntax","messageBody":"","fileTypesAndContributionMap":{"docs":{"insertions":6,"deletions":6}}}]},{"date":"2021-09-28","commitResults":[{"hash":"0c05aca50ed43f19eff4a1e6f48794d3af767c8a","messageTitle":"Update AboutUs.md","messageBody":"","fileTypesAndContributionMap":{"docs":{"insertions":0,"deletions":1}}}]},{"date":"2021-10-01","commitResults":[{"hash":"38fcac3ce175fc6052d0576b01f95bff9a4c0e1d","messageTitle":"Update developer guide","messageBody":"","fileTypesAndContributionMap":{"docs":{"insertions":6,"deletions":0}}}]},{"date":"2021-10-07","commitResults":[{"hash":"e996f441a05b182aaf768dbd690c98816fbbb3a2","messageTitle":"Remove address field","messageBody":"","fileTypesAndContributionMap":{"functional-code":{"insertions":22,"deletions":150},"test-code":{"insertions":86,"deletions":260}}},{"hash":"deda4bf5b62cce2507839602ddb31c90665a86dd","messageTitle":"Fix tab css","messageBody":"","fileTypesAndContributionMap":{"functional-code":{"insertions":32,"deletions":6}}}]},{"date":"2021-10-10","commitResults":[{"hash":"6865cec2a498849645a9b790dc2184c95788b270","messageTitle":"Fix refactor issues","messageBody":"","fileTypesAndContributionMap":{"functional-code":{"insertions":4,"deletions":4}}},{"hash":"62c86150961e715a977beec175e9704ba73fbc4e","messageTitle":"Fix refactor checkstyle issues","messageBody":"","fileTypesAndContributionMap":{"functional-code":{"insertions":1,"deletions":1}}},{"hash":"0b89d6c0a8c0d884f0e46719dbd2c8befa6c5a51","messageTitle":"Update DarkTheme.css","messageBody":"","fileTypesAndContributionMap":{"functional-code":{"insertions":3,"deletions":3}}}]},{"date":"2021-10-11","commitResults":[{"hash":"1735a494efc3b81a721a6ed270082fae909d5baa","messageTitle":"Refactor addressbook legacy names","messageBody":"","fileTypesAndContributionMap":{"functional-code":{"insertions":6,"deletions":6},"other":{"insertions":916,"deletions":916},"docs":{"insertions":13,"deletions":13},"test-code":{"insertions":3,"deletions":3}}},{"hash":"c6e936fdea7b4475c6455e1c740ec6be323d6f6e","messageTitle":"Fix checkstyle, refactor Person","messageBody":"","fileTypesAndContributionMap":{"functional-code":{"insertions":74,"deletions":70},"other":{"insertions":3,"deletions":3},"test-code":{"insertions":69,"deletions":68}}},{"hash":"d32545d6692af01a138d7242c99a04b796ee0d59","messageTitle":"Update documentation with updated Ui/names","messageBody":"","fileTypesAndContributionMap":{"functional-code":{"insertions":4,"deletions":4},"docs":{"insertions":48,"deletions":48}}},{"hash":"0ab96fa555aaa358032463fe3253828899620c49","messageTitle":"Fix test cases","messageBody":"","fileTypesAndContributionMap":{"test-code":{"insertions":11,"deletions":11}}},{"hash":"afa4c6a7a9a61519c891dad073348f221f6ed080","messageTitle":"Fix JSON parse issues","messageBody":"","fileTypesAndContributionMap":{"functional-code":{"insertions":18,"deletions":18},"test-code":{"insertions":13,"deletions":13}}},{"hash":"58237f1ab5b437293c6a6b318b6101636b64d02f","messageTitle":"Fix Skills tab not correctly updating","messageBody":"","fileTypesAndContributionMap":{"functional-code":{"insertions":2,"deletions":0}}},{"hash":"f61ca2370449cd70ab577ec1090811ded5ab4f63","messageTitle":"Add On select handler to update PersonDetailPanel","messageBody":"","fileTypesAndContributionMap":{"functional-code":{"insertions":46,"deletions":35}}},{"hash":"97600450e846b4dc17bcfb28d3e71b3e0e913798","messageTitle":"Remove redundant imports","messageBody":"","fileTypesAndContributionMap":{"functional-code":{"insertions":0,"deletions":3}}}]},{"date":"2021-10-15","commitResults":[{"hash":"86845ae7b0bf7a22ccbd96a00678651ef9e5ef1a","messageTitle":"Update build.gradle","messageBody":"","fileTypesAndContributionMap":{"other":{"insertions":6,"deletions":2}}},{"hash":"6693b18e675dd78f17c41987cd43d60348916388","messageTitle":"Fix jar exceptions","messageBody":"","fileTypesAndContributionMap":{"functional-code":{"insertions":6,"deletions":6},"other":{"insertions":1,"deletions":1}}},{"hash":"aaddfb7151475096c39ea4977c968e31c8cbfdc6","messageTitle":"Update logs filename","messageBody":"","fileTypesAndContributionMap":{"functional-code":{"insertions":1,"deletions":1}}},{"hash":"0bdf4efdeff2cd2d886fcc618345a81ea91c631c","messageTitle":"Update build.gradle","messageBody":"","fileTypesAndContributionMap":{"other":{"insertions":0,"deletions":4}}}]},{"date":"2021-10-17","commitResults":[{"hash":"a3edf1822b7952e7ee4044b5a55dba0e6e858791","messageTitle":"Update build.gradle","messageBody":"","fileTypesAndContributionMap":{"other":{"insertions":4,"deletions":0}}},{"hash":"da6ade2a6b9342d9ec3a1e40149962ae7699f3b8","messageTitle":"Add editAll feature","messageBody":"","fileTypesAndContributionMap":{"functional-code":{"insertions":214,"deletions":0}}},{"hash":"c13ad43af957c8052f4c25b71f0dbd8e291d6a2a","messageTitle":"Fix checkstyle javadoc","messageBody":"","fileTypesAndContributionMap":{"functional-code":{"insertions":0,"deletions":1}}}]},{"date":"2021-10-18","commitResults":[{"hash":"1a52dbc3d9b226d59d6762ab6b75f787e4d00909","messageTitle":"Update EditAllCommand.java","messageBody":"","fileTypesAndContributionMap":{"functional-code":{"insertions":5,"deletions":7}}},{"hash":"7d2b5139cd2bc44802284a358664ec0b657a04ba","messageTitle":"Add EditAll tests","messageBody":"","fileTypesAndContributionMap":{"functional-code":{"insertions":3,"deletions":2},"test-code":{"insertions":285,"deletions":17}}},{"hash":"d22180f125a574b71ab25475f9bdcc06a3e2e87e","messageTitle":"Fix test checkstyle","messageBody":"","fileTypesAndContributionMap":{"test-code":{"insertions":5,"deletions":16}}},{"hash":"50a4142dcc048bf63072223bf6e4ab9ba6cb41d4","messageTitle":"Add Selection class to standardize multi edit/delete","messageBody":"","fileTypesAndContributionMap":{"functional-code":{"insertions":114,"deletions":10},"other":{"insertions":3,"deletions":2},"test-code":{"insertions":9,"deletions":9}}},{"hash":"b91c4750d09d323fb3b20de9478b35da939b0a95","messageTitle":"Fix checkstyle","messageBody":"","fileTypesAndContributionMap":{"functional-code":{"insertions":4,"deletions":2}}}]},{"date":"2021-10-19","commitResults":[{"hash":"f3e47e0290fe2abea99a395c3777e5e797c5fb7e","messageTitle":"Update editAll implementation","messageBody":"","fileTypesAndContributionMap":{"functional-code":{"insertions":100,"deletions":241},"test-code":{"insertions":0,"deletions":222}}},{"hash":"3eab15321b8b487b8389fd0bfc0aa847539746f7","messageTitle":"Update UserGuide.md","messageBody":"","fileTypesAndContributionMap":{"docs":{"insertions":10,"deletions":9}}},{"hash":"527c950f01e0803ccd4acb7e4e13707a22eda33f","messageTitle":"Update DeveloperGuide for edit ALL","messageBody":"","fileTypesAndContributionMap":{"functional-code":{"insertions":2,"deletions":2},"docs":{"insertions":76,"deletions":58}}}]},{"date":"2021-10-22","commitResults":[{"hash":"18a9cb59400381291c865583302904136c4ef0df","messageTitle":"Update theme css","messageBody":"","fileTypesAndContributionMap":{"functional-code":{"insertions":69,"deletions":67}}}]},{"date":"2021-10-23","commitResults":[{"hash":"9e7d7d1100136d1f28a7789bb344f7f74769bd91","messageTitle":"Fix Edit All bugs","messageBody":"","fileTypesAndContributionMap":{"functional-code":{"insertions":13,"deletions":3}}},{"hash":"e86311232c9d6021e35be41d51ae57fc3bdcab65","messageTitle":"Update DeveloperGuide.md","messageBody":"","fileTypesAndContributionMap":{"docs":{"insertions":21,"deletions":0}}}]},{"date":"2021-10-24","commitResults":[{"hash":"5cf244ec9527674cdfa18eaa2e8080fe80c98963","messageTitle":"Add colour coded status tags","messageBody":"","fileTypesAndContributionMap":{"functional-code":{"insertions":29,"deletions":1}}},{"hash":"21af60f72be61ab3977b93faaa44153d2a045994","messageTitle":"Update theme","messageBody":"","fileTypesAndContributionMap":{"functional-code":{"insertions":71,"deletions":71}}},{"hash":"3d71dfb3d6d2f310216a840f222e8b643493bb8a","messageTitle":"Update DarkTheme.css","messageBody":"","fileTypesAndContributionMap":{"functional-code":{"insertions":1,"deletions":1}}}]},{"date":"2021-10-25","commitResults":[{"hash":"f316a9b2629e68de3ab98471b66b89b8ebf4e457","messageTitle":"Fix Selection class","messageBody":"","fileTypesAndContributionMap":{"functional-code":{"insertions":62,"deletions":41},"docs":{"insertions":116,"deletions":2},"test-code":{"insertions":235,"deletions":47}}},{"hash":"c3c366704af3cc1799751f60602789b3425e85f5","messageTitle":"Fix checkstyle","messageBody":"","fileTypesAndContributionMap":{"test-code":{"insertions":1,"deletions":1}}},{"hash":"15b8d4f0566bc07e525c8ea7e70fe7c9d1dd7b69","messageTitle":"Resolve conflicts","messageBody":"","fileTypesAndContributionMap":{"test-code":{"insertions":6,"deletions":11}}},{"hash":"a983c8f19ffae6c28919ce109ad3ae5e9bd46345","messageTitle":"Revert \"Fix Selection class\"","messageBody":"","fileTypesAndContributionMap":{"functional-code":{"insertions":112,"deletions":161},"docs":{"insertions":2,"deletions":116},"test-code":{"insertions":50,"deletions":238}}},{"hash":"c618ee5248a720a64503c53d22d77f55e42223e1","messageTitle":"Revert \"Merge pull request #4 from AY2122S1-CS2103T-F12-2/master\"","messageBody":"This reverts commit cb81a7d07e4b44a203efc1d4d2f6f404fba0378e, reversing\nchanges made to 15b8d4f0566bc07e525c8ea7e70fe7c9d1dd7b69.\n","fileTypesAndContributionMap":{"functional-code":{"insertions":161,"deletions":112},"docs":{"insertions":116,"deletions":2},"test-code":{"insertions":234,"deletions":46}}},{"hash":"64285c292297902209988f1e0554701755784e76","messageTitle":"Update ParserUtil.java","messageBody":"","fileTypesAndContributionMap":{"functional-code":{"insertions":1,"deletions":1}}},{"hash":"ef2d88714a29a3e40c648d41225836023aa45204","messageTitle":"Update UserGuide images, documentation","messageBody":"","fileTypesAndContributionMap":{"docs":{"insertions":23,"deletions":8}}},{"hash":"95fe3e21d22e12537ebb0bff5d417c035a421434","messageTitle":"Add add result screenshot","messageBody":"","fileTypesAndContributionMap":{"docs":{"insertions":15,"deletions":13}}}]}]},"authorFileTypeContributionMap":{"yunpeng1234":{"docs":65,"functional-code":454,"test-code":1011},"Jeromesyl":{"docs":76,"functional-code":337,"test-code":100},"nicolej2122":{"docs":18,"functional-code":559,"test-code":737},"jackgugz":{"docs":55,"functional-code":572,"test-code":104},"Chang-CH":{"docs":274,"functional-code":1221,"test-code":941,"other":5}},"authorContributionVariance":{"yunpeng1234":28406.05,"Jeromesyl":4264.4395,"nicolej2122":337139.8,"jackgugz":12022.025,"Chang-CH":249532.28},"authorDisplayNameMap":{"yunpeng1234":"CS2103T-F12-2 XIAO..PENG","Jeromesyl":"CS2103T-F12-2 JERO.. LER","nicolej2122":"CS2103T-F12-2 NICO..SEPH","jackgugz":"CS2103T-F12-2 GU G..GENG","Chang-CH":"CS2103T-F12-2 CHAN.. HAO"}}
