{"authorDailyContributionsMap":{"jonas-chow":[{"date":"2021-09-25","commitResults":[{"hash":"f391bf3f530f3921bc1963e173a5b3f6ba0b83cd","messageTitle":"Update user guide to fit the project","messageBody":"","fileTypesAndContributionMap":{"docs":{"insertions":43,"deletions":121}}},{"hash":"a779ba3153950c300f9ba64d72397fc65e3442e5","messageTitle":"Fix formatting for user guide","messageBody":"","fileTypesAndContributionMap":{"docs":{"insertions":6,"deletions":4}}},{"hash":"e1910f65ee312ce0ea13792e37efbc8f4c493e22","messageTitle":"Make tips a block instead of a span to allow for bullet points","messageBody":"","fileTypesAndContributionMap":{"docs":{"insertions":4,"deletions":1}}}]},{"date":"2021-09-27","commitResults":[{"hash":"89f55b051a89e648ef4e260c208bce3a5dabf7d8","messageTitle":"Update details for Jonas in AboutUs.md","messageBody":"","fileTypesAndContributionMap":{"docs":{"insertions":5,"deletions":6}}},{"hash":"d6afd34eba24c8e831625aed8ce60e3d54258dd4","messageTitle":"Update glossary of DeveloperGuide.md","messageBody":"","fileTypesAndContributionMap":{"docs":{"insertions":7,"deletions":2}}},{"hash":"f8ec9381d5a3f6dad4b764a531758f17a775e103","messageTitle":"Remove the escape character for pipes","messageBody":"","fileTypesAndContributionMap":{"docs":{"insertions":4,"deletions":4}}},{"hash":"8efedeb6db74b7ff07ee86179f5d38820ab8a53b","messageTitle":"Swap the order of add student and add group for better logical flow","messageBody":"","fileTypesAndContributionMap":{"docs":{"insertions":15,"deletions":15}}},{"hash":"8ef6741aeb4bebc7c052e7144499a5a3b2f22352","messageTitle":"Remove mention of exit command in user guide","messageBody":"","fileTypesAndContributionMap":{"docs":{"insertions":1,"deletions":3}}}]},{"date":"2021-10-08","commitResults":[{"hash":"9dfb88672aa4f057491498c1ee2600fc13620b43","messageTitle":"Update Storage to fit Source Control","messageBody":"","fileTypesAndContributionMap":{"functional-code":{"insertions":259,"deletions":31},"test-code":{"insertions":120,"deletions":42}}},{"hash":"c3a0c5c4a228f6541dfe923f89665e0f7faf75b4","messageTitle":"Split up wildcard import into named imports","messageBody":"","fileTypesAndContributionMap":{"test-code":{"insertions":20,"deletions":2}}},{"hash":"df14298ac3d409a35998107bca33bbb6e662d104","messageTitle":"Change user guide URL to point to Source Control","messageBody":"","fileTypesAndContributionMap":{"functional-code":{"insertions":1,"deletions":1}}},{"hash":"d821096cddcea96b84742a095c07076c973a2a7e","messageTitle":"Fix storage test cases","messageBody":"","fileTypesAndContributionMap":{"functional-code":{"insertions":46,"deletions":27},"test-code":{"insertions":16,"deletions":8}}},{"hash":"2655cada8dad6447ccbff04127abca4f60517e95","messageTitle":"Remove restrictions on format of assessment name and group name","messageBody":"","fileTypesAndContributionMap":{"functional-code":{"insertions":6,"deletions":24},"test-code":{"insertions":11,"deletions":22}}},{"hash":"5be6473557eb6380416ffe070d39287141bf7070","messageTitle":"Fix style","messageBody":"","fileTypesAndContributionMap":{"functional-code":{"insertions":0,"deletions":2},"test-code":{"insertions":0,"deletions":2}}}]},{"date":"2021-10-09","commitResults":[{"hash":"10f9646a1d5915800648c4eaf19e18a2cb46852f","messageTitle":"Fix tests","messageBody":"","fileTypesAndContributionMap":{"functional-code":{"insertions":16,"deletions":8},"test-code":{"insertions":3,"deletions":3}}},{"hash":"af92da8876e0d048ca54cd3076c8a9eff8374951","messageTitle":"Change add student to also add any groups into the group list","messageBody":"","fileTypesAndContributionMap":{"functional-code":{"insertions":7,"deletions":0}}},{"hash":"8c239822407826bbc75f12976366aab651f94883","messageTitle":"Fix all tests","messageBody":"","fileTypesAndContributionMap":{"functional-code":{"insertions":41,"deletions":33},"test-code":{"insertions":44,"deletions":15}}}]},{"date":"2021-10-10","commitResults":[{"hash":"e18f8c8b66b34f76ad06f3c82b0e6e12a671e686","messageTitle":"Implement import command","messageBody":"","fileTypesAndContributionMap":{"functional-code":{"insertions":237,"deletions":5}}},{"hash":"4734f791a7a217a058aebaf63f625829b0b647e6","messageTitle":"Fix missing adding of score to assessments when importing","messageBody":"","fileTypesAndContributionMap":{"functional-code":{"insertions":3,"deletions":1}}},{"hash":"29ca06fba0fbfeab102df821df964c01fe47bee1","messageTitle":"Remove leftover println calls","messageBody":"","fileTypesAndContributionMap":{"functional-code":{"insertions":5,"deletions":8}}},{"hash":"2fed567d8b9b08d2b1aec4fc281b53e9e5e68ca0","messageTitle":"Update user guide for new implementation of import","messageBody":"","fileTypesAndContributionMap":{"docs":{"insertions":11,"deletions":8}}},{"hash":"4fe5d2687d3ea75eb740d84ae2c2a982025f1bf5","messageTitle":"Update user guide for new format of clear command","messageBody":"","fileTypesAndContributionMap":{"docs":{"insertions":2,"deletions":2}}},{"hash":"5b7d94591b7d03dfe7652c2dee0056a5bf0c13a2","messageTitle":"Update tests for Import command (part 1)","messageBody":"","fileTypesAndContributionMap":{"functional-code":{"insertions":15,"deletions":5},"test-code":{"insertions":151,"deletions":4}}},{"hash":"d6005ac4b9748ca889fb30c9966f7e7e0f6d9a3a","messageTitle":"Remove address, email, phone files","messageBody":"","fileTypesAndContributionMap":{"functional-code":{"insertions":0,"deletions":181},"test-code":{"insertions":0,"deletions":144}}},{"hash":"406ed95ca78752c4932587a6ed428d403ef4ae48","messageTitle":"Test import command parser","messageBody":"","fileTypesAndContributionMap":{"functional-code":{"insertions":2,"deletions":3},"test-code":{"insertions":31,"deletions":13}}},{"hash":"f72596d5d1f07d3f524972727270888b02f9b4a3","messageTitle":"Change tag prefix to match other prefixes","messageBody":"","fileTypesAndContributionMap":{"functional-code":{"insertions":10,"deletions":1}}},{"hash":"a9f1df014938b7f2016f0ca154cf3bdce63d34b1","messageTitle":"Test import command","messageBody":"","fileTypesAndContributionMap":{"functional-code":{"insertions":26,"deletions":20},"test-code":{"insertions":179,"deletions":35}}},{"hash":"2701ecae5e3443f82b7005973964a35a6e5893b7","messageTitle":"Add test to addressBookParser to parse import command","messageBody":"","fileTypesAndContributionMap":{"test-code":{"insertions":22,"deletions":0}}}]},{"date":"2021-10-11","commitResults":[{"hash":"1914f3e631d8eccb0abd742b577ebfa18dcc711b","messageTitle":"Fix parser to allow for empty prefixes at the end of input","messageBody":"","fileTypesAndContributionMap":{"functional-code":{"insertions":7,"deletions":10}}},{"hash":"f703d25802dff8edb0af61ea787f7658716c93c4","messageTitle":"Change import command to share groups, so that all groups have the right set of references to student IDs","messageBody":"","fileTypesAndContributionMap":{"functional-code":{"insertions":11,"deletions":3}}}]},{"date":"2021-10-12","commitResults":[{"hash":"aa1dfff91b03d46f8a100fb9cd10ac9b26894ec2","messageTitle":"Change import command to throw an error when the preamble is not empty","messageBody":"","fileTypesAndContributionMap":{"functional-code":{"insertions":1,"deletions":1}}}]},{"date":"2021-10-13","commitResults":[{"hash":"ae0294fc5b7196efbeae232fffe4039ad3eccdb1","messageTitle":"Change test format to be same as that for other tests","messageBody":"","fileTypesAndContributionMap":{"test-code":{"insertions":9,"deletions":5}}}]},{"date":"2021-10-16","commitResults":[{"hash":"bbbd6a9fa23fecb654f6ef36c55cf78af9835380","messageTitle":"Enable assertions on gradle run","messageBody":"","fileTypesAndContributionMap":{"other":{"insertions":4,"deletions":0}}},{"hash":"dc9f3774598677e230b0bc8723a42952de62eeb8","messageTitle":"Add command history functionality","messageBody":"","fileTypesAndContributionMap":{"functional-code":{"insertions":43,"deletions":2}}}]},{"date":"2021-10-21","commitResults":[{"hash":"ee3ad27574f2994a71dd0a9c91df82ea6829a1d2","messageTitle":"Add section on import command to developer guide","messageBody":"","fileTypesAndContributionMap":{"docs":{"insertions":32,"deletions":2}}},{"hash":"174279a39c7682a3d22a23cf8d0c1d18b5841f7a","messageTitle":"Improve predefined plantUML styles and update StorageClassDiagram","messageBody":"","fileTypesAndContributionMap":{"docs":{"insertions":21,"deletions":2}}},{"hash":"e88af788f268e279fe7ab57d7b6a9d18d64546f7","messageTitle":"Add activity diagram for import feature","messageBody":"","fileTypesAndContributionMap":{"docs":{"insertions":60,"deletions":26}}}]},{"date":"2021-10-22","commitResults":[{"hash":"f5d1a89209853aa3d149b441976bd047391bff39","messageTitle":"Fix import command to throw CommandException when duplicate ID or Assessment is encountered","messageBody":"","fileTypesAndContributionMap":{"functional-code":{"insertions":20,"deletions":4},"test-code":{"insertions":48,"deletions":26}}},{"hash":"1cb0fef5c48d811b5e1589387e1d36686d9a2cdc","messageTitle":"Add the ability to edit a student\u0027s fields","messageBody":"","fileTypesAndContributionMap":{"functional-code":{"insertions":82,"deletions":43},"test-code":{"insertions":25,"deletions":19}}},{"hash":"e13b6c40ca36dc7753e6aef7468d668b57d73469","messageTitle":"Update user guide and fix style. Also renamed the default json file to sourcecontrol.json","messageBody":"","fileTypesAndContributionMap":{"functional-code":{"insertions":9,"deletions":6},"docs":{"insertions":37,"deletions":4},"test-code":{"insertions":0,"deletions":4}}}]},{"date":"2021-10-23","commitResults":[{"hash":"bdbb06d7ad93369f940ef0eff3c64d6da49ba357","messageTitle":"Implement add assessment command","messageBody":"","fileTypesAndContributionMap":{"functional-code":{"insertions":90,"deletions":0},"docs":{"insertions":14,"deletions":2},"test-code":{"insertions":107,"deletions":0}}},{"hash":"597ac4e26599fa1b49124e7b64d751861da86e2c","messageTitle":"Create export command","messageBody":"","fileTypesAndContributionMap":{"functional-code":{"insertions":142,"deletions":0}}},{"hash":"5cbd9f9145ee5074690039c99fa55f28e0cd9411","messageTitle":"Fix bugs in Export Command","messageBody":"","fileTypesAndContributionMap":{"functional-code":{"insertions":23,"deletions":15}}},{"hash":"46f4c35c3a773da576bdc888fc9d6be6cdb80dfe","messageTitle":"Add tests for export command","messageBody":"","fileTypesAndContributionMap":{"functional-code":{"insertions":14,"deletions":0},"test-code":{"insertions":87,"deletions":0}}},{"hash":"13493403b448259a9c10472ba6f7e9334561058f","messageTitle":"Fix style","messageBody":"","fileTypesAndContributionMap":{"functional-code":{"insertions":7,"deletions":5},"test-code":{"insertions":3,"deletions":4}}}]},{"date":"2021-10-24","commitResults":[{"hash":"58ae83f62d016f094f9b305c201997ee8db98541","messageTitle":"Fix import and export for jar file execution","messageBody":"","fileTypesAndContributionMap":{"functional-code":{"insertions":33,"deletions":5},"test-code":{"insertions":14,"deletions":51}}}]},{"date":"2021-10-25","commitResults":[{"hash":"68c798abcb42dff66a27425158f53d51ecc5aca8","messageTitle":"Fix delete command","messageBody":"","fileTypesAndContributionMap":{"functional-code":{"insertions":5,"deletions":4}}}]},{"date":"2021-10-26","commitResults":[{"hash":"293ffaddb489d8a51f87068f0da0aa3119343fd7","messageTitle":"Add alias functionality and some tests","messageBody":"","fileTypesAndContributionMap":{"functional-code":{"insertions":344,"deletions":5},"test-code":{"insertions":205,"deletions":0}}},{"hash":"dc3c2f75b5c95a2106a141026f211543607c86b7","messageTitle":"Fix style","messageBody":"","fileTypesAndContributionMap":{"test-code":{"insertions":12,"deletions":9}}},{"hash":"40908bb0cb726ea4c14cd2609ad56c166cdfe151","messageTitle":"Prevent alias chaining","messageBody":"","fileTypesAndContributionMap":{"functional-code":{"insertions":18,"deletions":10}}},{"hash":"dff98c1c18f1e05b3dbefa31d7776d23331daa63","messageTitle":"Add AddressBookParser tests for aliases","messageBody":"","fileTypesAndContributionMap":{"functional-code":{"insertions":11,"deletions":11},"test-code":{"insertions":72,"deletions":2}}},{"hash":"36801b039c474c95d8f1818425b2f8a2c90daa18","messageTitle":"Remove unused import","messageBody":"","fileTypesAndContributionMap":{"test-code":{"insertions":1,"deletions":2}}},{"hash":"6a1d454cc215d33d8b7c110cb27603f6435ce2ba","messageTitle":"Add tests to ModelManagerTest","messageBody":"","fileTypesAndContributionMap":{"functional-code":{"insertions":1,"deletions":1},"test-code":{"insertions":39,"deletions":0}}},{"hash":"6574c8194f882e162d234adc0f5ffcb5d0009909","messageTitle":"Add functionality to save graph into file","messageBody":"","fileTypesAndContributionMap":{"functional-code":{"insertions":102,"deletions":32}}}]},{"date":"2021-10-27","commitResults":[{"hash":"485a79429d7e75b7a78493ff5894d02a8f4cb5bc","messageTitle":"Fix alias example","messageBody":"","fileTypesAndContributionMap":{"functional-code":{"insertions":1,"deletions":1}}},{"hash":"b68f001f77aa189407864455359dcd2564fd3240","messageTitle":"Change file parsing in all commands to use the same function in ParserUtil","messageBody":"","fileTypesAndContributionMap":{"functional-code":{"insertions":74,"deletions":45},"test-code":{"insertions":108,"deletions":38}}},{"hash":"ecf90b159b62d989a0192eb42e3fb9502844b9f3","messageTitle":"Fix show command example format","messageBody":"","fileTypesAndContributionMap":{"functional-code":{"insertions":0,"deletions":1}}},{"hash":"517acae28377ec0d4e99edc638a35bc09afa4dbf","messageTitle":"Change alias format","messageBody":"","fileTypesAndContributionMap":{"functional-code":{"insertions":23,"deletions":14},"test-code":{"insertions":34,"deletions":11}}}]},{"date":"2021-10-28","commitResults":[{"hash":"83b64956f7aafbb40a869eb4b85d643f4913abf9","messageTitle":"Add alias and export command details to UG","messageBody":"","fileTypesAndContributionMap":{"docs":{"insertions":60,"deletions":7}}},{"hash":"0f85146ac25f3cba430c94638b47c4c97e597b23","messageTitle":"Minor UI typo fixes","messageBody":"","fileTypesAndContributionMap":{"docs":{"insertions":7,"deletions":3}}},{"hash":"6c7e34b3de8fbd431f82724f2c9fed3afba8c084","messageTitle":"Break long lines into two","messageBody":"","fileTypesAndContributionMap":{"docs":{"insertions":6,"deletions":11}}},{"hash":"ba509bfa0906eb260e413625f7e4f6e6a158a523","messageTitle":"Add links back to contents page at the end of every section","messageBody":"","fileTypesAndContributionMap":{"docs":{"insertions":54,"deletions":1}}},{"hash":"7e35f24b3cef3257cb8dbfd3b89285808e1e7bcc","messageTitle":"Fix link to table of contents","messageBody":"","fileTypesAndContributionMap":{"docs":{"insertions":23,"deletions":23}}},{"hash":"5416e2018f363438fce511b007964a6953ef978a","messageTitle":"Fix link to table of contents","messageBody":"","fileTypesAndContributionMap":{"docs":{"insertions":23,"deletions":23}}},{"hash":"25b71221bf489142457655cb22dfe05c1090b956","messageTitle":"Fix graph export so axes get displayed as well","messageBody":"","fileTypesAndContributionMap":{"functional-code":{"insertions":2,"deletions":0}}},{"hash":"31d47b2ac3486c5e4835308347f675916e83e40e","messageTitle":"Add example for CSV format","messageBody":"","fileTypesAndContributionMap":{"docs":{"insertions":5,"deletions":0}}},{"hash":"7f1af9b0ad51aa6ed058eedc1e83ed4ddc39ddd3","messageTitle":"Fix the problem with data not saving properly on mac when double clicked","messageBody":"","fileTypesAndContributionMap":{"functional-code":{"insertions":34,"deletions":14},"test-code":{"insertions":6,"deletions":3}}},{"hash":"1ed17e271ff277b148dcc5a3de156cdbc04507e8","messageTitle":"Add FAQ for running in terminal","messageBody":"","fileTypesAndContributionMap":{"docs":{"insertions":5,"deletions":0}}}]}],"leonghongfai":[{"date":"2021-09-27","commitResults":[{"hash":"b1634a152d83b39cdf51df85fc0202ef1b033c2e","messageTitle":"Make final updates to site-wide settings","messageBody":"","fileTypesAndContributionMap":{"docs":{"insertions":1,"deletions":1}}},{"hash":"7dbbdecfbe505cd03c3930c0f3f029b100903a2c","messageTitle":"Make final updates","messageBody":"","fileTypesAndContributionMap":{"docs":{"insertions":3,"deletions":3}}},{"hash":"a702eb9059cb3afeff20f8e7b3bb468dd61a0769","messageTitle":"Update DG NFR section","messageBody":"","fileTypesAndContributionMap":{"docs":{"insertions":3,"deletions":2}}},{"hash":"882250ee399e95e8456f82c428f1866286e203b8","messageTitle":"Update AboutUs.md","messageBody":"","fileTypesAndContributionMap":{"docs":{"insertions":4,"deletions":4}}},{"hash":"c5c24344fe8db11a6ac7f65bdacad263b7d9fafd","messageTitle":"Update UG - add student","messageBody":"","fileTypesAndContributionMap":{"docs":{"insertions":15,"deletions":0}}}]},{"date":"2021-10-07","commitResults":[{"hash":"e251a4b080f96802bfd8bf196bc50c2a35741e86","messageTitle":"Update ABParser to support both one and two word commands","messageBody":"","fileTypesAndContributionMap":{"functional-code":{"insertions":38,"deletions":4}}},{"hash":"cb750e774026115d8225f4a036c4ee7e59ef5c6d","messageTitle":"Fix indexing issues","messageBody":"","fileTypesAndContributionMap":{"functional-code":{"insertions":2,"deletions":2}}},{"hash":"59f107e996e924c99478f7f2a5dc8417386c2aa8","messageTitle":"Fix minor bug","messageBody":"","fileTypesAndContributionMap":{"functional-code":{"insertions":18,"deletions":2}}},{"hash":"a1c43d834549991f3ada109fa0d88f528261d61e","messageTitle":"Update AddCommandParserTest","messageBody":"","fileTypesAndContributionMap":{"test-code":{"insertions":11,"deletions":22}}}]},{"date":"2021-10-09","commitResults":[{"hash":"ab142495d8aefc811596f3c9aa5a3a52a3a9dc99","messageTitle":"Edit PersonCard to show updated student fields","messageBody":"","fileTypesAndContributionMap":{"functional-code":{"insertions":10,"deletions":9}}}]},{"date":"2021-10-11","commitResults":[{"hash":"0bb8756dd75bd6f42db09aa2a165a91354180836","messageTitle":"Edit toString representation of Student","messageBody":"","fileTypesAndContributionMap":{"functional-code":{"insertions":12,"deletions":2}}},{"hash":"ff87b6b193d3d0b4f33d3becfa734d5b03d33c7a","messageTitle":"Remove unnecessary tests","messageBody":"","fileTypesAndContributionMap":{"test-code":{"insertions":0,"deletions":4}}},{"hash":"4646a5ad46c6d3f1e49a3a1ba5f400a5ba6d0e39","messageTitle":"Edit UG to reflect tag field in add student command","messageBody":"","fileTypesAndContributionMap":{"docs":{"insertions":4,"deletions":2}}},{"hash":"a0e8418b0ca78f186637f650d1e91417e8bd3a4a","messageTitle":"Make minor edit","messageBody":"","fileTypesAndContributionMap":{"test-code":{"insertions":4,"deletions":0}}}]},{"date":"2021-10-12","commitResults":[{"hash":"cd85d2b0e303992993e7d35f7e36d1b3d2df651e","messageTitle":"Fixed no prefix error message bug","messageBody":"","fileTypesAndContributionMap":{"functional-code":{"insertions":3,"deletions":1}}},{"hash":"777e9aa73fc7a42e30cff9a795cb1fd0a5e2628c","messageTitle":"Change logic flow of ABParser","messageBody":"","fileTypesAndContributionMap":{"functional-code":{"insertions":25,"deletions":10}}},{"hash":"d7230693615540cb649da640695eb016bf3b1aef","messageTitle":"Make final bug fix that caused some failed tests","messageBody":"","fileTypesAndContributionMap":{"functional-code":{"insertions":10,"deletions":14}}},{"hash":"de75f2a011d2d7326d8d4966cf5626efc6e8bd62","messageTitle":"Add in accidentally deleted add group command in ABParser","messageBody":"","fileTypesAndContributionMap":{"functional-code":{"insertions":3,"deletions":0}}}]},{"date":"2021-10-13","commitResults":[{"hash":"410a328437dc72f24257ccf686c449fd74e2918b","messageTitle":"Make minor logic changes","messageBody":"","fileTypesAndContributionMap":{"functional-code":{"insertions":9,"deletions":10}}},{"hash":"0e10567612f2f45f115418c70c9cd7ef0cb8fbe5","messageTitle":"Edits to pass checkstyle","messageBody":"","fileTypesAndContributionMap":{"functional-code":{"insertions":2,"deletions":2}}}]},{"date":"2021-10-21","commitResults":[{"hash":"0cd228e702f4a631c71ffe625e9969ce3b0771f8","messageTitle":"Update DG with Add Student feature implementation","messageBody":"","fileTypesAndContributionMap":{"docs":{"insertions":139,"deletions":1}}},{"hash":"3d82064ea5268cbf92c1045c0704dee8e981eb6b","messageTitle":"Update to pass checks","messageBody":"","fileTypesAndContributionMap":{"docs":{"insertions":14,"deletions":16}}},{"hash":"e5c164fb2857e03f51cff06567c2a99d7881998b","messageTitle":"Make minor english change","messageBody":"","fileTypesAndContributionMap":{"docs":{"insertions":1,"deletions":1}}},{"hash":"568fa13c198e1e8b21b5e49a70c9a955607233b8","messageTitle":"Rename files","messageBody":"","fileTypesAndContributionMap":{"docs":{"insertions":0,"deletions":0}}},{"hash":"8aabc8a6749c01f5c9c09bc49970221b88983de8","messageTitle":"Reflect file name changes in DG","messageBody":"","fileTypesAndContributionMap":{"docs":{"insertions":1,"deletions":1}}}]},{"date":"2021-10-23","commitResults":[{"hash":"1845534c4fd75ba10c795cbf2c9ffca715e7075d","messageTitle":"Create right UI panels","messageBody":"","fileTypesAndContributionMap":{"functional-code":{"insertions":44,"deletions":23}}},{"hash":"e6a5a73c1f1920f7c659f30c5ab6934c52d4eb37","messageTitle":"Edit syntax to pass checks","messageBody":"","fileTypesAndContributionMap":{"functional-code":{"insertions":0,"deletions":3}}},{"hash":"51b56de929e7ea9e8cca65cd2755364917367caf","messageTitle":"Update to allow for SplitPane divider ratio to be saved under userPref","messageBody":"","fileTypesAndContributionMap":{"functional-code":{"insertions":30,"deletions":6},"test-code":{"insertions":6,"deletions":6}}},{"hash":"710d0d71fce5d60dc0cda2bb60f25df50fe68b89","messageTitle":"Fix equality error","messageBody":"","fileTypesAndContributionMap":{"functional-code":{"insertions":1,"deletions":1}}}]},{"date":"2021-10-26","commitResults":[{"hash":"e4815b9ffe38d0c0056470d2ebeac397069d9d38","messageTitle":"Allow for student cards of those with the same names to show up when conflicts occur. Create new method in CommandTestUtil to test for the filteredList changes for when duplicate names cause conflict.","messageBody":"","fileTypesAndContributionMap":{"functional-code":{"insertions":39,"deletions":0},"test-code":{"insertions":38,"deletions":2}}}]},{"date":"2021-10-27","commitResults":[{"hash":"355978d81dd1a5cd6d413888954d2c88fd3fabba","messageTitle":"Edit test for changing filteredList","messageBody":"","fileTypesAndContributionMap":{"functional-code":{"insertions":20,"deletions":51},"test-code":{"insertions":13,"deletions":25}}},{"hash":"04a9612f2b0c0fba1e0fd2b2d5949e6971daafdc","messageTitle":"Edit for checkstyle","messageBody":"","fileTypesAndContributionMap":{"functional-code":{"insertions":14,"deletions":2},"test-code":{"insertions":16,"deletions":8}}}]},{"date":"2021-10-28","commitResults":[{"hash":"87be66a664d578338e3b5e5b1f7805557091e03c","messageTitle":"Fix wrong description in diagram","messageBody":"","fileTypesAndContributionMap":{"docs":{"insertions":2,"deletions":2}}},{"hash":"cc128cb4ed2fc305f27009dd86701f2e1f67b819","messageTitle":"Add more tests to fully cover ABParser","messageBody":"","fileTypesAndContributionMap":{"functional-code":{"insertions":2,"deletions":2},"test-code":{"insertions":111,"deletions":0}}}]},{"date":"2021-10-31","commitResults":[{"hash":"e5a669ec95764aae26e1c656812d55095f0f83bb","messageTitle":"Revert to single word command","messageBody":"","fileTypesAndContributionMap":{"functional-code":{"insertions":6,"deletions":39},"test-code":{"insertions":0,"deletions":39}}},{"hash":"c873fb3697397a88853f17e2d9380d8fe3546cc9","messageTitle":"Update DG to reflect change in command word format","messageBody":"","fileTypesAndContributionMap":{"docs":{"insertions":37,"deletions":37}}},{"hash":"01ee40007fe573e2f71e23575e6139c4c07ff0b5","messageTitle":"Remove redundant method.","messageBody":"","fileTypesAndContributionMap":{"functional-code":{"insertions":1,"deletions":18}}}]}],"nbvannhi":[{"date":"2021-09-27","commitResults":[{"hash":"cc3142d75b001fc05461cca5be4746458be27208","messageTitle":"Update Van Nhi\u0027s image and details in AboutUs.md","messageBody":"","fileTypesAndContributionMap":{"docs":{"insertions":4,"deletions":5}}},{"hash":"403d9599d7f00cc83c3f7eb04572ea131d2f99ee","messageTitle":"Update readme content to match project","messageBody":"","fileTypesAndContributionMap":{"docs":{"insertions":16,"deletions":10}}},{"hash":"1af7b8586eac35b861c919a3b1f342489adc663f","messageTitle":"Acknowledge original source","messageBody":"","fileTypesAndContributionMap":{"docs":{"insertions":4,"deletions":0}}},{"hash":"bd6b4a42440c8b73acb41b2a729bd3c5e12b94f2","messageTitle":"Update add section in UserGuide.md","messageBody":"","fileTypesAndContributionMap":{"docs":{"insertions":27,"deletions":0}}},{"hash":"c182ba86a3a21b3281288ceee74036a7b1ccbd2c","messageTitle":"Standardize wording in Quick start section of UserGuide.md","messageBody":"","fileTypesAndContributionMap":{"docs":{"insertions":4,"deletions":4}}},{"hash":"0490910918e0aa69eb1561234e0dbec73245cf10","messageTitle":"Update Command summary section in UserGuide.md","messageBody":"","fileTypesAndContributionMap":{"docs":{"insertions":4,"deletions":2}}}]},{"date":"2021-10-04","commitResults":[{"hash":"11b8ae37fcead92d1af3e9c97012c8794dc888c4","messageTitle":"Add Score.java","messageBody":"","fileTypesAndContributionMap":{"functional-code":{"insertions":69,"deletions":0}}},{"hash":"caf673000cf4d6d20e7c03036cb794090bf1fa80","messageTitle":"Add ScoreTest.java","messageBody":"","fileTypesAndContributionMap":{"test-code":{"insertions":65,"deletions":0}}},{"hash":"119d4a7b6a1b1cac06884602ddc19702510845a9","messageTitle":"Fix checkstyle","messageBody":"","fileTypesAndContributionMap":{"functional-code":{"insertions":1,"deletions":2}}}]},{"date":"2021-10-05","commitResults":[{"hash":"015c6ac5a8adecb593e069a994348bdcd4ad1626","messageTitle":"Add Assessment.java","messageBody":"Let\u0027s ignore the validity of assessment types (Paths, Missions...),\ni.e. an assessment can be named as \"B01\" although there exists no\nassessment type that corresponds to the letter \"B\".\n\nChecking for validity of assessment types is unavailable since\nthe AssessmentList class has yet been implemented.\n","fileTypesAndContributionMap":{"functional-code":{"insertions":73,"deletions":0}}},{"hash":"a50b56003011b9413772674defc537096094c17a","messageTitle":"Add AssessmentTest.java","messageBody":"","fileTypesAndContributionMap":{"test-code":{"insertions":47,"deletions":0}}},{"hash":"146ecec0a79047ab977e9660081c0d8eda783ea0","messageTitle":"Fix checkstyle","messageBody":"","fileTypesAndContributionMap":{"functional-code":{"insertions":3,"deletions":3}}},{"hash":"fd1819a288c9dda95c3fa97614dbbf8ef2800614","messageTitle":"Add parseScore() in ParserUtil.java","messageBody":"","fileTypesAndContributionMap":{"functional-code":{"insertions":18,"deletions":2}}},{"hash":"ca107ebd7edf7c49d1d6a52687479c10583836bc","messageTitle":"Update ParserUtilTest.java with test cases for parseScore()","messageBody":"","fileTypesAndContributionMap":{"test-code":{"insertions":26,"deletions":0}}},{"hash":"cdda701bea9fe5f58d52072cc39cfa970e872ebf","messageTitle":"Add parseAssessment() in ParserUtil.java","messageBody":"","fileTypesAndContributionMap":{"functional-code":{"insertions":16,"deletions":0}}},{"hash":"c1e44f8561f4928f95043bf7b4daf545b35d51b1","messageTitle":"Update ParserUtilTest.java with test cases for parseAssessment()","messageBody":"","fileTypesAndContributionMap":{"test-code":{"insertions":26,"deletions":0}}},{"hash":"d42f6e01d0b07bf45b7f239643f1384cd70b4b0b","messageTitle":"Add AssessmentList.java","messageBody":"","fileTypesAndContributionMap":{"functional-code":{"insertions":160,"deletions":0}}},{"hash":"7061b82d6d268acbd98d4495ab6cbc8047157f1b","messageTitle":"Add AssessmentListTest.java","messageBody":"Test cases need recompiling after fixing broken files.\n","fileTypesAndContributionMap":{"functional-code":{"insertions":1,"deletions":2},"test-code":{"insertions":162,"deletions":0}}},{"hash":"872a94bee76d0550f4e2cf79c869a511b7f464bb","messageTitle":"Adapt Assessment.java with ID class","messageBody":"","fileTypesAndContributionMap":{"functional-code":{"insertions":2,"deletions":2}}}]},{"date":"2021-10-10","commitResults":[{"hash":"9bd434337995abd2c93759555dfa38122ebfe41f","messageTitle":"Add util methods for groups","messageBody":"Changes\n* model/AddressBook.java\n* model/Model.java\n* model/ModelManager.java\n\nTest cases will be added later.\n","fileTypesAndContributionMap":{"functional-code":{"insertions":74,"deletions":0}}},{"hash":"e5e894e5e8bf82e49298976339150f753a26d0dd","messageTitle":"Add field representing the student list in a group and util methods","messageBody":"Util methods\n* Group::hasStudent()\n* Group::addStudent()\n* Group::removeStudent()\n\nTest cases will be implemented later.\n","fileTypesAndContributionMap":{"functional-code":{"insertions":33,"deletions":0}}},{"hash":"d91ef552a9b609bac1c803e495efc3574f8bcafc","messageTitle":"Add util methods for adding allocation","messageBody":"Util methods\n* hasStudentInGroup()\n* addStudentToGroup()\n","fileTypesAndContributionMap":{"functional-code":{"insertions":41,"deletions":0}}},{"hash":"82f6815e96756b32634be29d5f813b3ab2bb9a2a","messageTitle":"Add add-allocation command","messageBody":"","fileTypesAndContributionMap":{"functional-code":{"insertions":93,"deletions":0}}},{"hash":"c2de6af4be596222a916be80b5d8bd5e9b04e18e","messageTitle":"Fix class description of AddAllocationCommand","messageBody":"","fileTypesAndContributionMap":{"functional-code":{"insertions":1,"deletions":1}}}]},{"date":"2021-10-11","commitResults":[{"hash":"22be43bfff76be67863aff2fe8e3118ea604a7b2","messageTitle":"Remove unnecessary util methods","messageBody":"","fileTypesAndContributionMap":{"functional-code":{"insertions":0,"deletions":91}}},{"hash":"64964c9d64c03c3604262e3da865b358846e1126","messageTitle":"Fix checkstyle","messageBody":"","fileTypesAndContributionMap":{"functional-code":{"insertions":0,"deletions":1}}},{"hash":"354423fbe50c41bb7800f040ff8a72af18e16f77","messageTitle":"Fix checkstyle","messageBody":"","fileTypesAndContributionMap":{"functional-code":{"insertions":3,"deletions":5}}},{"hash":"cd7c698655f951be770393ff10834f2e32191a68","messageTitle":"Implement add-alloc command","messageBody":"Unresolved bug: already exist student in group not detected.\n","fileTypesAndContributionMap":{"functional-code":{"insertions":213,"deletions":32}}},{"hash":"222ff462ec79c5737f63223b7861992a0bf5403d","messageTitle":"Update AddCommandTest","messageBody":"","fileTypesAndContributionMap":{"test-code":{"insertions":11,"deletions":0}}},{"hash":"3747121316d528969a08899eed46dc2d9c4cfa03","messageTitle":"Fix grammar mistakes","messageBody":"","fileTypesAndContributionMap":{"functional-code":{"insertions":2,"deletions":2}}},{"hash":"a40ce6d046522247a3bcfa5959e985dc07f5c027","messageTitle":"Complete implementing add-alloc command","messageBody":"The command doesn\u0027t detect whether the specified student already\nexists in the group since group doesn\u0027t keep track of its students.\n\nLet\u0027s\n* keep track of students in a group using a list of IDs\n* modify implementation of add-alloc command accordingly so that it\ndoesn\u0027t allow adding duplicate students into one group\n","fileTypesAndContributionMap":{"functional-code":{"insertions":60,"deletions":71},"test-code":{"insertions":0,"deletions":11}}},{"hash":"fca8fdcc8704f212031b194d7c69706f9ac5532f","messageTitle":"Fix wording in description","messageBody":"","fileTypesAndContributionMap":{"functional-code":{"insertions":2,"deletions":2}}},{"hash":"aa709a71b1bf9fdec19b3d50595348dc7e9ea27e","messageTitle":"Fix logic of execution","messageBody":"","fileTypesAndContributionMap":{"functional-code":{"insertions":4,"deletions":3}}},{"hash":"66e353ea3366eadc7b48598ca05ab44ee456f3b2","messageTitle":"Remove empty line","messageBody":"","fileTypesAndContributionMap":{"functional-code":{"insertions":0,"deletions":1}}},{"hash":"41863752277d33a11caf08b0a741f57d09006128","messageTitle":"Modify method name","messageBody":"","fileTypesAndContributionMap":{"functional-code":{"insertions":8,"deletions":1},"test-code":{"insertions":1,"deletions":1}}},{"hash":"449a48a8b84431404301d7788470305b98cae5d7","messageTitle":"Modify method name (cont.)","messageBody":"","fileTypesAndContributionMap":{"test-code":{"insertions":2,"deletions":2}}},{"hash":"ac9efee8ea4239d92f27092729e97979bbbea329","messageTitle":"Adapt to display assessment UI","messageBody":"","fileTypesAndContributionMap":{"functional-code":{"insertions":37,"deletions":4}}},{"hash":"54a59c4a85b453cba6acf9aafcecdb3759098778","messageTitle":"Implement add-score command","messageBody":"","fileTypesAndContributionMap":{"functional-code":{"insertions":308,"deletions":2}}},{"hash":"2db01d02f32329e5ddcfc6e42dba50800b1e1e60","messageTitle":"Fix checkstyle","messageBody":"","fileTypesAndContributionMap":{"functional-code":{"insertions":0,"deletions":1}}},{"hash":"e9678b6eb7d5e372bf7c47c42a23a9b5858c4862","messageTitle":"Fix uncompiled error due to renaming","messageBody":"","fileTypesAndContributionMap":{"functional-code":{"insertions":1,"deletions":1}}},{"hash":"959492b6f9346714bca0ac9994a5c100ee5e788b","messageTitle":"Fix checkstyle","messageBody":"","fileTypesAndContributionMap":{"functional-code":{"insertions":0,"deletions":1}}},{"hash":"cb54b4010e8cbacf3f9b29cfd18145926a2d7912","messageTitle":"Adapt tests to display assessment UI changes","messageBody":"","fileTypesAndContributionMap":{"test-code":{"insertions":0,"deletions":4}}},{"hash":"da75a67a24e8efc3999fafab402eaebfbc7f9551","messageTitle":"Fix UI component of assessment","messageBody":"","fileTypesAndContributionMap":{"functional-code":{"insertions":3,"deletions":3}}},{"hash":"cbfe14f48682067bd14eade2685ccbd2133f7a40","messageTitle":"Refine Address::addStudent(Student)","messageBody":"","fileTypesAndContributionMap":{"functional-code":{"insertions":42,"deletions":18}}},{"hash":"2608c11945bf1e0b448adb80f846e5b6d68e07cf","messageTitle":"Add ID stub class","messageBody":"","fileTypesAndContributionMap":{"functional-code":{"insertions":4,"deletions":0},"test-code":{"insertions":39,"deletions":0}}},{"hash":"a2b157ec7d7f9b15c0628c5fcc506355abc87396","messageTitle":"Add Group tests","messageBody":"","fileTypesAndContributionMap":{"functional-code":{"insertions":13,"deletions":6},"test-code":{"insertions":86,"deletions":5}}}]},{"date":"2021-10-12","commitResults":[{"hash":"25ae55a00a595bfffe87836c2d4227ede3cc64d1","messageTitle":"Rename AssessmentBuilder into AssessmentListBuilder","messageBody":"","fileTypesAndContributionMap":{"other":{"insertions":1,"deletions":1}}},{"hash":"f9afac5eafeb3fc6c87f154b1c48150d2dc32270","messageTitle":"Remove duplicate method setScore(ID, Score)","messageBody":"","fileTypesAndContributionMap":{"functional-code":{"insertions":0,"deletions":4}}},{"hash":"673b3b7a58c1bfbb23f21b4b8f1cb39f35a38456","messageTitle":"Fix naming of Group tests","messageBody":"","fileTypesAndContributionMap":{"test-code":{"insertions":2,"deletions":2}}},{"hash":"86589abc8748b6df0e18ec98ed2867a2846644b3","messageTitle":"Remove unused import statement","messageBody":"","fileTypesAndContributionMap":{"test-code":{"insertions":0,"deletions":1}}},{"hash":"4b38f2308329f2ef20b489eaa98d3197c844846f","messageTitle":"Change default value of GroupBuilder","messageBody":"","fileTypesAndContributionMap":{"test-code":{"insertions":1,"deletions":1}}},{"hash":"5e36c507c935ed2f73d0092e049494aa56bda222","messageTitle":"Rename Assessment::getName() to getValue() to keep consistency","messageBody":"","fileTypesAndContributionMap":{"functional-code":{"insertions":5,"deletions":4},"test-code":{"insertions":1,"deletions":1}}},{"hash":"fb1d5082dbdb7aada25f3a67a65dc85427799e04","messageTitle":"Add Score stub class","messageBody":"","fileTypesAndContributionMap":{"functional-code":{"insertions":4,"deletions":0},"test-code":{"insertions":44,"deletions":0}}},{"hash":"d164a070b3d99cf86fdd5f27f3393e20afac878d","messageTitle":"Add TypicalAssessments","messageBody":"","fileTypesAndContributionMap":{"test-code":{"insertions":20,"deletions":0}}},{"hash":"a815f5b7c0e40eb3de3de7ce012be81185620157","messageTitle":"Add Assessment tests","messageBody":"","fileTypesAndContributionMap":{"test-code":{"insertions":111,"deletions":0}}},{"hash":"2b393e91dd3a5cec5ae6681a647c5cdb848f104a","messageTitle":"Fix warning in AddAllocCommand","messageBody":"","fileTypesAndContributionMap":{"functional-code":{"insertions":2,"deletions":4}}},{"hash":"141f5151cd9314d0db832be5dd47e735d91903f2","messageTitle":"Refine description of AllocDescriptorBuilder","messageBody":"","fileTypesAndContributionMap":{"test-code":{"insertions":1,"deletions":3}}},{"hash":"e9e749aedea019db9fe080f4c68d312cff977e3f","messageTitle":"Add tests for AddAllocCommand","messageBody":"","fileTypesAndContributionMap":{"test-code":{"insertions":146,"deletions":0}}},{"hash":"70546ca40a11f75f0a2bfc111fa3fc1e377699c7","messageTitle":"Update CommonTestUtil with AddAllocDescriptor objects","messageBody":"","fileTypesAndContributionMap":{"test-code":{"insertions":48,"deletions":34}}},{"hash":"8a85864fa885c9e8064e60412657a6c12162a5f2","messageTitle":"Refine EditCommandTest","messageBody":"","fileTypesAndContributionMap":{"test-code":{"insertions":1,"deletions":1}}},{"hash":"2e234bee01144a206bd9ebcb9399353f9e5d41eb","messageTitle":"Add tests for AddAllocCommand::equals()","messageBody":"","fileTypesAndContributionMap":{"test-code":{"insertions":26,"deletions":0}}}]},{"date":"2021-10-13","commitResults":[{"hash":"febcef0d48afd09856cac00b2b472bac3ea3a41a","messageTitle":"Fix AddAllocCommandTest::equals()","messageBody":"","fileTypesAndContributionMap":{"test-code":{"insertions":1,"deletions":1}}},{"hash":"1f1715b22b8200741d79400b06a3a956c29988dd","messageTitle":"Add util methods for Assessment operations","messageBody":"","fileTypesAndContributionMap":{"functional-code":{"insertions":57,"deletions":4},"test-code":{"insertions":16,"deletions":0}}},{"hash":"05add3b8fe12a17558294797cf402d66df949ab5","messageTitle":"Update AssessmentBuilder to accept primitive inputs","messageBody":"","fileTypesAndContributionMap":{"test-code":{"insertions":13,"deletions":7}}},{"hash":"f90d11fa12154c189e83989f62300d680e76e410","messageTitle":"Update followed up changes of AssessmentBuilder","messageBody":"","fileTypesAndContributionMap":{"test-code":{"insertions":2,"deletions":2}}},{"hash":"aea9086db7c022b029e6db3fc0dbb87a2d1ea221","messageTitle":"Add tests for AddScoreCommand","messageBody":"","fileTypesAndContributionMap":{"test-code":{"insertions":268,"deletions":1}}},{"hash":"d3d159b78dc21919270dd40ec35960ac52996381","messageTitle":"Fix warning in EditCommandParserTest","messageBody":"","fileTypesAndContributionMap":{"test-code":{"insertions":1,"deletions":1}}},{"hash":"c4d275362c9da97f485c21f7b0e0e982b11e7f5e","messageTitle":"Fix bug when both Name and ID field are specified","messageBody":"","fileTypesAndContributionMap":{"functional-code":{"insertions":2,"deletions":0}}},{"hash":"7fba96c4dd185261ea5b5a9a31b657c22285c0bf","messageTitle":"Add tests for AddAllocCommandParser","messageBody":"","fileTypesAndContributionMap":{"test-code":{"insertions":142,"deletions":0}}},{"hash":"006e363647c877c9cc52f22081b4b1bb77fde529","messageTitle":"Rename sample descriptors to avoid name clashing with \u0027description\u0027","messageBody":"","fileTypesAndContributionMap":{"test-code":{"insertions":46,"deletions":46}}},{"hash":"1693b12a8ae8777e888a13165055e2f1770a2c11","messageTitle":"Fix bug when both Name and ID fields are specified","messageBody":"","fileTypesAndContributionMap":{"functional-code":{"insertions":2,"deletions":0}}},{"hash":"8956132b76b9c039318752c5d354495ea58c7873","messageTitle":"Add tests for AddScoreCommandParser","messageBody":"","fileTypesAndContributionMap":{"functional-code":{"insertions":1,"deletions":1},"test-code":{"insertions":220,"deletions":7}}},{"hash":"e6c04374b99d3528b065a85e707d56f6b86942a9","messageTitle":"Fix checkstyle","messageBody":"","fileTypesAndContributionMap":{"functional-code":{"insertions":0,"deletions":2},"test-code":{"insertions":28,"deletions":26}}},{"hash":"90a243f892f5923e3ed86dfea3278e1a46c958fb","messageTitle":"Fix warning in EditStudentDescriptorTest","messageBody":"","fileTypesAndContributionMap":{"test-code":{"insertions":14,"deletions":14}}},{"hash":"34aeca9ede3bd4a4f5503d677ce0ad417c2b82ae","messageTitle":"Add tests for AllocDescriptor and ScoreDescriptor","messageBody":"","fileTypesAndContributionMap":{"test-code":{"insertions":108,"deletions":0}}}]},{"date":"2021-10-21","commitResults":[{"hash":"0e8faadac0bab3839f2ac51f5fd92c827721dd62","messageTitle":"Update DG with `add alloc` command implementation","messageBody":"This commit only drafts out the workflow of the command with\nexample use case. Respective sequence diagram will be added later.\n","fileTypesAndContributionMap":{"docs":{"insertions":20,"deletions":0}}}]},{"date":"2021-10-24","commitResults":[{"hash":"644abafe4ab5bdb341eca9c8e349355f4cd4f7ce","messageTitle":"Implement show command","messageBody":"","fileTypesAndContributionMap":{"functional-code":{"insertions":278,"deletions":2}}},{"hash":"25b8b976e4d0ef78e699acab3e27df74a9754840","messageTitle":"Rename `value` field of `Assessment` to `name` to be more intuitive","messageBody":"","fileTypesAndContributionMap":{"functional-code":{"insertions":16,"deletions":16},"test-code":{"insertions":6,"deletions":6}}},{"hash":"af06736600464e0692ea5678b7358d77e242df5b","messageTitle":"Implement display student info","messageBody":"","fileTypesAndContributionMap":{"functional-code":{"insertions":129,"deletions":6}}},{"hash":"c050bd9a6d2fd87b38585d6150bf810a03c2d29c","messageTitle":"Implement display assessment info","messageBody":"`ShowAssessmentCommand` can be safely deleted when implementation of\ndisplaying assessment graph is finished.\n","fileTypesAndContributionMap":{"functional-code":{"insertions":100,"deletions":16}}},{"hash":"59e14b76cdae5bf3c82d3a5f277f7ea46dad0b08","messageTitle":"Fix checkstyle","messageBody":"","fileTypesAndContributionMap":{"functional-code":{"insertions":28,"deletions":12}}},{"hash":"c9a4dbd84a938a6eadac14a9c4bfd0c9c82aaa93","messageTitle":"Fix compile error due to renaming","messageBody":"","fileTypesAndContributionMap":{"functional-code":{"insertions":1,"deletions":1}}},{"hash":"6d8c09943f31e92e6a59877dff296cb65a2be1fa","messageTitle":"Fix Assessment#getStatistics to update with newest statistics","messageBody":"Co-authored-by: Tang Zhiying \u003c77109925+zhing22@users.noreply.github.com\u003e","fileTypesAndContributionMap":{"functional-code":{"insertions":1,"deletions":0}}}]},{"date":"2021-10-25","commitResults":[{"hash":"4d7b57abc2482556faa0feae3740c3beda3b046b","messageTitle":"Update AssessmentStastistics#getBin method description","messageBody":"Co-authored-by: Gan Hong Yao \u003c75519136+ganhongyao@users.noreply.github.com\u003e","fileTypesAndContributionMap":{"functional-code":{"insertions":1,"deletions":1}}},{"hash":"89b92c707ac28aff492d3e59be17c928cfd9e50d","messageTitle":"Remove unnecessary statistics getting step ShowCommand#execute","messageBody":"Co-authored-by: Gan Hong Yao \u003c75519136+ganhongyao@users.noreply.github.com\u003e","fileTypesAndContributionMap":{"functional-code":{"insertions":0,"deletions":1}}},{"hash":"a7d6c92c091be3cca15e38ce1ab74a37a15550d5","messageTitle":"Change font color for easy readability","messageBody":"","fileTypesAndContributionMap":{"functional-code":{"insertions":2,"deletions":2}}},{"hash":"a4d42c893a2ae2e8f7f8a5ca3612cbacee4e6405","messageTitle":"Clear previous display","messageBody":"","fileTypesAndContributionMap":{"functional-code":{"insertions":11,"deletions":1}}},{"hash":"e256421cf425a9b17c4280306d10965b66a30410","messageTitle":"Add JavaDoc comment for method description","messageBody":"","fileTypesAndContributionMap":{"functional-code":{"insertions":9,"deletions":0}}},{"hash":"fbe2230d234f8fcdae03bebe36f949a94b946c2b","messageTitle":"Remove AssessmentStatistics as field of Assessment","messageBody":"","fileTypesAndContributionMap":{"functional-code":{"insertions":2,"deletions":14}}},{"hash":"92289881889dfba62a69c20e8e520621fd8f79a5","messageTitle":"Fix compile error","messageBody":"","fileTypesAndContributionMap":{"functional-code":{"insertions":4,"deletions":4}}},{"hash":"b88b8ed8f294a1b6de5b61e7d44738f2dd587c3c","messageTitle":"Remove ShowAssessmentCommand","messageBody":"","fileTypesAndContributionMap":{"functional-code":{"insertions":0,"deletions":107}}},{"hash":"5ade680d0418b3b9c00d853f402494cea24b3377","messageTitle":"Display student statistic graph","messageBody":"","fileTypesAndContributionMap":{"functional-code":{"insertions":4,"deletions":1}}},{"hash":"d897c3ea128b5ca1c50fa658a9412b36d1cc7ebf","messageTitle":"Resolve empty score list in get statistics methods","messageBody":"","fileTypesAndContributionMap":{"functional-code":{"insertions":7,"deletions":5}}}]},{"date":"2021-10-26","commitResults":[{"hash":"3b9785267b6642e8b77e7bf6b7e721408b6166b1","messageTitle":"Resolve empty score list case (cont.)","messageBody":"","fileTypesAndContributionMap":{"functional-code":{"insertions":18,"deletions":11}}},{"hash":"a63ca8a9c7b623f8fa87d37c68ec3cdd5612e957","messageTitle":"Fix representation of numeric values to two decimal places","messageBody":"","fileTypesAndContributionMap":{"functional-code":{"insertions":20,"deletions":5}}},{"hash":"640751bac2ab257c59a2a68776aa9611d863930b","messageTitle":"Fix checkstyle","messageBody":"","fileTypesAndContributionMap":{"functional-code":{"insertions":2,"deletions":2}}},{"hash":"674d138a8d088ea3d3225cacbf2cf23e24c32637","messageTitle":"Implement show INDEX","messageBody":"","fileTypesAndContributionMap":{"functional-code":{"insertions":92,"deletions":15}}},{"hash":"4512d93f0df5c63cb7f9e0c71d632e0e577234da","messageTitle":"Adapt ShowCommand#equals to newly added field","messageBody":"","fileTypesAndContributionMap":{"functional-code":{"insertions":6,"deletions":5}}},{"hash":"93b60971171dfb9be69ee12721961f151ab6a200","messageTitle":"Implement show group info","messageBody":"","fileTypesAndContributionMap":{"functional-code":{"insertions":89,"deletions":24}}},{"hash":"1fa3c529cf4bc0254f162ef54f9d64f0b536181a","messageTitle":"Add stub method in AddCommandTest to resolve compile error","messageBody":"","fileTypesAndContributionMap":{"test-code":{"insertions":5,"deletions":0}}},{"hash":"fc85b8f5d2d21a017c278f5753b5742a924e2b8f","messageTitle":"Update ShowCommand#execute for better readability","messageBody":"Co-authored-by: Gan Hong Yao \u003c75519136+ganhongyao@users.noreply.github.com\u003e","fileTypesAndContributionMap":{"functional-code":{"insertions":4,"deletions":2}}},{"hash":"ec1b11b911ee62307c37a95eb27cc735b5e90d8f","messageTitle":"Remove trailing whitespaces","messageBody":"","fileTypesAndContributionMap":{"functional-code":{"insertions":2,"deletions":2}}},{"hash":"8b29758f8317d50c10c31a9bb6911f500f9fbd25","messageTitle":"Remove sharing between constructors","messageBody":"","fileTypesAndContributionMap":{"functional-code":{"insertions":18,"deletions":14}}},{"hash":"fd62fd8cefb74e674a7f93986726a061e46e7d43","messageTitle":"Fix exception not thrown bug when invalid `show` command executed","messageBody":"When `show` command is executed with empty preamble,\na `ParseException` should be thrown.\n","fileTypesAndContributionMap":{"functional-code":{"insertions":5,"deletions":4}}}]},{"date":"2021-10-27","commitResults":[{"hash":"25d5d1b0e218d272d9f5f0bebb5c829347e018f4","messageTitle":"Complete implementing show group","messageBody":"","fileTypesAndContributionMap":{"functional-code":{"insertions":48,"deletions":12}}},{"hash":"5eec603837bb8865edeb221acce58a134a77b7b3","messageTitle":"Fix checkstyle","messageBody":"","fileTypesAndContributionMap":{"functional-code":{"insertions":1,"deletions":1}}},{"hash":"cd06ca04ef3f749655e7530b3c5ea7c2bc33abeb","messageTitle":"Remove (again) unused methods due to merging","messageBody":"","fileTypesAndContributionMap":{"functional-code":{"insertions":2,"deletions":9}}},{"hash":"7a5d860024eb67872b850353b2cdf83805357fc8","messageTitle":"Reset filtered student list when showing assessment info","messageBody":"","fileTypesAndContributionMap":{"functional-code":{"insertions":4,"deletions":0}}},{"hash":"1db4a7327f288ce50fe2d1bd98d0958f9066ed1a","messageTitle":"Fix checkstyle (after adapting changes from v1.3-export-graph)","messageBody":"","fileTypesAndContributionMap":{"functional-code":{"insertions":1,"deletions":1}}},{"hash":"eaffd084c2be653dab166f50e83f2f16eddc3f2e","messageTitle":"Fix checkstyle","messageBody":"","fileTypesAndContributionMap":{"functional-code":{"insertions":0,"deletions":2}}},{"hash":"2391bc0e16743f5d54b888a9a4cb060e4cbf7741","messageTitle":"Display save path in feedback to users","messageBody":"","tags":["v1.3.demo"],"fileTypesAndContributionMap":{"functional-code":{"insertions":1,"deletions":1}}}]},{"date":"2021-11-02","commitResults":[{"hash":"0138b5722fbf1e37618ca738b8de25cad2fd310e","messageTitle":"Fix out-of-bound score error","messageBody":"","fileTypesAndContributionMap":{"functional-code":{"insertions":8,"deletions":3}}},{"hash":"5e10cfda628fa77cd993d9fff01dadf6caede9e0","messageTitle":"Fix error message","messageBody":"","fileTypesAndContributionMap":{"functional-code":{"insertions":1,"deletions":1}}}]}],"ganhongyao":[{"date":"2021-09-26","commitResults":[{"hash":"efe2d0d1b74f370b3a826f4ebd17ac2ff55bbcc6","messageTitle":"Update CI badge references","messageBody":"","fileTypesAndContributionMap":{"docs":{"insertions":2,"deletions":2}}},{"hash":"03381422e831c813fb2c1ad91bff3561f36adea0","messageTitle":"Add image and update responsibilities","messageBody":"","fileTypesAndContributionMap":{"docs":{"insertions":4,"deletions":4}}},{"hash":"1e22389b2eda92dead0a290065ffa2b012f7dbf0","messageTitle":"Update user guide for adding groups feature","messageBody":"","fileTypesAndContributionMap":{"docs":{"insertions":16,"deletions":0}}},{"hash":"91ce22bee4bbf5d1c322ac5af92dc88e0be94a99","messageTitle":"Update use cases","messageBody":"","fileTypesAndContributionMap":{"docs":{"insertions":31,"deletions":11}}}]},{"date":"2021-09-27","commitResults":[{"hash":"0cce0478edc96740753380efc6ca4f12a324729a","messageTitle":"Add add group command to command summary","messageBody":"","fileTypesAndContributionMap":{"docs":{"insertions":1,"deletions":1}}},{"hash":"840be50bacebaf22fd6c68c6d55b98f255ad6357","messageTitle":"Escape pipe character for search command","messageBody":"","fileTypesAndContributionMap":{"docs":{"insertions":1,"deletions":1}}},{"hash":"8f12d981c03dcb3ef8eb397ddbf05d63de53ed2e","messageTitle":"Fix ellipsis","messageBody":"","fileTypesAndContributionMap":{"docs":{"insertions":4,"deletions":4}}},{"hash":"c1e1e6533f3c0c96d9c3d4e0310fbc050d9a7631","messageTitle":"Remove traces of AB3 in quick start","messageBody":"","fileTypesAndContributionMap":{"docs":{"insertions":2,"deletions":2}}},{"hash":"58d29ed84e5a78df0cedb1503a5b95698dc91373","messageTitle":"Rename Hong Fai\u0027s image to match github username","messageBody":"","fileTypesAndContributionMap":{"docs":{"insertions":1,"deletions":1}}}]},{"date":"2021-10-06","commitResults":[{"hash":"08973b8aa6e63165dedf06a243ccee8a063b2653","messageTitle":"Refactor Person class to Student","messageBody":"","fileTypesAndContributionMap":{"functional-code":{"insertions":210,"deletions":210},"other":{"insertions":32,"deletions":32},"test-code":{"insertions":181,"deletions":181}}},{"hash":"cb8732ad6bc89d5caaebc7a361e3f35a1556c6a2","messageTitle":"Rename person package to student","messageBody":"","fileTypesAndContributionMap":{"functional-code":{"insertions":36,"deletions":36},"other":{"insertions":38,"deletions":39},"test-code":{"insertions":48,"deletions":50}}},{"hash":"bd59f2135b70cb0b2f4bf5060e42d5075bf48668","messageTitle":"Rename method names in Model interface from person to student","messageBody":"","fileTypesAndContributionMap":{"functional-code":{"insertions":25,"deletions":25},"test-code":{"insertions":47,"deletions":47}}},{"hash":"7b562f7d9a3dea690d0cb4a39371b95d9da2adc9","messageTitle":"Refactor UniquePersonList to UniqueStudentList","messageBody":"","fileTypesAndContributionMap":{"functional-code":{"insertions":21,"deletions":21},"other":{"insertions":16,"deletions":16},"test-code":{"insertions":59,"deletions":59}}},{"hash":"58bdcb25ce7af77ef256c5f032b4100293669630","messageTitle":"Refactor person to student in AddressBook","messageBody":"","fileTypesAndContributionMap":{"functional-code":{"insertions":20,"deletions":20},"test-code":{"insertions":18,"deletions":18}}},{"hash":"97b17e01febc3d8ff9c3424ac60a6d30f6fd3409","messageTitle":"Remove deprecated fields and add ID to Student class","messageBody":"","fileTypesAndContributionMap":{"functional-code":{"insertions":13,"deletions":30}}},{"hash":"66316e13907e0f93881d347ff315cbda02d070a7","messageTitle":"Refactor JsonAdaptedPerson to JsonAdaptedStudent","messageBody":"","fileTypesAndContributionMap":{"functional-code":{"insertions":5,"deletions":5},"other":{"insertions":6,"deletions":6},"test-code":{"insertions":16,"deletions":16}}},{"hash":"7d5af72771cb0b33ab238b6013882bf91bf21abd","messageTitle":"Reflect change of Student fields in JsonAdaptedPerson","messageBody":"","fileTypesAndContributionMap":{"functional-code":{"insertions":14,"deletions":15}}},{"hash":"7e822dc24a915d91fc4c6cefba8dc9dfa93f202f","messageTitle":"Refactor PersonBuilder to reflect field changes","messageBody":"","fileTypesAndContributionMap":{"test-code":{"insertions":12,"deletions":35}}},{"hash":"17d2cad4a5233ea3ccb1d58cb57ca3584592107c","messageTitle":"Update tests for JsonAdaptedStudent","messageBody":"","fileTypesAndContributionMap":{"test-code":{"insertions":22,"deletions":58}}},{"hash":"d6c776a0e379ac5a2944acb6b6ea18278bf03f62","messageTitle":"Remove deprecated imports","messageBody":"","fileTypesAndContributionMap":{"test-code":{"insertions":1,"deletions":4}}},{"hash":"5781aeb8bf3f9084629275af8c577076c8d1180a","messageTitle":"Update SampleDataUtil to reflect field changes","messageBody":"","fileTypesAndContributionMap":{"functional-code":{"insertions":7,"deletions":15}}},{"hash":"fcb529ba41339a1912b4c9236b296b7a417e1979","messageTitle":"Add groups and scores fields to Student class","messageBody":"","fileTypesAndContributionMap":{"functional-code":{"insertions":41,"deletions":3}}},{"hash":"f1b8cd26f1da2bfe7ccb5d8cc4d12e50d5afebeb","messageTitle":"Add groups and scores to JsonAdaptedStudent","messageBody":"","fileTypesAndContributionMap":{"functional-code":{"insertions":13,"deletions":4}}},{"hash":"8ee544e42b85127b791240294af10290ffa68a5b","messageTitle":"Add groups and scores to PersonBuilder and SampleData","messageBody":"","fileTypesAndContributionMap":{"functional-code":{"insertions":34,"deletions":0},"test-code":{"insertions":30,"deletions":1}}}]},{"date":"2021-10-07","commitResults":[{"hash":"1c91fd335ae52409624451952fe79334d3b989f9","messageTitle":"Update JsonAdaptedStudentTest with raw groups and scores","messageBody":"","fileTypesAndContributionMap":{"functional-code":{"insertions":13,"deletions":1},"test-code":{"insertions":115,"deletions":44}}},{"hash":"d723ef965418088800b4f22612c3dfa9e24ac1e5","messageTitle":"Change from Map.ofEntries to Map.of for better readability","messageBody":"","fileTypesAndContributionMap":{"functional-code":{"insertions":8,"deletions":14},"test-code":{"insertions":10,"deletions":11}}},{"hash":"5c3d996e463c5cae18c77237355ef812d4d1cf69","messageTitle":"Update Student tests","messageBody":"","fileTypesAndContributionMap":{"test-code":{"insertions":32,"deletions":25}}},{"hash":"c8b07938360dbceb2ba469453d12792cec5435ff","messageTitle":"Update AddCommand usage message","messageBody":"","fileTypesAndContributionMap":{"functional-code":{"insertions":14,"deletions":16}}},{"hash":"89eda4fa059ea7c551b919ec9a882264c794675e","messageTitle":"Update AddCommand","messageBody":"","fileTypesAndContributionMap":{"functional-code":{"insertions":30,"deletions":13}}},{"hash":"38ddc8aedf3f29b30df9867368bf13bafa0da985","messageTitle":"Update EditCommand","messageBody":"","fileTypesAndContributionMap":{"functional-code":{"insertions":106,"deletions":74},"test-code":{"insertions":138,"deletions":137}}},{"hash":"af7f7a6266b1b77909ad6071b264d6f0af2f501a","messageTitle":"Update EditStudentDescriptor","messageBody":"","fileTypesAndContributionMap":{"test-code":{"insertions":33,"deletions":29}}},{"hash":"c8266a69611fe04291075fa13273a09db3129907","messageTitle":"Update EditCommandParserTest","messageBody":"","fileTypesAndContributionMap":{"test-code":{"insertions":63,"deletions":81}}},{"hash":"9b802b1f2666ef0b30245e03155e19f9493ea40b","messageTitle":"Update EditCommandTest","messageBody":"","fileTypesAndContributionMap":{"test-code":{"insertions":4,"deletions":3}}},{"hash":"05612086f65e58e4733dc35c3dab8672848cf697","messageTitle":"Update AddCommanParserTest","messageBody":"","fileTypesAndContributionMap":{"test-code":{"insertions":51,"deletions":65}}},{"hash":"323cb1d3724d2ba06982c7d3f570f69c53f5e712","messageTitle":"Fix miscellaneous tests referencing deprecated fields","messageBody":"","fileTypesAndContributionMap":{"test-code":{"insertions":29,"deletions":25}}},{"hash":"6ec501c12b5b1ee099a29fd12f217cef82a10a89","messageTitle":"Add dummy text to allow Java to compile","messageBody":"","fileTypesAndContributionMap":{"functional-code":{"insertions":3,"deletions":3}}},{"hash":"fabb086a31de3df2a095fb983167bebad7211282","messageTitle":"Fix style violations","messageBody":"","fileTypesAndContributionMap":{"functional-code":{"insertions":41,"deletions":108},"other":{"insertions":1,"deletions":2},"test-code":{"insertions":32,"deletions":102}}}]},{"date":"2021-10-10","commitResults":[{"hash":"4f9b304e457d4b77517129ec14661a28fcef841e","messageTitle":"Add command class","messageBody":"","fileTypesAndContributionMap":{"functional-code":{"insertions":61,"deletions":0}}},{"hash":"7b8a9f41de3cd5a50ee1d0e6ad223238ea60f2ed","messageTitle":"Add Parser class","messageBody":"","fileTypesAndContributionMap":{"functional-code":{"insertions":53,"deletions":0}}},{"hash":"64d919d9aadffbe6b11567e81ff06dd5677b5eac","messageTitle":"Update Model interface","messageBody":"","fileTypesAndContributionMap":{"functional-code":{"insertions":26,"deletions":1}}},{"hash":"f6c2dd42f8a6bf768c3574fc5fa25696a3764b42","messageTitle":"Fix parser for two word commands","messageBody":"","fileTypesAndContributionMap":{"functional-code":{"insertions":22,"deletions":33}}}]},{"date":"2021-10-11","commitResults":[{"hash":"abb283eac55dc8a89480e5d2f5efb9b3328117ea","messageTitle":"Complete add group functionality with student allocation","messageBody":"","fileTypesAndContributionMap":{"functional-code":{"insertions":93,"deletions":13}}},{"hash":"43cd0139125a5997e5b74a23ed66b572ccc66e75","messageTitle":"Rename createEditedStudent method","messageBody":"","fileTypesAndContributionMap":{"functional-code":{"insertions":2,"deletions":2}}},{"hash":"8a80734c4ad2a00c7df097f23bb5dad2e37e7ac9","messageTitle":"Fix style","messageBody":"","fileTypesAndContributionMap":{"functional-code":{"insertions":3,"deletions":3}}},{"hash":"29b4aebf16fb336657b69aad8832ea7d39bf1f22","messageTitle":"Add method implementation for model stub","messageBody":"","fileTypesAndContributionMap":{"test-code":{"insertions":11,"deletions":0}}},{"hash":"7b4e2e31228f21b03667032c50e3fdeea1054984","messageTitle":"Rename name field of Group class and allow constructor to take in students","messageBody":"","fileTypesAndContributionMap":{"functional-code":{"insertions":26,"deletions":10},"test-code":{"insertions":7,"deletions":7}}},{"hash":"c9e6198e98f7551eefa3f86294c3da8fb9d20c42","messageTitle":"Add test utils for group and alloc","messageBody":"","fileTypesAndContributionMap":{"test-code":{"insertions":107,"deletions":0}}},{"hash":"94b161dbeebefd8ea0a33370c32307a71b02312c","messageTitle":"Remove unused import","messageBody":"","fileTypesAndContributionMap":{"functional-code":{"insertions":0,"deletions":2}}}]},{"date":"2021-10-12","commitResults":[{"hash":"5be9fe8109b522c490291c35e29cb596ee61f5ca","messageTitle":"Add AddGroupCommandParser tests","messageBody":"","fileTypesAndContributionMap":{"test-code":{"insertions":96,"deletions":0}}},{"hash":"cc00e14616dab737428c952053749c7947cdee5e","messageTitle":"Add AddGroupCommand tests","messageBody":"","fileTypesAndContributionMap":{"functional-code":{"insertions":16,"deletions":3},"test-code":{"insertions":199,"deletions":0}}},{"hash":"b8df13cba7ee66a00df01f3cbc52d837f49ad278","messageTitle":"Add add group command to parser test","messageBody":"","fileTypesAndContributionMap":{"test-code":{"insertions":21,"deletions":0}}},{"hash":"57029aaf1fa57ad2d721f7911f6b0d902c655c81","messageTitle":"Fix style","messageBody":"","fileTypesAndContributionMap":{"test-code":{"insertions":10,"deletions":9}}},{"hash":"5221022d078d266dd644de185d980f5a340142ab","messageTitle":"Ignore order when comparing descriptors","messageBody":"","fileTypesAndContributionMap":{"functional-code":{"insertions":15,"deletions":5}}},{"hash":"4d4ec521df29a74ba8484b9c5ecc137992a0c166","messageTitle":"Fix failing tests","messageBody":"","fileTypesAndContributionMap":{"test-code":{"insertions":21,"deletions":15}}},{"hash":"ca509bceeaf0269f16c6dcc504163216c80522ed","messageTitle":"Add tests for CollectionUtil::equalsIgnoreOrder","messageBody":"","fileTypesAndContributionMap":{"functional-code":{"insertions":3,"deletions":0},"test-code":{"insertions":24,"deletions":0}}}]},{"date":"2021-10-13","commitResults":[{"hash":"f3ba647d9b56084599802a7a7591a1e764ac973e","messageTitle":"Fix typo","messageBody":"","fileTypesAndContributionMap":{"test-code":{"insertions":1,"deletions":1}}}]},{"date":"2021-10-14","commitResults":[{"hash":"44e5dff48ef29044fe955cd6e3758a3f26d16f96","messageTitle":"Add info of students added to success message","messageBody":"","fileTypesAndContributionMap":{"functional-code":{"insertions":20,"deletions":1},"test-code":{"insertions":34,"deletions":2}}},{"hash":"b4a2dcba3838bb641cffb23126c20e8b934084e4","messageTitle":"Use Collectors.joining instead of toList","messageBody":"","fileTypesAndContributionMap":{"functional-code":{"insertions":6,"deletions":3}}}]},{"date":"2021-10-21","commitResults":[{"hash":"f1cdf1aa66457d20b6b1663f95979b395726b928","messageTitle":"Update DG for add group implementation","messageBody":"","fileTypesAndContributionMap":{"docs":{"insertions":54,"deletions":0}}}]},{"date":"2021-10-23","commitResults":[{"hash":"66098e8eebf42b82a0bf492357fd746793fe9e37","messageTitle":"Add basic fxml elements","messageBody":"","fileTypesAndContributionMap":{"functional-code":{"insertions":44,"deletions":1}}},{"hash":"9ff7914c1cf6e1d3fa6fac12b26e036aa15cfdaa","messageTitle":"Add placeholder chart","messageBody":"","fileTypesAndContributionMap":{"functional-code":{"insertions":37,"deletions":8}}},{"hash":"16cded66b57079263903afcebaf5366ea71d3338","messageTitle":"Remove border for stack pane","messageBody":"","fileTypesAndContributionMap":{"functional-code":{"insertions":1,"deletions":1}}},{"hash":"5328df7528f359e007714a03247a1cb688f2781c","messageTitle":"Add Bin and AssessmentStatistics classes","messageBody":"","fileTypesAndContributionMap":{"functional-code":{"insertions":110,"deletions":0}}},{"hash":"f976f94de835cf3a6a67e59afa2aa6ad1f4b77df","messageTitle":"Add createBarChart static method","messageBody":"","fileTypesAndContributionMap":{"functional-code":{"insertions":35,"deletions":2}}},{"hash":"cfb4804666fc825772ad3dc508145d5b977b563a","messageTitle":"Add chart to CommandResult","messageBody":"","fileTypesAndContributionMap":{"functional-code":{"insertions":36,"deletions":30}}},{"hash":"d9d2f97600d30513f08b0ad924596c1fba3b048d","messageTitle":"Move createBarChart to ChartUtil to remove Logic\u0027s dependency on Ui","messageBody":"","fileTypesAndContributionMap":{"functional-code":{"insertions":32,"deletions":21}}},{"hash":"0feaf84f79102e7aade5b23afc07fe3e8eacb38d","messageTitle":"Add command execution","messageBody":"","fileTypesAndContributionMap":{"functional-code":{"insertions":118,"deletions":6}}},{"hash":"856cafdfc2b382b85e2bc89dad26665bf87c9aae","messageTitle":"Display bins in sorted order","messageBody":"","fileTypesAndContributionMap":{"functional-code":{"insertions":2,"deletions":1}}},{"hash":"aefec8fddd7fd50c64b670dbd2a82cc64d2bc5ca","messageTitle":"Extract AssessmentStatistics out as its own class","messageBody":"","fileTypesAndContributionMap":{"functional-code":{"insertions":140,"deletions":116}}},{"hash":"1e0680ad005f1a3a08cc8490aef8bd03783628ba","messageTitle":"Remove unused imports","messageBody":"","fileTypesAndContributionMap":{"functional-code":{"insertions":0,"deletions":18}}},{"hash":"800042340bfc6137eb3c5f917bb7131e24d46935","messageTitle":"Fix raw type","messageBody":"","fileTypesAndContributionMap":{"functional-code":{"insertions":1,"deletions":1}}},{"hash":"a8656290c582a8d8191f93340d90a0a940d0f2de","messageTitle":"Fix style and add docs","messageBody":"","fileTypesAndContributionMap":{"functional-code":{"insertions":83,"deletions":14}}},{"hash":"751563d26cd19c86ab7c14cb8c38487efb4bcccc","messageTitle":"Add back CommandResult constructor without chart parameter","messageBody":"","fileTypesAndContributionMap":{"functional-code":{"insertions":6,"deletions":2},"test-code":{"insertions":5,"deletions":0}}}]},{"date":"2021-10-24","commitResults":[{"hash":"50b89b900edc48021b1f77ec2cf5363af2037bcf","messageTitle":"Ensure that old graphs disappear after new commands","messageBody":"","fileTypesAndContributionMap":{"functional-code":{"insertions":2,"deletions":0}}},{"hash":"3af5c500442279f4ee7c1efc31784fbf34ef92f7","messageTitle":"Configure tick units so that decimals are not seen","messageBody":"","fileTypesAndContributionMap":{"functional-code":{"insertions":23,"deletions":4}}},{"hash":"67ca5ca6c06b50cbb42a68f5d1488ceab7b5103f","messageTitle":"Improve CSS","messageBody":"","fileTypesAndContributionMap":{"functional-code":{"insertions":23,"deletions":2}}},{"hash":"38eaf9acd909968044dc0f192e51179712a82800","messageTitle":"Extract out common part of clearing charts","messageBody":"","fileTypesAndContributionMap":{"functional-code":{"insertions":2,"deletions":3}}},{"hash":"a1a8e129db486e4afa04a917b9c925f7699fc422","messageTitle":"Enable text wrap for result display","messageBody":"","fileTypesAndContributionMap":{"functional-code":{"insertions":1,"deletions":1}}}]},{"date":"2021-10-26","commitResults":[{"hash":"686fdfabb261ec3b5e0b4748dbe9e4bea4671298","messageTitle":"Wrap text for student panel card","messageBody":"","fileTypesAndContributionMap":{"functional-code":{"insertions":2,"deletions":2}}},{"hash":"110a833bac7c1212f6001f2ec52acdfc0f7d13e1","messageTitle":"Increase minWidth so graphs can be displayed in smallest screen size","messageBody":"","fileTypesAndContributionMap":{"functional-code":{"insertions":1,"deletions":1}}},{"hash":"e99d18ec6fff6f2fcc02d1ad0e91838298888aad","messageTitle":"Start the app maximised","messageBody":"","fileTypesAndContributionMap":{"functional-code":{"insertions":1,"deletions":1}}},{"hash":"156c093929bd62326d5788c0a776585deea05f98","messageTitle":"Replace app icon and title","messageBody":"","fileTypesAndContributionMap":{"functional-code":{"insertions":3,"deletions":3},"test-code":{"insertions":1,"deletions":1}}},{"hash":"54815ba166e3a242663672862602c056b64821ac","messageTitle":"Rename jar file","messageBody":"","fileTypesAndContributionMap":{"other":{"insertions":1,"deletions":1}}},{"hash":"e35ceb51baad1a1fb9332e50c90d5839d0a20ddb","messageTitle":"Ensure exact name match for ShowCommand","messageBody":"","fileTypesAndContributionMap":{"functional-code":{"insertions":37,"deletions":5}}}]},{"date":"2021-10-27","commitResults":[{"hash":"ed291e3e32b1861993896e8df29b23c4af97d44a","messageTitle":"Add helper methods and more seed data","messageBody":"","fileTypesAndContributionMap":{"functional-code":{"insertions":127,"deletions":29}}},{"hash":"f35d309295d9692eb90d66790256a186c3213737","messageTitle":"Ensure that assessments are displayed in the order of insertion","messageBody":"","fileTypesAndContributionMap":{"functional-code":{"insertions":17,"deletions":17},"test-code":{"insertions":20,"deletions":17}}},{"hash":"3c254ca26de45ea0e92fc34abcee0f3d8367cca9","messageTitle":"Ensure groups are displayed in alpahabetical order","messageBody":"","fileTypesAndContributionMap":{"functional-code":{"insertions":1,"deletions":1}}},{"hash":"117f2c688fc6a8a24b8316d7d191f7917cdca950","messageTitle":"Rename messages that still contain address book","messageBody":"","fileTypesAndContributionMap":{"functional-code":{"insertions":4,"deletions":4}}}]},{"date":"2021-10-28","commitResults":[{"hash":"27145bf8dfa29633b042815bd706e2553ab5c584","messageTitle":"Replace \u003cbr\u003e with newline","messageBody":"","fileTypesAndContributionMap":{"docs":{"insertions":4,"deletions":2}}},{"hash":"5a00240394fcfd60244531044ac6eb7a92b1be0a","messageTitle":"Make Source Control 2 words","messageBody":"","fileTypesAndContributionMap":{"docs":{"insertions":4,"deletions":4}}},{"hash":"6a6186378cf472dd3592d24a50adc3d201f1602a","messageTitle":"Add CSV to glossary","messageBody":"","fileTypesAndContributionMap":{"docs":{"insertions":2,"deletions":1}}},{"hash":"d031738a1c3e0d3b28073032fe1924038c75b473","messageTitle":"Fix plural of alias","messageBody":"","fileTypesAndContributionMap":{"docs":{"insertions":2,"deletions":2}}},{"hash":"e86f0ecf0f301cd1d76f11c270dd6d618e3a8694","messageTitle":"Update show command description","messageBody":"","fileTypesAndContributionMap":{"docs":{"insertions":1,"deletions":1}}},{"hash":"57fc5107d2b36be0b01961abf8394684a753889c","messageTitle":"Order glossary terms alphabetically","messageBody":"","fileTypesAndContributionMap":{"docs":{"insertions":2,"deletions":2}}},{"hash":"61967b53f879961282f69a56830f262790e27e4d","messageTitle":"Replace tag with flag","messageBody":"","fileTypesAndContributionMap":{"docs":{"insertions":8,"deletions":8}}},{"hash":"a7b96eb82b464c14b54608964629e4ced6baa534","messageTitle":"Rephrase unique ID constraint","messageBody":"","fileTypesAndContributionMap":{"docs":{"insertions":1,"deletions":1}}},{"hash":"4c625ed61582b897e2d588d1c2c9b7a4a8e008c3","messageTitle":"Fix command history index not reset","messageBody":"","fileTypesAndContributionMap":{"functional-code":{"insertions":1,"deletions":0}}}]},{"date":"2021-11-01","commitResults":[{"hash":"e66901bb2e73da87629273844c1a94570cdda56c","messageTitle":"Use shared instances for Assessments and Groups in SampleDataUtil","messageBody":"","fileTypesAndContributionMap":{"functional-code":{"insertions":41,"deletions":33}}},{"hash":"9c2fa63d65eb4c02f99958264db88b7e62dedff0","messageTitle":"Ensure that group memberships are updated","messageBody":"","fileTypesAndContributionMap":{"functional-code":{"insertions":4,"deletions":1}}},{"hash":"00e02e6054083550c7b69d914ba8c0507a57171f","messageTitle":"Update tests","messageBody":"","fileTypesAndContributionMap":{"test-code":{"insertions":10,"deletions":2}}}]},{"date":"2021-11-03","commitResults":[{"hash":"445f4b18b7da86192bf7d618a516a9898ededac0","messageTitle":"Ensure that students are changed only if add group is successful","messageBody":"","fileTypesAndContributionMap":{"functional-code":{"insertions":16,"deletions":9}}},{"hash":"7a6b6164be03c2b8c1c10e7c39555309183f04f8","messageTitle":"Update error message for duplicate students","messageBody":"","fileTypesAndContributionMap":{"functional-code":{"insertions":4,"deletions":2},"test-code":{"insertions":1,"deletions":1}}}]}],"zhing22":[{"date":"2021-09-25","commitResults":[{"hash":"f9479302151ec17f8b6391f65188fb611f2d29ba","messageTitle":"Update Developer Guide","messageBody":"Update Target user profile, Value proposition, and User story sections.\n","fileTypesAndContributionMap":{"docs":{"insertions":37,"deletions":9}}}]},{"date":"2021-09-26","commitResults":[{"hash":"a6bedaa3bd89290979a3468de3ba0ad85656a717","messageTitle":"Slight changes to Developer Guide","messageBody":"","fileTypesAndContributionMap":{"docs":{"insertions":15,"deletions":13}}},{"hash":"a4ca666b37329de0e085c6b48a66d94be4879c1a","messageTitle":"Slight change to value proposition","messageBody":"","fileTypesAndContributionMap":{"docs":{"insertions":3,"deletions":3}}},{"hash":"f0e8820f1bf1e4ae8e78a01cee95a37a42bfa1ab","messageTitle":"Update User Guide","messageBody":"Update search, and clear features in UserGuide.md\n","fileTypesAndContributionMap":{"docs":{"insertions":27,"deletions":0}}},{"hash":"82d6bee4232ab94de2ab27f1f42cfce7ae64b77c","messageTitle":"Update AboutUs.md - personal details","messageBody":"Update Zhiying\u0027s image and roles in AboutUs.md\n","fileTypesAndContributionMap":{"docs":{"insertions":5,"deletions":6}}},{"hash":"90e8db7dda738f5fa5026415df5b87e390777763","messageTitle":"Update README - UI mockup","messageBody":"","fileTypesAndContributionMap":{"docs":{"insertions":1,"deletions":1}}}]},{"date":"2021-09-27","commitResults":[{"hash":"7f2b9a157029c87bf84b4180cda97a26a3cfd618","messageTitle":"Test markdown escape special symbol","messageBody":"","fileTypesAndContributionMap":{"docs":{"insertions":19,"deletions":17}}},{"hash":"3f4805084a3d2c3b4fd52bda0b1a3d6b016fbdbe","messageTitle":"Update search in command summary","messageBody":"","fileTypesAndContributionMap":{"docs":{"insertions":1,"deletions":1}}},{"hash":"133c00238f7e1225c8f34494c3cbaa70ea7e9311","messageTitle":"Further update to command summary","messageBody":"","fileTypesAndContributionMap":{"docs":{"insertions":1,"deletions":1}}},{"hash":"29bfbdba7b3570bb0a84c70afd1e83fa0109461a","messageTitle":"Test /|","messageBody":"","fileTypesAndContributionMap":{"docs":{"insertions":7,"deletions":1}}},{"hash":"c0bacea0eaba9d81f04165a75752f14c4334fc9b","messageTitle":"Finalise command summary - search","messageBody":"","fileTypesAndContributionMap":{"docs":{"insertions":1,"deletions":7}}}]},{"date":"2021-10-05","commitResults":[{"hash":"8f49cfeed9ac3c1f68853aa4101ee5b533c794d2","messageTitle":"Remove Address, Phone, Email classes and relevant test classes. Commented on some other classes.","messageBody":"","fileTypesAndContributionMap":{"functional-code":{"insertions":90,"deletions":272},"test-code":{"insertions":74,"deletions":221}}},{"hash":"0fd04e8809a6f4b47b82d7921963258fbb4d8891","messageTitle":"Add ID class","messageBody":"Include new field for Person object\nAdd ID parser in ParserUtil\nAdd test cases for ID class\n","fileTypesAndContributionMap":{"functional-code":{"insertions":74,"deletions":0},"test-code":{"insertions":42,"deletions":0}}},{"hash":"3c71656feb4f2339ec44a9fdc747d219af47c801","messageTitle":"Revert \"Update ParserUtil.java with new class Assessment\"","messageBody":"","fileTypesAndContributionMap":{"functional-code":{"insertions":0,"deletions":16},"test-code":{"insertions":0,"deletions":26}}},{"hash":"164e307ff0e4b71ee36e0e7e142a51117baa3526","messageTitle":"Revert \"Update ParserUtil.java with new class Score\"","messageBody":"","fileTypesAndContributionMap":{"functional-code":{"insertions":271,"deletions":246},"test-code":{"insertions":220,"deletions":211}}},{"hash":"a9448e6e835572c77664d7a7fc4b2969b961f679","messageTitle":"Add Group class","messageBody":"add new field Group in Person.\nadd test cases for Group class.\nadd ParserGroup method.\nadd test cases for ParserUtilTest.\n","fileTypesAndContributionMap":{"functional-code":{"insertions":75,"deletions":1},"test-code":{"insertions":108,"deletions":13}}}]},{"date":"2021-10-06","commitResults":[{"hash":"f7a80048c7e3563f597c6071cafe802ee3954451","messageTitle":"Add GroupList class in Person model","messageBody":"Add DuplicateGroupException\nAdd GroupNotFoundException\nAdd test cases\n","fileTypesAndContributionMap":{"functional-code":{"insertions":138,"deletions":0},"test-code":{"insertions":158,"deletions":0}}}]},{"date":"2021-10-09","commitResults":[{"hash":"6cdd4c43992037529282ae67028cbfc1da11e58b","messageTitle":"fix checkstyle","messageBody":"","fileTypesAndContributionMap":{"test-code":{"insertions":1,"deletions":1}}}]},{"date":"2021-10-12","commitResults":[{"hash":"9c644b995adf21d7400079a7d6d405826db9027f","messageTitle":"Implement flexible search command","messageBody":"* Edit FindCommandParser to parse various search input types\n* Edit FindCommand to execute various search types\n* Add GroupContainsKeywordPredicate, IdContainsKeywordPredicate, TagContainsKeywordPredicate which checks if a student contain the given search keywords\n","fileTypesAndContributionMap":{"functional-code":{"insertions":199,"deletions":21}}},{"hash":"3a9f257bed9c646f2be9999ea122f6e6f3bed48d","messageTitle":"Slight changes to import statements","messageBody":"","fileTypesAndContributionMap":{"functional-code":{"insertions":14,"deletions":7}}},{"hash":"aaa02422ef869bb2cd9fe38d503b6f67b69e8fc6","messageTitle":"Add test cases","messageBody":"* Slight changes to file naming\n","fileTypesAndContributionMap":{"functional-code":{"insertions":16,"deletions":13},"other":{"insertions":14,"deletions":13},"test-code":{"insertions":349,"deletions":13}}}]},{"date":"2021-10-13","commitResults":[{"hash":"ac59c694a063848631299c6110c519d38c822975","messageTitle":"Modify user guide to reflect changes in search command","messageBody":"","fileTypesAndContributionMap":{"docs":{"insertions":9,"deletions":5}}},{"hash":"f0088774c950830701debfd8b4d31a2c21ca8388","messageTitle":"Change file naming of findCommand to searchCommand","messageBody":"","fileTypesAndContributionMap":{"functional-code":{"insertions":3,"deletions":3},"other":{"insertions":33,"deletions":33},"docs":{"insertions":4,"deletions":4},"test-code":{"insertions":81,"deletions":81}}}]},{"date":"2021-10-16","commitResults":[{"hash":"dab0d6f678c78190a9681e96d8a9bc790b4d2bfe","messageTitle":"Add tests cases to cover more lines Fix stylechecks","messageBody":"","fileTypesAndContributionMap":{"docs":{"insertions":2,"deletions":2},"test-code":{"insertions":37,"deletions":1}}}]},{"date":"2021-10-21","commitResults":[{"hash":"91aeb3260dcb3257aa42ebfff07c26136953ee21","messageTitle":"Add search feature implementation in DG","messageBody":"","fileTypesAndContributionMap":{"docs":{"insertions":19,"deletions":0}}}]},{"date":"2021-10-22","commitResults":[{"hash":"e21d1efcd40b4246690a9a55a6f7052dfc011bbc","messageTitle":"Edit DG implementation section. Slight modification to existing UML diagrams.","messageBody":"","fileTypesAndContributionMap":{"functional-code":{"insertions":1,"deletions":0},"docs":{"insertions":152,"deletions":31}}},{"hash":"9f15fbe8f4397b7bc7dec962673230b7333f06b4","messageTitle":"Fix bug","messageBody":"","fileTypesAndContributionMap":{"docs":{"insertions":8,"deletions":6}}},{"hash":"f4562bf17130c037a3b1ab9c4a3e3f38dfde1d6b","messageTitle":"no message","messageBody":"","fileTypesAndContributionMap":{"docs":{"insertions":1,"deletions":2}}},{"hash":"fbeaf3ebf044f633c0b4625db1171468b1183a73","messageTitle":"Fix trailing white spaces","messageBody":"","fileTypesAndContributionMap":{"docs":{"insertions":10,"deletions":10}}},{"hash":"dc9fca59c181086159a1b616c3452ec2a1166f55","messageTitle":"no message","messageBody":"","fileTypesAndContributionMap":{"docs":{"insertions":2,"deletions":2}}},{"hash":"0d6cff34ae0f3824f9156b70eb1a5f255d9c7d61","messageTitle":"no message","messageBody":"","fileTypesAndContributionMap":{"functional-code":{"insertions":0,"deletions":1},"docs":{"insertions":1,"deletions":1}}}]},{"date":"2021-10-24","commitResults":[{"hash":"68fccdc1d29e011bcd19c09ee5e741cab95dc1cb","messageTitle":"Preliminary line chart","messageBody":"","fileTypesAndContributionMap":{"functional-code":{"insertions":133,"deletions":3}}},{"hash":"a50143301ebea1b0bc759768c9718540bcb4b287","messageTitle":"Add data points for mean scores","messageBody":"","fileTypesAndContributionMap":{"functional-code":{"insertions":50,"deletions":13}}},{"hash":"80c041e12b01ea45f8f7facc73b1c3a6d141f492","messageTitle":"Graph with mean and median lines","messageBody":"","fileTypesAndContributionMap":{"functional-code":{"insertions":97,"deletions":27}}},{"hash":"9946d8912bc9eddbbe21218bafc11ba20fd78997","messageTitle":"Add styles to make mean and median line transparent","messageBody":"","fileTypesAndContributionMap":{"functional-code":{"insertions":15,"deletions":6}}},{"hash":"bdd19ccda7ce89e84b7c4e8137c3b10b1212eb6d","messageTitle":"no message","messageBody":"","fileTypesAndContributionMap":{"functional-code":{"insertions":9,"deletions":2}}},{"hash":"0480f281b09d317966999b0d95c53f1b6ed7501c","messageTitle":"Add back features: List, Delete, Help","messageBody":"","fileTypesAndContributionMap":{"docs":{"insertions":32,"deletions":0}}}]},{"date":"2021-10-25","commitResults":[{"hash":"8ea466dd6012fc7e695ccc290651350b8439d251","messageTitle":"fix axes tick unit and centralise text","messageBody":"","fileTypesAndContributionMap":{"functional-code":{"insertions":18,"deletions":19}}},{"hash":"3fcee2cb7dabbb0538093f5075f249adcf73abaa","messageTitle":"check error","messageBody":"","fileTypesAndContributionMap":{"functional-code":{"insertions":1,"deletions":1},"docs":{"insertions":1,"deletions":1}}},{"hash":"c99fa3708e866fc9e43d408e82e2bb093cdaf699","messageTitle":"fix style checks","messageBody":"","fileTypesAndContributionMap":{"functional-code":{"insertions":4,"deletions":9},"test-code":{"insertions":5,"deletions":0}}},{"hash":"deaf1163518234fa2dafd73bfb7a045ba2c8bbdd","messageTitle":"minor changes","messageBody":"","fileTypesAndContributionMap":{"docs":{"insertions":1,"deletions":3}}},{"hash":"25666ccbf5047f5b1a2af97c56f8aec7b8e9e656","messageTitle":"Separate examples and format in Command summary","messageBody":"","fileTypesAndContributionMap":{"docs":{"insertions":15,"deletions":15}}},{"hash":"197069686a235e663d2decc8da57d44caf0b5631","messageTitle":"Slight change to documentation","messageBody":"","fileTypesAndContributionMap":{"functional-code":{"insertions":7,"deletions":1}}}]},{"date":"2021-10-26","commitResults":[{"hash":"c008a7a0fa62f922238ca60b7729eb943656bb8b","messageTitle":"remove getStudent() function add tag display of student","messageBody":"","fileTypesAndContributionMap":{"functional-code":{"insertions":16,"deletions":27},"test-code":{"insertions":0,"deletions":5}}},{"hash":"0aa3338ed0e34edc108d6d352a10aa55387cd640","messageTitle":"suppress unchecked warning","messageBody":"","fileTypesAndContributionMap":{"functional-code":{"insertions":3,"deletions":3}}},{"hash":"3703999c957dfe21276aac62f284169e2ff35afb","messageTitle":"Implement GroupStatistics class to analyse group\u0027s performance in assessments","messageBody":"","fileTypesAndContributionMap":{"functional-code":{"insertions":136,"deletions":2}}},{"hash":"23e7840dc894559f7834ce51ff24630577b86544","messageTitle":"add createLineChart for group","messageBody":"","fileTypesAndContributionMap":{"functional-code":{"insertions":91,"deletions":3}}},{"hash":"0dbd35bf66a5ce605ed96623e15c02ccf9a24dcd","messageTitle":"group line graph remove group mean","messageBody":"","fileTypesAndContributionMap":{"functional-code":{"insertions":32,"deletions":104},"test-code":{"insertions":7,"deletions":1}}},{"hash":"ce163cb3bf4fb3ba0f0dbbb32ce6f02e01e03f41","messageTitle":"slight fix","messageBody":"","fileTypesAndContributionMap":{"functional-code":{"insertions":11,"deletions":31},"test-code":{"insertions":0,"deletions":6}}},{"hash":"f3daa9235f0109a08661f3c5eee34eaaa50c23d4","messageTitle":"no message","messageBody":"","fileTypesAndContributionMap":{"functional-code":{"insertions":0,"deletions":5}}},{"hash":"4655c1b259844b5092ec0395ddbcb16c83157f3b","messageTitle":"update UG with show functionality","messageBody":"","fileTypesAndContributionMap":{"functional-code":{"insertions":4,"deletions":6},"docs":{"insertions":25,"deletions":4}}},{"hash":"bceecd0efcb379ad6c1f2aef7d6db90ff7231dda","messageTitle":"update Intro, Quick Start, Note about command format, Glossary change all `person` into `student`","messageBody":"","fileTypesAndContributionMap":{"docs":{"insertions":67,"deletions":30}}}]},{"date":"2021-10-27","commitResults":[{"hash":"87a471d0d75996aeb8c5519c2d192cd2a3f58ddd","messageTitle":"Corrected till `add group`","messageBody":"","fileTypesAndContributionMap":{"docs":{"insertions":45,"deletions":35}}},{"hash":"a2a583a3f94be2d889b81ed96f233960ec0cd93a","messageTitle":"export function WIP","messageBody":"","fileTypesAndContributionMap":{"docs":{"insertions":9,"deletions":0}}},{"hash":"6fc9356321cee88f6df96f4f97d3de1c9d70641d","messageTitle":"Add alias command","messageBody":"","fileTypesAndContributionMap":{"docs":{"insertions":22,"deletions":3}}}]},{"date":"2021-10-28","commitResults":[{"hash":"a55df7312640a1608355eccd223365059bd31542","messageTitle":"change `address book` to `student list`","messageBody":"","fileTypesAndContributionMap":{"docs":{"insertions":6,"deletions":6}}},{"hash":"c18cc962c8207094c53653180bf528754426e803","messageTitle":"Update alias command format","messageBody":"","fileTypesAndContributionMap":{"docs":{"insertions":11,"deletions":7}}},{"hash":"2681f35b3eee48bc6b9b21e2b722b967ec6dbc9a","messageTitle":"Update Ui.png","messageBody":"","fileTypesAndContributionMap":{"docs":{"insertions":12,"deletions":10}}},{"hash":"5e06bb80c7212cc95ebbe7b5632cb22fb8ccd189","messageTitle":"Checked through all commands","messageBody":"","fileTypesAndContributionMap":{"docs":{"insertions":54,"deletions":50}}},{"hash":"70a7bdee9e48c869cdc93d8ed1f7598483bfd73a","messageTitle":"expand glossary","messageBody":"","fileTypesAndContributionMap":{"docs":{"insertions":18,"deletions":0}}},{"hash":"256c882670ae5266b4460936634861bd8441b4b1","messageTitle":"no message","messageBody":"","fileTypesAndContributionMap":{"docs":{"insertions":10,"deletions":1}}},{"hash":"eec4d24e05e280f4a567b756f00e37c2f31a1814","messageTitle":"adjustments","messageBody":"","fileTypesAndContributionMap":{"docs":{"insertions":3,"deletions":2}}},{"hash":"bd42015170ee293b39e80167e7ff250a5a7e0eba","messageTitle":"add example for glossary","messageBody":"","fileTypesAndContributionMap":{"docs":{"insertions":8,"deletions":8}}},{"hash":"0b3edfba679ed7d0c6f1cccf98f46deffb06b84e","messageTitle":"update glossary","messageBody":"","fileTypesAndContributionMap":{"docs":{"insertions":8,"deletions":4}}}]},{"date":"2021-10-29","commitResults":[{"hash":"2e7bfffa520bc21221766c022db0d140f66470b8","messageTitle":"Update README.md","messageBody":"","fileTypesAndContributionMap":{"docs":{"insertions":10,"deletions":4}}},{"hash":"82d22cec6e7788c856a1c68b4f3c6a2521b3dc0f","messageTitle":"Revert \"Update README.md\"","messageBody":"This reverts commit 2e7bfffa520bc21221766c022db0d140f66470b8.\n","fileTypesAndContributionMap":{"docs":{"insertions":4,"deletions":10}}},{"hash":"27fa390f42d0e99a0d99511dc9cf588dad1a59aa","messageTitle":"update index.md","messageBody":"","fileTypesAndContributionMap":{"docs":{"insertions":26,"deletions":8}}},{"hash":"064f6f61505ed1dcd7b419083bc037b8752b0b5d","messageTitle":"no message","messageBody":"","fileTypesAndContributionMap":{"docs":{"insertions":43,"deletions":43}}}]},{"date":"2021-10-30","commitResults":[{"hash":"eb341535d8bc7870a801ca42f109c7500fd18ca6","messageTitle":"slight phrasing improvements","messageBody":"","fileTypesAndContributionMap":{"docs":{"insertions":2,"deletions":3}}},{"hash":"9662a5dd361546d633aef3bc14f6577341210025","messageTitle":"changes to table of contents","messageBody":"","fileTypesAndContributionMap":{"docs":{"insertions":57,"deletions":19}}},{"hash":"26543fc0bc20db03d8719288bb8b6e31c060546f","messageTitle":"Edit order of functions","messageBody":"","fileTypesAndContributionMap":{"docs":{"insertions":28,"deletions":27}}},{"hash":"5f6f509a6f7f94530f3db6e00de17585f8d9cda3","messageTitle":"no message","messageBody":"","fileTypesAndContributionMap":{"docs":{"insertions":5,"deletions":3}}}]},{"date":"2021-11-02","commitResults":[{"hash":"f46b547c62eef99b2f020e1c90bc9a61c4a8645d","messageTitle":"fix UG bugs","messageBody":"","fileTypesAndContributionMap":{"docs":{"insertions":37,"deletions":16}}},{"hash":"9a71f6ea7ae231e2439d3ad0cb7b7cc7be6ab4b2","messageTitle":"edits and formats examples","messageBody":"","fileTypesAndContributionMap":{"docs":{"insertions":67,"deletions":33}}},{"hash":"b61db487451c161b9089c04442552ce9aa2e9afc","messageTitle":"fix broken links","messageBody":"","fileTypesAndContributionMap":{"docs":{"insertions":5,"deletions":5}}},{"hash":"b8ab2bb3aa0a0c9cd9d60c702975e8327cdc06fb","messageTitle":"improved intro","messageBody":"","fileTypesAndContributionMap":{"docs":{"insertions":2,"deletions":2}}},{"hash":"1662089d92d667dad49d03744cd0d312e33f6d74","messageTitle":"typo","messageBody":"","fileTypesAndContributionMap":{"docs":{"insertions":1,"deletions":1}}},{"hash":"1f783d4b33f024771d46676f71a7aa1b19fe8f9b","messageTitle":"no message","messageBody":"","fileTypesAndContributionMap":{"docs":{"insertions":2,"deletions":2}}}]},{"date":"2021-11-03","commitResults":[{"hash":"4cf1b57fe4a869dba1a5c56fe652901fbfca75ef","messageTitle":"no message","messageBody":"","fileTypesAndContributionMap":{"docs":{"insertions":93,"deletions":93}}},{"hash":"7dc70e6ea8b1e69b851d7117b236b55939d06397","messageTitle":"Add to FAQ and glossary. Changes to command history functionality","messageBody":"","fileTypesAndContributionMap":{"docs":{"insertions":22,"deletions":7}}},{"hash":"833078a1ed013fda647bb32a9b12448c5f231d0f","messageTitle":"update command summary examples","messageBody":"","fileTypesAndContributionMap":{"docs":{"insertions":8,"deletions":8}}},{"hash":"f493dcdbe6a2abe9330bd2d5bc71feec3314741d","messageTitle":"no message","messageBody":"","fileTypesAndContributionMap":{"docs":{"insertions":1,"deletions":1}}},{"hash":"06726d42efc51c357a1443074ef4b5afae8c9f8e","messageTitle":"no message","messageBody":"","fileTypesAndContributionMap":{"functional-code":{"insertions":1,"deletions":1},"test-code":{"insertions":24,"deletions":0}}},{"hash":"6fa5c2a8231c176dca574b36b62477c2db2d6fab","messageTitle":"no message","messageBody":"","fileTypesAndContributionMap":{"test-code":{"insertions":0,"deletions":1}}}]}]},"authorFileTypeContributionMap":{"jonas-chow":{"docs":193,"functional-code":1375,"test-code":1042,"other":4},"leonghongfai":{"docs":135,"functional-code":125,"test-code":134,"other":1},"nbvannhi":{"docs":58,"functional-code":1945,"test-code":1720},"ganhongyao":{"docs":98,"functional-code":1266,"test-code":1051,"other":1},"zhing22":{"docs":613,"functional-code":724,"test-code":693}},"authorContributionVariance":{"jonas-chow":54780.582,"leonghongfai":2313.089,"nbvannhi":61196.957,"ganhongyao":130393.66,"zhing22":94507.88},"authorDisplayNameMap":{"jonas-chow":"CS2103T-W08-2 CHOW..ONAS","leonghongfai":"CS2103T-W08-2 LEON.. FAI","nbvannhi":"CS2103T-W08-2 NGUY.. NHI","ganhongyao":"CS2103T-W08-2 GAN .. YAO","zhing22":"CS2103T-W08-2 TANG..YING"}}
