{"authorDailyContributionsMap":{"whoisjustinngo":[{"date":"2021-09-28","commitResults":[{"hash":"3c24e19176052d6f01fe7e4435403d2f2a85b433","messageTitle":"Update the appendix: requirements section of the developer guide","messageBody":"Let\u0027s update the sections in the the appendix: requirements section,\nso that the details of the project are captured accurately. The\nsections specifically are: the Target user profile, value proposition,\nUser Stories, Use cases, Non-functional requirements, Glossary.\n","fileTypesAndContributionMap":{"docs":{"insertions":121,"deletions":35}}}]},{"date":"2021-09-29","commitResults":[{"hash":"ccec3b031fefbddb73801bc9fba8c75bab7f4876","messageTitle":"Update user guide","messageBody":"Let\u0027s populate the user guide with info relevant to our project.\n","fileTypesAndContributionMap":{"docs":{"insertions":19,"deletions":137}}},{"hash":"711a9bc855f9aaf2d8180229a352f55c5d97e0af","messageTitle":"Update AboutUs.md","messageBody":"","fileTypesAndContributionMap":{"docs":{"insertions":6,"deletions":12}}},{"hash":"5dd5fdc0a600c9080dffd52773916973af74821d","messageTitle":"Create portfolio for Justin","messageBody":"","fileTypesAndContributionMap":{"docs":{"insertions":10,"deletions":0}}}]},{"date":"2021-10-08","commitResults":[{"hash":"1dd299a2293f750f7e604b083484f722a2dd375d","messageTitle":"Modify MainWindow.fxml to display the 4 tabs","messageBody":"","fileTypesAndContributionMap":{"functional-code":{"insertions":109,"deletions":23}}}]},{"date":"2021-10-09","commitResults":[{"hash":"807fc15474a5d41bb268eaa9b165e13ebfe1fd1e","messageTitle":"Add basic functionality for dashboard tab","messageBody":"","fileTypesAndContributionMap":{"functional-code":{"insertions":125,"deletions":8}}},{"hash":"ffe3607e742302bb0dc0e5a88ae04820441c1837","messageTitle":"Fix formatting issues for contacts tab","messageBody":"","fileTypesAndContributionMap":{"functional-code":{"insertions":5,"deletions":12}}},{"hash":"793474ab390d5ccb7e5329d85d99ef7f664a2d05","messageTitle":"Fix formatting for dashboard tab","messageBody":"","fileTypesAndContributionMap":{"functional-code":{"insertions":85,"deletions":19}}},{"hash":"d2cda147d09abb9d0292a76fd34dcd5b27eef0e4","messageTitle":"Change dashboard from stackpane to scrollpane","messageBody":"","fileTypesAndContributionMap":{"functional-code":{"insertions":9,"deletions":3}}},{"hash":"ac89490f1d1f02418d8f1dd4cf4676476b325e21","messageTitle":"Add context to commands passed to parser","messageBody":"The parser needs to know which tab the user is currently on so that\nit can execute the command with the right handler.\n\nLet\u0027s add a new method in MainWindow.java that retrieves the current tab\nthe user is on, and modify the argument sent to parser by prepending\nthe tab name to the command entered by user.\n","fileTypesAndContributionMap":{"functional-code":{"insertions":17,"deletions":7}}},{"hash":"2929b63aa7dbbcf718c49f153f5027210f68c9aa","messageTitle":"Make minor cosmetic changes","messageBody":"","fileTypesAndContributionMap":{"functional-code":{"insertions":12,"deletions":12}}},{"hash":"ae8ba78bd661049cc25eb01e8818af88f07128f2","messageTitle":"Delete trailing whitespace","messageBody":"","fileTypesAndContributionMap":{"functional-code":{"insertions":1,"deletions":2}}},{"hash":"ad9ac693b91b32b4824259b8936563cf4e043352","messageTitle":"Minor cosmetic changes","messageBody":"","fileTypesAndContributionMap":{"functional-code":{"insertions":7,"deletions":23}}}]},{"date":"2021-10-11","commitResults":[{"hash":"78e653d07a8c0e5b656517fc1d0ce75a39670777","messageTitle":"Fix contacts tab header compression","messageBody":"","fileTypesAndContributionMap":{"functional-code":{"insertions":2,"deletions":2}}},{"hash":"edd35b6141034c6db5a82e82879d1f41f7bc6f73","messageTitle":"Change dashboard to splitpane with schedule and todos","messageBody":"","fileTypesAndContributionMap":{"functional-code":{"insertions":45,"deletions":12}}},{"hash":"517cc3b96831b75ee92c6babc6f2c27e4a514738","messageTitle":"Remove files used for old implementation of dashboard","messageBody":"","fileTypesAndContributionMap":{"functional-code":{"insertions":1,"deletions":208}}}]},{"date":"2021-10-13","commitResults":[{"hash":"0b9044a01a339f539685ab2bae51a89096799773","messageTitle":"Make final minor changes for v1.2","messageBody":"","fileTypesAndContributionMap":{"functional-code":{"insertions":2,"deletions":2},"other":{"insertions":1,"deletions":1},"docs":{"insertions":22,"deletions":20}}}]},{"date":"2021-10-18","commitResults":[{"hash":"90d5088130d08030c0475a9334b2307d9717ef5f","messageTitle":"Update release version to 1.3","messageBody":"","fileTypesAndContributionMap":{"functional-code":{"insertions":1,"deletions":1}}}]},{"date":"2021-10-20","commitResults":[{"hash":"b90c7e9f4a48adb0c0ede60d90dd3f8866ce9dc4","messageTitle":"Briefly describe proposed dashboard analytics feature in developer guide","messageBody":"","fileTypesAndContributionMap":{"docs":{"insertions":26,"deletions":0}}}]},{"date":"2021-10-23","commitResults":[{"hash":"94bee472405796c4d6c1e69df9a0f0270b338e7f","messageTitle":"Add basic support for adding custom goals on dashboard","messageBody":"Specific modifications:\n* Change parser to accept add command on dashboard\n* Create respective parser class for add custom goal command\n* Create basic custom goal class\n","fileTypesAndContributionMap":{"functional-code":{"insertions":201,"deletions":2}}},{"hash":"5f3deebbf87a347e858d032afc7f79ecf44de94a","messageTitle":"Add goals pane to dashboard","messageBody":"","fileTypesAndContributionMap":{"functional-code":{"insertions":21,"deletions":5}}}]},{"date":"2021-10-24","commitResults":[{"hash":"9b8256625895936bec51f0ed2998b9d26545f888","messageTitle":"Implement simple display for custom goal in dashboard","messageBody":"","fileTypesAndContributionMap":{"functional-code":{"insertions":468,"deletions":16}}},{"hash":"8513e0dfcb7f82e00566ca409351b28c6ed89e6f","messageTitle":"Add storage support for custom goals","messageBody":"","fileTypesAndContributionMap":{"functional-code":{"insertions":131,"deletions":11}}},{"hash":"a4a9c5c840d5d82a420e6107d9357b1e7006438a","messageTitle":"Implement feature to update progress of custom goal","messageBody":"","fileTypesAndContributionMap":{"functional-code":{"insertions":211,"deletions":35}}},{"hash":"daa0ccb5a79913559d0603e0ac1cf3d3c8ec8b0a","messageTitle":"Implement delete custom goal feature","messageBody":"","fileTypesAndContributionMap":{"functional-code":{"insertions":113,"deletions":3}}},{"hash":"4cc666f4c1ed5d1185fe15c0e24fe9cddf4ebb48","messageTitle":"Minor UI formatting fixes","messageBody":"","fileTypesAndContributionMap":{"functional-code":{"insertions":5,"deletions":18}}}]},{"date":"2021-10-25","commitResults":[{"hash":"e6276908e2c5e4a426b1666d4bf542fd897a5f37","messageTitle":"Truncate trailing zero on floats displayed to user","messageBody":"","fileTypesAndContributionMap":{"functional-code":{"insertions":18,"deletions":2}}},{"hash":"92afe8a938ef325f995cae58dd35bb28b6f293b7","messageTitle":"Make progress of completed goals turn green","messageBody":"","fileTypesAndContributionMap":{"functional-code":{"insertions":8,"deletions":0}}},{"hash":"34d6c4b40118381676a5124f918352ab156b3088","messageTitle":"Fix checkstyle violations","messageBody":"","fileTypesAndContributionMap":{"functional-code":{"insertions":228,"deletions":174}}},{"hash":"ead381b8ce7c78202d3b71ab69fff919da29e536","messageTitle":"Fix existing tests","messageBody":"","fileTypesAndContributionMap":{"test-code":{"insertions":71,"deletions":0}}},{"hash":"ff2f7b842d92735d57537aec50e6e74fad5a6cb3","messageTitle":"Add analytics section to dashboard","messageBody":"","fileTypesAndContributionMap":{"functional-code":{"insertions":51,"deletions":10}}},{"hash":"6fa8bc1165570326ac2a8e3bdc1c17190e38e81e","messageTitle":"Implement basic analytics panel on dashboard","messageBody":"","fileTypesAndContributionMap":{"functional-code":{"insertions":160,"deletions":4}}},{"hash":"1bbbea8a4f5533e5c1747a0a83b5a7c78be1a094","messageTitle":"Implement basic tracking based on client status","messageBody":"","fileTypesAndContributionMap":{"functional-code":{"insertions":197,"deletions":40}}},{"hash":"860ea73619a009dec3301de09e6b46f7ec58ac38","messageTitle":"Implement automatic updating of dashboard analytics fields","messageBody":"","fileTypesAndContributionMap":{"functional-code":{"insertions":24,"deletions":23},"other":{"insertions":7,"deletions":4},"test-code":{"insertions":12,"deletions":0}}},{"hash":"5e27f5b117d3e0dbc2e5f226bfb5f21d3459c562","messageTitle":"Change layout of dashboard tab","messageBody":"","fileTypesAndContributionMap":{"functional-code":{"insertions":171,"deletions":96},"other":{"insertions":1,"deletions":1}}}]},{"date":"2021-10-26","commitResults":[{"hash":"6731e3a41b66daf0f4e829c825690cafce79889a","messageTitle":"Fix checkstyle violations","messageBody":"","fileTypesAndContributionMap":{"functional-code":{"insertions":92,"deletions":58}}},{"hash":"d96b12bdf9529a94580ab132bcf959ca3cc169cb","messageTitle":"Update docs with custom goal commands","messageBody":"","fileTypesAndContributionMap":{"docs":{"insertions":28,"deletions":2}}}]},{"date":"2021-10-27","commitResults":[{"hash":"3e6c33f102ce54f1be6d6d8d0ad44782dd6a6aa3","messageTitle":"Fix existing tests","messageBody":"","fileTypesAndContributionMap":{"test-code":{"insertions":12,"deletions":6}}},{"hash":"e83b827b70930201aca266645d540554046ea0ce","messageTitle":"Remove trailing whitespace","messageBody":"","fileTypesAndContributionMap":{"functional-code":{"insertions":3,"deletions":3}}},{"hash":"0d19bc922468a172e3e9b2fde78b83de60b6ff09","messageTitle":"Fix indentation","messageBody":"","fileTypesAndContributionMap":{"functional-code":{"insertions":25,"deletions":9}}},{"hash":"3c9bfe4c99b312895b566403f7ef5a60875abd2d","messageTitle":"Implement new Ui design","messageBody":"","fileTypesAndContributionMap":{"functional-code":{"insertions":434,"deletions":47}}},{"hash":"05cd3618745ae02b126f5b26d84c56c9222509b7","messageTitle":"Change colour scheme to green","messageBody":"","fileTypesAndContributionMap":{"functional-code":{"insertions":28,"deletions":26}}},{"hash":"382e4dd4143f6aa0845599615b6cb23e4513c0cc","messageTitle":"Design changes again","messageBody":"","fileTypesAndContributionMap":{"functional-code":{"insertions":25,"deletions":21}}},{"hash":"329a5768b5302cf056424b7998375f0609f38e2c","messageTitle":"Documentation and command parsing bug fixes","messageBody":"","fileTypesAndContributionMap":{"functional-code":{"insertions":24,"deletions":6},"docs":{"insertions":6,"deletions":4}}},{"hash":"b2f5ddb75d8f86a32dde9a496ef9fbaf1d6cd7e6","messageTitle":"Add error message for progress reset","messageBody":"","fileTypesAndContributionMap":{"functional-code":{"insertions":25,"deletions":4}}},{"hash":"80bea18d27b86b3217636610934623294bec466f","messageTitle":"Change app design","messageBody":"","fileTypesAndContributionMap":{"functional-code":{"insertions":62,"deletions":76}}},{"hash":"2799e26efa0e9273b6ae04f32e7c892853aa2f26","messageTitle":"Remove trailing whitespace","messageBody":"","fileTypesAndContributionMap":{"functional-code":{"insertions":0,"deletions":2}}},{"hash":"3d97ea949a6669c3d011263f832df2a43235c5d9","messageTitle":"Add newline at EOF","messageBody":"","fileTypesAndContributionMap":{"functional-code":{"insertions":1,"deletions":1}}},{"hash":"30ca6307f6716842bbdf68c5e3de45924194f866","messageTitle":"Style changes","messageBody":"","fileTypesAndContributionMap":{"functional-code":{"insertions":19,"deletions":14}}},{"hash":"f710fa37e5f90f164087bb9696dfd118098dd474","messageTitle":"Fix custom goal card padding","messageBody":"","fileTypesAndContributionMap":{"functional-code":{"insertions":31,"deletions":7}}},{"hash":"ef8310c78f1e44cc23f2c44a0173928f38422129","messageTitle":"Update docs with new screenshots","messageBody":"","fileTypesAndContributionMap":{"docs":{"insertions":5,"deletions":5}}}]},{"date":"2021-10-29","commitResults":[{"hash":"16718d68da071f6e322fc4d1dd9f206f9740ee96","messageTitle":"Ui bug fixes for details tab","messageBody":"","fileTypesAndContributionMap":{"functional-code":{"insertions":33,"deletions":34},"docs":{"insertions":4,"deletions":2}}}]}],"kslui99":[{"date":"2021-09-27","commitResults":[{"hash":"65c334780c02c5647a2d81800e0746c0d05064da","messageTitle":"Update AboutUs.md to include individual details","messageBody":"","fileTypesAndContributionMap":{"docs":{"insertions":16,"deletions":6}}},{"hash":"9a7de50c7db85df496a90d3aba3cec349d0fca4e","messageTitle":"Add newline to EOF","messageBody":"","fileTypesAndContributionMap":{"docs":{"insertions":1,"deletions":1}}},{"hash":"82cdbc9196a81256d888d754f91853b74d85f052","messageTitle":"Add Todos commands to User Guide","messageBody":"","fileTypesAndContributionMap":{"docs":{"insertions":36,"deletions":0}}}]},{"date":"2021-10-01","commitResults":[{"hash":"7318eedd33b05e9f6b9193e1144478c944cd3632","messageTitle":"Update README.md to include a link to our build status","messageBody":"","fileTypesAndContributionMap":{"docs":{"insertions":1,"deletions":0}}}]},{"date":"2021-10-09","commitResults":[{"hash":"df04ea909a1d3a16b32f9ead4c0b2b0e3fb16174","messageTitle":"Update AddressBookParser to recognise commands from different tabs","messageBody":"","fileTypesAndContributionMap":{"functional-code":{"insertions":120,"deletions":6}}},{"hash":"43bbbe0450ae7dcd743273c14115c599b849b43d","messageTitle":"Complete logic component of adding todos","messageBody":"","fileTypesAndContributionMap":{"functional-code":{"insertions":89,"deletions":5}}},{"hash":"4a5d195aaa8979ed523a15efca339269f98bfe2e","messageTitle":"Complete model component of adding todos","messageBody":"","fileTypesAndContributionMap":{"functional-code":{"insertions":162,"deletions":0}}},{"hash":"489fc7e40c1457935dce9caabaf78e1d1a71f5c5","messageTitle":"Duplicate UI skeleton for Todos from Person","messageBody":"","fileTypesAndContributionMap":{"functional-code":{"insertions":157,"deletions":0}}}]},{"date":"2021-10-10","commitResults":[{"hash":"5833fa8a790ebc311d1f16717489b23bdead9974","messageTitle":"Complete UI component of adding todos","messageBody":"","fileTypesAndContributionMap":{"functional-code":{"insertions":58,"deletions":16}}},{"hash":"1b6fc9f2aa43f2b2668a2074e65d693f0afed1f9","messageTitle":"Complete Storage component of adding todos","messageBody":"","fileTypesAndContributionMap":{"functional-code":{"insertions":118,"deletions":2}}},{"hash":"25db73fe2173797f9365c119aedefdf647b4043f","messageTitle":"Update tests to ensure they compile","messageBody":"","fileTypesAndContributionMap":{"test-code":{"insertions":23,"deletions":0}}},{"hash":"98f17fa8473b5c734660e1bbe216d3919d5e312d","messageTitle":"Update parser to recognise new prefixed command format retrieved from UI","messageBody":"","fileTypesAndContributionMap":{"functional-code":{"insertions":27,"deletions":33}}},{"hash":"791936d7057d8dbc57f94ff3efd1bedb71b58e4a","messageTitle":"Integrate Todos tab into UI","messageBody":"","fileTypesAndContributionMap":{"functional-code":{"insertions":15,"deletions":18}}},{"hash":"3ddf7adcb3d2881b16e3987d57e3790c16a316b5","messageTitle":"Fix existing tests","messageBody":"Some existing tests were broken because of:\n1. The addition of the Todo model and its associated Storage JSON equivalent\n2. The updating of parser to recognise commands from different tabs\n\nThese tests are fixed in this commit.\n","fileTypesAndContributionMap":{"test-code":{"insertions":102,"deletions":28}}},{"hash":"3027332f929783f3892b8ed8d31c926e8e276ff8","messageTitle":"Fix checkstyle violations","messageBody":"","fileTypesAndContributionMap":{"functional-code":{"insertions":12,"deletions":22},"test-code":{"insertions":6,"deletions":6}}},{"hash":"cf9c31944a5e2ee64a3ccaf163f68866ee06bb41","messageTitle":"Implement List Todos command","messageBody":"","fileTypesAndContributionMap":{"functional-code":{"insertions":41,"deletions":2}}},{"hash":"bb1d73f40c55b1640a92b32e986db79c1ceb7728","messageTitle":"Implement delete todo command","messageBody":"","fileTypesAndContributionMap":{"functional-code":{"insertions":125,"deletions":2}}},{"hash":"feb42d1f39939a7ba5bfdba013ef91ebcad9c228","messageTitle":"Fix javadoc comment","messageBody":"","fileTypesAndContributionMap":{"functional-code":{"insertions":1,"deletions":1}}},{"hash":"b43aba657f67c18584d6ece46397f9330935447e","messageTitle":"Complete Logic tests for Add Todo command","messageBody":"","fileTypesAndContributionMap":{"test-code":{"insertions":383,"deletions":0}}},{"hash":"7de66223c09130333cb2e806191a38652393d23a","messageTitle":"Complete Model tests for Todo model","messageBody":"","fileTypesAndContributionMap":{"test-code":{"insertions":210,"deletions":5}}},{"hash":"9177afab6b23944174341df383c8ab16f92150a6","messageTitle":"Complete Storage tests for Todo model","messageBody":"","fileTypesAndContributionMap":{"test-code":{"insertions":76,"deletions":0}}},{"hash":"11e63eab5840951f52f9e837efc8339c22b8a589","messageTitle":"Fix checkstyle violations","messageBody":"","fileTypesAndContributionMap":{"test-code":{"insertions":14,"deletions":40}}},{"hash":"4cf8974a3c31ed6979cfcd2101468f04f489b050","messageTitle":"Include test for add todo command in AddressBookParser","messageBody":"","fileTypesAndContributionMap":{"test-code":{"insertions":40,"deletions":0}}},{"hash":"5952941a92b5a3d3736483e67319455bacf119af","messageTitle":"Complete tests for list todos command and fix checkstyle violations","messageBody":"","fileTypesAndContributionMap":{"test-code":{"insertions":46,"deletions":2}}},{"hash":"41c51d9c8bfd69a61479883b95ef4c2594c9a047","messageTitle":"Complete tests for delete todo command and fix checkstyle violations","messageBody":"","fileTypesAndContributionMap":{"functional-code":{"insertions":0,"deletions":3},"test-code":{"insertions":267,"deletions":55}}}]},{"date":"2021-10-11","commitResults":[{"hash":"328a8084b07bde8baddbd341ffccff59e036dbe4","messageTitle":"Fix broken tests after merging previous PRs","messageBody":"","fileTypesAndContributionMap":{"test-code":{"insertions":8,"deletions":2}}},{"hash":"d8caa0df7c50907730f39c3ce7203ea7df5ae98e","messageTitle":"Fix broken tests after merging previous PRs","messageBody":"Also added minor unit tests for removing a todo from UniqueTodoList\n","fileTypesAndContributionMap":{"test-code":{"insertions":24,"deletions":0}}}]},{"date":"2021-10-20","commitResults":[{"hash":"ead0b013f018ead39a5bbdff485ecb2f4fb4ba25","messageTitle":"Update Developer Guide with proposed implementation of Mark Todo As Done","messageBody":"","fileTypesAndContributionMap":{"docs":{"insertions":19,"deletions":0}}},{"hash":"c0f0c6f70916044110a5317b48e5a02351263ecd","messageTitle":"Update some wordings to be more precise","messageBody":"","fileTypesAndContributionMap":{"docs":{"insertions":8,"deletions":8}}}]},{"date":"2021-10-22","commitResults":[{"hash":"bf4288df8963d38bf0e6dd09f53ff7b79e74abb2","messageTitle":"Implement edit Todos feature","messageBody":"","fileTypesAndContributionMap":{"functional-code":{"insertions":251,"deletions":0}}},{"hash":"61e6a9d761f4e1f62f038eca1830532734c0df16","messageTitle":"Implement tests for edit Todos feature","messageBody":"","fileTypesAndContributionMap":{"functional-code":{"insertions":1,"deletions":4},"test-code":{"insertions":306,"deletions":19}}}]},{"date":"2021-10-24","commitResults":[{"hash":"003ed487616a9ecef3d8fe47712b193975b80f9b","messageTitle":"Implement tagging feature for Todos","messageBody":"- Also includes corresponding tests for the feature.\n- Also fixes some minor issues with test utils concerning Todos.\n","fileTypesAndContributionMap":{"functional-code":{"insertions":134,"deletions":19},"test-code":{"insertions":220,"deletions":13}}},{"hash":"bbe6caa0b6206b7eb61d06e3883b8363464a89eb","messageTitle":"Implement the Mark Todo As Done feature","messageBody":"","fileTypesAndContributionMap":{"functional-code":{"insertions":198,"deletions":28}}},{"hash":"45c9d338e5f15caa1118a26e33cc9078bec3e481","messageTitle":"Complete tests for Mark Todo As Done feature, and fix minor checkstyle violations","messageBody":"","fileTypesAndContributionMap":{"functional-code":{"insertions":0,"deletions":8},"test-code":{"insertions":115,"deletions":2}}},{"hash":"be15eec28b85e2fefb07d3d6c86a6263f99d42e2","messageTitle":"Add EOF newline to CSS file to fix CI error","messageBody":"","fileTypesAndContributionMap":{"functional-code":{"insertions":1,"deletions":1}}},{"hash":"d7f088d2629f80e9f6e8ccb073fb32eaa15f4017","messageTitle":"Implement Find Todo feature","messageBody":"","fileTypesAndContributionMap":{"functional-code":{"insertions":119,"deletions":0}}},{"hash":"2afcbb5868fbe023aea2f4ab760a9f2438c7e05c","messageTitle":"Implement tests for Find Todo feature","messageBody":"","fileTypesAndContributionMap":{"functional-code":{"insertions":0,"deletions":1},"test-code":{"insertions":230,"deletions":2}}},{"hash":"e2c4ac21cc32cec868d3612dabe747c336759cfc","messageTitle":"Fix trailing whitespace","messageBody":"","fileTypesAndContributionMap":{"functional-code":{"insertions":1,"deletions":1}}},{"hash":"d39a70889368ae4d159bd5ee01c5b9a017df3fe9","messageTitle":"Update existing ModelManager test to account for Find Todo feature","messageBody":"","fileTypesAndContributionMap":{"test-code":{"insertions":9,"deletions":0}}},{"hash":"d36ea34bbdc993ec0c625e5ac95ce645c6510871","messageTitle":"Implement Filter Todo feature","messageBody":"Todos can now be filtered by their three attributes (description, tags, isDone)\n","fileTypesAndContributionMap":{"functional-code":{"insertions":264,"deletions":0}}},{"hash":"6dfcb9a50a9394f40e83789a3032504a5959f036","messageTitle":"Implement some tests for Filter Todos","messageBody":"","fileTypesAndContributionMap":{"functional-code":{"insertions":10,"deletions":4},"test-code":{"insertions":156,"deletions":1}}}]},{"date":"2021-10-26","commitResults":[{"hash":"3993eacec8ff8745649e591ba53fdf533f8f6a13","messageTitle":"Update Todos section of User Guide for v1.3","messageBody":"","fileTypesAndContributionMap":{"docs":{"insertions":82,"deletions":7}}},{"hash":"f555c292067bccd5b5f3744d6af666975cca8ba1","messageTitle":"Fix checkstyle violations","messageBody":"","fileTypesAndContributionMap":{"test-code":{"insertions":0,"deletions":2}}},{"hash":"885ecbe4c9139b8972cd9719e59d2fe2573763ff","messageTitle":"Update command usage","messageBody":"","fileTypesAndContributionMap":{"functional-code":{"insertions":1,"deletions":1}}},{"hash":"be01706a5ed05b2481623c93d0c0d3348278978c","messageTitle":"Update description of filter command","messageBody":"","fileTypesAndContributionMap":{"docs":{"insertions":1,"deletions":1}}}]}],"rickyaandrew":[{"date":"2021-09-28","commitResults":[{"hash":"e4b4d578608d70d1c3201ea1e1b524094516d059","messageTitle":"AboutUs and README is updated","messageBody":"","fileTypesAndContributionMap":{"other":{"insertions":610,"deletions":0},"docs":{"insertions":24,"deletions":52}}}]},{"date":"2021-09-29","commitResults":[{"hash":"a01c25f5284d424df9af863f2d410ee4a2025648","messageTitle":"Wrong commit","messageBody":"","fileTypesAndContributionMap":{"other":{"insertions":0,"deletions":610},"docs":{"insertions":90,"deletions":56}}},{"hash":"d1078ad29e576e102134d21016b9a888962f8c4f","messageTitle":"Changes in Index.html","messageBody":"","fileTypesAndContributionMap":{"docs":{"insertions":6,"deletions":6}}},{"hash":"13a572c753d5171d1c82c03472c8047555960d8f","messageTitle":"Updated README.md","messageBody":"","fileTypesAndContributionMap":{"docs":{"insertions":1,"deletions":2}}},{"hash":"b04574cb2640dac6a5b02a632c6410061d7263cd","messageTitle":"Edited ricky.md","messageBody":"","fileTypesAndContributionMap":{"docs":{"insertions":14,"deletions":18}}}]},{"date":"2021-09-30","commitResults":[{"hash":"a4dd6d36dcf30583aa268100e0f87905ff3eec64","messageTitle":"README.md","messageBody":"","fileTypesAndContributionMap":{"docs":{"insertions":3,"deletions":0}}},{"hash":"9a485ee20a453e222e1ef13c3a0bd6e341f530c4","messageTitle":"Fix README.md","messageBody":"","fileTypesAndContributionMap":{"docs":{"insertions":1,"deletions":1}}},{"hash":"08fe2ec8e64f48f301e281f56497d10beead39dd","messageTitle":"README.md proper formatting","messageBody":"","fileTypesAndContributionMap":{"docs":{"insertions":1,"deletions":1}}},{"hash":"7d43c595335905d329e919cc0aeb10d3ccc06555","messageTitle":"Image related issue","messageBody":"","fileTypesAndContributionMap":{"docs":{"insertions":3,"deletions":3}}}]},{"date":"2021-10-09","commitResults":[{"hash":"c75a1ae07eb1fbbd12cd61de5c66a4603037910f","messageTitle":"Added Event, which consist of Schedule and Deadlines","messageBody":"","fileTypesAndContributionMap":{"functional-code":{"insertions":430,"deletions":0}}},{"hash":"2debed4bfc7cb2051f77dd36cc9dddaeff5f803d","messageTitle":"Added Exceptions","messageBody":"","fileTypesAndContributionMap":{"functional-code":{"insertions":58,"deletions":14}}},{"hash":"bf18d192028c8148de83f96e619ffd64425ccd28","messageTitle":"Added test cases for Deadline and Schedule","messageBody":"","fileTypesAndContributionMap":{"test-code":{"insertions":48,"deletions":0}}}]},{"date":"2021-10-11","commitResults":[{"hash":"6b20fce7b0e3443cb89b2450e39a9519c730336c","messageTitle":"Events(Schedule): Add and View","messageBody":"","fileTypesAndContributionMap":{"functional-code":{"insertions":777,"deletions":116}}},{"hash":"cbf77f939de98e137ae2ffd5f7005077248a76de","messageTitle":"Removed some files","messageBody":"","fileTypesAndContributionMap":{"functional-code":{"insertions":0,"deletions":10},"test-code":{"insertions":20,"deletions":0}}},{"hash":"ae94682ccdb2c7f0d69ff0e7d0a2c732e3cd7e39","messageTitle":"trailingwhite spaces","messageBody":"","fileTypesAndContributionMap":{"functional-code":{"insertions":3,"deletions":3}}},{"hash":"6e158bc95ca76d87c3e5323e3dc118cd2a793443","messageTitle":"trailing whitespaces","messageBody":"","fileTypesAndContributionMap":{"functional-code":{"insertions":24,"deletions":31},"test-code":{"insertions":0,"deletions":1}}},{"hash":"260c086eb6f46021a829a8a5555c39285da9075c","messageTitle":"checkstyle commit","messageBody":"","fileTypesAndContributionMap":{"functional-code":{"insertions":22,"deletions":9},"test-code":{"insertions":0,"deletions":48}}},{"hash":"da6fafd4aa623c2a26e70ea90a6a950b2fccd31a","messageTitle":"Test changes","messageBody":"","fileTypesAndContributionMap":{"test-code":{"insertions":5,"deletions":5}}},{"hash":"be5c58d4558db3acd241de246099f8290bbf3bd9","messageTitle":"Fix test fail","messageBody":"","fileTypesAndContributionMap":{"test-code":{"insertions":6,"deletions":3}}},{"hash":"d453507712441b79105ac99b1a829d6eaa662f54","messageTitle":"Passed TCs","messageBody":"","fileTypesAndContributionMap":{"test-code":{"insertions":17,"deletions":3}}}]},{"date":"2021-10-13","commitResults":[{"hash":"b542ca72b2d6569b153bde20183a1e85679fc5da","messageTitle":"Add delete Schedules","messageBody":"","fileTypesAndContributionMap":{"functional-code":{"insertions":109,"deletions":29},"test-code":{"insertions":10,"deletions":0}}},{"hash":"605f9fd652545787685a112924293e8574076611","messageTitle":"Add List Schedule and Schedule able to take in / in dates","messageBody":"","fileTypesAndContributionMap":{"functional-code":{"insertions":66,"deletions":12},"test-code":{"insertions":12,"deletions":2}}},{"hash":"50cdf7b0e4e92b038bc3f809166a7c989b2a2fd4","messageTitle":"Schedule Clashing Fixed","messageBody":"","fileTypesAndContributionMap":{"functional-code":{"insertions":75,"deletions":3},"test-code":{"insertions":20,"deletions":0}}},{"hash":"cc33c7f0f7046eb2380cbbd1db8fda6c6fc6d24a","messageTitle":"Checkstyle changes","messageBody":"","fileTypesAndContributionMap":{"functional-code":{"insertions":2,"deletions":2}}},{"hash":"92c3c4aa7fbbbd2313b0d7b4c30cf3174c17dabe","messageTitle":"UI changes for Schedule","messageBody":"","fileTypesAndContributionMap":{"functional-code":{"insertions":42,"deletions":12}}},{"hash":"e0ede531ba6d683c71a502f9810d60fd6ec27dfd","messageTitle":"Schedules are sorted from the earliest to the latest based on date and time","messageBody":"","fileTypesAndContributionMap":{"functional-code":{"insertions":24,"deletions":0}}}]},{"date":"2021-10-20","commitResults":[{"hash":"e8f7d312a0312596bdd576ccd5af12bc9e94180e","messageTitle":"Refinement on Schedule, used LocalDateTime instead of LocalDate for easier comparison","messageBody":"","fileTypesAndContributionMap":{"functional-code":{"insertions":41,"deletions":105}}},{"hash":"3563b2aa727de1dd6b3b5b519877e06add49947b","messageTitle":"Adds Exceptions for invalid time input","messageBody":"Bugs fixed:\n- Time shows 900 instead of 0900\n- Unable to add schedule which takes up from 0000 - 2359 if there are schedules in between\n","fileTypesAndContributionMap":{"functional-code":{"insertions":77,"deletions":14}}}]},{"date":"2021-10-21","commitResults":[{"hash":"ae516f6ce2f68a540aec4e16be8007f5aad35772","messageTitle":"Add Schedule[v1.2 implementation] in DG","messageBody":"","fileTypesAndContributionMap":{"docs":{"insertions":17,"deletions":0}}},{"hash":"350bcb33e983fc95e4c3867f1cbb1c00b2797530","messageTitle":"Find Events based on descriptions","messageBody":"","fileTypesAndContributionMap":{"functional-code":{"insertions":106,"deletions":0}}},{"hash":"2ed9056dc1e52489cb60978a3e2d31319f3642b3","messageTitle":"Edit existing Events","messageBody":"","fileTypesAndContributionMap":{"functional-code":{"insertions":309,"deletions":4}}},{"hash":"8bf15e2e56a369e28354e2571156904d929c3694","messageTitle":"Revised checkstyle","messageBody":"","fileTypesAndContributionMap":{"functional-code":{"insertions":12,"deletions":8},"test-code":{"insertions":10,"deletions":0}}},{"hash":"18f3702b33b150340ba0ac77987f057ad5f1d4e3","messageTitle":"Edit UI issues","messageBody":"","fileTypesAndContributionMap":{"functional-code":{"insertions":11,"deletions":3}}}]},{"date":"2021-10-22","commitResults":[{"hash":"ce043f96c84708fcd1d23c98f5aba13c1b71bf28","messageTitle":"Add Tags in Events","messageBody":"","fileTypesAndContributionMap":{"functional-code":{"insertions":113,"deletions":15}}},{"hash":"86b0c29bdf9ae06eeb3d9bd1ce45a43f0f2c30bf","messageTitle":"Schedule filtering based on the parameters available","messageBody":"","fileTypesAndContributionMap":{"functional-code":{"insertions":240,"deletions":0}}}]},{"date":"2021-10-25","commitResults":[{"hash":"f338795dd603f0ac18839669f311502ad1ef37ae","messageTitle":"checkstyle commit","messageBody":"","fileTypesAndContributionMap":{"functional-code":{"insertions":8,"deletions":8}}}]},{"date":"2021-10-28","commitResults":[{"hash":"9680c2466afd866dd6b7b0c4f297f7ecf330ae59","messageTitle":"Added Recurring Events","messageBody":"","fileTypesAndContributionMap":{"functional-code":{"insertions":187,"deletions":27}}},{"hash":"9386af8dc2048fe8a29160969231fa4cb0a0d623","messageTitle":"checkstyle edits","messageBody":"","fileTypesAndContributionMap":{"functional-code":{"insertions":24,"deletions":10}}},{"hash":"7297ba31e7940b735dc64633fa389a86aae72f4a","messageTitle":"Update UG and DG","messageBody":"","fileTypesAndContributionMap":{"docs":{"insertions":84,"deletions":7}}}]},{"date":"2021-10-29","commitResults":[{"hash":"3f2ffec134d809d1d3fc5d1b614b60fe396806de","messageTitle":"Update show only upcoming events","messageBody":"","fileTypesAndContributionMap":{"functional-code":{"insertions":6,"deletions":0}}},{"hash":"fd89175e0aa44836923736fa8e8b63a9a31c523c","messageTitle":"Updated UG","messageBody":"","fileTypesAndContributionMap":{"docs":{"insertions":2,"deletions":0}}}]}],"SpdPnd98":[{"date":"2021-09-29","commitResults":[{"hash":"b61a9015c67b34d1a164c46c287cdefa3de6c138","messageTitle":"Add AboutUs details","messageBody":"","fileTypesAndContributionMap":{"functional-code":{"insertions":4,"deletions":0},"docs":{"insertions":14,"deletions":4}}},{"hash":"615c76a3987ed2a5942dc062b4ad98b256cde507","messageTitle":"Delete unrelated commits","messageBody":"","fileTypesAndContributionMap":{"functional-code":{"insertions":0,"deletions":4}}},{"hash":"09428e1096b971472ce025c965dbacd273eb3f37","messageTitle":"Revert accidental changes","messageBody":"","fileTypesAndContributionMap":{"docs":{"insertions":1,"deletions":1}}}]},{"date":"2021-09-30","commitResults":[{"hash":"96a5f184a7c7be7339ad80c3d6728fdefdd4dceb","messageTitle":"Add General","messageBody":"","fileTypesAndContributionMap":{"docs":{"insertions":46,"deletions":1}}},{"hash":"f291f75386cbed1cd2fdf0357f9535b121cba8ff","messageTitle":"Changed UserGuide to better reflect feature","messageBody":"","fileTypesAndContributionMap":{"docs":{"insertions":7,"deletions":9}}},{"hash":"88f3f97b209cfaf30bfaf9d8972e1f569e06d1fa","messageTitle":"Minor spelling fixes","messageBody":"","fileTypesAndContributionMap":{"docs":{"insertions":1,"deletions":1}}}]},{"date":"2021-10-04","commitResults":[{"hash":"217f177478f33de3139255f4f9b58861b0a4cb87","messageTitle":"Added tutorial stuff","messageBody":"","fileTypesAndContributionMap":{"functional-code":{"insertions":255,"deletions":50},"test-code":{"insertions":182,"deletions":26}}}]},{"date":"2021-10-10","commitResults":[{"hash":"6d42cb6b15c73655fa8aa1edda4370dada760ba7","messageTitle":"Add Tab Switching, minor bug fixes","messageBody":"","fileTypesAndContributionMap":{"functional-code":{"insertions":176,"deletions":8}}},{"hash":"3e4126abd6aeb2e5a18ee7ee7c1b97ee32de371d","messageTitle":"Change index based switching to tab name switching","messageBody":"","fileTypesAndContributionMap":{"functional-code":{"insertions":40,"deletions":22}}},{"hash":"9067ebfb1de0dcbe82e34c92a3f784e019ae640a","messageTitle":"Removed Remarks","messageBody":"","fileTypesAndContributionMap":{"functional-code":{"insertions":0,"deletions":140},"test-code":{"insertions":0,"deletions":100}}},{"hash":"2d965fae7d351a0a70db8a8013bf06ed75a3d37f","messageTitle":"Delete trailing remarks files","messageBody":"","fileTypesAndContributionMap":{"functional-code":{"insertions":0,"deletions":37},"test-code":{"insertions":0,"deletions":31}}},{"hash":"84243a3b53379bd949e68965a71644caf1aef195","messageTitle":"Remove Remarks related usages","messageBody":"","fileTypesAndContributionMap":{"functional-code":{"insertions":12,"deletions":72},"test-code":{"insertions":12,"deletions":48}}},{"hash":"8bcb9ae3fa44e90684e26f9e70c4e0504a8132a6","messageTitle":"Fix Tests to pass with new Parser Schema","messageBody":"","fileTypesAndContributionMap":{"functional-code":{"insertions":58,"deletions":19},"test-code":{"insertions":51,"deletions":26}}},{"hash":"052fd5583904e6fdf4106d23058ef92619fb4306","messageTitle":"Fix typo on JavaDocs","messageBody":"","fileTypesAndContributionMap":{"functional-code":{"insertions":1,"deletions":1}}},{"hash":"6a04e6d2663bac3eba776ea17438b9cb7dade381","messageTitle":"Change Parser to follow new scheme","messageBody":"","fileTypesAndContributionMap":{"functional-code":{"insertions":690,"deletions":21},"test-code":{"insertions":124,"deletions":38}}}]},{"date":"2021-10-11","commitResults":[{"hash":"ef93a1cf109f47daa36d96e8eb415898a45efbcb","messageTitle":"Resolve test errors","messageBody":"","fileTypesAndContributionMap":{"test-code":{"insertions":3,"deletions":7}}}]},{"date":"2021-10-28","commitResults":[{"hash":"a804dd48dd81ca549bfae0304a28aab173042637","messageTitle":"Integrated Import timetable feature","messageBody":"","fileTypesAndContributionMap":{"functional-code":{"insertions":370,"deletions":4},"other":{"insertions":6,"deletions":0}}},{"hash":"fd7f00a7990b704db2f38c46869a4d7a0b7397ae","messageTitle":"Add new line at EOF for cal4j properties file","messageBody":"","fileTypesAndContributionMap":{"functional-code":{"insertions":1,"deletions":1}}},{"hash":"8ba8f340efbdcb6f559e5f7e661ac9b408bc8311","messageTitle":"Fix import errors","messageBody":"","fileTypesAndContributionMap":{"functional-code":{"insertions":4,"deletions":8}}},{"hash":"d491043a7a62aecd0307b965c215f567622a81c3","messageTitle":"Fix stylechecks","messageBody":"","fileTypesAndContributionMap":{"functional-code":{"insertions":31,"deletions":23}}},{"hash":"5218be5a139744efa3aa3ba5f5d1551166ef03fe","messageTitle":"Added Developer Guide","messageBody":"","fileTypesAndContributionMap":{"docs":{"insertions":40,"deletions":0}}},{"hash":"a185d202b126dbd1acec3e4c6db91839bc88931c","messageTitle":"Fix error handling","messageBody":"","fileTypesAndContributionMap":{"functional-code":{"insertions":16,"deletions":7}}},{"hash":"01859171eca6523411c8f64c98914022c0de74db","messageTitle":"Fix styles","messageBody":"","fileTypesAndContributionMap":{"functional-code":{"insertions":0,"deletions":1}}},{"hash":"7025bf8ca508974451e933eb9cf023138c519b59","messageTitle":"Swap order of files item","messageBody":"","fileTypesAndContributionMap":{"functional-code":{"insertions":1,"deletions":1}}},{"hash":"20c5e19013a7f7c8819783664d727cda82c3cf89","messageTitle":"Refactor to better abstraction","messageBody":"","fileTypesAndContributionMap":{"functional-code":{"insertions":177,"deletions":147},"test-code":{"insertions":18,"deletions":0}}},{"hash":"d8e2302b400d148b97d8f2456c42a49dda069240","messageTitle":"Fix styles","messageBody":"","fileTypesAndContributionMap":{"functional-code":{"insertions":35,"deletions":29}}},{"hash":"e1d75d79762275405f7a52d55a94a35ba6ee9a22","messageTitle":"Edits according to review","messageBody":"","fileTypesAndContributionMap":{"functional-code":{"insertions":8,"deletions":18}}},{"hash":"b2184297e3e85768ae0400f41c2b1e4cc7fe837f","messageTitle":"Rename constant for code quality","messageBody":"","fileTypesAndContributionMap":{"functional-code":{"insertions":3,"deletions":2}}},{"hash":"d279373c5bf8e00de19663a60da59704505ae205","messageTitle":"Added recurring scheduling","messageBody":"","fileTypesAndContributionMap":{"functional-code":{"insertions":30,"deletions":6}}},{"hash":"0061c69db9afcd54f6191e858f2150350e7afae7","messageTitle":"Fix style errors","messageBody":"","fileTypesAndContributionMap":{"functional-code":{"insertions":7,"deletions":1}}},{"hash":"faa2fdb309119b656ed0ae1954addbd847b4eeaf","messageTitle":"Add User Guide","messageBody":"","fileTypesAndContributionMap":{"docs":{"insertions":7,"deletions":0}}}]},{"date":"2021-10-29","commitResults":[{"hash":"75ac279f25aa056624d1e7da34fb35a640f2a160","messageTitle":"Add command context","messageBody":"","fileTypesAndContributionMap":{"functional-code":{"insertions":117,"deletions":20}}},{"hash":"3bc48d427426ae4606cabe73a7136565f73b4425","messageTitle":"Stylecheck errors","messageBody":"","fileTypesAndContributionMap":{"functional-code":{"insertions":1,"deletions":1}}},{"hash":"0cf5451a207a7107e689339a7484e932ae837e81","messageTitle":"Added DG an UG","messageBody":"","fileTypesAndContributionMap":{"docs":{"insertions":19,"deletions":2}}},{"hash":"197954bf686cb304ef2e2f22cc7c850772afa728","messageTitle":"Fixes to PR comments","messageBody":"","fileTypesAndContributionMap":{"functional-code":{"insertions":16,"deletions":15}}},{"hash":"ecb33d9e156a4e058136c0e8433342c3836460af","messageTitle":"Add empty policy and empty string when no person","messageBody":"","fileTypesAndContributionMap":{"functional-code":{"insertions":13,"deletions":5}}},{"hash":"24fbed20c5988d83d4fab873433d8a368363995f","messageTitle":"Stylecheck","messageBody":"","fileTypesAndContributionMap":{"functional-code":{"insertions":0,"deletions":2}}},{"hash":"2be9a7e86457e01e7a96d53c98200157506c00cd","messageTitle":"Minor bug fix","messageBody":"","fileTypesAndContributionMap":{"functional-code":{"insertions":9,"deletions":3}}},{"hash":"03780e1b152b0d6b0d4c51a146cd965050d6204a","messageTitle":"Remove unused import","messageBody":"","fileTypesAndContributionMap":{"functional-code":{"insertions":0,"deletions":1}}},{"hash":"618520c72365b0d7466169deaa88ab2675cef179","messageTitle":"Edit UG and DG","messageBody":"","fileTypesAndContributionMap":{"docs":{"insertions":5,"deletions":5}}},{"hash":"ec673e1aaa99b5c4d25cb939dadafa78d47379b4","messageTitle":"Add tab falltrough","messageBody":"","fileTypesAndContributionMap":{"functional-code":{"insertions":9,"deletions":2}}}]}],"mokdarren":[{"date":"2021-09-29","commitResults":[{"hash":"9ca18717b8ef1d7dcd2d0a4343e18017ab26a6ed","messageTitle":"AboutUs.md: Update Darren\u0027s roles and responsibilities","messageBody":"","fileTypesAndContributionMap":{"docs":{"insertions":21,"deletions":0}}},{"hash":"a59ed8982c5721f8d8578ec3a53bebd19c72e0e1","messageTitle":"UserGuide.md: Update Darren\u0027s part","messageBody":"","fileTypesAndContributionMap":{"docs":{"insertions":22,"deletions":2}}},{"hash":"98dc2b492927e4f306b6aba923dae9170b785a8c","messageTitle":"Fix indentation mistake for contacts","messageBody":"","fileTypesAndContributionMap":{"docs":{"insertions":1,"deletions":0}}}]},{"date":"2021-10-09","commitResults":[{"hash":"d5742d2ed30b910ddb1e8d40125c0c759be1797d","messageTitle":"UI: Change to table style for each person card","messageBody":"","fileTypesAndContributionMap":{"functional-code":{"insertions":15,"deletions":8}}},{"hash":"ee2e6b0964f01a083a6421173b7ad5a47c16d144","messageTitle":"UI: Align Person name and make card cell height smaller","messageBody":"","fileTypesAndContributionMap":{"functional-code":{"insertions":2,"deletions":2}}},{"hash":"b903e56537a5a6196dfafc4c68739ee19020fefc","messageTitle":"Ui: Add headers for table view","messageBody":"","fileTypesAndContributionMap":{"functional-code":{"insertions":6,"deletions":0}}},{"hash":"efeab6bb6dc84e14e89b950ef501e8bb3d3d9c1a","messageTitle":"Ui: Align header and row items in PersonListPanel","messageBody":"","fileTypesAndContributionMap":{"functional-code":{"insertions":34,"deletions":5}}}]},{"date":"2021-10-10","commitResults":[{"hash":"8acc837ab9b086f6fd055d7e9918890af699f9d9","messageTitle":"Refactor: Change method signature to add type for Person","messageBody":"","fileTypesAndContributionMap":{"functional-code":{"insertions":124,"deletions":25},"test-code":{"insertions":35,"deletions":11}}},{"hash":"f0ba55e392cf1842985980f4b06e99f0a6128560","messageTitle":"Checkstyle fixes","messageBody":"","fileTypesAndContributionMap":{"functional-code":{"insertions":12,"deletions":12}}},{"hash":"346da705bf03e761434ce90407b17fbacf5ea591","messageTitle":"CheckstyleTest fix","messageBody":"","fileTypesAndContributionMap":{"test-code":{"insertions":8,"deletions":4}}},{"hash":"595b187e7141b758de5cb5ee196abbbd491e006f","messageTitle":"Rename attribute in Person: type -\u003e relationship","messageBody":"","fileTypesAndContributionMap":{"functional-code":{"insertions":42,"deletions":40},"other":{"insertions":11,"deletions":11},"docs":{"insertions":7,"deletions":3},"test-code":{"insertions":51,"deletions":42}}},{"hash":"39861bff0405ad8c1563e3d8f408a3a62c08b98d","messageTitle":"Update user guide contacts add format","messageBody":"","fileTypesAndContributionMap":{"docs":{"insertions":1,"deletions":1}}},{"hash":"fdaa1afc138e2eb76870b868c84f64d895cea732","messageTitle":"Update Parser logic to include r/RELATIONSHIP when adding contacts","messageBody":"","fileTypesAndContributionMap":{"functional-code":{"insertions":27,"deletions":5}}},{"hash":"c85808856bbd7834b572632fb166dc09468a89b9","messageTitle":"Update Person equals and tostring method to include relationship","messageBody":"","fileTypesAndContributionMap":{"functional-code":{"insertions":3,"deletions":0}}},{"hash":"e5da5dd7a0177a2d39c85a13f3dc201ab2eda801","messageTitle":"Update Contacts test to include relationship attribute","messageBody":"","fileTypesAndContributionMap":{"test-code":{"insertions":86,"deletions":30}}},{"hash":"25603a3280d11585ad950ae931e0e0b31dbd5893","messageTitle":"Fix for some contacts tests because of new relationship attribute","messageBody":"","fileTypesAndContributionMap":{"functional-code":{"insertions":1,"deletions":1},"test-code":{"insertions":2,"deletions":1}}},{"hash":"58f254a65d4d4a585f7bc9b99033ac558433cc4d","messageTitle":"Checkstyle fixes","messageBody":"","fileTypesAndContributionMap":{"test-code":{"insertions":19,"deletions":21}}},{"hash":"22c5f82afbecc2f3324bdae894a30ac5db9cee34","messageTitle":"Updated EDIT command to allow change of relationship","messageBody":"","fileTypesAndContributionMap":{"functional-code":{"insertions":9,"deletions":1}}}]},{"date":"2021-10-20","commitResults":[{"hash":"7897c9ea2338ab2ae3a32013eebf8d608979b380","messageTitle":"Predicate for finding persons with tags","messageBody":"","fileTypesAndContributionMap":{"functional-code":{"insertions":31,"deletions":0}}},{"hash":"e3cfa91b9a2a16062c1b228dae416f5f6ded64c5","messageTitle":"Filter command and parset tests","messageBody":"","fileTypesAndContributionMap":{"functional-code":{"insertions":79,"deletions":0},"other":{"insertions":4,"deletions":4},"test-code":{"insertions":34,"deletions":0}}},{"hash":"ae4ce46b166d6346afba4cedfede2ce058782ee7","messageTitle":"Filter: Fix test function to check for tags","messageBody":"","fileTypesAndContributionMap":{"functional-code":{"insertions":16,"deletions":2}}},{"hash":"b3f2e4581aff3cb88dadacb5ee9939aa66ae19c0","messageTitle":"Test: Create tests for filter command","messageBody":"","fileTypesAndContributionMap":{"functional-code":{"insertions":11,"deletions":5},"test-code":{"insertions":76,"deletions":0}}},{"hash":"9bb14c7b821977441f9994e36bef3f7e1ea0ee67","messageTitle":"Remove unused import","messageBody":"","fileTypesAndContributionMap":{"functional-code":{"insertions":0,"deletions":1}}},{"hash":"e42f5959354bba9c9dcd0788709c42fcb48e11fa","messageTitle":"Filter command: single filters work","messageBody":"","fileTypesAndContributionMap":{"functional-code":{"insertions":188,"deletions":15},"other":{"insertions":4,"deletions":2},"test-code":{"insertions":13,"deletions":9}}},{"hash":"40564476bfa654a0a2ddddd6e02617023bf58452","messageTitle":"Filter: Fix unchecked type and include name filter","messageBody":"","fileTypesAndContributionMap":{"functional-code":{"insertions":6,"deletions":4}}},{"hash":"89c2460daf997b4d813c96ac0fa96f849b4e44ed","messageTitle":"Remove test for FilterCommandParser, tbd in future","messageBody":"","fileTypesAndContributionMap":{"test-code":{"insertions":0,"deletions":35}}},{"hash":"fe1eb1b828a2f8e66e52bbb856e192bf3934b242","messageTitle":"More Predicate tests","messageBody":"","fileTypesAndContributionMap":{"functional-code":{"insertions":2,"deletions":5},"test-code":{"insertions":153,"deletions":3}}},{"hash":"bb888e9fe81d58f38fcfc0d3b8c964f148c32fcc","messageTitle":"Even more tests for remaining Predicates","messageBody":"","fileTypesAndContributionMap":{"other":{"insertions":2,"deletions":4},"test-code":{"insertions":64,"deletions":2}}},{"hash":"ef8b06a47db7bc503bdfd42f11de48a80d7a1f5d","messageTitle":"Checkstyle fix","messageBody":"","fileTypesAndContributionMap":{"test-code":{"insertions":6,"deletions":4}}},{"hash":"6f7be3e349eb84eb561b7383834818bc62668f99","messageTitle":"Include more example commands to show user","messageBody":"","fileTypesAndContributionMap":{"functional-code":{"insertions":3,"deletions":1}}},{"hash":"c7d36da2f40c05f4df1bcdd3f4105d46823823ac","messageTitle":"TagPredicate: Use streams instead of for loop","messageBody":"","fileTypesAndContributionMap":{"functional-code":{"insertions":4,"deletions":9}}}]},{"date":"2021-10-22","commitResults":[{"hash":"5e06f12cffc5c72726377c59ae4cc033f15b51cc","messageTitle":"Update DG for Person Filtering","messageBody":"","fileTypesAndContributionMap":{"docs":{"insertions":10,"deletions":0}}}]},{"date":"2021-10-24","commitResults":[{"hash":"832474791efdda8f6fda411a62e58cd2b693a325","messageTitle":"Enable assertions for gradle","messageBody":"","fileTypesAndContributionMap":{"other":{"insertions":4,"deletions":0}}}]},{"date":"2021-10-27","commitResults":[{"hash":"677ac30e058a7b6dbddde19340655998f2437b70","messageTitle":"Enum for client\u0027s status","messageBody":"","fileTypesAndContributionMap":{"functional-code":{"insertions":12,"deletions":0}}},{"hash":"127efade79e1c24b6ecfead2047f074b76827346","messageTitle":"Support adding Policy details and notes for clients","messageBody":"","fileTypesAndContributionMap":{"functional-code":{"insertions":111,"deletions":0},"test-code":{"insertions":34,"deletions":0}}},{"hash":"1a93397cd2ecba547731dda5a8bcb6104e40dbd0","messageTitle":"Client: New class to support client related details","messageBody":"","fileTypesAndContributionMap":{"functional-code":{"insertions":58,"deletions":0}}},{"hash":"5954454021acc2e25b917cee04b5f94bf24c8400","messageTitle":"Client: Enforce immutability","messageBody":"","fileTypesAndContributionMap":{"functional-code":{"insertions":16,"deletions":24}}},{"hash":"c755a96e191c5a55a41cd3d5c59bbc483c32cfa4","messageTitle":"AddCommandParser: Support adding Client object","messageBody":"","fileTypesAndContributionMap":{"functional-code":{"insertions":8,"deletions":3}}}]},{"date":"2021-10-28","commitResults":[{"hash":"8afe044a062a8dd29fd2295c9eecaf1f9e59fdf6","messageTitle":"Include Client details in Model","messageBody":"","fileTypesAndContributionMap":{"functional-code":{"insertions":111,"deletions":0}}},{"hash":"14faf739e51da3f976e58a456bf5875a32858022","messageTitle":"AddPolicyCommand","messageBody":"","fileTypesAndContributionMap":{"functional-code":{"insertions":193,"deletions":10}}},{"hash":"030eb9dc20f15b76fe8429cf382425c3a9247a19","messageTitle":"AddPolicyCommand parser","messageBody":"","fileTypesAndContributionMap":{"functional-code":{"insertions":105,"deletions":96}}},{"hash":"dc7acda9a2d14a9620aea02a58a398ff67b94009","messageTitle":"Remove Client class, consolidate to Person","messageBody":"","fileTypesAndContributionMap":{"functional-code":{"insertions":103,"deletions":184},"test-code":{"insertions":0,"deletions":34}}},{"hash":"6825fbf9314b3fadfa3dc450e835fc3058291555","messageTitle":"Fix AddPolicy bug","messageBody":"","fileTypesAndContributionMap":{"functional-code":{"insertions":1,"deletions":0}}},{"hash":"ca5533d36cf487317e02ba98686a8d802e6c6fba","messageTitle":"Fix message reply to confirm successful addition of policy","messageBody":"","fileTypesAndContributionMap":{"functional-code":{"insertions":1,"deletions":1}}},{"hash":"29706513cf500f608f0ec3f633fedfaa92aed427","messageTitle":"New details tab for contact details","messageBody":"","fileTypesAndContributionMap":{"functional-code":{"insertions":123,"deletions":3}}},{"hash":"87d76794a91f8ed371fb8e3175f3dcf6efef8374","messageTitle":"Fix NPE error by UI","messageBody":"","fileTypesAndContributionMap":{"functional-code":{"insertions":224,"deletions":39}}},{"hash":"f56c45bec2493b35f37206aea22f57fd563093fb","messageTitle":"PolicyListPanel: NPE bug fix","messageBody":"","fileTypesAndContributionMap":{"functional-code":{"insertions":39,"deletions":0}}},{"hash":"89fbb5b4dd1838c510d94fac884842ae8c492099","messageTitle":"PolicyListPanel: NPE Bug fix","messageBody":"","fileTypesAndContributionMap":{"functional-code":{"insertions":12,"deletions":8}}},{"hash":"3b85c061902827cb475a7faff80ce40de0480c65","messageTitle":"SelectedPersonList: 2nd type of filter used for selecting 1 person","messageBody":"","fileTypesAndContributionMap":{"functional-code":{"insertions":43,"deletions":4}}},{"hash":"51deb1fd78217eecdebce7cf7a7f122c3a86662b","messageTitle":"Select feature to get more details of a client","messageBody":"","fileTypesAndContributionMap":{"functional-code":{"insertions":97,"deletions":2}}},{"hash":"b0fb0e27db008857b6f0a4c4c9e6865de70896e7","messageTitle":"Storage: Keep json storage of policies data","messageBody":"","fileTypesAndContributionMap":{"functional-code":{"insertions":89,"deletions":11}}},{"hash":"8401ed55d2a7b534bcb6f0bf9fce32e1860d9677","messageTitle":"Storage: Fix bug to allow reading of Policy data","messageBody":"","fileTypesAndContributionMap":{"functional-code":{"insertions":21,"deletions":24}}},{"hash":"5c048a263ac1f71eafe6899d139fff95b20c3595","messageTitle":"Fix FilterCommand example","messageBody":"","fileTypesAndContributionMap":{"functional-code":{"insertions":4,"deletions":4}}}]},{"date":"2021-10-29","commitResults":[{"hash":"41b89967760004f6f8f6970f171f8610953a5123","messageTitle":"Fix bug where select did not filter correctly","messageBody":"","fileTypesAndContributionMap":{"functional-code":{"insertions":27,"deletions":14}}},{"hash":"23d572683c4b7bcd6eeba8176b1741fd53168498","messageTitle":"Feature: Add notes to Person","messageBody":"","fileTypesAndContributionMap":{"functional-code":{"insertions":166,"deletions":9}}},{"hash":"f0ddf6547ad034a8e284d14b9cec8d50eb09c9cb","messageTitle":"Added Notes feature for each selected person","messageBody":"","fileTypesAndContributionMap":{"functional-code":{"insertions":75,"deletions":1}}},{"hash":"72dd07ec57d2024153c77f0b08a8bd6f5f4302cc","messageTitle":"Don\u0027t allow editable text area of notes, due to complexity to save","messageBody":"","fileTypesAndContributionMap":{"functional-code":{"insertions":1,"deletions":11}}},{"hash":"a02dc06d9f4212edf756fb5081405c58141ebfe4","messageTitle":"Add header for note display","messageBody":"","fileTypesAndContributionMap":{"functional-code":{"insertions":30,"deletions":8}}},{"hash":"c7d930610c3e86716f16c7e1c909a1f2fba5dec9","messageTitle":"Fix select messages","messageBody":"","fileTypesAndContributionMap":{"functional-code":{"insertions":27,"deletions":21}}},{"hash":"412e45c081ceb4dc0054670f453d4246c4a75779","messageTitle":"Remove unneccesary comments","messageBody":"","fileTypesAndContributionMap":{"functional-code":{"insertions":1,"deletions":2}}},{"hash":"8e815159bfd8d8ba560ff92ffa173bae62f1adab","messageTitle":"Show status of client in UI","messageBody":"","fileTypesAndContributionMap":{"functional-code":{"insertions":13,"deletions":2}}},{"hash":"25c4db03bc91bff3b2b42a0295285eab89669acb","messageTitle":"Add parser for EditStatusCommand","messageBody":"","fileTypesAndContributionMap":{"functional-code":{"insertions":174,"deletions":5}}},{"hash":"a1b9c628efe776c591abdbfc4e8e24fb9539008b","messageTitle":"Fix FilterCommand bugs pointed out by kslui","messageBody":"","fileTypesAndContributionMap":{"functional-code":{"insertions":3,"deletions":3}}},{"hash":"5c354266ee080e7b0625aaea3b263367ce068a67","messageTitle":"Checkstyle fixes","messageBody":"","fileTypesAndContributionMap":{"functional-code":{"insertions":60,"deletions":18},"test-code":{"insertions":87,"deletions":23}}},{"hash":"7e9e036240ec2770b90f8085e24693ae7a6eef76","messageTitle":"Fix bug that didnt allow adding floating commission","messageBody":"","fileTypesAndContributionMap":{"functional-code":{"insertions":1,"deletions":1}}},{"hash":"69dcd25e2a7b2632e3b29c3b81b0dcd7fe9b014f","messageTitle":"Fix message when adding policy, only show recently added","messageBody":"","fileTypesAndContributionMap":{"functional-code":{"insertions":1,"deletions":1}}},{"hash":"4c90304129cf322ff90489d6d3e1fa0d819b7acd","messageTitle":"Integrated analytics for client status","messageBody":"","fileTypesAndContributionMap":{"functional-code":{"insertions":47,"deletions":38}}},{"hash":"fd2bd1d99e6d2316d5071a0c572772a7d6f8a668","messageTitle":"Checkstyle fixes","messageBody":"","fileTypesAndContributionMap":{"functional-code":{"insertions":0,"deletions":2}}}]}]},"authorFileTypeContributionMap":{"whoisjustinngo":{"docs":210,"functional-code":2194,"test-code":93,"other":1},"kslui99":{"docs":101,"functional-code":1675,"test-code":1942},"rickyaandrew":{"docs":174,"functional-code":2420,"test-code":87},"SpdPnd98":{"docs":107,"functional-code":741,"test-code":117,"other":6},"mokdarren":{"docs":52,"functional-code":1966,"test-code":513,"other":5}},"authorContributionVariance":{"whoisjustinngo":78833.53,"kslui99":133308.88,"rickyaandrew":64222.344,"SpdPnd98":93374.69,"mokdarren":92610.9},"authorDisplayNameMap":{"whoisjustinngo":"CS2103-T14-4 NGO ..STIN","kslui99":"CS2103-T14-4 LUI ..IANG","rickyaandrew":"CS2103-T14-4 RICK..DREW","SpdPnd98":"CS2103-T14-4 BRYA..HONG","mokdarren":"CS2103-T14-4 MOK ..RREN"}}
