{"authorDailyContributionsMap":{"aikenwx":[{"date":"2021-09-26","commitResults":[{"hash":"5e51a01fba9d24b9f14b3924c45001f407eaf35d","messageTitle":"Update glossary and non-functional requirements","messageBody":"","fileTypesAndContributionMap":{"docs":{"insertions":5,"deletions":2}}},{"hash":"49dde5f688c0e2ca56e8afb50fb52f3467630242","messageTitle":"Add more NFRs","messageBody":"","fileTypesAndContributionMap":{"docs":{"insertions":6,"deletions":4}}},{"hash":"6de3fa13a8f866b9fbda1b0888d66ad31364315b","messageTitle":"Add UG documentation of flip and test commands","messageBody":"","fileTypesAndContributionMap":{"docs":{"insertions":27,"deletions":5}}}]},{"date":"2021-09-29","commitResults":[{"hash":"56538fec1d3aac66e37097af537a9591143eed38","messageTitle":"Update user guide summary and fix formatting","messageBody":"","fileTypesAndContributionMap":{"docs":{"insertions":26,"deletions":11}}},{"hash":"176b7751970a8be6c7bfaed5b917efe5ae782a60","messageTitle":"Update test feature example","messageBody":"","fileTypesAndContributionMap":{"docs":{"insertions":1,"deletions":1}}},{"hash":"14529574cc4867c785ba6df9fb65a844ab6c1b16","messageTitle":"Remove non-NFR","messageBody":"","fileTypesAndContributionMap":{"docs":{"insertions":0,"deletions":1}}},{"hash":"4bd084b3e65ec1a3d5e10b997965f67aa7524556","messageTitle":"Update user guide for standardisation","messageBody":"","fileTypesAndContributionMap":{"docs":{"insertions":4,"deletions":4}}},{"hash":"de9e53738661b165a40a9ba2baafc5f5aabddcea","messageTitle":"Update UG","messageBody":"","fileTypesAndContributionMap":{"docs":{"insertions":1,"deletions":1}}}]},{"date":"2021-10-01","commitResults":[{"hash":"a6c77f58bbc9a33afbf853bb6d59362605b958a1","messageTitle":"Fix grammer bug and standardization in UG","messageBody":"","fileTypesAndContributionMap":{"docs":{"insertions":11,"deletions":9}}},{"hash":"e6e347f573a314e7c3de7c56f0668d5dec7dd969","messageTitle":"Standardize \"displayed flashcard list\" to \"current list\"","messageBody":"","fileTypesAndContributionMap":{"docs":{"insertions":3,"deletions":3}}},{"hash":"bfb78778283caa7991e91f68ab55f41ce33599fa","messageTitle":"Fix grammar, spelling and standardization issues in UG","messageBody":"","fileTypesAndContributionMap":{"docs":{"insertions":6,"deletions":6}}},{"hash":"24ef25257d4c051cbd87c14ad05cba5101ad1938","messageTitle":"Standardize \"current list\" to \"current displayed list\"","messageBody":"","fileTypesAndContributionMap":{"docs":{"insertions":6,"deletions":6}}}]},{"date":"2021-10-02","commitResults":[{"hash":"bca82639fdac84f8c35f86addbecb18374fa2229","messageTitle":"Update help messages to reflect new standardizations","messageBody":"","fileTypesAndContributionMap":{"functional-code":{"insertions":2,"deletions":2}}}]},{"date":"2021-10-07","commitResults":[{"hash":"2a3050f0edf4226d82d28fcb5b43e6e9431e187c","messageTitle":"Refactor storage components in main","messageBody":"","fileTypesAndContributionMap":{"functional-code":{"insertions":201,"deletions":284},"other":{"insertions":20,"deletions":20}}},{"hash":"7ce3cad2e5f7eb55e445aa6fea5b812fccd644d1","messageTitle":"Refactor storage test components and their JSON dependencies","messageBody":"","fileTypesAndContributionMap":{"test-code":{"insertions":252,"deletions":292}}},{"hash":"f5ba5114c3ec3f3fc7fe701f999a9f3d1642b156","messageTitle":"Fix checkStyle bugs for fmxl, md and json files","messageBody":"","fileTypesAndContributionMap":{"functional-code":{"insertions":1,"deletions":1},"docs":{"insertions":10,"deletions":10}}},{"hash":"40b2f30508570fe1946677e09320b86403717459","messageTitle":"Fix bugs for storage components tests","messageBody":"","fileTypesAndContributionMap":{"functional-code":{"insertions":2,"deletions":2},"test-code":{"insertions":5,"deletions":1}}},{"hash":"a9051793676d0c7195b53b6b8d89597434d16623","messageTitle":"Remove unnecessary print statements","messageBody":"","fileTypesAndContributionMap":{"test-code":{"insertions":0,"deletions":4}}},{"hash":"7aaf321bd70c3142ba54af51922253ea7f19d8e8","messageTitle":"Fix flashcard filepath bug in JsonUserPrefsStorageTest","messageBody":"","fileTypesAndContributionMap":{"test-code":{"insertions":1,"deletions":1}}}]},{"date":"2021-10-08","commitResults":[{"hash":"0be6296637b22d4496dd6b4d462342f4d9f6d67a","messageTitle":"Remove references to AddressBook","messageBody":"","fileTypesAndContributionMap":{"test-code":{"insertions":2,"deletions":2}}}]},{"date":"2021-10-12","commitResults":[{"hash":"cfc3fd99325fdb8fb7761408ca908328a74867e6","messageTitle":"Add test flashcard feature","messageBody":"","fileTypesAndContributionMap":{"functional-code":{"insertions":152,"deletions":7}}},{"hash":"42209e2e3b824390733f5f6ab55789733396177a","messageTitle":"Add tests for test flashcards feature","messageBody":"","fileTypesAndContributionMap":{"test-code":{"insertions":223,"deletions":4}}},{"hash":"f5466893379745e501cbae8bc4a37a0903503ed8","messageTitle":"Update user guide to reflect actual implementation of test feature","messageBody":"","fileTypesAndContributionMap":{"docs":{"insertions":4,"deletions":4}}}]},{"date":"2021-10-13","commitResults":[{"hash":"2094e747e278ae523626d20bc9352889ff24c07e","messageTitle":"Update variable names in FlipCommand","messageBody":"","fileTypesAndContributionMap":{"functional-code":{"insertions":5,"deletions":5}}}]},{"date":"2021-10-14","commitResults":[{"hash":"eceeda9f9549d241bb35cd3f0d6af1b5ba620739","messageTitle":"Rework behaviour of Flip and Flashcard","messageBody":"Flip command should toggle the English phrase of a flashcard to hide or\nshow. The current behaviour of flip does not do this. Furthermore the\nsetIsFlipped method of Flashcard no longer makes Flashcard immutable,\nwhich was the original intended design. This could cause future code\nregression.\n\nChanging the behaviour of Flip to toggle hiding for English phrases will\nallow the in-app flashcard to behave more like a real-life flashcard.\nReplacing the setIsFlipped method for Flashcard will also allow\nFlashcard to regain its immutability.\n\nLet\u0027s,\n* make changes to the flip command to enable it to hide and show\nEnglish phrases upon invocation.\n* replace setIsFlipped method with a getFlippedFlashcard method that\nreturns a copy of the current Flashcard but flipped.\n","fileTypesAndContributionMap":{"functional-code":{"insertions":51,"deletions":25}}},{"hash":"31a737b512e752fcff81893faf940d3f3c1fc848","messageTitle":"Update TestCommand to disallow testing for flipped up flashcards","messageBody":"","fileTypesAndContributionMap":{"functional-code":{"insertions":9,"deletions":1}}},{"hash":"6c76099cf940c95a503e2a4735f6198e0b27d0cb","messageTitle":"Update tests for FlipCommand and TestCommand","messageBody":"","fileTypesAndContributionMap":{"test-code":{"insertions":30,"deletions":6}}},{"hash":"2017e40f8e8851d8737513457adba62d5665e7bc","messageTitle":"Update Flashcard toString method and comments for tests","messageBody":"","fileTypesAndContributionMap":{"functional-code":{"insertions":1,"deletions":4},"test-code":{"insertions":5,"deletions":1}}},{"hash":"86b64bb45dccaad82b063748c4a74879c9ac5ac8","messageTitle":"Fix confusing CommandException error message in TestCommand","messageBody":"","fileTypesAndContributionMap":{"functional-code":{"insertions":2,"deletions":2}}},{"hash":"6d9140e392f8daef9c4df6eeb29d07abb5d3379b","messageTitle":"Update command description for FlipCommand","messageBody":"","fileTypesAndContributionMap":{"functional-code":{"insertions":2,"deletions":3}}},{"hash":"afc5cf2221c70655db09af87203f14d7a10f4a91","messageTitle":"Remove unnecessary lines of code","messageBody":"","fileTypesAndContributionMap":{"test-code":{"insertions":1,"deletions":3}}}]},{"date":"2021-10-18","commitResults":[{"hash":"ae1a5a5e03c2d5b6d9a69b266454fec011ae1977","messageTitle":"Update isSameFlashcard to fit revised requirements","messageBody":"","fileTypesAndContributionMap":{"functional-code":{"insertions":8,"deletions":5},"test-code":{"insertions":63,"deletions":16}}},{"hash":"15a0b91f8da5fc6dd2521b6da0b591fa127cc4cd","messageTitle":"Add filter by selected indices feature","messageBody":"","fileTypesAndContributionMap":{"functional-code":{"insertions":198,"deletions":20}}},{"hash":"9e41cea6473143f60f09c9c8a581f1f20db6319b","messageTitle":"Update tests for filter command and parser","messageBody":"","fileTypesAndContributionMap":{"test-code":{"insertions":190,"deletions":29}}},{"hash":"b23195929aa0abc4b1afe8ba7a9a769ed0ecdf07","messageTitle":"Update user guide","messageBody":"","fileTypesAndContributionMap":{"docs":{"insertions":10,"deletions":5}}}]},{"date":"2021-10-21","commitResults":[{"hash":"43314e17b2ef0781eb66417e8ff41dc3f59e34c2","messageTitle":"Update storage UML","messageBody":"","fileTypesAndContributionMap":{"docs":{"insertions":64,"deletions":32}}},{"hash":"fb571b762f09c005ec0b88c5ebf607bb2a72de18","messageTitle":"Add sequence UML for filter","messageBody":"","fileTypesAndContributionMap":{"docs":{"insertions":120,"deletions":86}}},{"hash":"b930b46df8bebacbb2c1514a29f2f75e02ab4bca","messageTitle":"Update filter and storage implementation in the developer guide","messageBody":"","fileTypesAndContributionMap":{"docs":{"insertions":34,"deletions":61}}},{"hash":"b8c6e8fb93f23a004cac99d8f6d43688c0922811","messageTitle":"Fix DG bugs","messageBody":"","fileTypesAndContributionMap":{"docs":{"insertions":2,"deletions":4}}}]},{"date":"2021-10-22","commitResults":[{"hash":"6b1bf7b59fc7fdf769a6569bbb5c3a7fb5fed898","messageTitle":"Fix bugs in documentation and filter command","messageBody":"","fileTypesAndContributionMap":{"functional-code":{"insertions":33,"deletions":26},"docs":{"insertions":6,"deletions":5},"test-code":{"insertions":80,"deletions":10}}},{"hash":"be56ac21845c11df3ceb1fc086a9219cae84f358","messageTitle":"Fix indentation bugs","messageBody":"","fileTypesAndContributionMap":{"test-code":{"insertions":13,"deletions":13}}},{"hash":"dce79354d00e73b410d8af7fd819e7bb582e5bde","messageTitle":"Fix DG bugs for filter implementation","messageBody":"","fileTypesAndContributionMap":{"docs":{"insertions":23,"deletions":16}}},{"hash":"31d8bf974ed2bb47d03dced17be74eb237291e62","messageTitle":"Fix DG bug","messageBody":"","fileTypesAndContributionMap":{"docs":{"insertions":0,"deletions":4}}},{"hash":"dfe4d22604df8e06972df7fbf61b415df2d5ddef","messageTitle":"Update filter UML sequence diagram for standardization","messageBody":"","fileTypesAndContributionMap":{"docs":{"insertions":10,"deletions":1}}},{"hash":"0e91391d011bd007a0d985f5a866cca32c90edef","messageTitle":"Fix DG standardization bug","messageBody":"","fileTypesAndContributionMap":{"docs":{"insertions":1,"deletions":1}}}]},{"date":"2021-10-26","commitResults":[{"hash":"58702085fe33a5bcd131bf5899e17d807b83e670","messageTitle":"Remove flip command and all references in LingoGo!","messageBody":"","fileTypesAndContributionMap":{"functional-code":{"insertions":0,"deletions":113},"test-code":{"insertions":0,"deletions":125}}},{"hash":"e00b841069cbdfba4736c5b081c79622612cc348","messageTitle":"Remove all references to flip and test commands in UG and DG","messageBody":"","fileTypesAndContributionMap":{"docs":{"insertions":3,"deletions":72}}},{"hash":"5c686e0dfc846bde1d96e488d100efee8d30e12f","messageTitle":"Add filter by range feature","messageBody":"","fileTypesAndContributionMap":{"functional-code":{"insertions":68,"deletions":7}}},{"hash":"3718f70c175735ec0063b908079bea2b598821f3","messageTitle":"Add tests for filter by range","messageBody":"","fileTypesAndContributionMap":{"test-code":{"insertions":112,"deletions":14}}},{"hash":"56368969d71e645d91b9ec2b017e67565cd7d74a","messageTitle":"Update UG for range filter","messageBody":"","fileTypesAndContributionMap":{"docs":{"insertions":11,"deletions":5}}}]},{"date":"2021-10-28","commitResults":[{"hash":"55dfab370ab0880118667d87e27aeebc8de03a0d","messageTitle":"Update filter to operate only on currently displayed flashcards","messageBody":"","fileTypesAndContributionMap":{"functional-code":{"insertions":5,"deletions":1}}},{"hash":"527e869be908f9a4050c42bd55ee0d36694008be","messageTitle":"Add integration test for find and then filter usecase","messageBody":"","fileTypesAndContributionMap":{"test-code":{"insertions":54,"deletions":2}}},{"hash":"4689aaba213438b81e502d536ec2e879bf9f89c8","messageTitle":"Fix bug in comment","messageBody":"","fileTypesAndContributionMap":{"test-code":{"insertions":1,"deletions":1}}}]},{"date":"2021-11-01","commitResults":[{"hash":"df5e6fe37ee5a9543d19213415d6f8b854386d00","messageTitle":"Fix whitespace bug for filter indexing commands","messageBody":"","fileTypesAndContributionMap":{"functional-code":{"insertions":1,"deletions":1}}},{"hash":"17ec664736dd7593626028c7a303dc224fd41b95","messageTitle":"Change filter conditions to work in union","messageBody":"","fileTypesAndContributionMap":{"functional-code":{"insertions":10,"deletions":7},"test-code":{"insertions":41,"deletions":3}}}]},{"date":"2021-11-02","commitResults":[{"hash":"38b25893c4d0a0c330248e45e6d72ac9ef423c94","messageTitle":"Update MainApp to alert users on json formatting errors","messageBody":"","fileTypesAndContributionMap":{"functional-code":{"insertions":48,"deletions":8}}}]},{"date":"2021-11-03","commitResults":[{"hash":"8733ed8662fe6ee914d1f40be442a7e4dbcba742","messageTitle":"Make lingoGo! save once upon launch for when data file is reset","messageBody":"","fileTypesAndContributionMap":{"functional-code":{"insertions":3,"deletions":0}}},{"hash":"7f506d6e6e5df7e4909ea39a2c6775d48e8f1603","messageTitle":"Add tests for whitespace seperation of indices for filter command","messageBody":"","fileTypesAndContributionMap":{"test-code":{"insertions":16,"deletions":0}}},{"hash":"89bd3020480503478f8f5966a5862295a9b879af","messageTitle":"Add handling for nullPointerException caused by json manipulation","messageBody":"","fileTypesAndContributionMap":{"functional-code":{"insertions":16,"deletions":6}}}]},{"date":"2021-11-04","commitResults":[{"hash":"291ea3a7e198c89512f4c0022c951278cc7fb964","messageTitle":"Enhance startup alerts to allow users to salvage corrupted JSON","messageBody":"","fileTypesAndContributionMap":{"functional-code":{"insertions":87,"deletions":32}}},{"hash":"3bfb8ea73754492b5885241e692207bbcb364d14","messageTitle":"Allow persistence of filtered flashcards after edit","messageBody":"","fileTypesAndContributionMap":{"functional-code":{"insertions":7,"deletions":0},"test-code":{"insertions":49,"deletions":2}}},{"hash":"721d02030fe7953338184abc04ee03d1ea2befc3","messageTitle":"Fix invalid JSON alert message and alert dialogue styling","messageBody":"","fileTypesAndContributionMap":{"functional-code":{"insertions":17,"deletions":5}}},{"hash":"8b63f4b4f28f4bf06b56de0428db4975efbc05c1","messageTitle":"Add alerts to warn users on creating directory named flashcardapp.json","messageBody":"","fileTypesAndContributionMap":{"functional-code":{"insertions":47,"deletions":7}}}]},{"date":"2021-11-05","commitResults":[{"hash":"27b83c8d6556c3e615a8b1f9c02c3236d194864e","messageTitle":"Update filter command, standardization and notes on JSON fomatting in UG","messageBody":"","fileTypesAndContributionMap":{"docs":{"insertions":25,"deletions":20}}},{"hash":"d929a52ef77f65724aba5812da5dd0679d5ad980","messageTitle":"Simplify documentation for filter command","messageBody":"","fileTypesAndContributionMap":{"docs":{"insertions":13,"deletions":13}}},{"hash":"fa54d869b26fe603b1b5e81d4e473510d3b11399","messageTitle":"Fix UG bugs","messageBody":"","fileTypesAndContributionMap":{"docs":{"insertions":9,"deletions":4}}},{"hash":"1cca57293e8c6b597e9d2610a0f63a31458552a7","messageTitle":"Add manual tests for loading JSON files","messageBody":"","fileTypesAndContributionMap":{"docs":{"insertions":92,"deletions":1}}}]}],"jhlee1997":[{"date":"2021-09-25","commitResults":[{"hash":"ad48f256addf7ed0971b9474ec66bd36b75268e0","messageTitle":"Update README and Upload instruction for UserGuide","messageBody":"","fileTypesAndContributionMap":{"docs":{"insertions":45,"deletions":25}}},{"hash":"d66a7410e472b54ab5349bbc315136952d3ac51a","messageTitle":"Revert back to original state","messageBody":"","fileTypesAndContributionMap":{"docs":{"insertions":25,"deletions":45}}},{"hash":"fc25a81fb80daa1eff5ca8c78008b6f26744dc1a","messageTitle":"Update README and UserGuide","messageBody":"","fileTypesAndContributionMap":{"docs":{"insertions":45,"deletions":25}}}]},{"date":"2021-09-29","commitResults":[{"hash":"64d2884c9697f79bc44cdfecae3cc90c90230c57","messageTitle":"Update README and UserGuide","messageBody":"","fileTypesAndContributionMap":{"docs":{"insertions":24,"deletions":36}}},{"hash":"43b3abfaedc8cd7eade37e48795641a41bbd46fd","messageTitle":"Edit README and UserGuide","messageBody":"","fileTypesAndContributionMap":{"docs":{"insertions":4,"deletions":7}}}]},{"date":"2021-10-01","commitResults":[{"hash":"b91ec3eb8fc27b4293c8ca4995d378d49b81420e","messageTitle":"Update download description in UserGuide","messageBody":"","fileTypesAndContributionMap":{"docs":{"insertions":7,"deletions":3}}}]},{"date":"2021-10-03","commitResults":[{"hash":"7e345e30d764066d39cca758283a93b2e405e81a","messageTitle":"Edit UserGuide","messageBody":"","fileTypesAndContributionMap":{"docs":{"insertions":4,"deletions":4}}}]},{"date":"2021-10-13","commitResults":[{"hash":"c5570b80a2c6813464504b080aad383230a1dd95","messageTitle":"Create download and upload features","messageBody":"","fileTypesAndContributionMap":{"functional-code":{"insertions":294,"deletions":10},"test-code":{"insertions":80,"deletions":12}}},{"hash":"dda6d8a8e56ecbd71864a0cd88ee986fb213b3b6","messageTitle":"Edited code to pass checkStyle","messageBody":"","fileTypesAndContributionMap":{"functional-code":{"insertions":64,"deletions":26},"test-code":{"insertions":64,"deletions":29}}}]},{"date":"2021-10-14","commitResults":[{"hash":"ce0a663da18b1de10e860f18f86e8f3f35e6bcba","messageTitle":"Used OpenCSV library","messageBody":"","fileTypesAndContributionMap":{"functional-code":{"insertions":25,"deletions":81},"other":{"insertions":2,"deletions":0},"test-code":{"insertions":0,"deletions":16}}},{"hash":"a6e20acb6f271cf2dc08cc353d715b964e5a6c5c","messageTitle":"Update FlashcardAppParserTest.java","messageBody":"","fileTypesAndContributionMap":{"test-code":{"insertions":2,"deletions":0}}},{"hash":"a8893b01e026795a49bb590400e87638cdace16b","messageTitle":"Update FlashcardAppParserTest.java","messageBody":"","fileTypesAndContributionMap":{"test-code":{"insertions":1,"deletions":1}}},{"hash":"915467228b83be883059c40d12eb6969b1680f33","messageTitle":"Update FlashcardAppParserTest.java","messageBody":"","fileTypesAndContributionMap":{"test-code":{"insertions":0,"deletions":8}}},{"hash":"eec00f612081aafd8377bc14722b45e9d956d82c","messageTitle":"Update UploadCommandParserTest.java","messageBody":"","fileTypesAndContributionMap":{"test-code":{"insertions":0,"deletions":6}}},{"hash":"3154607f6fc44358ce7176c811f8c1046b78a1c4","messageTitle":"Update UploadCommandParserTest.java","messageBody":"","fileTypesAndContributionMap":{"test-code":{"insertions":0,"deletions":1}}},{"hash":"7f69a94944a1f6c29543a7a3bb92cd0f165f46b0","messageTitle":"Update FlashcardAppParserTest.java","messageBody":"","fileTypesAndContributionMap":{"test-code":{"insertions":0,"deletions":1}}}]},{"date":"2021-10-16","commitResults":[{"hash":"ab57ad41cc56ecd3f35ff1517a94d66a617063e4","messageTitle":"Add Language Field","messageBody":"","fileTypesAndContributionMap":{"functional-code":{"insertions":228,"deletions":54},"other":{"insertions":45,"deletions":45},"docs":{"insertions":11,"deletions":11},"test-code":{"insertions":300,"deletions":56}}},{"hash":"ebee5cff5f559ae41d9351c074b077ef1a32aa2f","messageTitle":"Update UserGuide","messageBody":"","fileTypesAndContributionMap":{"functional-code":{"insertions":16,"deletions":10},"docs":{"insertions":30,"deletions":14}}},{"hash":"3cc78b1f9f020faa452c15b02241d400aa8cb790","messageTitle":"Update CommandHelpMessage","messageBody":"","fileTypesAndContributionMap":{"functional-code":{"insertions":6,"deletions":0}}}]},{"date":"2021-10-19","commitResults":[{"hash":"c6e88b7d3ca09efcd886fb9cb0c1df6737352de0","messageTitle":"Update DevOps and UserGuide","messageBody":"","fileTypesAndContributionMap":{"docs":{"insertions":5,"deletions":5}}}]},{"date":"2021-10-22","commitResults":[{"hash":"b6da106d7590e847aef6aa388360ca507ff05e90","messageTitle":"Add UML diagrams for export and import","messageBody":"","fileTypesAndContributionMap":{"docs":{"insertions":166,"deletions":69}}},{"hash":"ec4769f53a922670afd2afed64bad86ed976553b","messageTitle":"Fix UML diagrams","messageBody":"","fileTypesAndContributionMap":{"docs":{"insertions":2,"deletions":4}}},{"hash":"9c0ebce0270ebf5be1ddebeaeefbba9fe289010f","messageTitle":"Edit UML diagrams","messageBody":"","fileTypesAndContributionMap":{"docs":{"insertions":12,"deletions":16}}},{"hash":"176a96cc8788c9152420858e0a7bef169d9c6a6b","messageTitle":"Edit UML diagrams","messageBody":"","fileTypesAndContributionMap":{"docs":{"insertions":2,"deletions":2}}},{"hash":"75e74f1f379223a413c38cab716afde5398142d5","messageTitle":"Edit UML diagrams","messageBody":"","fileTypesAndContributionMap":{"docs":{"insertions":5,"deletions":5}}},{"hash":"639230082660f9177a21dce68db7720933a5898a","messageTitle":"Edit UML diagrams","messageBody":"","fileTypesAndContributionMap":{"docs":{"insertions":2,"deletions":2}}},{"hash":"964787c05067b1992564840944d491fbc478f151","messageTitle":"Edit UML diagrams","messageBody":"","fileTypesAndContributionMap":{"docs":{"insertions":1,"deletions":1}}}]},{"date":"2021-10-25","commitResults":[{"hash":"e7d4d994ea34bd3c452fd460a9567ea93f9e1068","messageTitle":"Update Export and Import under UserGuide","messageBody":"","fileTypesAndContributionMap":{"docs":{"insertions":5,"deletions":5}}}]},{"date":"2021-10-26","commitResults":[{"hash":"2e3a9f3200572f70de5500eca85989e2ec56b6ba","messageTitle":"Fix command summary of UserGuide","messageBody":"","fileTypesAndContributionMap":{"docs":{"insertions":1,"deletions":1}}}]},{"date":"2021-10-27","commitResults":[{"hash":"96686bb19fc0adcd0cac7d822096e5c341c96473","messageTitle":"Add tests for Import and Export","messageBody":"","fileTypesAndContributionMap":{"functional-code":{"insertions":22,"deletions":7},"test-code":{"insertions":192,"deletions":0}}},{"hash":"af9a0c7698166fb6f89230b7ec9f08e85ea5d5a3","messageTitle":"Edit exportTest.csv","messageBody":"","fileTypesAndContributionMap":{"test-code":{"insertions":1,"deletions":1}}},{"hash":"9c5b9cf07014d018b125067ad4e62edfafd96a53","messageTitle":"Edit FlashcardAppParserTest","messageBody":"","fileTypesAndContributionMap":{"test-code":{"insertions":1,"deletions":1}}},{"hash":"cd488dda5432735b42e1dded079ed31bb133544c","messageTitle":"test if CI passes","messageBody":"","fileTypesAndContributionMap":{"test-code":{"insertions":1,"deletions":1}}},{"hash":"e91f1bd548d4c74a0c67931c45f1ba9f46aeb85c","messageTitle":"Fix checkstyle error","messageBody":"","fileTypesAndContributionMap":{"test-code":{"insertions":2,"deletions":1}}},{"hash":"2e5173d74ed7a6aec6802964ed9c71087ae4098a","messageTitle":"Edit ExportCommandTest","messageBody":"","fileTypesAndContributionMap":{"test-code":{"insertions":3,"deletions":4}}},{"hash":"b285b62c1ec523cc28750ec5ad9b37de8a80de5d","messageTitle":"Edit ExportCommandTest","messageBody":"","fileTypesAndContributionMap":{"other":{"insertions":1,"deletions":0},"test-code":{"insertions":11,"deletions":6}}},{"hash":"b9789dca2ed379a4abbf9b53f3c5ed0a620f5729","messageTitle":"Edit ExportCommandTest","messageBody":"","fileTypesAndContributionMap":{"other":{"insertions":0,"deletions":1},"test-code":{"insertions":12,"deletions":12}}}]},{"date":"2021-10-28","commitResults":[{"hash":"41691fcaa6b47eeb7a5ab74f7c34fdc6c41a40ac","messageTitle":"Update tests for Import and Export","messageBody":"","fileTypesAndContributionMap":{"functional-code":{"insertions":1,"deletions":1},"test-code":{"insertions":34,"deletions":12}}}]},{"date":"2021-10-30","commitResults":[{"hash":"b0e56628194976f3a107063808713e97156f855b","messageTitle":"Edited Import and Export commands","messageBody":"","fileTypesAndContributionMap":{"functional-code":{"insertions":102,"deletions":139},"docs":{"insertions":10,"deletions":14},"test-code":{"insertions":111,"deletions":33}}},{"hash":"fe7e18cf137e19f2b63df547d4d29083515c264e","messageTitle":"Fix CI issues","messageBody":"","fileTypesAndContributionMap":{"functional-code":{"insertions":0,"deletions":1},"test-code":{"insertions":5,"deletions":20}}},{"hash":"96b151b40a85176d401cfcb29414298fda27ff25","messageTitle":"fix FlashcardAppParserTest","messageBody":"","fileTypesAndContributionMap":{"test-code":{"insertions":11,"deletions":1}}},{"hash":"499d0a935efb4f78a20016b68c995cd5e5c46c57","messageTitle":"Create a data folder when initializing app","messageBody":"","fileTypesAndContributionMap":{"functional-code":{"insertions":7,"deletions":0},"test-code":{"insertions":2,"deletions":2}}}]},{"date":"2021-10-31","commitResults":[{"hash":"1e14c7c470f8b04490e824593da6e09d0b5c10f9","messageTitle":"Allow tests to create Data folder","messageBody":"","fileTypesAndContributionMap":{"functional-code":{"insertions":1,"deletions":0},"test-code":{"insertions":24,"deletions":0}}},{"hash":"c134c03154418b14635b175e5fbac391a2cded1c","messageTitle":"Add LanguageType class","messageBody":"","fileTypesAndContributionMap":{"functional-code":{"insertions":151,"deletions":41},"docs":{"insertions":7,"deletions":0},"test-code":{"insertions":137,"deletions":55}}},{"hash":"1ae07ee9b6c84bbfd08b6b80de5b48be0749bc62","messageTitle":"Reset UG","messageBody":"","fileTypesAndContributionMap":{"docs":{"insertions":10,"deletions":13}}},{"hash":"8daec33924eb2f2967ef3d6185e50ea0833ddc92","messageTitle":"Update UG for import and export","messageBody":"","fileTypesAndContributionMap":{"docs":{"insertions":13,"deletions":10}}}]},{"date":"2021-11-03","commitResults":[{"hash":"9d341540402b14322684a27a35e84fcd46700e9b","messageTitle":"Updated tests for Import and Export","messageBody":"","fileTypesAndContributionMap":{"functional-code":{"insertions":91,"deletions":82},"test-code":{"insertions":41,"deletions":43}}},{"hash":"7275ab6ecde01dbe0143b6334e35691af64e895e","messageTitle":"Edit Import and Export in UG","messageBody":"","fileTypesAndContributionMap":{"docs":{"insertions":11,"deletions":2}}},{"hash":"5ee51b92bff50361d58574a253a76cd0496c28e2","messageTitle":"Advise user against using Excel to create CSV file for Import","messageBody":"","fileTypesAndContributionMap":{"docs":{"insertions":5,"deletions":0}}}]},{"date":"2021-11-04","commitResults":[{"hash":"f93bd59190b6806913e35ec1f4583346ec69daef","messageTitle":"Move error messages to Import and Export","messageBody":"","fileTypesAndContributionMap":{"functional-code":{"insertions":8,"deletions":7}}},{"hash":"1ac8332bcafddd7318d7d7dfffca48935633bca5","messageTitle":"Update Export doc for UG","messageBody":"","fileTypesAndContributionMap":{"docs":{"insertions":1,"deletions":1}}},{"hash":"9609ca22fae96a0632763c3f61e2439420609b76","messageTitle":"Change error msg for LogicManager","messageBody":"","fileTypesAndContributionMap":{"functional-code":{"insertions":2,"deletions":2}}},{"hash":"c316856a93d1d3cf97c7b74d3ad0b2caf1a82d6e","messageTitle":"Fix CI errors","messageBody":"","fileTypesAndContributionMap":{"test-code":{"insertions":1,"deletions":1}}},{"hash":"ac7012bd76eb464ca3839ad55ffe6cd0035cbb49","messageTitle":"Emphasize parts for Import in UG","messageBody":"","fileTypesAndContributionMap":{"docs":{"insertions":3,"deletions":3}}},{"hash":"e119b6ac518f850b95e9755a952c183e35461020","messageTitle":"Edit import commands","messageBody":"","fileTypesAndContributionMap":{"functional-code":{"insertions":18,"deletions":3},"test-code":{"insertions":8,"deletions":1}}},{"hash":"797f3e97cd2abc04224f0dae5db0c43244c36405","messageTitle":"Add limit for langauge type length","messageBody":"","fileTypesAndContributionMap":{"functional-code":{"insertions":2,"deletions":1},"test-code":{"insertions":2,"deletions":0}}}]},{"date":"2021-11-05","commitResults":[{"hash":"c75ee9bbdb1eaef2b789f3685d24fd146ff5efec","messageTitle":"Acknowledge opencsv","messageBody":"","fileTypesAndContributionMap":{"docs":{"insertions":3,"deletions":0}}},{"hash":"dadb08b401e5ceea1ce340a7fa089ec5c637415d","messageTitle":"Fix checkstyle errors","messageBody":"","fileTypesAndContributionMap":{"docs":{"insertions":1,"deletions":1}}},{"hash":"c68edc967fd403f1b38c1b8e38a4f27b5b0abd06","messageTitle":"Headers in CSV file are case insensitive","messageBody":"","fileTypesAndContributionMap":{"docs":{"insertions":1,"deletions":0}}}]}],"sharmainec":[{"date":"2021-09-30","commitResults":[{"hash":"1d8b97bfc8f46d9e9ab865643ff74169eba46c86","messageTitle":"Update DeveloperGuide.md with Appendix: Requirements Includes: Target user profile, value proposition, user stories","messageBody":"","fileTypesAndContributionMap":{"docs":{"insertions":43,"deletions":19}}}]},{"date":"2021-10-01","commitResults":[{"hash":"6824bdef098455f88ee7bf5d58b61e9ca814d11a","messageTitle":"Update UserGuide.md Remove all AddressBook related text","messageBody":"","fileTypesAndContributionMap":{"docs":{"insertions":40,"deletions":44}}},{"hash":"bbe3ed599613e5727242898d0434c2517fa8f49f","messageTitle":"Update index.md - Remove all AddressBook related content - Update CI badge link","messageBody":"","fileTypesAndContributionMap":{"docs":{"insertions":4,"deletions":4}}},{"hash":"9e60ac5fe94355aed9893ca23333a5cd72d4e0da","messageTitle":"Update UserGuide.md - Update image for helpMessage","messageBody":"","fileTypesAndContributionMap":{"docs":{"insertions":1,"deletions":2}}},{"hash":"e5f5edd78345bd53fe046ca689add3b3a2f6ebe6","messageTitle":"Update Find in Command summary","messageBody":"","fileTypesAndContributionMap":{"docs":{"insertions":1,"deletions":1}}},{"hash":"73e36877b54b8d407f620ebe96101c968f42bf56","messageTitle":"Revert \"Update Find in Command summary\"","messageBody":"This reverts commit e5f5edd78345bd53fe046ca689add3b3a2f6ebe6.\n","fileTypesAndContributionMap":{"docs":{"insertions":1,"deletions":1}}},{"hash":"fb5c44d4454a51048ca65e7b21739912acf47828","messageTitle":"Remove changes already made in previous PRs","messageBody":"","fileTypesAndContributionMap":{"docs":{"insertions":17,"deletions":17}}},{"hash":"024e15e262a5670e661f07b134fced9aea1053f2","messageTitle":"Add priority for user stories","messageBody":"","fileTypesAndContributionMap":{"docs":{"insertions":41,"deletions":38}}}]},{"date":"2021-10-13","commitResults":[{"hash":"01ad986e714eed460964ac22cf22b8fd622bc4a8","messageTitle":"Add flip command","messageBody":"","fileTypesAndContributionMap":{"functional-code":{"insertions":121,"deletions":6}}},{"hash":"d70b3d70779fcc9fbe122b1cae115ab9d59bf6c1","messageTitle":"Add tests for flip command","messageBody":"","fileTypesAndContributionMap":{"functional-code":{"insertions":10,"deletions":6},"test-code":{"insertions":111,"deletions":8}}},{"hash":"17b01432cb581a86e1553bf4eb79778063db8893","messageTitle":"Update files to pass checkstyle","messageBody":"","fileTypesAndContributionMap":{"test-code":{"insertions":26,"deletions":16}}},{"hash":"457ec1b4ba675913fff7fde3dd093a7e197e05a8","messageTitle":"Remove unused imports","messageBody":"","fileTypesAndContributionMap":{"functional-code":{"insertions":0,"deletions":3}}},{"hash":"2ab9c48be1d53b39f191393ec3142a123f82adc7","messageTitle":"Remove AB3 content from Documentation","messageBody":"","fileTypesAndContributionMap":{"docs":{"insertions":1,"deletions":1}}},{"hash":"61e103bfc023b6f0d142f796e9859774c6b0fabe","messageTitle":"Remove data archiving","messageBody":"","fileTypesAndContributionMap":{"docs":{"insertions":0,"deletions":3}}},{"hash":"d91601e67da5133a80bd382cb23cad7a602cc53c","messageTitle":"Update acknowledgement","messageBody":"","fileTypesAndContributionMap":{"docs":{"insertions":1,"deletions":1}}},{"hash":"2779df1767972744ed623568c415be15bde222f3","messageTitle":"Update AB3 link","messageBody":"","fileTypesAndContributionMap":{"docs":{"insertions":1,"deletions":1}}},{"hash":"5d1e11356151b12c73534bbf6fae92925a156f0e","messageTitle":"Update AB3 link","messageBody":"","fileTypesAndContributionMap":{"docs":{"insertions":1,"deletions":1}}},{"hash":"18cbfcd0669661585b03b945d79821a4f937c264","messageTitle":"Update variable name","messageBody":"","fileTypesAndContributionMap":{"functional-code":{"insertions":4,"deletions":4}}}]},{"date":"2021-10-16","commitResults":[{"hash":"3ecfe28a2ce3f5a856a0885cbcc1480c293557af","messageTitle":"Enhance find command to accept foreign keywords","messageBody":"","fileTypesAndContributionMap":{"functional-code":{"insertions":45,"deletions":5},"other":{"insertions":6,"deletions":5},"test-code":{"insertions":30,"deletions":19}}},{"hash":"0acd4407b57d7c39ffba63614ca1444c27497143","messageTitle":"Update description for find command","messageBody":"","fileTypesAndContributionMap":{"functional-code":{"insertions":9,"deletions":9}}},{"hash":"7376ffd5d4d26ce2a33ff3ec3c8f1fdbd82d1864","messageTitle":"Fix checkstyle errors","messageBody":"","fileTypesAndContributionMap":{"functional-code":{"insertions":3,"deletions":7}}}]},{"date":"2021-10-17","commitResults":[{"hash":"6fa0f7f2b47b1494bb9c332841b25dd1677731d5","messageTitle":"Update find command with tests","messageBody":"","fileTypesAndContributionMap":{"functional-code":{"insertions":76,"deletions":19},"test-code":{"insertions":35,"deletions":11}}},{"hash":"3c59bda5234db2a08f8028cc1f7f2b56f645f3d6","messageTitle":"Update find command to accept both english and foreign keyword","messageBody":"","fileTypesAndContributionMap":{"functional-code":{"insertions":9,"deletions":1}}},{"hash":"011de1d29522d7f5ae58a0534f5106801ef6b85c","messageTitle":"Update find command documentation","messageBody":"","fileTypesAndContributionMap":{"functional-code":{"insertions":10,"deletions":4},"docs":{"insertions":26,"deletions":6}}},{"hash":"1715206a8f1e841a4b1a55c308b40ca71f5b52e3","messageTitle":"Fix checkstyle violations","messageBody":"","fileTypesAndContributionMap":{"functional-code":{"insertions":2,"deletions":1}}},{"hash":"a0e0ec58fe30f40b614d532a2171571c60cd421d","messageTitle":"Fix checkstyle violations","messageBody":"","fileTypesAndContributionMap":{"functional-code":{"insertions":2,"deletions":1}}},{"hash":"5099d6cfe7e62dbf97dfe30a6a7de64e79b4bee4","messageTitle":"Update FlashcardAppParserTest.java","messageBody":"","fileTypesAndContributionMap":{"test-code":{"insertions":1,"deletions":4}}},{"hash":"a80f129eb634d44a81f175bd2fb9a1362dedfaad","messageTitle":"Revert \"Fix checkstyle violations\"","messageBody":"This reverts commit a0e0ec58fe30f40b614d532a2171571c60cd421d.\n","fileTypesAndContributionMap":{"functional-code":{"insertions":1,"deletions":2}}}]},{"date":"2021-10-18","commitResults":[{"hash":"4f9402039e8dca1e31d541d88a2f0d77e2ee9ec3","messageTitle":"Update find command tests with both english and foreign keywords","messageBody":"","fileTypesAndContributionMap":{"functional-code":{"insertions":2,"deletions":1},"docs":{"insertions":2,"deletions":1},"test-code":{"insertions":38,"deletions":0}}}]},{"date":"2021-10-19","commitResults":[{"hash":"b58d1ee0819f5c225b7c3224d588f13c455d3280","messageTitle":"Enhance list command with tests and documentation","messageBody":"","fileTypesAndContributionMap":{"functional-code":{"insertions":50,"deletions":6},"docs":{"insertions":26,"deletions":4},"test-code":{"insertions":10,"deletions":1}}},{"hash":"16a5df0766f7f39b4c8d7331d92b506c4764e148","messageTitle":"Update ParserUtil.java and include predicate","messageBody":"","fileTypesAndContributionMap":{"functional-code":{"insertions":48,"deletions":0}}}]},{"date":"2021-10-22","commitResults":[{"hash":"7cdc9a87841b3503fd3bb0d5ccc62a824b99e58f","messageTitle":"Update UML Sequence Diagram for Find Command","messageBody":"","fileTypesAndContributionMap":{"docs":{"insertions":87,"deletions":69}}},{"hash":"cd8725d957f314def881379e70a355f54d4b00bf","messageTitle":"Fix Checkstyle Error","messageBody":"","fileTypesAndContributionMap":{"docs":{"insertions":3,"deletions":6}}},{"hash":"b4119e6a68e8aaa383d4d9691744b6971e199efb","messageTitle":"Update list command","messageBody":"","fileTypesAndContributionMap":{"functional-code":{"insertions":46,"deletions":27}}},{"hash":"a274b033d5b9bb666bf492708e950e7eee472089","messageTitle":"Update UML diagram for FindCommand","messageBody":"","fileTypesAndContributionMap":{"docs":{"insertions":10,"deletions":2}}},{"hash":"1f77b96460d20f6e614203597d2e354ac462c5ae","messageTitle":"Update list command","messageBody":"","fileTypesAndContributionMap":{"functional-code":{"insertions":8,"deletions":2},"test-code":{"insertions":1,"deletions":8}}},{"hash":"ac574c72c68cf89513828a7b74e4138fe8411d6d","messageTitle":"Fix checkstyle errors","messageBody":"","fileTypesAndContributionMap":{"functional-code":{"insertions":0,"deletions":3}}},{"hash":"9937850c631820b381e18bb9258952236940522f","messageTitle":"Update list command parser","messageBody":"","fileTypesAndContributionMap":{"functional-code":{"insertions":18,"deletions":30},"docs":{"insertions":3,"deletions":3}}}]},{"date":"2021-10-23","commitResults":[{"hash":"9def18b6ae2d8afadf668de939e3faaae45ade92","messageTitle":"remove ParseException from List Command","messageBody":"","fileTypesAndContributionMap":{"functional-code":{"insertions":17,"deletions":20},"test-code":{"insertions":1,"deletions":2}}}]},{"date":"2021-10-25","commitResults":[{"hash":"a2abc9ff3f8693fa7388cb1f96c3231a0eeb426d","messageTitle":"Update UserGuide.md","messageBody":"","fileTypesAndContributionMap":{"docs":{"insertions":18,"deletions":20}}},{"hash":"caf111079bea1a43aff81701924aa0830158efb6","messageTitle":"Update appendices","messageBody":"","fileTypesAndContributionMap":{"docs":{"insertions":69,"deletions":64}}},{"hash":"936c7524de9bf0ee9da878d7e81f812fe1122740","messageTitle":"Fix checkstyle errors","messageBody":"","fileTypesAndContributionMap":{"docs":{"insertions":21,"deletions":21}}}]},{"date":"2021-10-27","commitResults":[{"hash":"4e3954cdb565c2cea4d4c878e781e42056a73f9e","messageTitle":"Add light theme","messageBody":"","fileTypesAndContributionMap":{"functional-code":{"insertions":400,"deletions":21}}},{"hash":"88baa32d2157ad0c7fd286ec548b6cbd02c9bad0","messageTitle":"Fix checkstyle error","messageBody":"","fileTypesAndContributionMap":{"functional-code":{"insertions":5,"deletions":5}}},{"hash":"4aec9ba6cb584598b699369ceeb628e074653cf4","messageTitle":"Update list command","messageBody":"","fileTypesAndContributionMap":{"functional-code":{"insertions":18,"deletions":18},"docs":{"insertions":3,"deletions":3},"test-code":{"insertions":26,"deletions":7}}},{"hash":"c67b313ed010273b49274ade4d106014b1af63ca","messageTitle":"Update ListView to show more flashcards","messageBody":"","fileTypesAndContributionMap":{"functional-code":{"insertions":1,"deletions":1}}},{"hash":"73a941c8e77370dc42db6dc139d5bf741c22f463","messageTitle":"Update logo in main window","messageBody":"","fileTypesAndContributionMap":{"functional-code":{"insertions":24,"deletions":11}}}]},{"date":"2021-10-28","commitResults":[{"hash":"9a31ccf1112d163f87cca7632aa11fbfdfd65dcc","messageTitle":"Update padding for light theme","messageBody":"","fileTypesAndContributionMap":{"functional-code":{"insertions":3,"deletions":4}}},{"hash":"20fcc7ceed07cea174b27323c81d8ca8f756cc5d","messageTitle":"Remove trailing whitespace","messageBody":"","fileTypesAndContributionMap":{"functional-code":{"insertions":1,"deletions":1}}},{"hash":"1b82dfdd570b4e0733d4672e8d877eeff560f224","messageTitle":"Update list with Optional class","messageBody":"","fileTypesAndContributionMap":{"functional-code":{"insertions":16,"deletions":13},"docs":{"insertions":12,"deletions":45}}},{"hash":"63129d3cff6c33576e262baad774d1f9c4cc6590","messageTitle":"Update list command docs","messageBody":"","fileTypesAndContributionMap":{"docs":{"insertions":98,"deletions":3}}},{"hash":"12000fce660eb62898b0c72ca00ec16954d2655a","messageTitle":"Add new line for List sequence diagram","messageBody":"","fileTypesAndContributionMap":{"docs":{"insertions":1,"deletions":1}}},{"hash":"5459e1de45d14b5ee6e8fe09350529a0628fb365","messageTitle":"Update list docs","messageBody":"","fileTypesAndContributionMap":{"docs":{"insertions":30,"deletions":9}}},{"hash":"3268f70558bb5e7285e37a8cbc67ec271dbb72b4","messageTitle":"Remove dark grey slider background","messageBody":"","fileTypesAndContributionMap":{"functional-code":{"insertions":2,"deletions":2}}}]},{"date":"2021-11-04","commitResults":[{"hash":"03b7bb956940eb5810b51ca9d6604c6229486a64","messageTitle":"Update UI and alert title","messageBody":"","fileTypesAndContributionMap":{"functional-code":{"insertions":10,"deletions":8}}}]},{"date":"2021-11-05","commitResults":[{"hash":"e249d529e1aee8be539419f8410324e26956ebd2","messageTitle":"Update success message for list","messageBody":"","fileTypesAndContributionMap":{"functional-code":{"insertions":3,"deletions":3}}},{"hash":"9c07fc7fc78588c46ebd0294693713f92eed384c","messageTitle":"Remove tutorials","messageBody":"","fileTypesAndContributionMap":{"docs":{"insertions":0,"deletions":814}}},{"hash":"e1b1caa5da9ca0b39d72eb3496ade5503da34854","messageTitle":"Update documentation for find and list features","messageBody":"","fileTypesAndContributionMap":{"docs":{"insertions":13,"deletions":12}}},{"hash":"8ed658a7789543cc5e804949df0fb7eedaee6de9","messageTitle":"Add class diagram for SlideshowApp","messageBody":"","fileTypesAndContributionMap":{"docs":{"insertions":29,"deletions":0}}},{"hash":"39c4f4f90533ffd214f9adde83d79653b1451cac","messageTitle":"Fix typo in user guide","messageBody":"","fileTypesAndContributionMap":{"docs":{"insertions":1,"deletions":1}}},{"hash":"24981715e258bafb6ca0d87ec1f18b04332298a3","messageTitle":"Update UG and DG for add command","messageBody":"","fileTypesAndContributionMap":{"docs":{"insertions":10,"deletions":3}}}]},{"date":"2021-11-06","commitResults":[{"hash":"eb5176703fb44064488f75969cf74024c4afc461","messageTitle":"Update messages","messageBody":"","fileTypesAndContributionMap":{"functional-code":{"insertions":17,"deletions":16}}},{"hash":"98eed08944a700f4d4c07cda0d011bbd26cbe2b9","messageTitle":"Updated with new line for flashcards","messageBody":"","fileTypesAndContributionMap":{"functional-code":{"insertions":10,"deletions":9}}}]}],"kwokieee":[{"date":"2021-09-24","commitResults":[{"hash":"cb60707625fadee474ac1fa6e239af4c5e746036","messageTitle":"DeveloperGuide: add use cases","messageBody":"","fileTypesAndContributionMap":{"docs":{"insertions":151,"deletions":9}}}]},{"date":"2021-09-27","commitResults":[{"hash":"b0567ba4d6155f21a79899b7254d20ac90558967","messageTitle":"Add User Guide documentation for help command","messageBody":"","fileTypesAndContributionMap":{"functional-code":{"insertions":18,"deletions":0},"docs":{"insertions":2,"deletions":1}}},{"hash":"803c2dae1f72e0ca36a9f08722b63792a935f7fe","messageTitle":"Add CommandEnum.java","messageBody":"","fileTypesAndContributionMap":{"functional-code":{"insertions":10,"deletions":1}}},{"hash":"54e43bf0eb00c7e7cfaa996e3d17f71a10d6d977","messageTitle":"Add CommandHelpMessage controller","messageBody":"","fileTypesAndContributionMap":{"functional-code":{"insertions":167,"deletions":12}}},{"hash":"e06bcc05f5ede2c4ff16192df86cfd6f96f71fc6","messageTitle":"Integrate CommandHelpMessage into HelpWindow","messageBody":"","fileTypesAndContributionMap":{"functional-code":{"insertions":37,"deletions":20}}},{"hash":"13b8e3c1d666c933bdc680b44c42a1a72a5731ac","messageTitle":"Fix checkstyle errors","messageBody":"","fileTypesAndContributionMap":{"functional-code":{"insertions":1,"deletions":1},"docs":{"insertions":1,"deletions":1}}}]},{"date":"2021-09-29","commitResults":[{"hash":"318e76ee60688241d9b9d2343ef2a0b8d5f892b8","messageTitle":"Update CLI syntax prefixes for help messages","messageBody":"","fileTypesAndContributionMap":{"functional-code":{"insertions":4,"deletions":4}}},{"hash":"af21cc1d56a43c895ec393d6cfb94f0563d6f437","messageTitle":"Update test command description","messageBody":"","fileTypesAndContributionMap":{"docs":{"insertions":1,"deletions":1}}},{"hash":"d3293d0e4f560262f6b93f9f82849f9e66d92b46","messageTitle":"UserGuide: Update download command description","messageBody":"","fileTypesAndContributionMap":{"docs":{"insertions":1,"deletions":1}}}]},{"date":"2021-09-30","commitResults":[{"hash":"a3a041ab208ed039e15827a70b56c728c43bc345","messageTitle":"Add list and edit commands","messageBody":"","fileTypesAndContributionMap":{"docs":{"insertions":17,"deletions":16}}},{"hash":"345bf4b5326c6da204033514250438bc8c750172","messageTitle":"Edit help messages","messageBody":"","fileTypesAndContributionMap":{"functional-code":{"insertions":12,"deletions":11}}},{"hash":"ecfa3f885b714a0e052e62215955d4439ab6eecf","messageTitle":"Shift help messages to respective command classes","messageBody":"","fileTypesAndContributionMap":{"functional-code":{"insertions":20,"deletions":14}}},{"hash":"335ff98195081e901ed68038939d77e172e4f3f9","messageTitle":"Add fonts","messageBody":"","fileTypesAndContributionMap":{"functional-code":{"insertions":7,"deletions":0}}},{"hash":"fae46493e6680f118a12af3ee9cd92bf755e5608","messageTitle":"Abstract help messages to commands","messageBody":"","fileTypesAndContributionMap":{"functional-code":{"insertions":62,"deletions":17}}},{"hash":"1aab3f94afd90c0fed0ff4f0c34dd2d3f56aa719","messageTitle":"Fix checkstyle error","messageBody":"","fileTypesAndContributionMap":{"functional-code":{"insertions":2,"deletions":2}}}]},{"date":"2021-10-01","commitResults":[{"hash":"913564262488efde0a457d644b87a34b2c685b36","messageTitle":"Fix grammar","messageBody":"","fileTypesAndContributionMap":{"docs":{"insertions":1,"deletions":1}}},{"hash":"e00f51c77cb583fd93b4abe2bf2dc4227db601a6","messageTitle":"Fix font issue","messageBody":"","fileTypesAndContributionMap":{"functional-code":{"insertions":2,"deletions":2}}}]},{"date":"2021-10-07","commitResults":[{"hash":"a5f860a1d79cd3d1d5144fec05de1408ba741c1f","messageTitle":"Refactor ui component","messageBody":"","fileTypesAndContributionMap":{"functional-code":{"insertions":176,"deletions":190},"other":{"insertions":1,"deletions":1}}},{"hash":"c77e557912f7403c8038a0250171f91614ebbad9","messageTitle":"Add FlashcardHeaderBar","messageBody":"","fileTypesAndContributionMap":{"functional-code":{"insertions":66,"deletions":0}}},{"hash":"e9c3dd80bdd5f61092a1328f854e280391c7129b","messageTitle":"Change app icon","messageBody":"","fileTypesAndContributionMap":{"functional-code":{"insertions":3,"deletions":5},"test-code":{"insertions":1,"deletions":1}}},{"hash":"3929b8b254c1e6c7729d453a32d8a6fdfc2688eb","messageTitle":"Add Javadoc description for FlashcardHeaderBar","messageBody":"","fileTypesAndContributionMap":{"functional-code":{"insertions":3,"deletions":0}}}]},{"date":"2021-10-13","commitResults":[{"hash":"1b9bd4354e040f3bd05d58e28a24383719903e68","messageTitle":"Remove AB3 related content","messageBody":"","fileTypesAndContributionMap":{"docs":{"insertions":5,"deletions":5}}},{"hash":"45cf0cd140863b757a1812ce59ae373dd396bef4","messageTitle":"Update validation regex","messageBody":"","fileTypesAndContributionMap":{"functional-code":{"insertions":9,"deletions":3}}},{"hash":"2e7aa104e3aacd36e9bcb06b9e9f0c6c9cbd070c","messageTitle":"Update invalid phrases in tests","messageBody":"","fileTypesAndContributionMap":{"test-code":{"insertions":8,"deletions":8}}},{"hash":"9f87b2dc6330361e1e14ed4909ef981abbccf451","messageTitle":"Add phrases with combining marks to test cases","messageBody":"Add test cases to ensure that phrases with combining marks (e.g.\numlautes, accents, etc.) are accepted as valid phrases.\n","fileTypesAndContributionMap":{"test-code":{"insertions":27,"deletions":3}}}]},{"date":"2021-10-14","commitResults":[{"hash":"23edb63f799ab1e2e0dfa2fa72199e607f962d34","messageTitle":"Edit validation regex to reject new lines","messageBody":"","fileTypesAndContributionMap":{"functional-code":{"insertions":2,"deletions":8},"test-code":{"insertions":1,"deletions":0}}},{"hash":"be48fcc11dbdf8c495e38c9ee5a9fc1564bc53bc","messageTitle":"Update app version to v1.2.0","messageBody":"","fileTypesAndContributionMap":{"functional-code":{"insertions":1,"deletions":1}}}]},{"date":"2021-10-16","commitResults":[{"hash":"47958993a4bccbf5d7f609e62a28a36bcbc628d8","messageTitle":"Add language column","messageBody":"","fileTypesAndContributionMap":{"functional-code":{"insertions":26,"deletions":10}}},{"hash":"349f6731968b03220b49c2870433a9f0bb15d807","messageTitle":"Reorganise flashcard list layout","messageBody":"","fileTypesAndContributionMap":{"functional-code":{"insertions":43,"deletions":21}}},{"hash":"fced8897ff0dcc70a53f5e63731f3a42be9a0af3","messageTitle":"Remove commented out code","messageBody":"","fileTypesAndContributionMap":{"functional-code":{"insertions":0,"deletions":26}}},{"hash":"c33adac9bada45f81e18badeac3046e979358048","messageTitle":"Fix checkstyle","messageBody":"","fileTypesAndContributionMap":{"functional-code":{"insertions":0,"deletions":2}}},{"hash":"53d9438ae40f92ecac0640325124e67013c186f0","messageTitle":"Add basic Slideshow component","messageBody":"","fileTypesAndContributionMap":{"functional-code":{"insertions":40,"deletions":0}}},{"hash":"a59fdba7cc354b9c5c31e1a7e527f9b603966288","messageTitle":"Fix scrollbar issue","messageBody":"","fileTypesAndContributionMap":{"functional-code":{"insertions":16,"deletions":1}}}]},{"date":"2021-10-17","commitResults":[{"hash":"ba9fcdfdae3cf9afcc482003778e1e834b5e0461","messageTitle":"Add Slideshow component","messageBody":"","fileTypesAndContributionMap":{"functional-code":{"insertions":33,"deletions":3}}},{"hash":"32139bdfb6df28da54deda812dc5c2294d3a0ed7","messageTitle":"Integrate Slideshow component","messageBody":"","fileTypesAndContributionMap":{"functional-code":{"insertions":36,"deletions":4}}},{"hash":"b210eeb686234fb60191514346c49cc2cbd51c55","messageTitle":"Fix checkstyle","messageBody":"","fileTypesAndContributionMap":{"functional-code":{"insertions":2,"deletions":2}}},{"hash":"9517e4c307ba9cc55268cfd18cd7ddbaa4adb63c","messageTitle":"Integrate language into GUI","messageBody":"","fileTypesAndContributionMap":{"functional-code":{"insertions":4,"deletions":9}}},{"hash":"0e44f7f248eca187e8fdef102258dc99ab982e16","messageTitle":"Fix CI errors","messageBody":"","fileTypesAndContributionMap":{"functional-code":{"insertions":1,"deletions":1},"docs":{"insertions":2,"deletions":2}}}]},{"date":"2021-10-19","commitResults":[{"hash":"a0000110dbe21d7c2103cf2ae8dae45840f1b92d","messageTitle":"Add logic to slideshow","messageBody":"","fileTypesAndContributionMap":{"functional-code":{"insertions":74,"deletions":68},"other":{"insertions":2,"deletions":0}}},{"hash":"bbe7c9413fd61c92b040e405347e9e396900deb1","messageTitle":"Remove toggle slideshow button","messageBody":"","fileTypesAndContributionMap":{"functional-code":{"insertions":0,"deletions":3}}}]},{"date":"2021-10-20","commitResults":[{"hash":"2efdeb82112c7b368944eea7d5d6fb20a87af047","messageTitle":"Change Flashcard to be observable","messageBody":"","fileTypesAndContributionMap":{"functional-code":{"insertions":33,"deletions":18}}},{"hash":"c7549dcda7eb2a84fda0bbe5495419a7ecb37931","messageTitle":"Update UI class diagram","messageBody":"","fileTypesAndContributionMap":{"docs":{"insertions":23,"deletions":10}}},{"hash":"34a1ccccd1cffa2e62a82bf26a3ee4b13cbb6915","messageTitle":"Update Design:UI component","messageBody":"","fileTypesAndContributionMap":{"docs":{"insertions":11,"deletions":4}}},{"hash":"94990cb8160f2a1e57f55e2c10ff2135c0bbc3d7","messageTitle":"Fix navigability of CommandHelpMessage HelpWindow","messageBody":"","fileTypesAndContributionMap":{"docs":{"insertions":1,"deletions":1}}}]},{"date":"2021-10-21","commitResults":[{"hash":"25807b067a7d21b0fb6935ce732d2d8ebc4cc25e","messageTitle":"Add current flashcard display","messageBody":"","fileTypesAndContributionMap":{"functional-code":{"insertions":34,"deletions":8}}},{"hash":"5b72300c45a6f6e84052b961b94125903230167b","messageTitle":"Add Slide.java","messageBody":"","fileTypesAndContributionMap":{"functional-code":{"insertions":24,"deletions":0}}},{"hash":"74bb8a29f7f68aebf18f097922486da9ce8d9de6","messageTitle":"Add state to slides in slideshow","messageBody":"When the user is in slideshow mode, they can now view the current\nflashcard number, as well as the number of flashcards they have answered\nin the current slideshow.\n\nIn addition, when a user answers a question, the slide will now continue\nto show the answer after the user moves to other slides.\n","fileTypesAndContributionMap":{"functional-code":{"insertions":107,"deletions":26}}},{"hash":"6064d8d7c5a0e305ffbe78ce54d2e53bc280d673","messageTitle":"Integrate flashcard flipped status","messageBody":"","fileTypesAndContributionMap":{"functional-code":{"insertions":26,"deletions":39}}},{"hash":"44b8313c81d43388e9a5bd80a038c676a88059c6","messageTitle":"Prevent user from reanswering flashcards","messageBody":"","fileTypesAndContributionMap":{"functional-code":{"insertions":16,"deletions":2}}},{"hash":"f31b5a5a28bb4b8c8ddc8935a8063c033d21f45c","messageTitle":"Add SlideAlreadyAnsweredException","messageBody":"","fileTypesAndContributionMap":{"functional-code":{"insertions":16,"deletions":4}}},{"hash":"b716f81345b591427b80f19bbaf19299f542a93e","messageTitle":"Remove isCurrentSlideAnswered","messageBody":"","fileTypesAndContributionMap":{"functional-code":{"insertions":0,"deletions":10}}}]},{"date":"2021-10-22","commitResults":[{"hash":"e5430b5893fb3674a65973d0be8c7992b357fd36","messageTitle":"Add tests for slideshow","messageBody":"","fileTypesAndContributionMap":{"functional-code":{"insertions":4,"deletions":2},"test-code":{"insertions":157,"deletions":4}}}]},{"date":"2021-10-23","commitResults":[{"hash":"fc95c6b1bb8736c6b3dd09fad9dfe96d3e43328c","messageTitle":"Update version number","messageBody":"","fileTypesAndContributionMap":{"functional-code":{"insertions":1,"deletions":1}}}]},{"date":"2021-10-24","commitResults":[{"hash":"366b7f5afcf1643eca618231e83eed08c05c6cbe","messageTitle":"Edit UG","messageBody":"Add a product description, overview, purpose, how to use section, and\na glossary.\n","fileTypesAndContributionMap":{"docs":{"insertions":58,"deletions":42}}}]},{"date":"2021-10-25","commitResults":[{"hash":"d59d8930dd929d56992aad1d872c53534c035e83","messageTitle":"Change LANGUAGE_TYPE to LANGUAGE","messageBody":"","fileTypesAndContributionMap":{"docs":{"insertions":38,"deletions":40}}},{"hash":"251db816926fe2c29f7165004c4abd709e3bbeb7","messageTitle":"Quick Start:Edit example commmands","messageBody":"","fileTypesAndContributionMap":{"docs":{"insertions":6,"deletions":6}}},{"hash":"a3c6c4ce4fe7dda069d0ba6eeb539201f35ab2a3","messageTitle":"Fix table of contents not showing","messageBody":"","fileTypesAndContributionMap":{"docs":{"insertions":1,"deletions":1}}},{"hash":"5ba71750178da6581c9c043187163fe5a5d78853","messageTitle":"Fix GUI explanation bullet points","messageBody":"","fileTypesAndContributionMap":{"docs":{"insertions":15,"deletions":14}}},{"hash":"c100b66e0dcc5e9a3210442d1f6cbe8530822e2c","messageTitle":"Add fullstops","messageBody":"","fileTypesAndContributionMap":{"docs":{"insertions":4,"deletions":4}}},{"hash":"13d858f41462f3ade44a1b88b91fdb721ff445fb","messageTitle":"Shorten notes about command format","messageBody":"","fileTypesAndContributionMap":{"docs":{"insertions":10,"deletions":10}}},{"hash":"acb86dd3e5d17698fd168ffa26722029950e1b9f","messageTitle":"Edit UG","messageBody":"Add a new section called Modes that explains LingoGO!\u0027s modes.\n\nAdd answer, slideshow, next. previous, and stop command descriptions.\n","fileTypesAndContributionMap":{"docs":{"insertions":168,"deletions":92}}},{"hash":"7c6abd11f3b3f66313f99488abaa24962db4339d","messageTitle":"Add about, purpose, and how to use","messageBody":"","fileTypesAndContributionMap":{"docs":{"insertions":37,"deletions":2}}},{"hash":"eb93c3f049407bf2190bc74775c8e9d9c8077c90","messageTitle":"Standardize format and grammar","messageBody":"","fileTypesAndContributionMap":{"docs":{"insertions":82,"deletions":73}}},{"hash":"ac5dd9d22de54570d7befcbdb8d71300cea3d2de","messageTitle":"Update Parser Classes diagram","messageBody":"","fileTypesAndContributionMap":{"docs":{"insertions":1,"deletions":1}}},{"hash":"46363156f2292cfe0fa5958ae35dca278c92b967","messageTitle":"Update DG formatting and grammar","messageBody":"","fileTypesAndContributionMap":{"docs":{"insertions":86,"deletions":100}}},{"hash":"abadedd0e1fd4e2e86c52f87507dc63fc3e20020","messageTitle":"Edit app description","messageBody":"","fileTypesAndContributionMap":{"docs":{"insertions":1,"deletions":1}}}]},{"date":"2021-10-28","commitResults":[{"hash":"07d2cbc7c9b3522ca993b0aa2a0d27455865a906","messageTitle":"Remove status bar from UI","messageBody":"","fileTypesAndContributionMap":{"functional-code":{"insertions":0,"deletions":48}}},{"hash":"4edd9120db90f9749d1773fbd91d72f84200ee34","messageTitle":"Fix merge conflict","messageBody":"","fileTypesAndContributionMap":{"functional-code":{"insertions":294,"deletions":112}}},{"hash":"0dff093f7f5d574136246336ed5d4206b1f64de4","messageTitle":"Fix merge conflict","messageBody":"","fileTypesAndContributionMap":{"functional-code":{"insertions":49,"deletions":36}}},{"hash":"434b367d3c969e385e91cacdb54e287624653f6d","messageTitle":"Fix checkstyle","messageBody":"","fileTypesAndContributionMap":{"functional-code":{"insertions":37,"deletions":38}}},{"hash":"c42ff422ec2e46ad8fd0caee9d25ecbd458d90fc","messageTitle":"Refactor Command:getMessageUsage","messageBody":"","fileTypesAndContributionMap":{"functional-code":{"insertions":44,"deletions":142}}}]},{"date":"2021-10-29","commitResults":[{"hash":"c65a073f79831a0cf628512e1cfc18dec8ddd702","messageTitle":"Fix indentation","messageBody":"","fileTypesAndContributionMap":{"functional-code":{"insertions":9,"deletions":9}}},{"hash":"676b5d7389d1baabeca99a017d848aa35fb5742a","messageTitle":"Update version number","messageBody":"","fileTypesAndContributionMap":{"functional-code":{"insertions":1,"deletions":1}}}]},{"date":"2021-10-31","commitResults":[{"hash":"ddde2c4a9dabf6b19ac717d1edc5ac88c5af60a2","messageTitle":"Add tests for list","messageBody":"","fileTypesAndContributionMap":{"functional-code":{"insertions":40,"deletions":6},"test-code":{"insertions":25,"deletions":0}}},{"hash":"6685665b4cf8170f28e5137e4e1f1af06007d267","messageTitle":"Add equals method and test","messageBody":"","fileTypesAndContributionMap":{"functional-code":{"insertions":7,"deletions":0},"test-code":{"insertions":19,"deletions":0}}},{"hash":"73eea21ae48acbaa8fa0b6295a3b2750159a332a","messageTitle":"Enable wrapText on ResultDisplay","messageBody":"","fileTypesAndContributionMap":{"functional-code":{"insertions":1,"deletions":1}}},{"hash":"f2e8e203c979491dcd791484ebc913303e7d82a3","messageTitle":"Change styling for Slideshow and Flashcard","messageBody":"","fileTypesAndContributionMap":{"functional-code":{"insertions":25,"deletions":11}}},{"hash":"3ada70e1430371c052bf83d4642837f3a6fa1057","messageTitle":"Increase default and minimum window size","messageBody":"","fileTypesAndContributionMap":{"functional-code":{"insertions":3,"deletions":3}}},{"hash":"4edd7242093bc7d946590eef9a08db39a2576672","messageTitle":"Set character limit on Phrase","messageBody":"","fileTypesAndContributionMap":{"functional-code":{"insertions":3,"deletions":2},"docs":{"insertions":8,"deletions":0}}},{"hash":"bc64fd2ec70c07ca3c696f514b762391dd026004","messageTitle":"Add tests for phrase character limit","messageBody":"","fileTypesAndContributionMap":{"test-code":{"insertions":33,"deletions":1}}},{"hash":"2adf64a191ee20bfbb1159a2a99038caa9a512cf","messageTitle":"UG:Add notes to edit command","messageBody":"","fileTypesAndContributionMap":{"docs":{"insertions":8,"deletions":0}}}]},{"date":"2021-11-04","commitResults":[{"hash":"9e564c4e0ee35e2cc85e5333860325fefd3e34be","messageTitle":"Increase character limit of phrase to 100","messageBody":"","fileTypesAndContributionMap":{"functional-code":{"insertions":4,"deletions":4},"docs":{"insertions":14,"deletions":2},"test-code":{"insertions":20,"deletions":8}}},{"hash":"32fe62cd615d861037590b438b3b4170ac46428b","messageTitle":"UI:Prevent truncation of long phrases","messageBody":"","fileTypesAndContributionMap":{"functional-code":{"insertions":28,"deletions":21}}},{"hash":"a92b13e90bade40a24bb0583e1e2110977bfa253","messageTitle":"Add additional positive test case","messageBody":"","fileTypesAndContributionMap":{"functional-code":{"insertions":0,"deletions":13},"test-code":{"insertions":13,"deletions":3}}}]},{"date":"2021-11-05","commitResults":[{"hash":"48a8c87a5849442812670602bd12e135ce149463","messageTitle":"Add more height for long phrases","messageBody":"","fileTypesAndContributionMap":{"functional-code":{"insertions":6,"deletions":3}}},{"hash":"db62f11af463b248db0476b8b143838bba55e895","messageTitle":"Feature Implementation:Add slideshow feature","messageBody":"","fileTypesAndContributionMap":{"docs":{"insertions":143,"deletions":1}}},{"hash":"77f48e14138e9d1a1644c5a3d1c61f757e361e3b","messageTitle":"Fix CI errors","messageBody":"","fileTypesAndContributionMap":{"docs":{"insertions":3,"deletions":3}}},{"hash":"789f743afd2f61ddf11b31e4b091201ab8ade951","messageTitle":"Fix bullet point formatting","messageBody":"","fileTypesAndContributionMap":{"docs":{"insertions":7,"deletions":7}}},{"hash":"2b1a74430ba52f5facc8e9cfea5113afb1a356d5","messageTitle":"Update to JavaFX 14","messageBody":"","fileTypesAndContributionMap":{"functional-code":{"insertions":8,"deletions":8},"other":{"insertions":1,"deletions":1}}}]}],"chownces":[{"date":"2021-09-23","commitResults":[{"hash":"26d86a15e9b51ada0c565bf53eb05af133a537ea","messageTitle":"Update index.md title","messageBody":"","fileTypesAndContributionMap":{"docs":{"insertions":1,"deletions":1}}},{"hash":"f5e8fdd36427f905f1828abbc9a55b1720322366","messageTitle":"Update about us markdown","messageBody":"","fileTypesAndContributionMap":{"docs":{"insertions":40,"deletions":28}}},{"hash":"31c05fd470aa03357c80ce7f8e95a841b166d4dc","messageTitle":"Add individual project portfolio pages","messageBody":"","fileTypesAndContributionMap":{"docs":{"insertions":209,"deletions":5}}}]},{"date":"2021-09-27","commitResults":[{"hash":"1a0084f50fcbe8b8e37af1d801440fe56e84bc1b","messageTitle":"Add pull request template","messageBody":"","fileTypesAndContributionMap":{"docs":{"insertions":25,"deletions":0}}},{"hash":"52f2a5de0f20394dde35da14ebb4f477ff45528f","messageTitle":"Update project roles and responsibilities","messageBody":"","fileTypesAndContributionMap":{"docs":{"insertions":5,"deletions":5}}}]},{"date":"2021-09-28","commitResults":[{"hash":"12dbd33cda1e526225d29303bfb91a31a8061a6d","messageTitle":"Update add and delete commands in user guide","messageBody":"","fileTypesAndContributionMap":{"docs":{"insertions":15,"deletions":19}}}]},{"date":"2021-09-29","commitResults":[{"hash":"80e8596710f4bdb4c77bfab6b9df78021384c95f","messageTitle":"Update shadowJar output filename","messageBody":"","fileTypesAndContributionMap":{"other":{"insertions":1,"deletions":1}}}]},{"date":"2021-10-07","commitResults":[{"hash":"536660ed1941e45f8e65a4c1b42e51abdc92a1f8","messageTitle":"Refactor model component to match LingoGO!\u0027s requirements","messageBody":"","fileTypesAndContributionMap":{"functional-code":{"insertions":514,"deletions":865}}},{"hash":"1a6cbde2f18ea5d52787e261bddcc040477301f5","messageTitle":"Refactor model component tests","messageBody":"","fileTypesAndContributionMap":{"functional-code":{"insertions":29,"deletions":2},"test-code":{"insertions":575,"deletions":891}}},{"hash":"68e9babf99912936a633767d5c148b6b5fe6b3ef","messageTitle":"Refactor add command logic and tests","messageBody":"","fileTypesAndContributionMap":{"functional-code":{"insertions":40,"deletions":144},"test-code":{"insertions":138,"deletions":365}}},{"hash":"20a7be4dbf94bb9887e7bf9ccd71820543787323","messageTitle":"Refactor logic and tests for clear, list and delete commands","messageBody":"","fileTypesAndContributionMap":{"functional-code":{"insertions":18,"deletions":18},"test-code":{"insertions":47,"deletions":48}}},{"hash":"a4efd6af35b064d580e7681430aeb52da34668c5","messageTitle":"Refactor logic and tests for edit command","messageBody":"","fileTypesAndContributionMap":{"functional-code":{"insertions":71,"deletions":162},"test-code":{"insertions":228,"deletions":343}}},{"hash":"9a557d90cfc6329bf92a52afa977b0bc478d865b","messageTitle":"Refactor logic and tests for find command","messageBody":"","fileTypesAndContributionMap":{"functional-code":{"insertions":11,"deletions":11},"test-code":{"insertions":33,"deletions":32}}},{"hash":"d8b3f372d3455047dde242fb9a2bbb78534fbba9","messageTitle":"Complete refactor of Logic component and testutil files","messageBody":"","fileTypesAndContributionMap":{"functional-code":{"insertions":45,"deletions":45},"other":{"insertions":20,"deletions":20},"test-code":{"insertions":79,"deletions":103}}},{"hash":"2d49469189cb26e3d2b57cbce703d37ae77024f7","messageTitle":"Fix delete command tests","messageBody":"","fileTypesAndContributionMap":{"test-code":{"insertions":17,"deletions":17}}},{"hash":"eb08c078ccc267bc714d7c52dc03a0e0892c47aa","messageTitle":"Fix find command tests","messageBody":"","fileTypesAndContributionMap":{"test-code":{"insertions":2,"deletions":2}}},{"hash":"7c1f53ccecca323518c7bec5f834b23a01c49b78","messageTitle":"Fix checkstyle errors","messageBody":"","fileTypesAndContributionMap":{"functional-code":{"insertions":42,"deletions":32},"test-code":{"insertions":137,"deletions":80}}}]},{"date":"2021-10-08","commitResults":[{"hash":"a3eebf9cbbe8132c715660aefc902ae626af1751","messageTitle":"Rename directories to lingogo","messageBody":"","fileTypesAndContributionMap":{"other":{"insertions":621,"deletions":621}}},{"hash":"3dd1da4af05986d54577563224655bfe838040c4","messageTitle":"Fix remaining references to AddressBook in java codebase","messageBody":"","fileTypesAndContributionMap":{"functional-code":{"insertions":7,"deletions":7},"test-code":{"insertions":5,"deletions":5}}}]},{"date":"2021-10-10","commitResults":[{"hash":"f510cda6614a43d4b68385c062a48646cf84c90e","messageTitle":"Fix typos as per PR reviews","messageBody":"","fileTypesAndContributionMap":{"functional-code":{"insertions":1,"deletions":1}}}]},{"date":"2021-10-13","commitResults":[{"hash":"4f5716a97bd9749864c206223b5ddbd2228821c0","messageTitle":"Update acknowledgements","messageBody":"","fileTypesAndContributionMap":{"docs":{"insertions":1,"deletions":1}}},{"hash":"545a1e7e852b34de124efbed392dfea5558558c0","messageTitle":"Address PR comments","messageBody":"","fileTypesAndContributionMap":{"functional-code":{"insertions":6,"deletions":0},"docs":{"insertions":1,"deletions":1},"test-code":{"insertions":7,"deletions":5}}}]},{"date":"2021-10-19","commitResults":[{"hash":"2587f3f54bb4e32ad6738363a97ab063ec00e2cf","messageTitle":"Implement slideshow model and logic","messageBody":"","fileTypesAndContributionMap":{"functional-code":{"insertions":460,"deletions":49},"other":{"insertions":35,"deletions":46},"test-code":{"insertions":4,"deletions":4}}}]},{"date":"2021-10-20","commitResults":[{"hash":"136e7a4121fe9e468d3c34ff0b6a113b9b4c5eb3","messageTitle":"Update logic for commands to account for slideshow state","messageBody":"","fileTypesAndContributionMap":{"functional-code":{"insertions":127,"deletions":44}}}]},{"date":"2021-10-21","commitResults":[{"hash":"48b0895696d655951a89bbc4da6de7bccde99396","messageTitle":"Add and update unit integration tests for commands","messageBody":"","fileTypesAndContributionMap":{"functional-code":{"insertions":48,"deletions":12},"test-code":{"insertions":351,"deletions":108}}},{"hash":"ef84d0f2e2fefdc28b3ed4a161a0ca20ecbdae9f","messageTitle":"Add unit tests for Slideshow components","messageBody":"","fileTypesAndContributionMap":{"functional-code":{"insertions":16,"deletions":9},"test-code":{"insertions":202,"deletions":0}}},{"hash":"2e8fa9799552c71619ed90c0ddfb2c04390ed83e","messageTitle":"Fix checkstyle errors","messageBody":"","fileTypesAndContributionMap":{"functional-code":{"insertions":63,"deletions":31},"test-code":{"insertions":11,"deletions":11}}},{"hash":"9cb93dc3cc345696af3d75cda7bc2b5daa16feff","messageTitle":"Enable assertions in build.gradle","messageBody":"","fileTypesAndContributionMap":{"other":{"insertions":4,"deletions":0}}},{"hash":"3f7708faec31c68ae8e7ed2c09a48137049badfa","messageTitle":"Fix formatting errors","messageBody":"","fileTypesAndContributionMap":{"functional-code":{"insertions":6,"deletions":6}}}]},{"date":"2021-10-22","commitResults":[{"hash":"afd6313e6a1474fd9736620dc14da67946864c73","messageTitle":"Update model and logic sections of developer guide","messageBody":"","fileTypesAndContributionMap":{"functional-code":{"insertions":1,"deletions":1},"docs":{"insertions":48,"deletions":77}}},{"hash":"7f3ae02e328433754eb1caec674e6fd65486e83c","messageTitle":"Update architecture section of developer guide","messageBody":"","fileTypesAndContributionMap":{"docs":{"insertions":4,"deletions":4}}}]},{"date":"2021-10-25","commitResults":[{"hash":"bbc145cb5052a98f6e55801a661c23ee2566d3b6","messageTitle":"Update Architecture and UI sections, and DG headers","messageBody":"","fileTypesAndContributionMap":{"docs":{"insertions":14,"deletions":10}}}]},{"date":"2021-10-27","commitResults":[{"hash":"7ffcee6bdd4b7e3d7cfe0593b8e40230b3f1ba97","messageTitle":"Address PR comments","messageBody":"","fileTypesAndContributionMap":{"functional-code":{"insertions":1,"deletions":1},"docs":{"insertions":3,"deletions":3}}}]},{"date":"2021-10-28","commitResults":[{"hash":"6ef56091e49523eea822c98ab9d4a55a3c5e349e","messageTitle":"Fix empty slideshow starting bug","messageBody":"","fileTypesAndContributionMap":{"functional-code":{"insertions":8,"deletions":1},"test-code":{"insertions":8,"deletions":0}}},{"hash":"64e35bf766c14a6ae5411f02906f229b3b4b1aff","messageTitle":"Remove println and outdated comments","messageBody":"","fileTypesAndContributionMap":{"functional-code":{"insertions":1,"deletions":2}}}]},{"date":"2021-10-29","commitResults":[{"hash":"05d0350b3e86a264df4ff98ce2d3caf229b3c73a","messageTitle":"Update user guide with new UI screenshots and improve overall flow","messageBody":"","fileTypesAndContributionMap":{"docs":{"insertions":39,"deletions":24}}}]},{"date":"2021-11-03","commitResults":[{"hash":"7d021fb35623eec302fb041c88f6f31acb009474","messageTitle":"Remove redundant slideshow answer command outputs","messageBody":"","fileTypesAndContributionMap":{"functional-code":{"insertions":3,"deletions":4},"test-code":{"insertions":3,"deletions":3}}},{"hash":"3f5c3ac2c1185bff84ca24b530808be69c8a91b9","messageTitle":"Fix edit command bug returning unfiltered flashcard list","messageBody":"","fileTypesAndContributionMap":{"functional-code":{"insertions":1,"deletions":2},"test-code":{"insertions":1,"deletions":0}}}]},{"date":"2021-11-04","commitResults":[{"hash":"3541a2c360ec795b4df3ba72bf0aecfc8e422c54","messageTitle":"Add equals testcase","messageBody":"","fileTypesAndContributionMap":{"test-code":{"insertions":2,"deletions":0}}},{"hash":"8605d090443665d178a25c721d78cdf3f0cbe421","messageTitle":"Add comment on implementation detail of the bug fix for edit command","messageBody":"","fileTypesAndContributionMap":{"functional-code":{"insertions":6,"deletions":0}}},{"hash":"7220552a6e5eff59c4a06c733c36c1f82c053743","messageTitle":"Add testcase for LanguageType constructor","messageBody":"","fileTypesAndContributionMap":{"test-code":{"insertions":7,"deletions":0}}},{"hash":"ba6c1be5d8f88638e07536f52d3ded366ba85cdb","messageTitle":"Add testcase for ImportCommandParser","messageBody":"","fileTypesAndContributionMap":{"test-code":{"insertions":8,"deletions":1}}},{"hash":"4ba0c11ee8346b06f5bef48718fa10985a8c2ad5","messageTitle":"Fix language type validation regex bug","messageBody":"","fileTypesAndContributionMap":{"functional-code":{"insertions":2,"deletions":4},"test-code":{"insertions":1,"deletions":0}}},{"hash":"d9ccce1bc175d7818c0fe8735f670109c91698fc","messageTitle":"Fix uncaught language type exception when loading invalid language type data file","messageBody":"","fileTypesAndContributionMap":{"functional-code":{"insertions":1,"deletions":1}}}]},{"date":"2021-11-05","commitResults":[{"hash":"0b512b1f6fa4299cb7be5b92871215839a4e18bc","messageTitle":"Refactor import and export commands and fix Excel CSV UTF-8 encoding bug","messageBody":"","fileTypesAndContributionMap":{"functional-code":{"insertions":148,"deletions":59}}},{"hash":"51b06a3faf3e1bd1f40cbf935bd8590fbe7e702d","messageTitle":"Handle writer closing with try with resources block","messageBody":"","fileTypesAndContributionMap":{"functional-code":{"insertions":35,"deletions":35}}},{"hash":"ec92ad75e29e73b1a3689ad4aefae5a4e0d4929e","messageTitle":"Fix typo in file not found error message","messageBody":"","fileTypesAndContributionMap":{"functional-code":{"insertions":1,"deletions":1}}},{"hash":"770c5b653d8f0a1fc479bce92c0152a805677271","messageTitle":"Add CommandException for CSV files without row entries","messageBody":"","fileTypesAndContributionMap":{"functional-code":{"insertions":8,"deletions":0},"test-code":{"insertions":19,"deletions":0}}},{"hash":"538fc21340150dad3ea63e1ab00991dc06ec4a28","messageTitle":"Fix TOC hyperlink in UG","messageBody":"","fileTypesAndContributionMap":{"docs":{"insertions":2,"deletions":2}}},{"hash":"53283db9ddb2746cdcae8498ab900ff45fe752e1","messageTitle":"Specify that CSV headers are case sensitive","messageBody":"","fileTypesAndContributionMap":{"docs":{"insertions":1,"deletions":1}}},{"hash":"e59053e53fe0f61ab51512205e3751777ee05bd7","messageTitle":"Update user guide","messageBody":"","fileTypesAndContributionMap":{"docs":{"insertions":64,"deletions":51}}},{"hash":"fbc738035825f94ed2b506d0c6ed91c3135af5cb","messageTitle":"Update developer guide headers","messageBody":"","fileTypesAndContributionMap":{"docs":{"insertions":36,"deletions":22}}}]},{"date":"2021-11-06","commitResults":[{"hash":"5a7ba2cdbf80b238e39075c6cd331fed2fd567b3","messageTitle":"Fix export command result bug","messageBody":"","fileTypesAndContributionMap":{"functional-code":{"insertions":1,"deletions":1}}}]}]},"authorFileTypeContributionMap":{"aikenwx":{"docs":300,"functional-code":725,"test-code":857},"jhlee1997":{"docs":208,"functional-code":515,"test-code":762,"other":3},"sharmainec":{"docs":345,"functional-code":637,"test-code":123},"kwokieee":{"docs":535,"functional-code":1005,"test-code":290,"other":1},"chownces":{"docs":294,"functional-code":1677,"test-code":1893,"other":7}},"authorContributionVariance":{"aikenwx":38663.117,"jhlee1997":28998.482,"sharmainec":25615.23,"kwokieee":29982.441,"chownces":563082.6},"authorDisplayNameMap":{"aikenwx":"CS2103T-T11-2 AIKE..HENG","jhlee1997":"CS2103T-T11-2 LEE ..E HO","sharmainec":"CS2103T-T11-2 SHAR.. MIN","kwokieee":"CS2103T-T11-2 BRYA.. FAI","chownces":"CS2103T-T11-2 CHOW..RONG"}}
