{"authorDailyContributionsMap":{"Li-Lehao":[{"date":"2021-09-27","commitResults":[{"hash":"45325185ef751e87aa520872e8f50d19796e5714","messageTitle":"Update aboutUs.md with own photo","messageBody":"","fileTypesAndContributionMap":{"docs":{"insertions":2,"deletions":2}}},{"hash":"047e96874f9bdc36d60b3f8512da5805fbdbd8d7","messageTitle":"Update the UserGuide.md","messageBody":"Add the description of `listapp` command.\n","fileTypesAndContributionMap":{"docs":{"insertions":6,"deletions":0}}}]},{"date":"2021-09-28","commitResults":[{"hash":"6d0919bceb1064700fc87d190cf60c21ad2cb896","messageTitle":"Update aboutUs.md","messageBody":"Update aboutUs.md with own photo\n","fileTypesAndContributionMap":{"docs":{"insertions":1,"deletions":1}}}]},{"date":"2021-09-29","commitResults":[{"hash":"9d664c553e70d98898cac0e84589c467c8e10050","messageTitle":"Add new command","messageBody":"","fileTypesAndContributionMap":{"functional-code":{"insertions":4,"deletions":0}}}]},{"date":"2021-10-07","commitResults":[{"hash":"e31ef602090e3d938bf1e4f696a5ee93c5a501bf","messageTitle":"add ListAppCommand class","messageBody":"","fileTypesAndContributionMap":{"functional-code":{"insertions":20,"deletions":0}}},{"hash":"89f6da6fd48ce835e55f8d25b9c890a2201e7803","messageTitle":"implement listApp command","messageBody":"","fileTypesAndContributionMap":{"functional-code":{"insertions":47,"deletions":1}}},{"hash":"35ce7fa286319a9a39b9f4fd5ca424f690b9eb45","messageTitle":"implement listApp command","messageBody":"","fileTypesAndContributionMap":{"test-code":{"insertions":10,"deletions":0}}},{"hash":"0aa4ec6a4ca764d2f0ee8fe45436de8ddd01a436","messageTitle":"implement listApp command","messageBody":"","fileTypesAndContributionMap":{"functional-code":{"insertions":0,"deletions":4}}},{"hash":"7b0ba2d2ee37a91b71e646a65d7a8e2b23b30853","messageTitle":"implement method getSchedule() in AddressBookTest.java","messageBody":"","fileTypesAndContributionMap":{"test-code":{"insertions":7,"deletions":0}}}]},{"date":"2021-10-13","commitResults":[{"hash":"be61b3f326df8074af5eec24439ff5c926439736","messageTitle":"Test listApp command","messageBody":"Implement listAppCommandTest and AppointmentBuilder. Tested that the listApp command can filter the schedule correctly and display all appointments.\n","fileTypesAndContributionMap":{"functional-code":{"insertions":1,"deletions":0},"test-code":{"insertions":189,"deletions":11}}},{"hash":"6586ad13e759e2da87f8c09bc8c0c5537d972690","messageTitle":"Test listApp command","messageBody":"","fileTypesAndContributionMap":{"test-code":{"insertions":7,"deletions":18}}}]},{"date":"2021-10-21","commitResults":[{"hash":"3cbd7d6161beaa19a945ff992c935378c4d552ae","messageTitle":"implement and test TimePeriod class","messageBody":"","fileTypesAndContributionMap":{"functional-code":{"insertions":116,"deletions":0},"test-code":{"insertions":93,"deletions":0}}}]},{"date":"2021-10-22","commitResults":[{"hash":"3ab5af98e2313934f746a50698cf599b31dd193d","messageTitle":"Implement and test TimePeriod class","messageBody":"","fileTypesAndContributionMap":{"functional-code":{"insertions":3,"deletions":3}}}]},{"date":"2021-10-25","commitResults":[{"hash":"f2660e613cba57c27476613fc557e89435f01a68","messageTitle":"Lehao-test delAppCommand","messageBody":"","fileTypesAndContributionMap":{"test-code":{"insertions":6,"deletions":0}}},{"hash":"61bf036cb307e73931435f64ebcb451e7be872eb","messageTitle":"lehao - test delAppCommand","messageBody":"","fileTypesAndContributionMap":{"functional-code":{"insertions":1,"deletions":0},"test-code":{"insertions":77,"deletions":2}}},{"hash":"33368e78dfdd1bbd2ad05178ed39aa03418c0e70","messageTitle":"delete delAppCommandTest","messageBody":"because this implementation does not work\n","fileTypesAndContributionMap":{"test-code":{"insertions":0,"deletions":81}}},{"hash":"9f97b521ed64e53a4da0f76c3cd4e3ad4a99db46","messageTitle":"Lehao-updateAppListWhenDeletePerson","messageBody":"When a person is deleted, remove this person from the affected appointments\u0027 client list.\n","fileTypesAndContributionMap":{"functional-code":{"insertions":26,"deletions":4},"test-code":{"insertions":12,"deletions":0}}},{"hash":"e211b7a2c3e66f0a29ccc160e581ceb2e5b20dae","messageTitle":"Lehao - update appointment list when delete person","messageBody":"If an appointment\u0027s client list is empty, remove it from the schedule.\n","fileTypesAndContributionMap":{"functional-code":{"insertions":18,"deletions":0}}},{"hash":"b5675bf25bea951592e6223fdf59c5a0990ec67d","messageTitle":"Lehao - update appointment list when delete person","messageBody":"edit the delete person warning because not all the related appointment will be deleted. Perviously the warning says \"these appointment will be deleted\" + related appointments. Now the warning says \"these appointment will be deleted\" + appointments that will be deleted (appointments that only have this client).\n","fileTypesAndContributionMap":{"functional-code":{"insertions":25,"deletions":1}}},{"hash":"cdc1a13c8219d31317852d28e1312117d50af297","messageTitle":"Lehao - update appointment list when delete person","messageBody":"","fileTypesAndContributionMap":{"test-code":{"insertions":10,"deletions":0}}},{"hash":"fb1b7c56345d00a1064ef1299b63c2e0403aa4e9","messageTitle":"Lehao - update appointment list when edit person","messageBody":"Also change the editPersonTest because the current version of edit person command will edit the appointment list and cause other test cases\u0027 failure.\n","fileTypesAndContributionMap":{"functional-code":{"insertions":14,"deletions":1},"test-code":{"insertions":27,"deletions":3}}}]},{"date":"2021-10-26","commitResults":[{"hash":"dfc91e44911ad6a2144168762fb686cabff8cade","messageTitle":"Lehao - update appointment list when edit person","messageBody":"","fileTypesAndContributionMap":{"functional-code":{"insertions":17,"deletions":6},"test-code":{"insertions":8,"deletions":0}}},{"hash":"5e8fcebac0cc16d2d5788641671672d039499f7f","messageTitle":"Lehao - update appointment list when delete person","messageBody":"","fileTypesAndContributionMap":{"functional-code":{"insertions":29,"deletions":6},"test-code":{"insertions":8,"deletions":0}}},{"hash":"51cf312cb550b76cbc2509aa8ccf9237d66092d3","messageTitle":"Lehao - update appointment list when delete person and edit person","messageBody":"","fileTypesAndContributionMap":{"functional-code":{"insertions":2,"deletions":13},"test-code":{"insertions":0,"deletions":12}}},{"hash":"34ddd115c739fb83743b5a02f3e1b05b4f2582ac","messageTitle":"Lehao - update appointment list when delete person and edit person","messageBody":"","fileTypesAndContributionMap":{"functional-code":{"insertions":10,"deletions":1}}},{"hash":"5a7f31f60d97085cd6c1c8daa8b5ae959aa0ba43","messageTitle":"change EditCommandTest","messageBody":"","fileTypesAndContributionMap":{"test-code":{"insertions":16,"deletions":6}}}]},{"date":"2021-10-28","commitResults":[{"hash":"ee86ed8af05d08957710f2980e0fb776b1828544","messageTitle":"Test Edit command","messageBody":"","fileTypesAndContributionMap":{"test-code":{"insertions":0,"deletions":2}}},{"hash":"3633e0931712a19a09df67b274a86c82a584a513","messageTitle":"Lehao - bugFix","messageBody":"checking time conflict correctly when add new appointment.\n","fileTypesAndContributionMap":{"functional-code":{"insertions":67,"deletions":4},"test-code":{"insertions":22,"deletions":0}}}]},{"date":"2021-10-29","commitResults":[{"hash":"157e4bec59f108c6c2b8a5337f63cc66dbea2e8a","messageTitle":"Lehao - implement the undo command","messageBody":"","fileTypesAndContributionMap":{"functional-code":{"insertions":197,"deletions":9}}},{"hash":"6c2a75c2e1a7420a0386787eff289e3f2d5a8d1a","messageTitle":"Lehao - implement undo command","messageBody":"","fileTypesAndContributionMap":{"functional-code":{"insertions":7,"deletions":11},"other":{"insertions":11,"deletions":5},"test-code":{"insertions":23,"deletions":7}}},{"hash":"e18817887003db0e020bb869012f40cc1dc06074","messageTitle":"Lehao - updateUG","messageBody":"Add screenshots\n","fileTypesAndContributionMap":{"docs":{"insertions":3,"deletions":4}}},{"hash":"a941fb623a0513fe4a2a6a1da167fdf3250d8c8f","messageTitle":"Lehao - update screenshots in UG","messageBody":"","fileTypesAndContributionMap":{"docs":{"insertions":6,"deletions":2}}}]}],"tchiong":[{"date":"2021-09-27","commitResults":[{"hash":"1976850fc381e0fefece1a9f85c9dd0a251201fe","messageTitle":"Update aboutUs.md with own photo","messageBody":"","fileTypesAndContributionMap":{"docs":{"insertions":3,"deletions":3}}},{"hash":"cc4cb931f68ac4fb52b2d0d8e2455ee2ecd183f9","messageTitle":"Update UserGuide.md","messageBody":"","fileTypesAndContributionMap":{"docs":{"insertions":11,"deletions":0}}}]},{"date":"2021-09-29","commitResults":[{"hash":"74c80cdcf00e79f084ca66a8913c9b21bfabc0b3","messageTitle":"Update AboutUs","messageBody":"","fileTypesAndContributionMap":{"docs":{"insertions":1,"deletions":1}}}]},{"date":"2021-10-06","commitResults":[{"hash":"ced91714fc646a484b2365d7d0a91eaad99fe660","messageTitle":"Added Schedule Class","messageBody":"Added Schedule Class and accompanying Exception (Appointment not found)\n","fileTypesAndContributionMap":{"functional-code":{"insertions":64,"deletions":0}}},{"hash":"dc3406b9e4a598eaa3bd6386a3d219f98d21eda3","messageTitle":"Create Schedule Class","messageBody":"Created Schedule Class with accompanying test cases\n","fileTypesAndContributionMap":{"functional-code":{"insertions":9,"deletions":1},"test-code":{"insertions":2,"deletions":0}}},{"hash":"fe21f5b41ffa56843d58aa725d11599db17f1ca6","messageTitle":"Create ScheduleTest","messageBody":"Created ScheduleTest class and fixed AppointmentTest and TypicalAppointment issues\n","fileTypesAndContributionMap":{"test-code":{"insertions":47,"deletions":4}}},{"hash":"5afc4cbf36a41e6be66d1aa29c5eb7ce3eac5e99","messageTitle":"Fix Checkstyle Error","messageBody":"","fileTypesAndContributionMap":{"test-code":{"insertions":1,"deletions":1}}},{"hash":"673ed463666f25a61718d69e683f2128285df420","messageTitle":"Fix Checkstyle Error","messageBody":"","fileTypesAndContributionMap":{"functional-code":{"insertions":4,"deletions":5}}},{"hash":"b4977880b07a5f6fc09365345e8bdac478829e34","messageTitle":"Fix CheckStyle Errors","messageBody":"","fileTypesAndContributionMap":{"test-code":{"insertions":4,"deletions":5}}},{"hash":"34d1599d0c70033264deeef3ee522096996919bb","messageTitle":"Fix Checkstyle Error","messageBody":"","fileTypesAndContributionMap":{"test-code":{"insertions":1,"deletions":0}}}]},{"date":"2021-10-07","commitResults":[{"hash":"8a8ccc469d4bf3c443640c7f03bb6c07ec8f6145","messageTitle":"Add Schedule Functions to model and addressbook","messageBody":"Added addAppointment functions to addressbook and model, works with addAppCommand\n","fileTypesAndContributionMap":{"functional-code":{"insertions":64,"deletions":7},"test-code":{"insertions":25,"deletions":0}}},{"hash":"07937c038fd5199c052272065e53842bde0105ae","messageTitle":"Add Basic AddAppCommand Testing","messageBody":"","fileTypesAndContributionMap":{"functional-code":{"insertions":0,"deletions":2},"test-code":{"insertions":34,"deletions":0}}},{"hash":"f71fc051ef0fc269b26a21727e0d76950ccfdb8c","messageTitle":"Fix CheckStyle Errors","messageBody":"","fileTypesAndContributionMap":{"test-code":{"insertions":4,"deletions":24}}}]},{"date":"2021-10-13","commitResults":[{"hash":"c203d62058076c0343e4dbe84c8cc571eb482198","messageTitle":"Add TestCase","messageBody":"Added 2 Tests to addAppCommand, one to test a valid appointment, one tests an invalid appointment\n","fileTypesAndContributionMap":{"functional-code":{"insertions":2,"deletions":2},"test-code":{"insertions":186,"deletions":3}}},{"hash":"3487661d0fd7391418198b1d2ca5afad7ec64e3c","messageTitle":"Fix Checkstyle","messageBody":"","fileTypesAndContributionMap":{"functional-code":{"insertions":1,"deletions":1},"test-code":{"insertions":10,"deletions":11}}},{"hash":"5c33189cf336b2ab1795d8967a7b453b2fa1a988","messageTitle":"Fix Checkstyle","messageBody":"","fileTypesAndContributionMap":{"test-code":{"insertions":3,"deletions":2}}}]},{"date":"2021-10-14","commitResults":[{"hash":"4e9c4d454d92bb8b0d91d60209d152aea9e26ec0","messageTitle":"Update Schedule \u0026 ScheduleTest","messageBody":"Update Schedule to enforce appointment uniqueness when adding appointments and added the appropriate ScheduleTestCase to test\n","fileTypesAndContributionMap":{"functional-code":{"insertions":18,"deletions":2},"test-code":{"insertions":13,"deletions":5}}},{"hash":"4de4b3d97c8e8cc00f4a453035d5b61b1fc1740d","messageTitle":"Implemented JsonAdaptedAppointmentTest","messageBody":"Implemented Test cases for JsonAdaptedAppointment\n","fileTypesAndContributionMap":{"functional-code":{"insertions":1,"deletions":1},"test-code":{"insertions":82,"deletions":1}}},{"hash":"fd389a47c067d960eea8aa0041c41417a3fb2490","messageTitle":"Implemented SerializableStorageTest","messageBody":"Implemented Test Cases for serializable storage\n","fileTypesAndContributionMap":{"test-code":{"insertions":94,"deletions":0}}},{"hash":"d375bd55508e00cde858521f1b3e9e7839c1f510","messageTitle":"Fix Check Style","messageBody":"","fileTypesAndContributionMap":{"test-code":{"insertions":9,"deletions":7}}},{"hash":"2fbdb90ab6f954698dcf70cf73872559bd64f244","messageTitle":"Fix Checkstyle","messageBody":"","fileTypesAndContributionMap":{"test-code":{"insertions":1,"deletions":2}}}]},{"date":"2021-10-20","commitResults":[{"hash":"beb576b72af814f81f890967c3a8e948417cbb01","messageTitle":"Add List Sorting","messageBody":"Added List Sorting to addApp, so that it displays a sorted list\n","fileTypesAndContributionMap":{"functional-code":{"insertions":4,"deletions":0},"docs":{"insertions":2,"deletions":1}}},{"hash":"32f4a91a1d72824ed9309b5b6fbda7d9fc289aa1","messageTitle":"Add optional inputs for ListApp","messageBody":"Added the function for listApp to take in a sorting command date or description\n","fileTypesAndContributionMap":{"functional-code":{"insertions":62,"deletions":2},"docs":{"insertions":4,"deletions":3},"test-code":{"insertions":2,"deletions":2}}},{"hash":"290e5e1847bf6b4f9a9088075bd4b6b64cbfe213","messageTitle":"Fix Bug","messageBody":"","fileTypesAndContributionMap":{"functional-code":{"insertions":15,"deletions":11}}},{"hash":"fd2432310bb2fdcb2879a7bdde0a7f40ffb5ce83","messageTitle":"Fix Checkstyle Errors","messageBody":"","fileTypesAndContributionMap":{"functional-code":{"insertions":16,"deletions":22}}},{"hash":"2f3f3fef00989906e7ed3f43b7f8184b7f939820","messageTitle":"Fix Testing Bug","messageBody":"","fileTypesAndContributionMap":{"test-code":{"insertions":10,"deletions":0}}},{"hash":"d21d8e743855b418ea6beeeb98c45a55cf3b27f6","messageTitle":"Fix Bug","messageBody":"","fileTypesAndContributionMap":{"functional-code":{"insertions":2,"deletions":2}}},{"hash":"b0362fa12b7a688596d6767a31b272e3140713ef","messageTitle":"Fix CheckStyle","messageBody":"","fileTypesAndContributionMap":{"functional-code":{"insertions":0,"deletions":1}}},{"hash":"d6d4788b0e25e8b12ee597f1542d810060db5ac9","messageTitle":"Updated UserGuide","messageBody":"","fileTypesAndContributionMap":{"docs":{"insertions":4,"deletions":3}}},{"hash":"d316d54a1f377a2f64d3a5d81dabee5f14f6ac9c","messageTitle":"Edit DG","messageBody":"","fileTypesAndContributionMap":{"docs":{"insertions":2,"deletions":2}}},{"hash":"e29dbf60b8d3cd18784019b7e547d8be4206b428","messageTitle":"Fix Testing Errors","messageBody":"","fileTypesAndContributionMap":{"test-code":{"insertions":8,"deletions":9}}},{"hash":"d8b03cdf9d954d06d497e256c75fde43ac564dd6","messageTitle":"Add Logger","messageBody":"","fileTypesAndContributionMap":{"functional-code":{"insertions":1,"deletions":0}}},{"hash":"5f24f36fe3cdb418d532c4f653800ac779827a2e","messageTitle":"Update DeveloperGuide","messageBody":"Added AddApp Feature\n","fileTypesAndContributionMap":{"docs":{"insertions":9,"deletions":0}}}]},{"date":"2021-10-21","commitResults":[{"hash":"f4f1da5d448a8ad792ab47cec19ffce421136173","messageTitle":"Update UserGuide.md","messageBody":"","fileTypesAndContributionMap":{"docs":{"insertions":6,"deletions":1}}}]},{"date":"2021-10-25","commitResults":[{"hash":"971a964096fe854fc39c55d7c41c7f869639502c","messageTitle":"Add checks for duplicate datetime in addAppCommand","messageBody":"Added checks to ensure no duplicate datetime in added command plus test\n","fileTypesAndContributionMap":{"functional-code":{"insertions":8,"deletions":0},"test-code":{"insertions":37,"deletions":1}}}]},{"date":"2021-10-26","commitResults":[{"hash":"b2a026e78fa779c7ec75947558a0de2275f1a8cc","messageTitle":"Fix CheckStyle","messageBody":"","fileTypesAndContributionMap":{"test-code":{"insertions":3,"deletions":3}}},{"hash":"61b59f161c77a08730e6c798402d32b882f0a569","messageTitle":"Integrate TimePeriod into Application","messageBody":"Integrated Time Period into Applications, however, UI and storage have issues\n","fileTypesAndContributionMap":{"functional-code":{"insertions":90,"deletions":90},"test-code":{"insertions":16,"deletions":13}}},{"hash":"5062d086ab6fd359cdb89b3687cb53a6b196d654","messageTitle":"Revert \"Integrate TimePeriod into Application\"","messageBody":"This reverts commit 61b59f161c77a08730e6c798402d32b882f0a569.\n","fileTypesAndContributionMap":{"functional-code":{"insertions":90,"deletions":90},"test-code":{"insertions":13,"deletions":16}}},{"hash":"6962c0778facea9e6d22cbd67c6eb77ce008e8e5","messageTitle":"Initialize Branch","messageBody":"","fileTypesAndContributionMap":{"functional-code":{"insertions":96,"deletions":93},"test-code":{"insertions":78,"deletions":64}}}]},{"date":"2021-10-28","commitResults":[{"hash":"22b52803efc09d31f9e0139fb4d747bbae45e8c3","messageTitle":"Fix AddAppCommand Error message","messageBody":"","fileTypesAndContributionMap":{"functional-code":{"insertions":2,"deletions":2}}},{"hash":"4ed4d481707584e92b5b2761753b01af11766615","messageTitle":"Update Appendix: Manual Testing","messageBody":"","fileTypesAndContributionMap":{"docs":{"insertions":64,"deletions":12}}}]},{"date":"2021-10-29","commitResults":[{"hash":"44a241377218d95cde83d21b3f7f42948da273a5","messageTitle":"Update Developer Guide","messageBody":"Updated AddApp, Filter and Sorting App implementations as well as timePeriod\n","fileTypesAndContributionMap":{"docs":{"insertions":57,"deletions":2}}},{"hash":"d2b72327a93cf751eef2a2896e9f44563cbac237","messageTitle":"Add UML diagrams","messageBody":"Added UML diagrams for overall addAppCommand, addApp step 1 and 2\n","fileTypesAndContributionMap":{"docs":{"insertions":125,"deletions":6}}},{"hash":"3e43a2f33037fd1c8f972069e75a647d6fba2efa","messageTitle":"Fix CheckStyle","messageBody":"","fileTypesAndContributionMap":{"docs":{"insertions":3,"deletions":4}}}]}],"YaleChen299":[{"date":"2021-09-27","commitResults":[{"hash":"f97a66a1e77da681155a596cedca87da74fda95f","messageTitle":"Update AboutUs.md","messageBody":"","fileTypesAndContributionMap":{"docs":{"insertions":12,"deletions":12}}},{"hash":"a0b2468d6b9383a9680cea642b62c93cc8143f20","messageTitle":"Update README.md","messageBody":"","fileTypesAndContributionMap":{"docs":{"insertions":4,"deletions":11}}},{"hash":"afecb568631a7740ecf9324cf9a4e5ebba527c51","messageTitle":"Update AboutUs.md","messageBody":"","fileTypesAndContributionMap":{"docs":{"insertions":4,"deletions":4}}}]},{"date":"2021-09-29","commitResults":[{"hash":"730eb6a1b0f5d8d481538d372c6c5eae44faef87","messageTitle":"Update index.md","messageBody":"","fileTypesAndContributionMap":{"docs":{"insertions":5,"deletions":6}}},{"hash":"9ad97ad96cf431b34874d7b760b78b75e5bc08db","messageTitle":"Update UserGuide.md","messageBody":"","fileTypesAndContributionMap":{"docs":{"insertions":1,"deletions":1}}},{"hash":"76db108677878e78dda11f0160ba84d4ef0b9af9","messageTitle":"update UGDG","messageBody":"","fileTypesAndContributionMap":{"docs":{"insertions":22,"deletions":14}}}]},{"date":"2021-10-06","commitResults":[{"hash":"82398f7c8a2ee0f537b4110befa629f8ab3aa223","messageTitle":"change UI to new design and add icon","messageBody":"","fileTypesAndContributionMap":{"functional-code":{"insertions":28,"deletions":16},"test-code":{"insertions":1,"deletions":1}}}]},{"date":"2021-10-08","commitResults":[{"hash":"cea19ed63e223d2155c70f8052fa8443243e5714","messageTitle":"Adds Appointment Card","messageBody":"","fileTypesAndContributionMap":{"functional-code":{"insertions":214,"deletions":2}}},{"hash":"dcd63d2673c8a13f31a8566a3f9c940a38b0c9a1","messageTitle":"fix style","messageBody":"","fileTypesAndContributionMap":{"functional-code":{"insertions":1,"deletions":1}}},{"hash":"06c6c96d260c783c1757b373991feeee0415f6bb","messageTitle":"fix style","messageBody":"","fileTypesAndContributionMap":{"functional-code":{"insertions":0,"deletions":3}}}]},{"date":"2021-10-13","commitResults":[{"hash":"d954bd11dad2d8945cde92d6979aa8c2cbdb06f2","messageTitle":"Adds findApp command","messageBody":"","fileTypesAndContributionMap":{"functional-code":{"insertions":115,"deletions":0},"test-code":{"insertions":178,"deletions":0}}},{"hash":"be7be107e841c8122fc665fe6b606c9d293b48ae","messageTitle":"fix style","messageBody":"","fileTypesAndContributionMap":{"functional-code":{"insertions":2,"deletions":2}}},{"hash":"d036b7a0e8fd0ebdce2e9a66ba61627fe08be0ce","messageTitle":"fix style","messageBody":"","fileTypesAndContributionMap":{"test-code":{"insertions":1,"deletions":1}}},{"hash":"08fa8a61f08f814c4afc70a30ae5b56b74872a2f","messageTitle":"fix style","messageBody":"","fileTypesAndContributionMap":{"test-code":{"insertions":10,"deletions":6}}},{"hash":"73fc2b4088bbf7ef8e0cf522c2e6c05466265a40","messageTitle":"fix javadoc","messageBody":"","fileTypesAndContributionMap":{"functional-code":{"insertions":7,"deletions":7}}}]},{"date":"2021-10-20","commitResults":[{"hash":"feca96fc4d8c2093dd6711fd6566c8ca271cd3f3","messageTitle":"add delete confirmation","messageBody":"","fileTypesAndContributionMap":{"functional-code":{"insertions":84,"deletions":2}}},{"hash":"6cef032957b2732710b1e4b456800c043f6881e8","messageTitle":"fix style","messageBody":"","fileTypesAndContributionMap":{"functional-code":{"insertions":6,"deletions":4}}},{"hash":"a21e47e71015e0155fbcb987e8daae3d92532357","messageTitle":"add delete appointment confirmation","messageBody":"","fileTypesAndContributionMap":{"functional-code":{"insertions":9,"deletions":2}}},{"hash":"aec823f4f17026be1ca1a36aebdb8d41bcac0dbd","messageTitle":"fix model stub","messageBody":"","fileTypesAndContributionMap":{"test-code":{"insertions":10,"deletions":0}}},{"hash":"269e3f7cd31d21fb6bca263c11281c54d6a9b365","messageTitle":"temporarily ignore delete success testcases","messageBody":"","fileTypesAndContributionMap":{"test-code":{"insertions":27,"deletions":27}}},{"hash":"170a2a01bc4fb24559df98e52a260004d4b5103b","messageTitle":"fix style","messageBody":"","fileTypesAndContributionMap":{"test-code":{"insertions":0,"deletions":1}}},{"hash":"7192801bb3d876b410489ba1a83d37aff3947ddf","messageTitle":"ignore delete success testcases","messageBody":"","fileTypesAndContributionMap":{"other":{"insertions":1,"deletions":0},"test-code":{"insertions":31,"deletions":27}}},{"hash":"56cce57340dc4e8644741ba65cbe817b784bce12","messageTitle":"ignore delete command test","messageBody":"","fileTypesAndContributionMap":{"test-code":{"insertions":0,"deletions":5}}},{"hash":"2b046bccbc45d175c910ef12899b82d13627a2de","messageTitle":"temp fix of UI appointment card","messageBody":"","fileTypesAndContributionMap":{"functional-code":{"insertions":1,"deletions":1}}},{"hash":"833e078ec4ed5d26fdeb5325e2fb0c56f1fce7d4","messageTitle":"enable assertion in build.gradle","messageBody":"","fileTypesAndContributionMap":{"other":{"insertions":4,"deletions":0}}},{"hash":"a20c20b4daf915b789a14fc1c19463a8b92a4959","messageTitle":"update appointment UI","messageBody":"","fileTypesAndContributionMap":{"functional-code":{"insertions":18,"deletions":11}}},{"hash":"706b6c8d0ce2650d17c23ed904988b8f6ed2cd6f","messageTitle":"Improve listview shrink expand style","messageBody":"","fileTypesAndContributionMap":{"functional-code":{"insertions":8,"deletions":7}}}]},{"date":"2021-10-21","commitResults":[{"hash":"8392c722ec642fd12ba7201d3ea77b7a8adb7e8a","messageTitle":"update findApp UG","messageBody":"","fileTypesAndContributionMap":{"docs":{"insertions":18,"deletions":0}}},{"hash":"f4904e2e04f4f57be1d2e4b6ce53fe577cd3a18a","messageTitle":"fix UG","messageBody":"","fileTypesAndContributionMap":{"docs":{"insertions":1,"deletions":1}}}]},{"date":"2021-10-22","commitResults":[{"hash":"fffa18117a0a3cd5dbb8a261b17cbad5883b230a","messageTitle":"update DG about delete implementation","messageBody":"","fileTypesAndContributionMap":{"docs":{"insertions":20,"deletions":0}}}]},{"date":"2021-10-23","commitResults":[{"hash":"46883868fe0092b0e4857c38988c7df74c89defe","messageTitle":"fix .png subfix","messageBody":"","fileTypesAndContributionMap":{"docs":{"insertions":1,"deletions":1}}},{"hash":"4b7c7aa89b9548c2895325f3f426bd4ddad5f31b","messageTitle":"fix image in docs","messageBody":"","fileTypesAndContributionMap":{"docs":{"insertions":2,"deletions":0}}}]},{"date":"2021-10-25","commitResults":[{"hash":"56d9581c408f623d83948aaaf692a64bfb9b49d9","messageTitle":"add Urgency Display","messageBody":"","fileTypesAndContributionMap":{"functional-code":{"insertions":48,"deletions":3}}}]},{"date":"2021-10-26","commitResults":[{"hash":"98a846706282e352cd8625a92ab10d3b196da2b2","messageTitle":"update color and style","messageBody":"","fileTypesAndContributionMap":{"functional-code":{"insertions":16,"deletions":12}}}]},{"date":"2021-10-27","commitResults":[{"hash":"08ecdd0b58793a0ca280bbeb77b88423c5ee62ca","messageTitle":"update appointment field for timeperiod","messageBody":"","fileTypesAndContributionMap":{"functional-code":{"insertions":9,"deletions":6}}}]},{"date":"2021-10-28","commitResults":[{"hash":"be792e1171fd8f5e82c4731404d8898ee6a7ace4","messageTitle":"add command history feature","messageBody":"","fileTypesAndContributionMap":{"functional-code":{"insertions":72,"deletions":1}}},{"hash":"0c9cb6c1ee2edb7e310e1a096d5264a822cc1ee8","messageTitle":"fix style","messageBody":"","fileTypesAndContributionMap":{"functional-code":{"insertions":6,"deletions":0}}}]},{"date":"2021-10-29","commitResults":[{"hash":"8e7c285b3e688ffb212404cc121a809e5892caa3","messageTitle":"add light theme","messageBody":"","fileTypesAndContributionMap":{"functional-code":{"insertions":497,"deletions":20}}},{"hash":"0376477f8dfaea860246741da03420a646c7f002","messageTitle":"fix checkstyle","messageBody":"","fileTypesAndContributionMap":{"functional-code":{"insertions":30,"deletions":24}}},{"hash":"62df73893d44a565275d147a9cc119e68bd2e8fb","messageTitle":"update Model and Storage class Diagram","messageBody":"","fileTypesAndContributionMap":{"docs":{"insertions":37,"deletions":3}}},{"hash":"e11365f06ebf27c1f5736acba04d6e83b506b53c","messageTitle":"fix edit person index and minor refactor","messageBody":"","fileTypesAndContributionMap":{"functional-code":{"insertions":35,"deletions":12}}},{"hash":"f26ee8afaf3c0bf77913ac4c6502826d43a5bfa7","messageTitle":"fix merge conflicts and rename package","messageBody":"","fileTypesAndContributionMap":{"functional-code":{"insertions":5,"deletions":5},"other":{"insertions":4,"deletions":4}}},{"hash":"de7d474cf650cff555ab12a1e1fdf027768358b1","messageTitle":"update DG Commands","messageBody":"","fileTypesAndContributionMap":{"docs":{"insertions":1,"deletions":0}}},{"hash":"2a7a67c9b3da05e63e84b1bc393f9bd291d67a4c","messageTitle":"fix puml","messageBody":"","fileTypesAndContributionMap":{"docs":{"insertions":2,"deletions":1}}},{"hash":"37dc5c18ae20d44c277fbfd2796ed3b8eb8010e5","messageTitle":"add sample schedule","messageBody":"","fileTypesAndContributionMap":{"functional-code":{"insertions":49,"deletions":5}}},{"hash":"5732ec3fc328ae2144b8157931ffb4eb792b28e5","messageTitle":"fix style","messageBody":"","fileTypesAndContributionMap":{"functional-code":{"insertions":16,"deletions":11}}},{"hash":"2db7a875a9b348d1254eba8d0e471208f02db85e","messageTitle":"update UG for command history and Theme Change","messageBody":"","fileTypesAndContributionMap":{"docs":{"insertions":16,"deletions":0}}},{"hash":"5e0bf74d4456819d0980eb8d8f1b5b111fecec5c","messageTitle":"refactor package name","messageBody":"","fileTypesAndContributionMap":{"other":{"insertions":1028,"deletions":1028},"docs":{"insertions":14,"deletions":14},"test-code":{"insertions":3,"deletions":3}}}]}],"nwhloo99":[{"date":"2021-09-27","commitResults":[{"hash":"f32e15608d398ad4f12fefefbc4fd68b5b35793b","messageTitle":"Update aboutUs.md with own photo","messageBody":"","fileTypesAndContributionMap":{"docs":{"insertions":3,"deletions":3}}},{"hash":"9d63989b516454563e7c62fa76d579854c135962","messageTitle":"Add addApp feature to UserGuide","messageBody":"","fileTypesAndContributionMap":{"docs":{"insertions":11,"deletions":0}}}]},{"date":"2021-09-29","commitResults":[{"hash":"cb7a7a524212b0ddaf43b35b4042384212ce25f0","messageTitle":"Update Developer Guide","messageBody":"","fileTypesAndContributionMap":{"docs":{"insertions":31,"deletions":4}}},{"hash":"b16b54665b5b2d8effd04fca81bd0d5ed7db4233","messageTitle":"Update DG","messageBody":"","fileTypesAndContributionMap":{"docs":{"insertions":49,"deletions":5}}}]},{"date":"2021-10-06","commitResults":[{"hash":"76493fc12695473c9444df9c50cac3b5a5f2aa94","messageTitle":"Create Appointment class","messageBody":"","fileTypesAndContributionMap":{"functional-code":{"insertions":103,"deletions":0}}},{"hash":"ceb6778d7517baf72f0bf3cfaab4ad6f5ec7143b","messageTitle":"Implement Testing for Appointment Class","messageBody":"","fileTypesAndContributionMap":{"test-code":{"insertions":53,"deletions":0}}},{"hash":"25c9763a42e63a4376757aafbd5de960cea6ada3","messageTitle":"Fix checkstyle errors","messageBody":"","fileTypesAndContributionMap":{"functional-code":{"insertions":2,"deletions":2}}},{"hash":"4d3e0050d15dca3509ed6c18d93f6a0bb42f8486","messageTitle":"Fix CheckStyle errors","messageBody":"","fileTypesAndContributionMap":{"test-code":{"insertions":14,"deletions":13}}},{"hash":"b44c03409ddec2b4826575f0b5a47748371c93b8","messageTitle":"Update Appointment class to have time field compulsory","messageBody":"","fileTypesAndContributionMap":{"functional-code":{"insertions":0,"deletions":10}}},{"hash":"6a4008372d62fc41231e454632a37573c88f2838","messageTitle":"Update UserGuide to reflect new Appointment class","messageBody":"","fileTypesAndContributionMap":{"docs":{"insertions":1,"deletions":1}}},{"hash":"60109bcb5ef65f4e193704e8f577f89430863f78","messageTitle":"Update Appointment Testing","messageBody":"","fileTypesAndContributionMap":{"test-code":{"insertions":5,"deletions":3}}},{"hash":"2dcc5b8ae8862e8b594f3ca7026d5d8d082af14f","messageTitle":"Fix checkstyle error","messageBody":"","fileTypesAndContributionMap":{"test-code":{"insertions":2,"deletions":2}}},{"hash":"2dd25f0400f8c74b9a3976f9cdb91211cdf9f995","messageTitle":"Fix checkstyle error","messageBody":"","fileTypesAndContributionMap":{"test-code":{"insertions":1,"deletions":0}}}]},{"date":"2021-10-07","commitResults":[{"hash":"da68af764f45bb9d5ac5e384839e80e3392819df","messageTitle":"Create addAppCommand class","messageBody":"","fileTypesAndContributionMap":{"functional-code":{"insertions":17,"deletions":0}}},{"hash":"86d24b292aa94189e3a6ca9c02cdfafc63ae7fcc","messageTitle":"Add addAppCommand to the AddressBookParser","messageBody":"","fileTypesAndContributionMap":{"functional-code":{"insertions":4,"deletions":0}}},{"hash":"1a9815599839e69bd1d8c0580f63dafaccfe4e57","messageTitle":"Update UserGuide to reflect proper usage of AddAppCommand","messageBody":"","fileTypesAndContributionMap":{"docs":{"insertions":3,"deletions":3}}},{"hash":"7263b29c0906048e2ea541d237e38128ccbfb813","messageTitle":"Add new Prefixes to CliSyntax to handle AddAppCommand","messageBody":"","fileTypesAndContributionMap":{"functional-code":{"insertions":3,"deletions":0}}},{"hash":"54b68f18b9e78d9f47cec2c035d3882ed5c658dc","messageTitle":"Create Parse methods to handle addAppCommand fields","messageBody":"addAppCommand requires new fields that were previously not handled,\ne.g. Date, Time.\n\nBy creating new parse methods, we ensure that the parser will correctly\nhandle these fields.\n","fileTypesAndContributionMap":{"functional-code":{"insertions":32,"deletions":0}}},{"hash":"42612432bd9f69cc7d7f3f9d34f87aac7325dea3","messageTitle":"Create ParseUtilTest methods to test new Parse methods","messageBody":"","fileTypesAndContributionMap":{"test-code":{"insertions":19,"deletions":1}}},{"hash":"22bc365427f1275c048d55ae6c07372fa019fb4d","messageTitle":"Update UserGuide to reflect new version of addAppCommand","messageBody":"","fileTypesAndContributionMap":{"docs":{"insertions":1,"deletions":1}}},{"hash":"76e33f0a0925438d46a371f2eceba55566fd2428","messageTitle":"Create AddAppCommandParser to handle addAppCommands","messageBody":"","fileTypesAndContributionMap":{"functional-code":{"insertions":54,"deletions":0}}},{"hash":"05ed4ef0b727f03052b63f02b3d00816b9e98561","messageTitle":"Update AddressBookParser to use AddAppCommandParser","messageBody":"","fileTypesAndContributionMap":{"functional-code":{"insertions":1,"deletions":1}}},{"hash":"5e81e7bc075efdde9c6ca1c570a5061413d2cd6d","messageTitle":"Update addAppCommand to create a new Appointment","messageBody":"A new appointment needs to be made to be added.\n\nCreating the appointment in addAppCommand allows us to use the list\nin the model to obtain the client.\n\nLet\u0027s use the index given to obtain the Person object that represents\nthe client and along with the other fields, create an Appointment.\n\nWhat needs to be done:\n* Update the model to use the Schedule class\n* Modify the execute method to properly add the appointment to the\nSchedule in model.\n","fileTypesAndContributionMap":{"functional-code":{"insertions":90,"deletions":1}}},{"hash":"de2b7bfc9f1a801933f1f4c6dd3317bc8d5ad5ee","messageTitle":"Update JavaDocs","messageBody":"","fileTypesAndContributionMap":{"functional-code":{"insertions":24,"deletions":1}}},{"hash":"479034689f34758e374ba1c1be58e8980a556685","messageTitle":"Fix checkstyle bug","messageBody":"","fileTypesAndContributionMap":{"test-code":{"insertions":1,"deletions":0}}}]},{"date":"2021-10-13","commitResults":[{"hash":"afeba33424ca4ab283307889ef4acbb78cbf0693","messageTitle":"Add ScheduleFilePath Path field to UserPref","messageBody":"File path is required to save schedule in a local file\n\nCreating the new Path field allows us to specify where to store the data\nfile locally.\n\nLet\u0027s create the new Path in UserPrefs as scheduleFilePath.\n","fileTypesAndContributionMap":{"functional-code":{"insertions":15,"deletions":3}}},{"hash":"1c5a75b1f83d35ece0413e45e94ad62446f6554c","messageTitle":"Create ScheduleStorage class to handle storage of schedule","messageBody":"","fileTypesAndContributionMap":{"functional-code":{"insertions":46,"deletions":0}}},{"hash":"003571b63e4e459570389693fdd551d3c8cf284d","messageTitle":"Create JSON classes to turn Schedule into JSON","messageBody":"","fileTypesAndContributionMap":{"functional-code":{"insertions":136,"deletions":0}}},{"hash":"3746f3cf281e91df3d4ec5eae1b68c0c6865d7cc","messageTitle":"Create JsonAdaptedAppointment to turn Appointment into JSON","messageBody":"","fileTypesAndContributionMap":{"functional-code":{"insertions":98,"deletions":0}}},{"hash":"ae68647f7702953cd460594dd209a4eb64f656c3","messageTitle":"Create ReadOnlySchedule to Read past Schedule data","messageBody":"","fileTypesAndContributionMap":{"functional-code":{"insertions":13,"deletions":0}}},{"hash":"a162040a631967ea483739524fbc7c7510f5f184","messageTitle":"Remove redundant method from ReadOnlyAddressBook","messageBody":"","fileTypesAndContributionMap":{"functional-code":{"insertions":0,"deletions":7}}},{"hash":"b23ef01501094f243a37083606635d7251542599","messageTitle":"Update Schedule methods","messageBody":"","fileTypesAndContributionMap":{"functional-code":{"insertions":36,"deletions":3}}},{"hash":"f0b0a4808bed000cf772d2afc8985d0ebb82421c","messageTitle":"Update StorageManager and Storage to include Schedule","messageBody":"","fileTypesAndContributionMap":{"functional-code":{"insertions":45,"deletions":3}}},{"hash":"f6ddc84ce8281436c5fa0ace73bbd66e4f1f2695","messageTitle":"Update ModelManager to include Storage","messageBody":"","fileTypesAndContributionMap":{"functional-code":{"insertions":8,"deletions":5}}},{"hash":"21c792273ebc216ee66385e1161377d1ff4acf40","messageTitle":"Comment out redundant methods for now","messageBody":"These methods were previously used for adding appointments, but should\nbe called from the Schedule class instead.\n","fileTypesAndContributionMap":{"functional-code":{"insertions":29,"deletions":30}}},{"hash":"20090b933cdc72cc1bcc75056a0b9366aea4361f","messageTitle":"Allow MainApp to get Schedule data from storage","messageBody":"","fileTypesAndContributionMap":{"functional-code":{"insertions":25,"deletions":2}}},{"hash":"8ec912d45ff317ca3d1c88825ace590116fee398","messageTitle":"Add getSchedule() method to Model Interface","messageBody":"","fileTypesAndContributionMap":{"functional-code":{"insertions":3,"deletions":0}}},{"hash":"2993beae2349dbbdf472d4592acf17958cf25cf2","messageTitle":"Implement addSchedule() method to ModelManager","messageBody":"The ReadOnlySchedule in ModelManager needs to be passed around to allow\nfor saving of the Schedule to the storage.\n","fileTypesAndContributionMap":{"functional-code":{"insertions":5,"deletions":0}}},{"hash":"362014e5519159b80074d80eb69abae1c6a2b535","messageTitle":"Update LogicManager to save Schedule after every command","messageBody":"","fileTypesAndContributionMap":{"functional-code":{"insertions":1,"deletions":0}}},{"hash":"e7f0a140fa764475e80c1bca7dea4afbec87464a","messageTitle":"Remove dead code from AddressBook","messageBody":"","fileTypesAndContributionMap":{"functional-code":{"insertions":0,"deletions":32}}},{"hash":"4f55255f171115cc63435c127edc6a2da5b4c9ef","messageTitle":"Update equals() method of ModelManager to check Appointment list","messageBody":"","fileTypesAndContributionMap":{"functional-code":{"insertions":2,"deletions":1}}},{"hash":"c4e18ac0321d303a78a787247eb58524410f0e9b","messageTitle":"Update Testing for Logic component","messageBody":"The ModelManager class now takes in a schedule, Test classes in Logic\ncomponent need to be updated to accommodate this change.\n","fileTypesAndContributionMap":{"test-code":{"insertions":45,"deletions":27}}},{"hash":"9535140dbb62cefd876eab6446cf02044c05b7b6","messageTitle":"Update StorageManagerTest class to include Schedule","messageBody":"","fileTypesAndContributionMap":{"test-code":{"insertions":18,"deletions":1}}},{"hash":"fdb73d2baf73994067788b65b63647eeae1f1395","messageTitle":"Update ScheduleTest with updated Schedule methods","messageBody":"","fileTypesAndContributionMap":{"test-code":{"insertions":6,"deletions":6}}},{"hash":"0b9b1579942206e90d423b8283614d897bec2b46","messageTitle":"Remove redundant methods from AddressBookTest","messageBody":"","fileTypesAndContributionMap":{"test-code":{"insertions":0,"deletions":12}}},{"hash":"fd55b06cb3f2aa893cd4a4754860b5792bf6eadc","messageTitle":"Update ModelManagerTest class","messageBody":"ModelManager has been updated to have a Schedule field.\n","fileTypesAndContributionMap":{"test-code":{"insertions":12,"deletions":5}}},{"hash":"e43863f571270f6ec4616835b5ec10b24fd34927","messageTitle":"Create a getTypicalSchedule() static method for testing","messageBody":"","fileTypesAndContributionMap":{"test-code":{"insertions":8,"deletions":8}}}]},{"date":"2021-10-20","commitResults":[{"hash":"67403d78fd9246f8367282f569790c56fe80bc63","messageTitle":"Update Appointment to use UniquePersonList instead of Person","messageBody":"","fileTypesAndContributionMap":{"functional-code":{"insertions":9,"deletions":9}}},{"hash":"013f2c10708d9585577012a3ee958dcc03419c3f","messageTitle":"Update AddAppCommand to create UniquePersonList for Appointment","messageBody":"","fileTypesAndContributionMap":{"functional-code":{"insertions":4,"deletions":1}}},{"hash":"9eae3f2b63fabff91d2afeec4b9c071188173714","messageTitle":"Add getClientList method to Appointment","messageBody":"An ObservableList\u003cPerson\u003e is required to handle the storage component of\nAppointment.\n\nCreating a method to return an ObservableList\u003cPerson\u003e enables us to deal\nwith the storage component easily.\n","fileTypesAndContributionMap":{"functional-code":{"insertions":6,"deletions":0}}},{"hash":"249bf13a50a5de6c47f7b56df0b5e2458e975ed9","messageTitle":"Update JsonAdaptedAppointment to use List\u003cJsonAdaptedPerson\u003e","messageBody":"","fileTypesAndContributionMap":{"functional-code":{"insertions":24,"deletions":7}}},{"hash":"c66aaed9d5aec9c173d7c9319525843fdc6f10d9","messageTitle":"Update AppointmentTest to accomdate new Appointment","messageBody":"","fileTypesAndContributionMap":{"test-code":{"insertions":18,"deletions":7}}},{"hash":"291825ab12e80f66c567e59fea983eef3a9a7eb6","messageTitle":"Update DeveloperGuide.md","messageBody":"","fileTypesAndContributionMap":{"docs":{"insertions":4,"deletions":2}}},{"hash":"569333f101e4cf661462d652e7eddaecdc971c98","messageTitle":"Enable AddAppCommand to take multiple Indexes","messageBody":"","fileTypesAndContributionMap":{"functional-code":{"insertions":40,"deletions":24}}},{"hash":"c3b96274a3ede1bed58d5ae49cf5d93da93ca7bd","messageTitle":"BugFix AddAppCommandParser","messageBody":"","fileTypesAndContributionMap":{"functional-code":{"insertions":3,"deletions":4}}},{"hash":"8d9c58f071889a7da0339290ef8ef0fe94ce15d9","messageTitle":"Update test components","messageBody":"","fileTypesAndContributionMap":{"functional-code":{"insertions":1,"deletions":1},"test-code":{"insertions":20,"deletions":6}}}]},{"date":"2021-10-21","commitResults":[{"hash":"0ed3a1165dcf17725a3199e59175e7899ebe927a","messageTitle":"Update DeveloperGuide.md","messageBody":"","fileTypesAndContributionMap":{"docs":{"insertions":11,"deletions":1}}}]},{"date":"2021-10-22","commitResults":[{"hash":"8ed2b481782f6ad283b3e7aca23a29bbc263d9d8","messageTitle":"Update UG images","messageBody":"","fileTypesAndContributionMap":{"docs":{"insertions":5,"deletions":4}}}]},{"date":"2021-10-23","commitResults":[{"hash":"d81069db60949a14ef2c26b7c1dd8c6ebfecb38a","messageTitle":"Update helpMessage URL and update UG","messageBody":"","fileTypesAndContributionMap":{"functional-code":{"insertions":1,"deletions":1},"docs":{"insertions":5,"deletions":5}}},{"hash":"23ada63ab43546e064358c7fb3d7c1f3368643f0","messageTitle":"Add error message when user adds duplicate Person","messageBody":"","fileTypesAndContributionMap":{"functional-code":{"insertions":7,"deletions":1}}},{"hash":"51b991d8cb5f619f698e4f7d0bba21f60390ceb3","messageTitle":"Improve addAppCommandTest","messageBody":"","fileTypesAndContributionMap":{"test-code":{"insertions":60,"deletions":3}}},{"hash":"97c5a5616c2cbb1c49298c38fe544cf6b6f3b6f9","messageTitle":"Fix checkstyle","messageBody":"","fileTypesAndContributionMap":{"test-code":{"insertions":3,"deletions":3}}},{"hash":"ce7e7880afb527e8bf046d204c6ae5f8d26d31c2","messageTitle":"Update ParserUtilTest.java","messageBody":"","fileTypesAndContributionMap":{"test-code":{"insertions":21,"deletions":0}}},{"hash":"6b3b73b8c21be3a83315294cd6b1a0ccf633693f","messageTitle":"Improve Appointment-related Model Test cases","messageBody":"","fileTypesAndContributionMap":{"test-code":{"insertions":29,"deletions":5}}}]},{"date":"2021-10-26","commitResults":[{"hash":"00413fe9c6221c9c99798e1b744d3df773221ee5","messageTitle":"Create JsonAdaptedTimePeriod class to handle TimePeriod Storage","messageBody":"","fileTypesAndContributionMap":{"functional-code":{"insertions":61,"deletions":2}}},{"hash":"9e5b07ca702fbd57aa6540f3b2f027aa559c5b62","messageTitle":"Update JsonAdaptedAppointment","messageBody":"JsonAdaptedAppointment needs to use JsonAdaptedTimePeriod to ensure correct storage and reading.\n","fileTypesAndContributionMap":{"functional-code":{"insertions":8,"deletions":12}}},{"hash":"6cdf53aa84ba763841826ac52c5d392f68a7fb54","messageTitle":"Update AppointmentCard to new Appointment","messageBody":"","fileTypesAndContributionMap":{"functional-code":{"insertions":44,"deletions":7}}},{"hash":"7e019bf267da84f3f5e61e74a2d8043320ff53c5","messageTitle":"Update JsonAdaptedAppointmentTest.java","messageBody":"","fileTypesAndContributionMap":{"test-code":{"insertions":8,"deletions":5}}},{"hash":"a3e4d0ba5c6eefac5d247b9bb93f93c7a474e68d","messageTitle":"Fix TimePeriod containsMoment method","messageBody":"The containsMoment method did not check for the case where the moment is equal to startDateTime or endDateTime.\n","fileTypesAndContributionMap":{"functional-code":{"insertions":2,"deletions":1}}},{"hash":"2800d00317c972c154577bc2b993d8a6ecdabfcb","messageTitle":"Update AddAppCommandTest.java","messageBody":"","fileTypesAndContributionMap":{"test-code":{"insertions":31,"deletions":0}}},{"hash":"e6cc495b837655f09af9252e3adfd5a92f094040","messageTitle":"Update AddAppCommandTest.java","messageBody":"","fileTypesAndContributionMap":{"test-code":{"insertions":4,"deletions":7}}},{"hash":"eecbce14628540602220666021932feb9fad5b9d","messageTitle":"Fix AppointmentTest","messageBody":"","fileTypesAndContributionMap":{"functional-code":{"insertions":15,"deletions":0},"test-code":{"insertions":6,"deletions":6}}},{"hash":"fac1f5b736ba81f109083a0355f5a3c0a927c6d5","messageTitle":"Fix wrong date format in DescriptionContainsKeywordsPredicateTest","messageBody":"","fileTypesAndContributionMap":{"test-code":{"insertions":1,"deletions":1}}},{"hash":"ac3bbd6f2faa72c0850ee057bfe4b449a38c4d90","messageTitle":"Update TimePeriod.java","messageBody":"","fileTypesAndContributionMap":{"functional-code":{"insertions":3,"deletions":3}}},{"hash":"db99c6a025c40312796b216a2eba42166cd784f8","messageTitle":"Update JsonAdaptedAppointmentTest.java","messageBody":"","fileTypesAndContributionMap":{"test-code":{"insertions":2,"deletions":3}}},{"hash":"50ee6cde81ae954acad17fc03120d8198159c715","messageTitle":"Fix schedule test json files","messageBody":"","fileTypesAndContributionMap":{"test-code":{"insertions":20,"deletions":12}}},{"hash":"769f018ff9b1f55374ecd375585ca15065305f24","messageTitle":"Fix checkstyle","messageBody":"","fileTypesAndContributionMap":{"functional-code":{"insertions":0,"deletions":4},"test-code":{"insertions":1,"deletions":1}}}]},{"date":"2021-10-27","commitResults":[{"hash":"299a38174c9980652b14f3d85a28c68b3371aa33","messageTitle":"Update EditAppCommand.java","messageBody":"","fileTypesAndContributionMap":{"functional-code":{"insertions":15,"deletions":21}}},{"hash":"eae967e225f59b3e7b4d36467a09ddff7674de42","messageTitle":"Update AddAppCommand.java","messageBody":"","fileTypesAndContributionMap":{"functional-code":{"insertions":4,"deletions":4}}},{"hash":"ba05e56038fc5290889d8b658da6623effd3763b","messageTitle":"Update EditAppCommandParser.java","messageBody":"","fileTypesAndContributionMap":{"functional-code":{"insertions":11,"deletions":11}}},{"hash":"346be1e5f9a6adb7803fb6f0c994315f67aacad5","messageTitle":"Update CommandTestUtil.java","messageBody":"","fileTypesAndContributionMap":{"test-code":{"insertions":5,"deletions":0}}},{"hash":"30e2a6f70225e485b970fbf980d7ab75b1297e65","messageTitle":"Update EditAppCommandTest.java","messageBody":"","fileTypesAndContributionMap":{"test-code":{"insertions":2,"deletions":3}}},{"hash":"26b1fcd2e896e53ecaee2a0945bd3c89d58d87ca","messageTitle":"Fix CheckStyle","messageBody":"","fileTypesAndContributionMap":{"test-code":{"insertions":2,"deletions":2}}}]},{"date":"2021-10-28","commitResults":[{"hash":"d753e95080e4921ff473e2d51559008dab54e786","messageTitle":"Update ModelManager.java","messageBody":"","fileTypesAndContributionMap":{"functional-code":{"insertions":1,"deletions":1}}},{"hash":"4af06b28a8a549de5920b0f356202e230e474194","messageTitle":"Update UserGuide.md","messageBody":"","fileTypesAndContributionMap":{"docs":{"insertions":1,"deletions":1}}},{"hash":"333a3c5ffd866b38a5aad26f1849865b8f2ea5bf","messageTitle":"Update UserGuide.md","messageBody":"","fileTypesAndContributionMap":{"docs":{"insertions":6,"deletions":6}}},{"hash":"49d5bc071df56a84c30a2943f1c766ac077997a0","messageTitle":"Update DeveloperGuide.md","messageBody":"","fileTypesAndContributionMap":{"docs":{"insertions":68,"deletions":34}}},{"hash":"c3f249d09b029a03213549799cb19320d0991fb0","messageTitle":"Update use cases","messageBody":"","fileTypesAndContributionMap":{"docs":{"insertions":113,"deletions":29}}},{"hash":"55ce072507e69fb9a7d836b55b4d931992170a77","messageTitle":"Update DeveloperGuide.md","messageBody":"","fileTypesAndContributionMap":{"docs":{"insertions":51,"deletions":11}}},{"hash":"563111accff04495cacc254db8de203db96d0f69","messageTitle":"Update UserGuide.md","messageBody":"","fileTypesAndContributionMap":{"docs":{"insertions":28,"deletions":11}}},{"hash":"613df22081d5c6a9e282dfa2ce655ffe05fdb8be","messageTitle":"Update UserGuide.md","messageBody":"","fileTypesAndContributionMap":{"docs":{"insertions":15,"deletions":8}}},{"hash":"c5ad981a1c5e51043377a2c9687b9e67a631b7fe","messageTitle":"Update UserGuide.md","messageBody":"","fileTypesAndContributionMap":{"docs":{"insertions":62,"deletions":9}}}]},{"date":"2021-10-29","commitResults":[{"hash":"f678efc8a8e19588f49fcb5873d40fc2a888919c","messageTitle":"Fix Checkstyle","messageBody":"","fileTypesAndContributionMap":{"functional-code":{"insertions":1,"deletions":0},"test-code":{"insertions":1,"deletions":1}}},{"hash":"e572665a4ba7c457a26a57536edcce3fbf136a91","messageTitle":"Update AddAppCommand.java","messageBody":"","fileTypesAndContributionMap":{"functional-code":{"insertions":2,"deletions":2}}},{"hash":"782a0dcdd094b07c15e3bd0ffbb4f1ee2bc631e8","messageTitle":"Update DeleteSequenceDiagram.puml","messageBody":"","fileTypesAndContributionMap":{"docs":{"insertions":1,"deletions":1}}}]}],"NecroWolf28":[{"date":"2021-09-27","commitResults":[{"hash":"dacf4f70a6ad161ec096e80d3ca279cdd8a94862","messageTitle":"Update AboutUs.md","messageBody":"","fileTypesAndContributionMap":{"docs":{"insertions":4,"deletions":4}}},{"hash":"75c2731d76d15c2efc9eec103b0cba1065ae0f1c","messageTitle":"Update AboutUs.md","messageBody":"","fileTypesAndContributionMap":{"docs":{"insertions":1,"deletions":1}}},{"hash":"9d4873dbd1675715949a7f6f41298620665735b9","messageTitle":"Update AboutUs.md","messageBody":"","fileTypesAndContributionMap":{"docs":{"insertions":1,"deletions":1}}}]},{"date":"2021-09-28","commitResults":[{"hash":"d7db865ea50edb65db29229ea971b2bfeb0955c1","messageTitle":"Update UserGuide.md","messageBody":"","fileTypesAndContributionMap":{"docs":{"insertions":14,"deletions":1}}}]},{"date":"2021-10-07","commitResults":[{"hash":"19ad41ecd78381a2103393b7c7ff3c606ea10d31","messageTitle":"Add the DelApp Command and Parser","messageBody":"","fileTypesAndContributionMap":{"functional-code":{"insertions":136,"deletions":17},"test-code":{"insertions":4,"deletions":1}}}]},{"date":"2021-10-13","commitResults":[{"hash":"124daeed94018f82c7940e4eef3aed19cbb13357","messageTitle":"Partially fix DelApp Command","messageBody":"","fileTypesAndContributionMap":{"functional-code":{"insertions":11,"deletions":15}}},{"hash":"bea2673212fc1c7392f0cde10f232ecccdbc0185","messageTitle":"Fixes DelAppCommand","messageBody":"","fileTypesAndContributionMap":{"functional-code":{"insertions":9,"deletions":26}}},{"hash":"43b93cd2b8cda2b813be959db6005d40420467fd","messageTitle":"Fix merge conflicts","messageBody":"","fileTypesAndContributionMap":{"functional-code":{"insertions":2,"deletions":7},"test-code":{"insertions":2,"deletions":4}}},{"hash":"346da63f77b4893818a69b5b5f23fd59c595ac2e","messageTitle":"Fix Checkstyle","messageBody":"","fileTypesAndContributionMap":{"functional-code":{"insertions":8,"deletions":6}}},{"hash":"5345cd5be460dc4f0b012a9386dc04ac2c4441b8","messageTitle":"Fix Checkstyle","messageBody":"","fileTypesAndContributionMap":{"functional-code":{"insertions":3,"deletions":4}}},{"hash":"ed5b1525385978e3f1812249f399f68581262174","messageTitle":"Fix Checkstyle","messageBody":"","fileTypesAndContributionMap":{"functional-code":{"insertions":5,"deletions":3}}},{"hash":"d9063b2767d1929f9c9667a0e673a7e50fa900dc","messageTitle":"Remove unnecessary getAppointment","messageBody":"","fileTypesAndContributionMap":{"functional-code":{"insertions":2,"deletions":20},"test-code":{"insertions":0,"deletions":3}}},{"hash":"fd8537b5e8c8313a16fbdd8579377cec685fdd43","messageTitle":"Fix minor issues","messageBody":"","fileTypesAndContributionMap":{"functional-code":{"insertions":0,"deletions":4},"test-code":{"insertions":1,"deletions":0}}},{"hash":"6f61165a762527252bbda5b0af4f77c3737666fd","messageTitle":"Remove the unnecessary get method from the Schedule class","messageBody":"","fileTypesAndContributionMap":{"functional-code":{"insertions":0,"deletions":7}}}]},{"date":"2021-10-21","commitResults":[{"hash":"9a518a90525b7aea45094c4a324eaa493ebc189e","messageTitle":"Add FindTagsCommand and Parser","messageBody":"","fileTypesAndContributionMap":{"functional-code":{"insertions":128,"deletions":13}}},{"hash":"2ebef4080b6e6bf6a7580a1930e23d98e6b7cbc9","messageTitle":"Fixes checkstyle","messageBody":"","fileTypesAndContributionMap":{"functional-code":{"insertions":17,"deletions":4}}}]},{"date":"2021-10-24","commitResults":[{"hash":"33fe3e2d62b27e0ad3008b6c1ddfec02eea133ba","messageTitle":"Adds FindTagsCommandTest and PersonHasTagsPredicateTest and slightly optimizes PersonHasTagsPredicate","messageBody":"","fileTypesAndContributionMap":{"functional-code":{"insertions":2,"deletions":4},"test-code":{"insertions":157,"deletions":1}}},{"hash":"859b7ae23a5343bebb139aab9577537ee7f01eea","messageTitle":"Update DG","messageBody":"","fileTypesAndContributionMap":{"docs":{"insertions":16,"deletions":0}}},{"hash":"cccff2c841e2c317b3c9e3d16e7fec43723fb5fa","messageTitle":"Fix Checkstyle","messageBody":"","fileTypesAndContributionMap":{"test-code":{"insertions":0,"deletions":1}}},{"hash":"c60a04b5e8fa5b6fc15dee01a0bbcb58bc2d943a","messageTitle":"Fix JSON testing","messageBody":"","fileTypesAndContributionMap":{"test-code":{"insertions":1,"deletions":1}}}]},{"date":"2021-10-26","commitResults":[{"hash":"86b6f1041e39ebbaef5ece3d2fb364830c4897f2","messageTitle":"Add EditAppCommand and Parser without testing","messageBody":"","fileTypesAndContributionMap":{"functional-code":{"insertions":154,"deletions":14}}},{"hash":"e34d607d913a111173430b77ec1cf2edcc58be7e","messageTitle":"Add EditAppCommand and update UG","messageBody":"","fileTypesAndContributionMap":{"docs":{"insertions":49,"deletions":7},"test-code":{"insertions":191,"deletions":0}}},{"hash":"410b3ce5c6b3afe43307e5fd94d96e6aac29652d","messageTitle":"Fix checkstyle","messageBody":"","fileTypesAndContributionMap":{"functional-code":{"insertions":1,"deletions":0}}},{"hash":"b1702cf68d94187d96d79cd621eaa56d88db9c4a","messageTitle":"Fix checkstyle","messageBody":"","fileTypesAndContributionMap":{"functional-code":{"insertions":1,"deletions":1}}},{"hash":"82e19029ba4a8d2d033ca6272ec356accb126267","messageTitle":"Fix checkstyle","messageBody":"","fileTypesAndContributionMap":{"functional-code":{"insertions":3,"deletions":0}}},{"hash":"9328691ca798ea260e9abd1e14388e7117236bcd","messageTitle":"Fix checkstyle","messageBody":"","fileTypesAndContributionMap":{"functional-code":{"insertions":1,"deletions":1}}},{"hash":"0bea1e8f27023652a2ebe2d51c6fb8f146d3ccf4","messageTitle":"Fix checkstyle","messageBody":"","fileTypesAndContributionMap":{"functional-code":{"insertions":22,"deletions":3}}},{"hash":"f2e4c5afaa709881a28dbcb5a3a7765b8319ee26","messageTitle":"Fix checkstyle","messageBody":"","fileTypesAndContributionMap":{"functional-code":{"insertions":3,"deletions":3}}},{"hash":"129cb0a64f604f773602cbd668c3b275baa0f563","messageTitle":"Fix checkstyle","messageBody":"","fileTypesAndContributionMap":{"test-code":{"insertions":13,"deletions":20}}},{"hash":"31d0a6a9f160ee92617f27805170617ad7839077","messageTitle":"Fix checkstyle","messageBody":"","fileTypesAndContributionMap":{"test-code":{"insertions":12,"deletions":36}}},{"hash":"f5af2949deb04441d3fab567b5cc57fd2799a4f5","messageTitle":"Fix checkstyle","messageBody":"","fileTypesAndContributionMap":{"test-code":{"insertions":0,"deletions":117}}}]},{"date":"2021-10-29","commitResults":[{"hash":"c6da809ceca034d3a2c934f0bb062797d9cbb15d","messageTitle":"Fix editApp","messageBody":"","fileTypesAndContributionMap":{"functional-code":{"insertions":216,"deletions":74},"test-code":{"insertions":5,"deletions":2}}},{"hash":"79946f25026aaf7328979211bd02efdf6b1f62b0","messageTitle":"Fix checkstyle","messageBody":"","fileTypesAndContributionMap":{"functional-code":{"insertions":9,"deletions":14}}},{"hash":"ff2eb3137753309a2a73289d89fe555085b482d0","messageTitle":"Fix checkstyle","messageBody":"","fileTypesAndContributionMap":{"functional-code":{"insertions":0,"deletions":5}}},{"hash":"d2d6959b8814b98ae87e8b7322dfb40dc86dc2c5","messageTitle":"Fix checkstyle","messageBody":"","fileTypesAndContributionMap":{"test-code":{"insertions":5,"deletions":0}}},{"hash":"4acc29123d76a6f86c7a9ceee5e6ec12d7e03e31","messageTitle":"Fix checkstyle","messageBody":"","fileTypesAndContributionMap":{"test-code":{"insertions":5,"deletions":0}}},{"hash":"95f2acebcb16fc154d81b47fca37bfab108ba5d7","messageTitle":"Fix checkstyle, leave EditAppCommandTest to v1.4","messageBody":"","fileTypesAndContributionMap":{"test-code":{"insertions":1,"deletions":3}}},{"hash":"8c4359cf3663d3c70db07e666a67a518a7e9d3c9","messageTitle":"Fix checkstyle","messageBody":"","fileTypesAndContributionMap":{"test-code":{"insertions":1,"deletions":1}}},{"hash":"9c618b1d1ed0a0ad81e6141a409791c7ba46b19f","messageTitle":"Fix checkstyle","messageBody":"","fileTypesAndContributionMap":{"test-code":{"insertions":1,"deletions":2}}},{"hash":"b60aa91d968f94067bfcd4fe4b38ddd5c2f4a42d","messageTitle":"Fix checkstyle","messageBody":"","fileTypesAndContributionMap":{"test-code":{"insertions":0,"deletions":35}}},{"hash":"ae958d0f948447eac15f182b39486c626b5b3dbc","messageTitle":"Add FAQ","messageBody":"","fileTypesAndContributionMap":{"docs":{"insertions":15,"deletions":1}}},{"hash":"363374a9ce29d95be2a1fbbc36d29c247c87a86c","messageTitle":"Add Commands breakdown","messageBody":"","fileTypesAndContributionMap":{"docs":{"insertions":24,"deletions":0}}},{"hash":"fd9eefdc404e34b516755223655e55207cd22d3e","messageTitle":"Change incorrect constant","messageBody":"","fileTypesAndContributionMap":{"functional-code":{"insertions":1,"deletions":1}}}]}]},"authorFileTypeContributionMap":{"Li-Lehao":{"docs":13,"functional-code":516,"test-code":324},"tchiong":{"docs":266,"functional-code":234,"test-code":419},"YaleChen299":{"docs":145,"functional-code":1632,"test-code":620,"other":7},"nwhloo99":{"docs":361,"functional-code":763,"test-code":326},"NecroWolf28":{"docs":106,"functional-code":442,"test-code":158}},"authorContributionVariance":{"Li-Lehao":6101.918,"tchiong":16508.781,"YaleChen299":188191.7,"nwhloo99":18805.348,"NecroWolf28":14808.382},"authorDisplayNameMap":{"Li-Lehao":"CS2103T-T12-3 LI L..EHAO","tchiong":"CS2103T-T12-3 YAP ..IONG","YaleChen299":"CS2103T-T12-3 CHEN..ANYU","nwhloo99":"CS2103T-T12-3 NICH..-HAO","NecroWolf28":"CS2103T-T12-3 CHAI..MENG"}}
