{"authorDailyContributionsMap":{"Li-Lehao":[{"date":"2021-09-27","commitResults":[{"hash":"45325185ef751e87aa520872e8f50d19796e5714","messageTitle":"Update aboutUs.md with own photo","messageBody":"","fileTypesAndContributionMap":{"docs":{"insertions":2,"deletions":2}}}]}],"tchiong":[{"date":"2021-09-27","commitResults":[{"hash":"1976850fc381e0fefece1a9f85c9dd0a251201fe","messageTitle":"Update aboutUs.md with own photo","messageBody":"","fileTypesAndContributionMap":{"docs":{"insertions":3,"deletions":3}}}]}],"YaleChen299":[{"date":"2021-09-27","commitResults":[{"hash":"f97a66a1e77da681155a596cedca87da74fda95f","messageTitle":"Update AboutUs.md","messageBody":"","fileTypesAndContributionMap":{"docs":{"insertions":12,"deletions":12}}},{"hash":"a0b2468d6b9383a9680cea642b62c93cc8143f20","messageTitle":"Update README.md","messageBody":"","fileTypesAndContributionMap":{"docs":{"insertions":4,"deletions":11}}},{"hash":"afecb568631a7740ecf9324cf9a4e5ebba527c51","messageTitle":"Update AboutUs.md","messageBody":"","fileTypesAndContributionMap":{"docs":{"insertions":4,"deletions":4}}}]}],"nwhloo99":[{"date":"2021-09-27","commitResults":[{"hash":"f32e15608d398ad4f12fefefbc4fd68b5b35793b","messageTitle":"Update aboutUs.md with own photo","messageBody":"","fileTypesAndContributionMap":{"docs":{"insertions":3,"deletions":3}}},{"hash":"9d63989b516454563e7c62fa76d579854c135962","messageTitle":"Add addApp feature to UserGuide","messageBody":"","fileTypesAndContributionMap":{"docs":{"insertions":11,"deletions":0}}}]}],"NecroWolf28":[]},"authorFileTypeContributionMap":{"Li-Lehao":{"docs":2,"functional-code":0,"test-code":0},"tchiong":{"docs":3,"functional-code":0,"test-code":0},"YaleChen299":{"docs":16,"functional-code":0,"test-code":0},"nwhloo99":{"docs":14,"functional-code":0,"test-code":0},"NecroWolf28":{"docs":0,"functional-code":0,"test-code":0}},"authorContributionVariance":{"Li-Lehao":1.322314,"tchiong":2.9752066,"YaleChen299":182.56198,"nwhloo99":23.8843,"NecroWolf28":0.0},"authorDisplayNameMap":{"Li-Lehao":"CS2103T-T12-3 LI L..EHAO","tchiong":"CS2103T-T12-3 YAP ..IONG","YaleChen299":"CS2103T-T12-3 CHEN..ANYU","nwhloo99":"CS2103T-T12-3 NICH..-HAO","NecroWolf28":"CS2103T-T12-3 CHAI..MENG"}}
