{"authorDailyContributionsMap":{"kaixin-hc":[{"date":"2021-09-29","commitResults":[{"hash":"a8562afe345a9ad224963abdd59975d9d6bf89d8","messageTitle":"Docs, Chore: Update UG + AboutUs + Readme","messageBody":"Also updates the file where the data is saved to notor.json rather than addressbook.json\n","fileTypesAndContributionMap":{"functional-code":{"insertions":1,"deletions":1},"docs":{"insertions":298,"deletions":98},"test-code":{"insertions":2,"deletions":2}}},{"hash":"543b473fc2172184f4b96a2746d3b47e7e98991a","messageTitle":"Docs: update UG","messageBody":"Fixes #41 and #42\n","fileTypesAndContributionMap":{"docs":{"insertions":31,"deletions":9}}},{"hash":"92d0baa54b996eeca7c85075a78d29f3d87a9117","messageTitle":"Docs: set up portfolio pages + update About Us","messageBody":"Refactored Jonathan\u0027s photo to follow guidelines\nNote that portfolio pages are in a WIP state till the end of the project.\n","fileTypesAndContributionMap":{"docs":{"insertions":150,"deletions":5}}},{"hash":"593a53786e1fbc3f695d14d29dde966731c018b0","messageTitle":"Chore: Fix whitespace errors and reformat code","messageBody":"","fileTypesAndContributionMap":{"docs":{"insertions":636,"deletions":380}}},{"hash":"2f8b0f2c038e00f19a2f896cca1615f49c994cb5","messageTitle":"Chore: Update JsonUserPrefsStorageTest to use notor.json filepath","messageBody":"","fileTypesAndContributionMap":{"test-code":{"insertions":1,"deletions":1}}}]}],"elroygohjy":[],"HalphasX":[],"EltonGohJH":[],"Yukun99":[{"date":"2021-09-22","commitResults":[{"hash":"eeb9b004ccff0ccd4447af67610ce4c4d7bcc194","messageTitle":"Add Tries","messageBody":"Right now, we do not have the ability to make prompt users when entering tags and commands.\n\nTo support this functionality, we add a Trie data structure to handle fetching of autocorrected text.\n\nThis allows users to be guided through the commands in early use.\n","fileTypesAndContributionMap":{"functional-code":{"insertions":197,"deletions":1}}}]},{"date":"2021-09-23","commitResults":[{"hash":"d739098c1ef54998b7287b7ec6e53019a26aebab","messageTitle":"Fix Checkstyle Errors","messageBody":"","fileTypesAndContributionMap":{"functional-code":{"insertions":10,"deletions":11}}}]},{"date":"2021-09-25","commitResults":[{"hash":"62e8aa9eda204e76766735e52a2ef5678e648a72","messageTitle":"Add Note Command","messageBody":"Right now, we cannot take notes on people in the Address Book, which some users may want to do.\n\nTo fix this, we add a new class Note to add a note field to the person model, as well as NoteCommand and NoteCommandParser to handle the new note command. Finally, we edit our other classes to support the operations required to process, track and save notes.\n\nThis allows users to put down a simple note for each of the people in the Address Book, to further identify them.\n","fileTypesAndContributionMap":{"functional-code":{"insertions":237,"deletions":26},"test-code":{"insertions":221,"deletions":17}}},{"hash":"6598870f2fe0b92c19ec08087bf31e60146653e5","messageTitle":"Fix Checkstyle Errors","messageBody":"","fileTypesAndContributionMap":{"functional-code":{"insertions":34,"deletions":21},"test-code":{"insertions":1,"deletions":1}}},{"hash":"aab4b8be6515c1c52246a40f7c63a42db057b705","messageTitle":"Fix Checkstyle Errors","messageBody":"","fileTypesAndContributionMap":{"test-code":{"insertions":46,"deletions":41}}},{"hash":"1cad3efba304585b2257ae0522b880217d6acdc0","messageTitle":"Fix Checkstyle Errors","messageBody":"","fileTypesAndContributionMap":{"test-code":{"insertions":2,"deletions":6}}},{"hash":"ed7cd4c7a6e478e19dd5735862cf87abe9c29045","messageTitle":"Fix Assertion Error","messageBody":"","fileTypesAndContributionMap":{"test-code":{"insertions":1,"deletions":0}}}]},{"date":"2021-09-26","commitResults":[{"hash":"653db7420619634e536929c2259ed66bceaa6af1","messageTitle":"Remove Address Field","messageBody":"We do not require the address field in newly created person objects, since professors do not need to keep track of their mentees\u0027 addresses.\n\nFix code style issues.\n","fileTypesAndContributionMap":{"functional-code":{"insertions":34,"deletions":167},"test-code":{"insertions":138,"deletions":298}}}]},{"date":"2021-09-27","commitResults":[{"hash":"7716a90dbc71065cc2b3cdfaa19939fa16d7cbe5","messageTitle":"Fix Testing Errors","messageBody":"","fileTypesAndContributionMap":{"test-code":{"insertions":33,"deletions":34}}}]},{"date":"2021-09-29","commitResults":[{"hash":"b07da9e5670b9acd1b6ef0d3c471b7bb040c09c5","messageTitle":"Delete RemovingFields.md","messageBody":"","fileTypesAndContributionMap":{"docs":{"insertions":0,"deletions":133}}},{"hash":"d5b1670e080947401aebb65487893cd540583ca5","messageTitle":"Delete AddRemark.md","messageBody":"","fileTypesAndContributionMap":{"docs":{"insertions":0,"deletions":450}}}]},{"date":"2021-09-30","commitResults":[{"hash":"330ef6ec9d1146df21f68a6bc42f2a5a5e50c75e","messageTitle":"Add User Stories and Use Cases to Developer Guide","messageBody":"","fileTypesAndContributionMap":{"docs":{"insertions":121,"deletions":178}}}]},{"date":"2021-10-01","commitResults":[{"hash":"3278afaa0441247479ace6c8f9375754ba683da8","messageTitle":"Update Developer Guide","messageBody":"","fileTypesAndContributionMap":{"docs":{"insertions":19,"deletions":19}}}]}]},"authorFileTypeContributionMap":{"kaixin-hc":{"docs":766,"functional-code":1,"test-code":3,"other":660},"elroygohjy":{"docs":0,"functional-code":0,"test-code":0},"HalphasX":{"docs":0,"functional-code":0,"test-code":0},"EltonGohJH":{"docs":0,"functional-code":0,"test-code":0},"Yukun99":{"docs":120,"functional-code":442,"test-code":413}},"authorContributionVariance":{"kaixin-hc":162289.55,"elroygohjy":0.0,"HalphasX":0.0,"EltonGohJH":0.0,"Yukun99":59512.375},"authorDisplayNameMap":{"kaixin-hc":"CS2103T-W08-1 HANN.. XIN","elroygohjy":"CS2103T-W08-1 ELRO..YING","HalphasX":"CS2103T-W08-1 JONA..KWOK","EltonGohJH":"CS2103T-W08-1 ELTO.. HAO","Yukun99":"CS2103T-W08-1 XU Y..UKUN"}}
