{"authorDailyContributionsMap":{"tau-bar":[{"date":"2021-09-28","commitResults":[{"hash":"54b60fb9dfa0366fee3cdf25dca0b0ffd8f1fbf1","messageTitle":"Fix #6","messageBody":"","fileTypesAndContributionMap":{"docs":{"insertions":4,"deletions":0}}},{"hash":"c38d75fff35242dc4bb4c5c4206e21826b3e0000","messageTitle":"Fix #6","messageBody":"","fileTypesAndContributionMap":{"docs":{"insertions":1,"deletions":1}}},{"hash":"aa90974b517e7096a50e80f573cfda3355f6bcfd","messageTitle":"Fix #7","messageBody":"","fileTypesAndContributionMap":{"docs":{"insertions":6,"deletions":8}}},{"hash":"0d67365f5fa8831170d07e8c889499bd6de5589e","messageTitle":"Fix #17","messageBody":"","fileTypesAndContributionMap":{"docs":{"insertions":15,"deletions":21}}},{"hash":"41772d6d01c9fbf91cc03227b49a2f5a663a3963","messageTitle":"Remove 2 extra columns","messageBody":"","fileTypesAndContributionMap":{"docs":{"insertions":8,"deletions":8}}}]},{"date":"2021-09-29","commitResults":[{"hash":"79df2a978ea78a6b45949aa1072b2076050e8018","messageTitle":"Add about me, update command summary for delete command","messageBody":"","fileTypesAndContributionMap":{"docs":{"insertions":37,"deletions":6}}},{"hash":"128b1fb8443ac8d4824831b7a078214637b37c4c","messageTitle":"Change from jpg to png","messageBody":"","fileTypesAndContributionMap":{"docs":{"insertions":1,"deletions":1}}},{"hash":"5632846152fc2c52453d244bcb2425b30f15828d","messageTitle":"Rename image to github username","messageBody":"","fileTypesAndContributionMap":{"docs":{"insertions":1,"deletions":1}}}]}],"MarcusTXK":[{"date":"2021-09-29","commitResults":[{"hash":"443e8aea2389c46d4100edcd5283bd270d5a8998","messageTitle":"Update AboutUs.md and Add profile photo","messageBody":"","fileTypesAndContributionMap":{"docs":{"insertions":39,"deletions":11}}},{"hash":"f791548b720422bb1d9b06f91726f0b19bbb8c0e","messageTitle":"Update UserGuide.md and Add image for list friend and game","messageBody":"","fileTypesAndContributionMap":{"docs":{"insertions":48,"deletions":39}}},{"hash":"0773294fc3a82b8c4a07910e4b47555289cb51e7","messageTitle":"Update developer guide use case and target user profiles","messageBody":"","fileTypesAndContributionMap":{"docs":{"insertions":44,"deletions":6}}},{"hash":"2db1802aa3f8b779936aa52febf34ab456687a27","messageTitle":"Update developer guide target user profile","messageBody":"","fileTypesAndContributionMap":{"docs":{"insertions":1,"deletions":1}}}]}],"LZher385":[{"date":"2021-09-29","commitResults":[{"hash":"6d0204be86de9f866b37df1a0f241aae9162eb98","messageTitle":"Update AboutUs.md, add profile photo and update project title in _base.scss","messageBody":"","fileTypesAndContributionMap":{"docs":{"insertions":37,"deletions":54}}},{"hash":"9b42b52cc10af86f4ceb4b72d16f7df56639c3ff","messageTitle":"Add get command to User Guide","messageBody":"","fileTypesAndContributionMap":{"docs":{"insertions":16,"deletions":16}}},{"hash":"caefbf04e22a0f860bf2b004da6c127beff56286","messageTitle":"Add Glossary and \"link\" use case to Developer Guide","messageBody":"","fileTypesAndContributionMap":{"docs":{"insertions":26,"deletions":1}}},{"hash":"f2cbe198e10f12937a2c8d17a26ba43d1c599fd1","messageTitle":"Update command summary in User Guide","messageBody":"","fileTypesAndContributionMap":{"docs":{"insertions":2,"deletions":0}}},{"hash":"cab5a9d0fc84b785a5b598ab2641f318c0ffd63d","messageTitle":"Update New Features in lzher385.md","messageBody":"","fileTypesAndContributionMap":{"docs":{"insertions":0,"deletions":5}}}]}],"YeluriKetan":[{"date":"2021-09-30","commitResults":[{"hash":"bf9cc307480ca8f001ae8875f04f9f9d1bc40bfd","messageTitle":"Add images to AboutUs, UG, README","messageBody":"Add @YeluriKetan info in AboutUs.\nCreate and add logo to UG and README.\n","fileTypesAndContributionMap":{"docs":{"insertions":53,"deletions":3}}},{"hash":"0f3cd82dbe9579b090b7117193f9388b1c5c04c7","messageTitle":"Update Intro, ToC, FAQ to UG","messageBody":"Update introduction, table of contents, quick start,\nfrequently asked questions and command summary to the User Guide.\n","fileTypesAndContributionMap":{"docs":{"insertions":40,"deletions":25}}},{"hash":"c35e68783e1a26b165c02117b20cbe4d5a5b2deb","messageTitle":"Delete sample portfolio page","messageBody":"","fileTypesAndContributionMap":{"docs":{"insertions":0,"deletions":46}}},{"hash":"79a4809d2add284c810a9e45d1013a2fc6460127","messageTitle":"Update ToC for auto generation","messageBody":"","fileTypesAndContributionMap":{"docs":{"insertions":2,"deletions":16}}},{"hash":"d4725afa00f16868d7737ff11c774976babd1240","messageTitle":"Update use cases, NFR in DG","messageBody":"","fileTypesAndContributionMap":{"docs":{"insertions":32,"deletions":11}}},{"hash":"0530ef5df5ee145516bfaab9d5e280cf993a2ebf","messageTitle":"Fix trailing whitespace issues for CI","messageBody":"","fileTypesAndContributionMap":{"docs":{"insertions":57,"deletions":58}}}]}],"kevin9foong":[{"date":"2021-09-29","commitResults":[{"hash":"bbb66166c7417fdde9c88c03059d8addc23cb210","messageTitle":"Update README link and description and add about me","messageBody":"","fileTypesAndContributionMap":{"docs":{"insertions":58,"deletions":18}}},{"hash":"6f9ba019e71fd414e521c91fa27c3f78def41b70","messageTitle":"User guide update","messageBody":"","fileTypesAndContributionMap":{"docs":{"insertions":66,"deletions":47}}},{"hash":"8ffe6cfd8ea226673014d17646e505c86e79dce7","messageTitle":"Add use case for add friend and value proposition","messageBody":"","fileTypesAndContributionMap":{"docs":{"insertions":32,"deletions":8}}},{"hash":"947a113505382b24fce3e6711c400a1ccafa16e4","messageTitle":"Update team markdown","messageBody":"","fileTypesAndContributionMap":{"docs":{"insertions":2,"deletions":2}}}]},{"date":"2021-10-06","commitResults":[{"hash":"bb253cd2f79e9bff33621502bde32c9263283929","messageTitle":"Refactor codebase to include Friend and Game for gitGud","messageBody":"","fileTypesAndContributionMap":{"functional-code":{"insertions":950,"deletions":1208},"other":{"insertions":105,"deletions":110},"docs":{"insertions":10,"deletions":8},"test-code":{"insertions":1359,"deletions":1809}}}]}]},"authorFileTypeContributionMap":{"tau-bar":{"docs":48,"functional-code":0,"test-code":0},"MarcusTXK":{"docs":99,"functional-code":0,"test-code":0},"LZher385":{"docs":69,"functional-code":0,"test-code":0,"other":1},"YeluriKetan":{"docs":105,"functional-code":0,"test-code":0},"kevin9foong":{"docs":131,"functional-code":1009,"test-code":1405}},"authorContributionVariance":{"tau-bar":334.24747,"MarcusTXK":1696.7468,"LZher385":1170.8276,"YeluriKetan":5588.3286,"kevin9foong":1463970.2},"authorDisplayNameMap":{"tau-bar":"CS2103T-W13-4 TAUF..HMAN","MarcusTXK":"CS2103T-W13-4 MARC.. KYE","LZher385":"CS2103T-W13-4 LIM ..ZHER","YeluriKetan":"CS2103T-W13-4 YELU..ETAN","kevin9foong":"CS2103T-W13-4 KEVI..TONG"}}
