[{"path":"README.md","fileType":"docs","lines":[{"lineNumber":1,"author":{"gitId":"Moley456"},"content":"[![CI Status](https://github.com/AY2122S1-CS2103T-W12-1/tp/actions/workflows/gradle.yml/badge.svg)](https://github.com/AY2122S1-CS2103T-W12-1/tp/actions/workflows/gradle.yml)","lastModifiedDate":"2021-09-27"},{"lineNumber":2,"author":{"gitId":"Moley456"},"content":"","lastModifiedDate":"2021-09-27"},{"lineNumber":3,"author":{"gitId":"Moley456"},"content":"# SportsPA","lastModifiedDate":"2021-09-27"},{"lineNumber":4,"author":{"gitId":"Moley456"},"content":"","lastModifiedDate":"2021-09-27"},{"lineNumber":5,"author":{"gitId":"Moley456"},"content":"SportsPA is a desktop application used to manage membership and training sessions of NUS sports CCAs.","lastModifiedDate":"2021-09-27"},{"lineNumber":6,"author":{"gitId":"-"},"content":"","lastModifiedDate":"2020-05-23"},{"lineNumber":7,"author":{"gitId":"-"},"content":"![Ui](docs/images/Ui.png)","lastModifiedDate":"2020-05-23"},{"lineNumber":8,"author":{"gitId":"-"},"content":"","lastModifiedDate":"2020-05-23"},{"lineNumber":9,"author":{"gitId":"Moley456"},"content":"SportsPA is","lastModifiedDate":"2021-09-27"},{"lineNumber":10,"author":{"gitId":"Moley456"},"content":"* text-based","lastModifiedDate":"2021-09-27"},{"lineNumber":11,"author":{"gitId":"Moley456"},"content":"* Easy to use","lastModifiedDate":"2021-09-27"},{"lineNumber":12,"author":{"gitId":"Moley456"},"content":"* Simple UI","lastModifiedDate":"2021-09-27"},{"lineNumber":13,"author":{"gitId":"Moley456"},"content":"* Fast to use","lastModifiedDate":"2021-09-27"},{"lineNumber":14,"author":{"gitId":"Moley456"},"content":"","lastModifiedDate":"2021-09-27"},{"lineNumber":15,"author":{"gitId":"Moley456"},"content":"Use SportsPA to","lastModifiedDate":"2021-09-27"},{"lineNumber":16,"author":{"gitId":"Moley456"},"content":"* track member contact information, attendance and availability","lastModifiedDate":"2021-09-27"},{"lineNumber":17,"author":{"gitId":"Moley456"},"content":"* track booked facilities","lastModifiedDate":"2021-09-27"},{"lineNumber":18,"author":{"gitId":"Moley456"},"content":"* allocate members to different locations for training sessions","lastModifiedDate":"2021-09-27"},{"lineNumber":19,"author":{"gitId":"Moley456"},"content":"","lastModifiedDate":"2021-09-27"},{"lineNumber":20,"author":{"gitId":"Moley456"},"content":"View detailed documentation of SportsPA [here](https://ay2122s1-cs2103t-w12-1.github.io/tp/)","lastModifiedDate":"2021-09-27"},{"lineNumber":21,"author":{"gitId":"Moley456"},"content":"","lastModifiedDate":"2021-09-27"},{"lineNumber":22,"author":{"gitId":"Moley456"},"content":"This project is based on the AddressBook-Level3 project created by the [SE-EDU initiative](https://se-education.org).","lastModifiedDate":"2021-09-27"}],"authorContributionMap":{"Moley456":19,"-":3}},{"path":"docs/AboutUs.md","fileType":"docs","lines":[{"lineNumber":1,"author":{"gitId":"-"},"content":"---","lastModifiedDate":"2020-05-23"},{"lineNumber":2,"author":{"gitId":"-"},"content":"layout: page","lastModifiedDate":"2020-05-23"},{"lineNumber":3,"author":{"gitId":"-"},"content":"title: About Us","lastModifiedDate":"2020-05-23"},{"lineNumber":4,"author":{"gitId":"-"},"content":"---","lastModifiedDate":"2020-05-23"},{"lineNumber":5,"author":{"gitId":"-"},"content":"","lastModifiedDate":"2020-05-23"},{"lineNumber":6,"author":{"gitId":"-"},"content":"We are a team based in the [School of Computing, National University of Singapore](http://www.comp.nus.edu.sg).","lastModifiedDate":"2020-05-23"},{"lineNumber":7,"author":{"gitId":"-"},"content":"","lastModifiedDate":"2020-05-23"},{"lineNumber":8,"author":{"gitId":"-"},"content":"You can reach us at the email `seer[at]comp.nus.edu.sg`","lastModifiedDate":"2020-06-17"},{"lineNumber":9,"author":{"gitId":"-"},"content":"","lastModifiedDate":"2020-06-17"},{"lineNumber":10,"author":{"gitId":"-"},"content":"## Project team","lastModifiedDate":"2020-06-07"},{"lineNumber":11,"author":{"gitId":"-"},"content":"","lastModifiedDate":"2020-05-23"},{"lineNumber":12,"author":{"gitId":"Shruthi0310"},"content":"### Shruthi","lastModifiedDate":"2021-09-27"},{"lineNumber":13,"author":{"gitId":"-"},"content":"","lastModifiedDate":"2020-05-23"},{"lineNumber":14,"author":{"gitId":"Shruthi0310"},"content":"\u003cimg src\u003d\"images/shruthi0310.png\" width\u003d\"200px\"\u003e","lastModifiedDate":"2021-09-27"},{"lineNumber":15,"author":{"gitId":"-"},"content":"","lastModifiedDate":"2020-05-23"},{"lineNumber":16,"author":{"gitId":"Shruthi0310"},"content":"[[github](https://github.com/shruthi0310)]","lastModifiedDate":"2021-09-27"},{"lineNumber":17,"author":{"gitId":"-"},"content":"[[portfolio](team/johndoe.md)]","lastModifiedDate":"2020-05-23"},{"lineNumber":18,"author":{"gitId":"-"},"content":"","lastModifiedDate":"2020-05-23"},{"lineNumber":19,"author":{"gitId":"-"},"content":"* Role: Project Advisor","lastModifiedDate":"2020-05-23"},{"lineNumber":20,"author":{"gitId":"-"},"content":"","lastModifiedDate":"2020-05-23"},{"lineNumber":21,"author":{"gitId":"felix-ong"},"content":"### Felix Ong","lastModifiedDate":"2021-09-27"},{"lineNumber":22,"author":{"gitId":"-"},"content":"","lastModifiedDate":"2020-05-23"},{"lineNumber":23,"author":{"gitId":"felix-ong"},"content":"\u003cimg src\u003d\"images/felix-ong.png\" width\u003d\"200px\"\u003e","lastModifiedDate":"2021-09-27"},{"lineNumber":24,"author":{"gitId":"-"},"content":"","lastModifiedDate":"2020-05-23"},{"lineNumber":25,"author":{"gitId":"felix-ong"},"content":"[[github](http://github.com/felix-ong)]","lastModifiedDate":"2021-09-27"},{"lineNumber":26,"author":{"gitId":"felix-ong"},"content":"[[portfolio](team/felix-ong.md)]","lastModifiedDate":"2021-09-27"},{"lineNumber":27,"author":{"gitId":"-"},"content":"","lastModifiedDate":"2020-05-23"},{"lineNumber":28,"author":{"gitId":"-"},"content":"* Role: Team Lead","lastModifiedDate":"2020-05-23"},{"lineNumber":29,"author":{"gitId":"-"},"content":"* Responsibilities: UI","lastModifiedDate":"2020-05-23"},{"lineNumber":30,"author":{"gitId":"-"},"content":"","lastModifiedDate":"2020-05-23"},{"lineNumber":31,"author":{"gitId":"Moley456"},"content":"### Xing Wei","lastModifiedDate":"2021-09-27"},{"lineNumber":32,"author":{"gitId":"-"},"content":"","lastModifiedDate":"2020-05-23"},{"lineNumber":33,"author":{"gitId":"Moley456"},"content":"\u003cimg src\u003d\"images/moley456.png\" width\u003d\"200px\"\u003e","lastModifiedDate":"2021-09-27"},{"lineNumber":34,"author":{"gitId":"-"},"content":"","lastModifiedDate":"2020-05-23"},{"lineNumber":35,"author":{"gitId":"Moley456"},"content":"[[github](http://github.com/Moley456)]","lastModifiedDate":"2021-09-27"},{"lineNumber":36,"author":{"gitId":"Moley456"},"content":"[[portfolio](team/Moley456.md)]","lastModifiedDate":"2021-09-27"},{"lineNumber":37,"author":{"gitId":"-"},"content":"","lastModifiedDate":"2020-05-23"},{"lineNumber":38,"author":{"gitId":"-"},"content":"* Role: Developer","lastModifiedDate":"2020-05-23"},{"lineNumber":39,"author":{"gitId":"-"},"content":"* Responsibilities: Data","lastModifiedDate":"2020-05-23"},{"lineNumber":40,"author":{"gitId":"-"},"content":"","lastModifiedDate":"2020-05-23"},{"lineNumber":41,"author":{"gitId":"YoYoCiti"},"content":"### Seow Xiu Wen","lastModifiedDate":"2021-09-27"},{"lineNumber":42,"author":{"gitId":"-"},"content":"","lastModifiedDate":"2020-05-23"},{"lineNumber":43,"author":{"gitId":"YoYoCiti"},"content":"\u003cimg src\u003d\"images/yoyociti.png\" width\u003d\"200px\"\u003e","lastModifiedDate":"2021-09-27"},{"lineNumber":44,"author":{"gitId":"-"},"content":"","lastModifiedDate":"2020-05-23"},{"lineNumber":45,"author":{"gitId":"YoYoCiti"},"content":"[[github](http://github.com/YoYoCiti)]","lastModifiedDate":"2021-09-27"},{"lineNumber":46,"author":{"gitId":"-"},"content":"[[portfolio](team/johndoe.md)]","lastModifiedDate":"2020-05-23"},{"lineNumber":47,"author":{"gitId":"-"},"content":"","lastModifiedDate":"2020-05-23"},{"lineNumber":48,"author":{"gitId":"-"},"content":"* Role: Developer","lastModifiedDate":"2020-05-23"},{"lineNumber":49,"author":{"gitId":"-"},"content":"* Responsibilities: Dev Ops + Threading","lastModifiedDate":"2020-05-23"},{"lineNumber":50,"author":{"gitId":"-"},"content":"","lastModifiedDate":"2020-05-23"},{"lineNumber":51,"author":{"gitId":"tsinyee"},"content":"### Teo Sin Yee","lastModifiedDate":"2021-09-27"},{"lineNumber":52,"author":{"gitId":"-"},"content":"","lastModifiedDate":"2020-05-23"},{"lineNumber":53,"author":{"gitId":"tsinyee"},"content":"\u003cimg src\u003d\"images/tsinyee.png\" width\u003d\"200px\"\u003e","lastModifiedDate":"2021-09-27"},{"lineNumber":54,"author":{"gitId":"-"},"content":"","lastModifiedDate":"2020-05-23"},{"lineNumber":55,"author":{"gitId":"tsinyee"},"content":"[[github](http://github.com/tsinyee)]","lastModifiedDate":"2021-09-27"},{"lineNumber":56,"author":{"gitId":"-"},"content":"[[portfolio](team/johndoe.md)]","lastModifiedDate":"2020-05-23"},{"lineNumber":57,"author":{"gitId":"-"},"content":"","lastModifiedDate":"2020-05-23"},{"lineNumber":58,"author":{"gitId":"-"},"content":"* Role: Developer","lastModifiedDate":"2020-05-23"},{"lineNumber":59,"author":{"gitId":"-"},"content":"* Responsibilities: UI","lastModifiedDate":"2020-05-23"}],"authorContributionMap":{"YoYoCiti":3,"Shruthi0310":3,"Moley456":4,"-":42,"felix-ong":4,"tsinyee":3}},{"path":"docs/UserGuide.md","fileType":"docs","lines":[{"lineNumber":1,"author":{"gitId":"-"},"content":"---","lastModifiedDate":"2020-05-23"},{"lineNumber":2,"author":{"gitId":"-"},"content":"layout: page","lastModifiedDate":"2021-09-28"},{"lineNumber":3,"author":{"gitId":"-"},"content":"title: User Guide","lastModifiedDate":"2021-09-28"},{"lineNumber":4,"author":{"gitId":"-"},"content":"---","lastModifiedDate":"2020-05-23"},{"lineNumber":5,"author":{"gitId":"-"},"content":"","lastModifiedDate":"2020-05-23"},{"lineNumber":6,"author":{"gitId":"Shruthi0310"},"content":"SportsPA is a desktop application used to manage membership and training sessions of NUS sports CCAs.","lastModifiedDate":"2021-09-28"},{"lineNumber":7,"author":{"gitId":"-"},"content":"","lastModifiedDate":"2021-09-28"},{"lineNumber":8,"author":{"gitId":"-"},"content":"* Table of Contents","lastModifiedDate":"2021-09-28"},{"lineNumber":9,"author":{"gitId":"-"},"content":"{:toc}","lastModifiedDate":"2021-09-28"},{"lineNumber":10,"author":{"gitId":"-"},"content":"","lastModifiedDate":"2020-05-23"},{"lineNumber":11,"author":{"gitId":"Shruthi0310"},"content":"_____________________________________________________________________________________________________________","lastModifiedDate":"2021-09-28"},{"lineNumber":12,"author":{"gitId":"-"},"content":"","lastModifiedDate":"2020-05-23"},{"lineNumber":13,"author":{"gitId":"-"},"content":"## Quick start","lastModifiedDate":"2020-05-23"},{"lineNumber":14,"author":{"gitId":"-"},"content":"","lastModifiedDate":"2020-05-23"},{"lineNumber":15,"author":{"gitId":"-"},"content":"1. Ensure you have Java `11` or above installed in your Computer.","lastModifiedDate":"2020-05-23"},{"lineNumber":16,"author":{"gitId":"-"},"content":"","lastModifiedDate":"2020-05-23"},{"lineNumber":17,"author":{"gitId":"Shruthi0310"},"content":"1. Download the latest `SportsPA.jar` (coming soon).","lastModifiedDate":"2021-09-28"},{"lineNumber":18,"author":{"gitId":"-"},"content":"","lastModifiedDate":"2020-05-23"},{"lineNumber":19,"author":{"gitId":"YoYoCiti"},"content":"1. Copy the file to the folder you want to use as the _home folder_ for SportsPA.","lastModifiedDate":"2021-09-28"},{"lineNumber":20,"author":{"gitId":"-"},"content":"","lastModifiedDate":"2020-05-23"},{"lineNumber":21,"author":{"gitId":"-"},"content":"1. Double-click the file to start the app. The GUI similar to the below should appear in a few seconds. Note how the app contains some sample data.\u003cbr\u003e","lastModifiedDate":"2020-05-23"},{"lineNumber":22,"author":{"gitId":"-"},"content":"   ![Ui](images/Ui.png)","lastModifiedDate":"2020-05-23"},{"lineNumber":23,"author":{"gitId":"-"},"content":"","lastModifiedDate":"2020-05-23"},{"lineNumber":24,"author":{"gitId":"-"},"content":"1. Type the command in the command box and press Enter to execute it. e.g. typing **`help`** and pressing Enter will open the help window.\u003cbr\u003e","lastModifiedDate":"2020-05-23"},{"lineNumber":25,"author":{"gitId":"-"},"content":"   Some example commands you can try:","lastModifiedDate":"2020-05-23"},{"lineNumber":26,"author":{"gitId":"-"},"content":"","lastModifiedDate":"2020-05-23"},{"lineNumber":27,"author":{"gitId":"Shruthi0310"},"content":"   * **`listf`** : Lists all facilities.","lastModifiedDate":"2021-09-28"},{"lineNumber":28,"author":{"gitId":"-"},"content":"","lastModifiedDate":"2020-05-23"},{"lineNumber":29,"author":{"gitId":"Shruthi0310"},"content":"   * **`addf`**`n/Court 1 l/University Sports Centre t/1700 c/10` : Adds the venue named `Court 1` to the facilities list.","lastModifiedDate":"2021-09-28"},{"lineNumber":30,"author":{"gitId":"-"},"content":"","lastModifiedDate":"2020-05-23"},{"lineNumber":31,"author":{"gitId":"Shruthi0310"},"content":"   * **`deletem`**`3` : Deletes 3rd member in the members list.","lastModifiedDate":"2021-09-28"},{"lineNumber":32,"author":{"gitId":"-"},"content":"","lastModifiedDate":"2020-05-23"},{"lineNumber":33,"author":{"gitId":"Shruthi0310"},"content":"   * **`clearm`** : Clears the members list","lastModifiedDate":"2021-09-28"},{"lineNumber":34,"author":{"gitId":"-"},"content":"","lastModifiedDate":"2020-05-23"},{"lineNumber":35,"author":{"gitId":"-"},"content":"   * **`exit`** : Exits the app.","lastModifiedDate":"2020-05-23"},{"lineNumber":36,"author":{"gitId":"-"},"content":"","lastModifiedDate":"2020-05-23"},{"lineNumber":37,"author":{"gitId":"-"},"content":"--------------------------------------------------------------------------------------------------------------------","lastModifiedDate":"2020-05-23"},{"lineNumber":38,"author":{"gitId":"-"},"content":"","lastModifiedDate":"2020-05-23"},{"lineNumber":39,"author":{"gitId":"-"},"content":"## Features","lastModifiedDate":"2020-05-23"},{"lineNumber":40,"author":{"gitId":"-"},"content":"","lastModifiedDate":"2020-05-23"},{"lineNumber":41,"author":{"gitId":"-"},"content":"\u003cdiv markdown\u003d\"block\" class\u003d\"alert alert-info\"\u003e","lastModifiedDate":"2020-05-23"},{"lineNumber":42,"author":{"gitId":"-"},"content":"","lastModifiedDate":"2020-05-23"},{"lineNumber":43,"author":{"gitId":"-"},"content":"**:information_source: Notes about the command format:**\u003cbr\u003e","lastModifiedDate":"2020-05-23"},{"lineNumber":44,"author":{"gitId":"-"},"content":"","lastModifiedDate":"2020-05-23"},{"lineNumber":45,"author":{"gitId":"Shruthi0310"},"content":"* Characters with the slash symbols are used to indicate the type of parameter supplied by user.","lastModifiedDate":"2021-09-28"},{"lineNumber":46,"author":{"gitId":"Shruthi0310"},"content":"  \u003cbr\u003e eg. in `addm n/NAME p/PHONE_NUMBER`, `n/` and `p/` are the symbols used before entering a parameter","lastModifiedDate":"2021-09-28"},{"lineNumber":47,"author":{"gitId":"Shruthi0310"},"content":"  for `NAME` and `PHONE_NUMBER` respectively.","lastModifiedDate":"2021-09-28"},{"lineNumber":48,"author":{"gitId":"Shruthi0310"},"content":"  ","lastModifiedDate":"2021-09-28"},{"lineNumber":49,"author":{"gitId":"-"},"content":"* Words in `UPPER_CASE` are the parameters to be supplied by the user.\u003cbr\u003e","lastModifiedDate":"2020-05-23"},{"lineNumber":50,"author":{"gitId":"Shruthi0310"},"content":"  e.g. in `findm KEYWORD`, `KEYWORD` is a parameter which can be used as `findm Ben`.","lastModifiedDate":"2021-09-28"},{"lineNumber":51,"author":{"gitId":"-"},"content":"","lastModifiedDate":"2020-05-23"},{"lineNumber":52,"author":{"gitId":"-"},"content":"* Items in square brackets are optional.\u003cbr\u003e","lastModifiedDate":"2020-05-23"},{"lineNumber":53,"author":{"gitId":"Shruthi0310"},"content":"  e.g `n/NAME p/PHONE_NUMBER [d/DAYS]` can be used as `n/Ben p/91111111 d/Mon` or as `n/John p/91111111`.","lastModifiedDate":"2021-09-28"},{"lineNumber":54,"author":{"gitId":"-"},"content":"  ","lastModifiedDate":"2020-05-23"},{"lineNumber":55,"author":{"gitId":"YoYoCiti"},"content":"* Items with …​ after them can be used any number of times, including zero.","lastModifiedDate":"2021-09-28"},{"lineNumber":56,"author":{"gitId":"YoYoCiti"},"content":"  e.g `setm INDEX d/DAY [d/DAY]…​` can be used as `setm 3 d/Mon`, `setm 3 d/Mon d/Tue`, etc.","lastModifiedDate":"2021-09-28"},{"lineNumber":57,"author":{"gitId":"-"},"content":"  ","lastModifiedDate":"2020-05-23"},{"lineNumber":58,"author":{"gitId":"-"},"content":"* Parameters can be in any order.\u003cbr\u003e","lastModifiedDate":"2020-05-23"},{"lineNumber":59,"author":{"gitId":"Shruthi0310"},"content":"  e.g. if the command specifies `n/NAME l/LOCATION`, `l/LOCATION n/NAME` is also acceptable.","lastModifiedDate":"2021-09-28"},{"lineNumber":60,"author":{"gitId":"-"},"content":"  ","lastModifiedDate":"2021-02-04"},{"lineNumber":61,"author":{"gitId":"YoYoCiti"},"content":"* Extraneous parameters for commands that do not take in parameters (such as `help`, `listf`, `clearm` and `exit`) will be ignored.\u003cbr\u003e","lastModifiedDate":"2021-09-28"},{"lineNumber":62,"author":{"gitId":"-"},"content":"  e.g. if the command specifies `help 123`, it will be interpreted as `help`.","lastModifiedDate":"2021-02-03"},{"lineNumber":63,"author":{"gitId":"-"},"content":"","lastModifiedDate":"2021-02-03"},{"lineNumber":64,"author":{"gitId":"-"},"content":"\u003c/div\u003e","lastModifiedDate":"2020-05-23"},{"lineNumber":65,"author":{"gitId":"-"},"content":"","lastModifiedDate":"2020-05-23"},{"lineNumber":66,"author":{"gitId":"Shruthi0310"},"content":"### Getting help: `help`","lastModifiedDate":"2021-09-28"},{"lineNumber":67,"author":{"gitId":"-"},"content":"","lastModifiedDate":"2020-05-23"},{"lineNumber":68,"author":{"gitId":"Shruthi0310"},"content":"Shows message explaining how to access the help page.","lastModifiedDate":"2021-09-28"},{"lineNumber":69,"author":{"gitId":"-"},"content":"","lastModifiedDate":"2020-05-23"},{"lineNumber":70,"author":{"gitId":"Shruthi0310"},"content":"Format: `help`","lastModifiedDate":"2021-09-28"},{"lineNumber":71,"author":{"gitId":"-"},"content":"","lastModifiedDate":"2020-05-23"},{"lineNumber":72,"author":{"gitId":"Shruthi0310"},"content":"### Adding a facility: `addf`","lastModifiedDate":"2021-09-28"},{"lineNumber":73,"author":{"gitId":"-"},"content":"","lastModifiedDate":"2020-05-23"},{"lineNumber":74,"author":{"gitId":"Shruthi0310"},"content":"Adds a facility to the facility list.","lastModifiedDate":"2021-09-28"},{"lineNumber":75,"author":{"gitId":"-"},"content":"","lastModifiedDate":"2020-05-23"},{"lineNumber":76,"author":{"gitId":"Shruthi0310"},"content":"Format: `addf n/NAME l/LOCATION t/TIME c/CAPACITY`","lastModifiedDate":"2021-09-28"},{"lineNumber":77,"author":{"gitId":"-"},"content":"","lastModifiedDate":"2020-05-23"},{"lineNumber":78,"author":{"gitId":"YoYoCiti"},"content":"* `TIME` specifies the start time and is to be inputted in the format HH:MM","lastModifiedDate":"2021-09-28"},{"lineNumber":79,"author":{"gitId":"YoYoCiti"},"content":"* `CAPACITY` specifies the maximum allowed people in the facility","lastModifiedDate":"2021-09-28"},{"lineNumber":80,"author":{"gitId":"Shruthi0310"},"content":"* All fields are required","lastModifiedDate":"2021-09-28"},{"lineNumber":81,"author":{"gitId":"-"},"content":"","lastModifiedDate":"2020-05-23"},{"lineNumber":82,"author":{"gitId":"-"},"content":"Examples:","lastModifiedDate":"2020-05-23"},{"lineNumber":83,"author":{"gitId":"Shruthi0310"},"content":"`addf n/Court 1 l/University Sports Hall t/1500 c/5` adds Court 1 at University Sports Hall at 3pm with a capacity of 5","lastModifiedDate":"2021-09-28"},{"lineNumber":84,"author":{"gitId":"-"},"content":"","lastModifiedDate":"2021-09-28"},{"lineNumber":85,"author":{"gitId":"felix-ong"},"content":"### Listing all facilities : `listf`","lastModifiedDate":"2021-09-28"},{"lineNumber":86,"author":{"gitId":"-"},"content":"","lastModifiedDate":"2020-05-23"},{"lineNumber":87,"author":{"gitId":"felix-ong"},"content":"Shows a list of all facilities.","lastModifiedDate":"2021-09-28"},{"lineNumber":88,"author":{"gitId":"-"},"content":"","lastModifiedDate":"2020-05-23"},{"lineNumber":89,"author":{"gitId":"felix-ong"},"content":"Format: `listf`","lastModifiedDate":"2021-09-28"},{"lineNumber":90,"author":{"gitId":"-"},"content":"","lastModifiedDate":"2020-05-23"},{"lineNumber":91,"author":{"gitId":"felix-ong"},"content":"### Finding a facility : `findf`","lastModifiedDate":"2021-09-28"},{"lineNumber":92,"author":{"gitId":"-"},"content":"","lastModifiedDate":"2020-05-23"},{"lineNumber":93,"author":{"gitId":"YoYoCiti"},"content":"Finds facilities whose location contains any of the given keywords.","lastModifiedDate":"2021-09-28"},{"lineNumber":94,"author":{"gitId":"-"},"content":"","lastModifiedDate":"2020-05-23"},{"lineNumber":95,"author":{"gitId":"felix-ong"},"content":"Format: `findf KEYWORD [MORE_KEYWORDS]`","lastModifiedDate":"2021-09-28"},{"lineNumber":96,"author":{"gitId":"YoYoCiti"},"content":"* Search is case-insensitive. Eg. `Utown` will match `utown`","lastModifiedDate":"2021-09-28"},{"lineNumber":97,"author":{"gitId":"felix-ong"},"content":"* Only the location is searched","lastModifiedDate":"2021-09-28"},{"lineNumber":98,"author":{"gitId":"YoYoCiti"},"content":"* Only full words will be matched eg. `Utown` will not match `town`","lastModifiedDate":"2021-09-28"},{"lineNumber":99,"author":{"gitId":"YoYoCiti"},"content":"* Facilities matching at least one keyword will be returned (i.e. OR search) e.g `Utown Redhill` will return `Utown Field`, `Redhill Sports Complex`","lastModifiedDate":"2021-09-28"},{"lineNumber":100,"author":{"gitId":"-"},"content":"","lastModifiedDate":"2020-05-23"},{"lineNumber":101,"author":{"gitId":"-"},"content":"Examples:","lastModifiedDate":"2020-05-23"},{"lineNumber":102,"author":{"gitId":"felix-ong"},"content":"* `find redhill` returns `Redhill Sports Complex` and `Redhill Field`","lastModifiedDate":"2021-09-28"},{"lineNumber":103,"author":{"gitId":"YoYoCiti"},"content":"* `find utown redhill` returns `Utown Field`, `Redhill Sports Complex` and `Redhill Field`","lastModifiedDate":"2021-09-28"},{"lineNumber":104,"author":{"gitId":"-"},"content":"  ","lastModifiedDate":"2020-05-23"},{"lineNumber":105,"author":{"gitId":"felix-ong"},"content":"### Deleting a facility : `deletef`","lastModifiedDate":"2021-09-28"},{"lineNumber":106,"author":{"gitId":"-"},"content":"","lastModifiedDate":"2020-05-23"},{"lineNumber":107,"author":{"gitId":"felix-ong"},"content":"Deletes a facility from the facility list.","lastModifiedDate":"2021-09-28"},{"lineNumber":108,"author":{"gitId":"-"},"content":"","lastModifiedDate":"2021-09-28"},{"lineNumber":109,"author":{"gitId":"felix-ong"},"content":"Format: `deletef INDEX`","lastModifiedDate":"2021-09-28"},{"lineNumber":110,"author":{"gitId":"YoYoCiti"},"content":"* Deletes the facility at the specified `INDEX`","lastModifiedDate":"2021-09-28"},{"lineNumber":111,"author":{"gitId":"YoYoCiti"},"content":"* `INDEX` refers to the index number shown in the displayed facility list","lastModifiedDate":"2021-09-28"},{"lineNumber":112,"author":{"gitId":"YoYoCiti"},"content":"* `INDEX` **must be a positive integer** 1, 2, 3… ","lastModifiedDate":"2021-09-28"},{"lineNumber":113,"author":{"gitId":"-"},"content":"","lastModifiedDate":"2020-05-23"},{"lineNumber":114,"author":{"gitId":"-"},"content":"Examples:","lastModifiedDate":"2020-05-23"},{"lineNumber":115,"author":{"gitId":"felix-ong"},"content":"* `listf` followed by `deletef 2` deletes the 2nd person in the facility list","lastModifiedDate":"2021-09-28"},{"lineNumber":116,"author":{"gitId":"felix-ong"},"content":"* `findf Court 1` followed by `deletef 1` deletes the 1st facility in the results of the findf command","lastModifiedDate":"2021-09-28"},{"lineNumber":117,"author":{"gitId":"-"},"content":"","lastModifiedDate":"2021-09-28"},{"lineNumber":118,"author":{"gitId":"Moley456"},"content":"### Adding a member: `addm`","lastModifiedDate":"2021-09-28"},{"lineNumber":119,"author":{"gitId":"-"},"content":"","lastModifiedDate":"2020-05-23"},{"lineNumber":120,"author":{"gitId":"YoYoCiti"},"content":"Adds a member to the members list","lastModifiedDate":"2021-09-28"},{"lineNumber":121,"author":{"gitId":"-"},"content":"","lastModifiedDate":"2020-05-23"},{"lineNumber":122,"author":{"gitId":"Moley456"},"content":"Format: `addm n/NAME p/PHONE_NUMBER [d/DAYS]`","lastModifiedDate":"2021-09-28"},{"lineNumber":123,"author":{"gitId":"Moley456"},"content":"* `[d/DAYS]` is an optional field indicating a list of days for which the member is available for that week","lastModifiedDate":"2021-09-28"},{"lineNumber":124,"author":{"gitId":"Moley456"},"content":"* Members added without availability will have an empty list of days","lastModifiedDate":"2021-09-28"},{"lineNumber":125,"author":{"gitId":"-"},"content":"","lastModifiedDate":"2020-05-23"},{"lineNumber":126,"author":{"gitId":"-"},"content":"Examples:","lastModifiedDate":"2020-05-23"},{"lineNumber":127,"author":{"gitId":"Moley456"},"content":"* `addm n/John p/91234567 d/Mon d/Tues` adds John to the member list and indicates his availability on Monday and Tuesday","lastModifiedDate":"2021-09-28"},{"lineNumber":128,"author":{"gitId":"Moley456"},"content":"* `addm n/Bob p/91228372` adds Bob to the member list with zero available days by default","lastModifiedDate":"2021-09-28"},{"lineNumber":129,"author":{"gitId":"-"},"content":"","lastModifiedDate":"2020-05-23"},{"lineNumber":130,"author":{"gitId":"Moley456"},"content":"### Listing all members: `listm`","lastModifiedDate":"2021-09-28"},{"lineNumber":131,"author":{"gitId":"-"},"content":"","lastModifiedDate":"2020-05-23"},{"lineNumber":132,"author":{"gitId":"Moley456"},"content":"Shows a list of all members","lastModifiedDate":"2021-09-28"},{"lineNumber":133,"author":{"gitId":"-"},"content":"","lastModifiedDate":"2020-05-23"},{"lineNumber":134,"author":{"gitId":"Moley456"},"content":"Format: `listm`","lastModifiedDate":"2021-09-28"},{"lineNumber":135,"author":{"gitId":"-"},"content":"","lastModifiedDate":"2020-05-23"},{"lineNumber":136,"author":{"gitId":"Moley456"},"content":"### Finding a member `findm`","lastModifiedDate":"2021-09-28"},{"lineNumber":137,"author":{"gitId":"-"},"content":"","lastModifiedDate":"2020-05-23"},{"lineNumber":138,"author":{"gitId":"Moley456"},"content":"Finds members whose names contains any of the given keywords","lastModifiedDate":"2021-09-28"},{"lineNumber":139,"author":{"gitId":"-"},"content":"","lastModifiedDate":"2020-05-23"},{"lineNumber":140,"author":{"gitId":"Moley456"},"content":"Format: `findm KEYWORD [MORE_KEYWORDS]`","lastModifiedDate":"2021-09-28"},{"lineNumber":141,"author":{"gitId":"YoYoCiti"},"content":"* Search is case-insensitive. Eg. `John` will match `john`","lastModifiedDate":"2021-09-28"},{"lineNumber":142,"author":{"gitId":"Moley456"},"content":"* `[MORE_KEYWORDS]` is an optional field","lastModifiedDate":"2021-09-28"},{"lineNumber":143,"author":{"gitId":"Moley456"},"content":"* Only the name of the member is searched","lastModifiedDate":"2021-09-28"},{"lineNumber":144,"author":{"gitId":"YoYoCiti"},"content":"* Only full words will be matched eg. `Johnny` will not match `John`","lastModifiedDate":"2021-09-28"},{"lineNumber":145,"author":{"gitId":"YoYoCiti"},"content":"* Names matching at least one keyword will be returned (i.e. OR search) e.g `John Henry` will return `John, Henry`","lastModifiedDate":"2021-09-28"},{"lineNumber":146,"author":{"gitId":"-"},"content":"","lastModifiedDate":"2020-05-23"},{"lineNumber":147,"author":{"gitId":"-"},"content":"Examples:","lastModifiedDate":"2020-05-23"},{"lineNumber":148,"author":{"gitId":"YoYoCiti"},"content":"* `findm Bob` returns `bob` and `Bob Doe`","lastModifiedDate":"2021-09-28"},{"lineNumber":149,"author":{"gitId":"YoYoCiti"},"content":"* `findm john bobby` returns `John Lee`, `Bobby Tan`","lastModifiedDate":"2021-09-28"},{"lineNumber":150,"author":{"gitId":"-"},"content":"  ","lastModifiedDate":"2020-05-23"},{"lineNumber":151,"author":{"gitId":"YoYoCiti"},"content":"### Deleting a member : `deletem`","lastModifiedDate":"2021-09-28"},{"lineNumber":152,"author":{"gitId":"-"},"content":"","lastModifiedDate":"2020-05-23"},{"lineNumber":153,"author":{"gitId":"YoYoCiti"},"content":"Deletes a member from the member list","lastModifiedDate":"2021-09-28"},{"lineNumber":154,"author":{"gitId":"-"},"content":"","lastModifiedDate":"2020-05-23"},{"lineNumber":155,"author":{"gitId":"YoYoCiti"},"content":"Format: `deletem INDEX`","lastModifiedDate":"2021-09-28"},{"lineNumber":156,"author":{"gitId":"-"},"content":"","lastModifiedDate":"2020-05-23"},{"lineNumber":157,"author":{"gitId":"YoYoCiti"},"content":"* Deletes the member at the specified `INDEX`. ","lastModifiedDate":"2021-09-28"},{"lineNumber":158,"author":{"gitId":"YoYoCiti"},"content":"* The index refers to the index number shown in the displayed member list. ","lastModifiedDate":"2021-09-28"},{"lineNumber":159,"author":{"gitId":"YoYoCiti"},"content":"* The index **must be a positive integer** 1, 2, 3, …​","lastModifiedDate":"2021-09-28"},{"lineNumber":160,"author":{"gitId":"-"},"content":"","lastModifiedDate":"2020-05-23"},{"lineNumber":161,"author":{"gitId":"-"},"content":"Examples:","lastModifiedDate":"2020-05-23"},{"lineNumber":162,"author":{"gitId":"YoYoCiti"},"content":"* `listm` followed by `deletem 2` deletes the member at index 2 of the member list","lastModifiedDate":"2021-09-28"},{"lineNumber":163,"author":{"gitId":"YoYoCiti"},"content":"* `findm John` followed by `deletem 1` deletes the 1st person in the results of the `findm` command ","lastModifiedDate":"2021-09-28"},{"lineNumber":164,"author":{"gitId":"-"},"content":"","lastModifiedDate":"2020-05-23"},{"lineNumber":165,"author":{"gitId":"YoYoCiti"},"content":"### Setting member availability: `setm`","lastModifiedDate":"2021-09-28"},{"lineNumber":166,"author":{"gitId":"-"},"content":"","lastModifiedDate":"2020-05-23"},{"lineNumber":167,"author":{"gitId":"YoYoCiti"},"content":"Sets the availability of a given member.","lastModifiedDate":"2021-09-28"},{"lineNumber":168,"author":{"gitId":"-"},"content":"","lastModifiedDate":"2020-05-23"},{"lineNumber":169,"author":{"gitId":"YoYoCiti"},"content":"Format: `setm INDEX d/DAY [d/DAY]…​`","lastModifiedDate":"2021-09-28"},{"lineNumber":170,"author":{"gitId":"-"},"content":"","lastModifiedDate":"2020-05-23"},{"lineNumber":171,"author":{"gitId":"YoYoCiti"},"content":"* Sets the availability of the member at the specified `INDEX` to be the specified `DAY(s)`","lastModifiedDate":"2021-09-28"},{"lineNumber":172,"author":{"gitId":"YoYoCiti"},"content":"* Availability is defined as days of the week when member is free","lastModifiedDate":"2021-09-28"},{"lineNumber":173,"author":{"gitId":"YoYoCiti"},"content":"* `DAY` **must be one of the following:** Mon, Tue, Wed, Thu, Fri, Sat, Sun","lastModifiedDate":"2021-09-28"},{"lineNumber":174,"author":{"gitId":"YoYoCiti"},"content":"* The index refers to the index number shown in the displayed member list","lastModifiedDate":"2021-09-28"},{"lineNumber":175,"author":{"gitId":"-"},"content":"* The index **must be a positive integer** 1, 2, 3, …​","lastModifiedDate":"2020-05-23"},{"lineNumber":176,"author":{"gitId":"-"},"content":"","lastModifiedDate":"2020-05-23"},{"lineNumber":177,"author":{"gitId":"-"},"content":"Examples:","lastModifiedDate":"2020-05-23"},{"lineNumber":178,"author":{"gitId":"YoYoCiti"},"content":"* `listm` followed by `setm 5 d/Mon d/Tue` sets the availability of the person at index 5 in the member list to be Monday and Tuesday","lastModifiedDate":"2021-09-28"},{"lineNumber":179,"author":{"gitId":"YoYoCiti"},"content":"* `findm John` followed by `setm 2 d/Mon` sets the availability of the person at index 2 in the results of the `findm` command to be Monday","lastModifiedDate":"2021-09-28"},{"lineNumber":180,"author":{"gitId":"-"},"content":"","lastModifiedDate":"2020-05-23"},{"lineNumber":181,"author":{"gitId":"YoYoCiti"},"content":"### Splitting members into facilities : `split`","lastModifiedDate":"2021-09-28"},{"lineNumber":182,"author":{"gitId":"-"},"content":"","lastModifiedDate":"2020-05-23"},{"lineNumber":183,"author":{"gitId":"YoYoCiti"},"content":"Splits members into facilities based on its capacity and members\u0027 availability.","lastModifiedDate":"2021-09-28"},{"lineNumber":184,"author":{"gitId":"-"},"content":"","lastModifiedDate":"2020-05-23"},{"lineNumber":185,"author":{"gitId":"YoYoCiti"},"content":"Format: `split d/DAY`","lastModifiedDate":"2021-09-28"},{"lineNumber":186,"author":{"gitId":"-"},"content":"","lastModifiedDate":"2020-05-23"},{"lineNumber":187,"author":{"gitId":"YoYoCiti"},"content":"* Allocate members available at the specified `DAY` to each facility","lastModifiedDate":"2021-09-28"},{"lineNumber":188,"author":{"gitId":"YoYoCiti"},"content":"* `DAY` **must be one of the following:** Mon, Tue, Wed, Thu, Fri, Sat, Sun","lastModifiedDate":"2021-09-28"},{"lineNumber":189,"author":{"gitId":"-"},"content":"","lastModifiedDate":"2020-05-23"},{"lineNumber":190,"author":{"gitId":"YoYoCiti"},"content":"Examples:","lastModifiedDate":"2021-09-28"},{"lineNumber":191,"author":{"gitId":"YoYoCiti"},"content":"* `split d/Mon` splits members into groups for training on Monday of that week and displays the list of allocations to the user","lastModifiedDate":"2021-09-28"},{"lineNumber":192,"author":{"gitId":"-"},"content":"","lastModifiedDate":"2020-05-23"},{"lineNumber":193,"author":{"gitId":"tsinyee"},"content":"### Clearing all entries in facility list: `clearf`","lastModifiedDate":"2021-09-28"},{"lineNumber":194,"author":{"gitId":"-"},"content":"","lastModifiedDate":"2020-05-23"},{"lineNumber":195,"author":{"gitId":"YoYoCiti"},"content":"Clears all entries from the facility list.","lastModifiedDate":"2021-09-28"},{"lineNumber":196,"author":{"gitId":"-"},"content":"","lastModifiedDate":"2020-05-23"},{"lineNumber":197,"author":{"gitId":"tsinyee"},"content":"Format: `clearf`","lastModifiedDate":"2021-09-28"},{"lineNumber":198,"author":{"gitId":"tsinyee"},"content":"","lastModifiedDate":"2021-09-28"},{"lineNumber":199,"author":{"gitId":"tsinyee"},"content":"### Clearing all entries in member list: `clearm`","lastModifiedDate":"2021-09-28"},{"lineNumber":200,"author":{"gitId":"tsinyee"},"content":"","lastModifiedDate":"2021-09-28"},{"lineNumber":201,"author":{"gitId":"tsinyee"},"content":"Clears all members from the member list.","lastModifiedDate":"2021-09-28"},{"lineNumber":202,"author":{"gitId":"tsinyee"},"content":"","lastModifiedDate":"2021-09-28"},{"lineNumber":203,"author":{"gitId":"tsinyee"},"content":"Format: `clearm`","lastModifiedDate":"2021-09-28"},{"lineNumber":204,"author":{"gitId":"-"},"content":"","lastModifiedDate":"2020-05-23"},{"lineNumber":205,"author":{"gitId":"-"},"content":"### Exiting the program : `exit`","lastModifiedDate":"2021-09-28"},{"lineNumber":206,"author":{"gitId":"-"},"content":"","lastModifiedDate":"2021-09-28"},{"lineNumber":207,"author":{"gitId":"-"},"content":"Exits the program.","lastModifiedDate":"2021-09-28"},{"lineNumber":208,"author":{"gitId":"-"},"content":"","lastModifiedDate":"2021-09-28"},{"lineNumber":209,"author":{"gitId":"-"},"content":"Format: `exit`","lastModifiedDate":"2021-09-28"},{"lineNumber":210,"author":{"gitId":"-"},"content":"","lastModifiedDate":"2020-05-23"},{"lineNumber":211,"author":{"gitId":"-"},"content":"### Saving the data","lastModifiedDate":"2020-05-23"},{"lineNumber":212,"author":{"gitId":"-"},"content":"","lastModifiedDate":"2021-02-04"},{"lineNumber":213,"author":{"gitId":"YoYoCiti"},"content":"* SportsPA data are saved in the hard disk automatically after any command that changes the data. They are saved as a JSON file `[JAR file location]/data/sportspa.json`","lastModifiedDate":"2021-09-28"},{"lineNumber":214,"author":{"gitId":"-"},"content":"","lastModifiedDate":"2021-09-28"},{"lineNumber":215,"author":{"gitId":"-"},"content":"\u003cdiv markdown\u003d\"span\" class\u003d\"alert alert-warning\"\u003e:exclamation: **Caution:**","lastModifiedDate":"2021-09-28"},{"lineNumber":216,"author":{"gitId":"YoYoCiti"},"content":"If changes made to the data file makes its format invalid, SportsPA will discard all data and start with an empty data file at the next run.","lastModifiedDate":"2021-09-28"},{"lineNumber":217,"author":{"gitId":"-"},"content":"\u003c/div\u003e","lastModifiedDate":"2021-09-28"},{"lineNumber":218,"author":{"gitId":"-"},"content":"","lastModifiedDate":"2020-05-23"},{"lineNumber":219,"author":{"gitId":"-"},"content":"","lastModifiedDate":"2020-05-23"},{"lineNumber":220,"author":{"gitId":"-"},"content":"--------------------------------------------------------------------------------------------------------------------","lastModifiedDate":"2020-05-23"},{"lineNumber":221,"author":{"gitId":"-"},"content":"","lastModifiedDate":"2020-05-23"},{"lineNumber":222,"author":{"gitId":"-"},"content":"## FAQ","lastModifiedDate":"2020-05-23"},{"lineNumber":223,"author":{"gitId":"-"},"content":"","lastModifiedDate":"2020-05-23"},{"lineNumber":224,"author":{"gitId":"-"},"content":"**Q**: How do I transfer my data to another Computer?\u003cbr\u003e","lastModifiedDate":"2020-05-23"},{"lineNumber":225,"author":{"gitId":"YoYoCiti"},"content":"**A**: Install the app in the other computer and overwrite the empty data file it creates with the file that contains the data of your previous SportsPA home folder.","lastModifiedDate":"2021-09-28"},{"lineNumber":226,"author":{"gitId":"-"},"content":"","lastModifiedDate":"2020-05-23"},{"lineNumber":227,"author":{"gitId":"-"},"content":"--------------------------------------------------------------------------------------------------------------------","lastModifiedDate":"2020-05-23"},{"lineNumber":228,"author":{"gitId":"-"},"content":"","lastModifiedDate":"2020-05-23"},{"lineNumber":229,"author":{"gitId":"-"},"content":"## Command summary","lastModifiedDate":"2020-05-23"},{"lineNumber":230,"author":{"gitId":"-"},"content":"","lastModifiedDate":"2020-05-23"},{"lineNumber":231,"author":{"gitId":"-"},"content":"Action | Format, Examples","lastModifiedDate":"2020-05-23"},{"lineNumber":232,"author":{"gitId":"-"},"content":"--------|------------------","lastModifiedDate":"2020-05-23"},{"lineNumber":233,"author":{"gitId":"Shruthi0310"},"content":"**Add facility**| `addf n/NAME l/LOCATION t/TIME c/CAPACITY` \u003cbr\u003e eg. `addf n/Court 1 l/University Sports Hall t/1500 c/5`","lastModifiedDate":"2021-09-28"},{"lineNumber":234,"author":{"gitId":"Shruthi0310"},"content":"**Add member**| `addm n/NAME p/PHONE_NUMBER [d/DAYS]` \u003cbr\u003e eg. `addm n/John Doe p/91111111`, `addm n/John Doe p/91111111 d/Mon`","lastModifiedDate":"2021-09-28"},{"lineNumber":235,"author":{"gitId":"Shruthi0310"},"content":"**Clear facilities**|`clearf`","lastModifiedDate":"2021-09-28"},{"lineNumber":236,"author":{"gitId":"Shruthi0310"},"content":"**Clear member**| `clearm`","lastModifiedDate":"2021-09-28"},{"lineNumber":237,"author":{"gitId":"Shruthi0310"},"content":"**Delete facility**| `deletef INDEX` \u003cbr\u003e eg. `deletef 4`","lastModifiedDate":"2021-09-28"},{"lineNumber":238,"author":{"gitId":"Shruthi0310"},"content":"**Delete member**| `deletem INDEX` \u003cbr\u003e eg. `deletem 1`","lastModifiedDate":"2021-09-28"},{"lineNumber":239,"author":{"gitId":"Shruthi0310"},"content":"**Exit**| `exit`","lastModifiedDate":"2021-09-28"},{"lineNumber":240,"author":{"gitId":"Shruthi0310"},"content":"**Find member**| `findm KEYWORD` \u003cbr\u003e eg. `findm John`, `findm John Bob`","lastModifiedDate":"2021-09-28"},{"lineNumber":241,"author":{"gitId":"YoYoCiti"},"content":"**Find facility**| `findf KEYWORD` \u003cbr\u003e eg. `findf Clementi`, `findf Utown`","lastModifiedDate":"2021-09-28"},{"lineNumber":242,"author":{"gitId":"-"},"content":"**Help**| `help`","lastModifiedDate":"2020-05-23"},{"lineNumber":243,"author":{"gitId":"Shruthi0310"},"content":"**List members**| `listm`","lastModifiedDate":"2021-09-28"},{"lineNumber":244,"author":{"gitId":"Shruthi0310"},"content":"**List facilities**| `listf`","lastModifiedDate":"2021-09-28"},{"lineNumber":245,"author":{"gitId":"Shruthi0310"},"content":"**Set member availability**| `setm INDEX d/DAY...` \u003cbr\u003e eg.`setm 3 d/Tue d/Wed`","lastModifiedDate":"2021-09-28"},{"lineNumber":246,"author":{"gitId":"Shruthi0310"},"content":"**Split members**| `split d/DAY` \u003cbr\u003e eg. `split d/Mon`","lastModifiedDate":"2021-09-28"}],"authorContributionMap":{"YoYoCiti":49,"Shruthi0310":34,"Moley456":14,"-":129,"felix-ong":12,"tsinyee":8}},{"path":"docs/_sass/minima/_base.scss","fileType":"other","lines":[{"lineNumber":1,"author":{"gitId":"-"},"content":"html {","lastModifiedDate":"2020-05-23"},{"lineNumber":2,"author":{"gitId":"-"},"content":"  font-size: $base-font-size;","lastModifiedDate":"2020-05-23"},{"lineNumber":3,"author":{"gitId":"-"},"content":"}","lastModifiedDate":"2020-05-23"},{"lineNumber":4,"author":{"gitId":"-"},"content":"","lastModifiedDate":"2020-05-23"},{"lineNumber":5,"author":{"gitId":"-"},"content":"/**","lastModifiedDate":"2020-05-23"},{"lineNumber":6,"author":{"gitId":"-"},"content":" * Reset some basic elements","lastModifiedDate":"2020-05-23"},{"lineNumber":7,"author":{"gitId":"-"},"content":" */","lastModifiedDate":"2020-05-23"},{"lineNumber":8,"author":{"gitId":"-"},"content":"body, h1, h2, h3, h4, h5, h6,","lastModifiedDate":"2020-05-23"},{"lineNumber":9,"author":{"gitId":"-"},"content":"p, blockquote, pre, hr,","lastModifiedDate":"2020-05-23"},{"lineNumber":10,"author":{"gitId":"-"},"content":"dl, dd, ol, ul, figure {","lastModifiedDate":"2020-05-23"},{"lineNumber":11,"author":{"gitId":"-"},"content":"  margin: 0;","lastModifiedDate":"2020-05-23"},{"lineNumber":12,"author":{"gitId":"-"},"content":"  padding: 0;","lastModifiedDate":"2020-05-23"},{"lineNumber":13,"author":{"gitId":"-"},"content":"","lastModifiedDate":"2020-05-23"},{"lineNumber":14,"author":{"gitId":"-"},"content":"}","lastModifiedDate":"2020-05-23"},{"lineNumber":15,"author":{"gitId":"-"},"content":"","lastModifiedDate":"2020-05-23"},{"lineNumber":16,"author":{"gitId":"-"},"content":"","lastModifiedDate":"2020-05-23"},{"lineNumber":17,"author":{"gitId":"-"},"content":"","lastModifiedDate":"2020-05-23"},{"lineNumber":18,"author":{"gitId":"-"},"content":"/**","lastModifiedDate":"2020-05-23"},{"lineNumber":19,"author":{"gitId":"-"},"content":" * Basic styling","lastModifiedDate":"2020-05-23"},{"lineNumber":20,"author":{"gitId":"-"},"content":" */","lastModifiedDate":"2020-05-23"},{"lineNumber":21,"author":{"gitId":"-"},"content":"body {","lastModifiedDate":"2020-05-23"},{"lineNumber":22,"author":{"gitId":"-"},"content":"  font: $base-font-weight #{$base-font-size}/#{$base-line-height} $base-font-family;","lastModifiedDate":"2020-05-23"},{"lineNumber":23,"author":{"gitId":"-"},"content":"  color: $text-color;","lastModifiedDate":"2020-05-23"},{"lineNumber":24,"author":{"gitId":"-"},"content":"  background-color: $background-color;","lastModifiedDate":"2020-05-23"},{"lineNumber":25,"author":{"gitId":"-"},"content":"  -webkit-text-size-adjust: 100%;","lastModifiedDate":"2020-05-23"},{"lineNumber":26,"author":{"gitId":"-"},"content":"  -webkit-font-feature-settings: \"kern\" 1;","lastModifiedDate":"2020-05-23"},{"lineNumber":27,"author":{"gitId":"-"},"content":"     -moz-font-feature-settings: \"kern\" 1;","lastModifiedDate":"2020-05-23"},{"lineNumber":28,"author":{"gitId":"-"},"content":"       -o-font-feature-settings: \"kern\" 1;","lastModifiedDate":"2020-05-23"},{"lineNumber":29,"author":{"gitId":"-"},"content":"          font-feature-settings: \"kern\" 1;","lastModifiedDate":"2020-05-23"},{"lineNumber":30,"author":{"gitId":"-"},"content":"  font-kerning: normal;","lastModifiedDate":"2020-05-23"},{"lineNumber":31,"author":{"gitId":"-"},"content":"  display: flex;","lastModifiedDate":"2020-05-23"},{"lineNumber":32,"author":{"gitId":"-"},"content":"  min-height: 100vh;","lastModifiedDate":"2020-05-23"},{"lineNumber":33,"author":{"gitId":"-"},"content":"  flex-direction: column;","lastModifiedDate":"2020-05-23"},{"lineNumber":34,"author":{"gitId":"-"},"content":"  overflow-wrap: break-word;","lastModifiedDate":"2020-05-23"},{"lineNumber":35,"author":{"gitId":"-"},"content":"}","lastModifiedDate":"2020-05-23"},{"lineNumber":36,"author":{"gitId":"-"},"content":"","lastModifiedDate":"2020-05-23"},{"lineNumber":37,"author":{"gitId":"-"},"content":"","lastModifiedDate":"2020-05-23"},{"lineNumber":38,"author":{"gitId":"-"},"content":"","lastModifiedDate":"2020-05-23"},{"lineNumber":39,"author":{"gitId":"-"},"content":"/**","lastModifiedDate":"2020-05-23"},{"lineNumber":40,"author":{"gitId":"-"},"content":" * Set `margin-bottom` to maintain vertical rhythm","lastModifiedDate":"2020-05-23"},{"lineNumber":41,"author":{"gitId":"-"},"content":" */","lastModifiedDate":"2020-05-23"},{"lineNumber":42,"author":{"gitId":"-"},"content":"h1, h2, h3, h4, h5, h6,","lastModifiedDate":"2020-05-23"},{"lineNumber":43,"author":{"gitId":"-"},"content":"p, blockquote, pre,","lastModifiedDate":"2020-05-23"},{"lineNumber":44,"author":{"gitId":"-"},"content":"ul, ol, dl, figure,","lastModifiedDate":"2020-05-23"},{"lineNumber":45,"author":{"gitId":"-"},"content":"%vertical-rhythm {","lastModifiedDate":"2020-05-23"},{"lineNumber":46,"author":{"gitId":"-"},"content":"  margin-bottom: $spacing-unit / 2;","lastModifiedDate":"2020-05-23"},{"lineNumber":47,"author":{"gitId":"-"},"content":"}","lastModifiedDate":"2020-05-23"},{"lineNumber":48,"author":{"gitId":"-"},"content":"","lastModifiedDate":"2020-05-23"},{"lineNumber":49,"author":{"gitId":"-"},"content":"hr {","lastModifiedDate":"2020-05-23"},{"lineNumber":50,"author":{"gitId":"-"},"content":"  margin-top: $spacing-unit;","lastModifiedDate":"2020-05-23"},{"lineNumber":51,"author":{"gitId":"-"},"content":"  margin-bottom: $spacing-unit;","lastModifiedDate":"2020-05-23"},{"lineNumber":52,"author":{"gitId":"-"},"content":"}","lastModifiedDate":"2020-05-23"},{"lineNumber":53,"author":{"gitId":"-"},"content":"","lastModifiedDate":"2020-05-23"},{"lineNumber":54,"author":{"gitId":"-"},"content":"/**","lastModifiedDate":"2020-05-23"},{"lineNumber":55,"author":{"gitId":"-"},"content":" * `main` element","lastModifiedDate":"2020-05-23"},{"lineNumber":56,"author":{"gitId":"-"},"content":" */","lastModifiedDate":"2020-05-23"},{"lineNumber":57,"author":{"gitId":"-"},"content":"main {","lastModifiedDate":"2020-05-23"},{"lineNumber":58,"author":{"gitId":"-"},"content":"  display: block; /* Default value of `display` of `main` element is \u0027inline\u0027 in IE 11. */","lastModifiedDate":"2020-05-23"},{"lineNumber":59,"author":{"gitId":"-"},"content":"}","lastModifiedDate":"2020-05-23"},{"lineNumber":60,"author":{"gitId":"-"},"content":"","lastModifiedDate":"2020-05-23"},{"lineNumber":61,"author":{"gitId":"-"},"content":"","lastModifiedDate":"2020-05-23"},{"lineNumber":62,"author":{"gitId":"-"},"content":"","lastModifiedDate":"2020-05-23"},{"lineNumber":63,"author":{"gitId":"-"},"content":"/**","lastModifiedDate":"2020-05-23"},{"lineNumber":64,"author":{"gitId":"-"},"content":" * Images","lastModifiedDate":"2020-05-23"},{"lineNumber":65,"author":{"gitId":"-"},"content":" */","lastModifiedDate":"2020-05-23"},{"lineNumber":66,"author":{"gitId":"-"},"content":"img {","lastModifiedDate":"2020-05-23"},{"lineNumber":67,"author":{"gitId":"-"},"content":"  max-width: 100%;","lastModifiedDate":"2020-05-23"},{"lineNumber":68,"author":{"gitId":"-"},"content":"  vertical-align: middle;","lastModifiedDate":"2020-05-23"},{"lineNumber":69,"author":{"gitId":"-"},"content":"}","lastModifiedDate":"2020-05-23"},{"lineNumber":70,"author":{"gitId":"-"},"content":"","lastModifiedDate":"2020-05-23"},{"lineNumber":71,"author":{"gitId":"-"},"content":"","lastModifiedDate":"2020-05-23"},{"lineNumber":72,"author":{"gitId":"-"},"content":"","lastModifiedDate":"2020-05-23"},{"lineNumber":73,"author":{"gitId":"-"},"content":"/**","lastModifiedDate":"2020-05-23"},{"lineNumber":74,"author":{"gitId":"-"},"content":" * Figures","lastModifiedDate":"2020-05-23"},{"lineNumber":75,"author":{"gitId":"-"},"content":" */","lastModifiedDate":"2020-05-23"},{"lineNumber":76,"author":{"gitId":"-"},"content":"figure \u003e img {","lastModifiedDate":"2020-05-23"},{"lineNumber":77,"author":{"gitId":"-"},"content":"  display: block;","lastModifiedDate":"2020-05-23"},{"lineNumber":78,"author":{"gitId":"-"},"content":"}","lastModifiedDate":"2020-05-23"},{"lineNumber":79,"author":{"gitId":"-"},"content":"","lastModifiedDate":"2020-05-23"},{"lineNumber":80,"author":{"gitId":"-"},"content":"figcaption {","lastModifiedDate":"2020-05-23"},{"lineNumber":81,"author":{"gitId":"-"},"content":"  font-size: $small-font-size;","lastModifiedDate":"2020-05-23"},{"lineNumber":82,"author":{"gitId":"-"},"content":"}","lastModifiedDate":"2020-05-23"},{"lineNumber":83,"author":{"gitId":"-"},"content":"","lastModifiedDate":"2020-05-23"},{"lineNumber":84,"author":{"gitId":"-"},"content":"","lastModifiedDate":"2020-05-23"},{"lineNumber":85,"author":{"gitId":"-"},"content":"","lastModifiedDate":"2020-05-23"},{"lineNumber":86,"author":{"gitId":"-"},"content":"/**","lastModifiedDate":"2020-05-23"},{"lineNumber":87,"author":{"gitId":"-"},"content":" * Lists","lastModifiedDate":"2020-05-23"},{"lineNumber":88,"author":{"gitId":"-"},"content":" */","lastModifiedDate":"2020-05-23"},{"lineNumber":89,"author":{"gitId":"-"},"content":"ul, ol {","lastModifiedDate":"2020-05-23"},{"lineNumber":90,"author":{"gitId":"-"},"content":"  margin-left: $spacing-unit;","lastModifiedDate":"2020-05-23"},{"lineNumber":91,"author":{"gitId":"-"},"content":"}","lastModifiedDate":"2020-05-23"},{"lineNumber":92,"author":{"gitId":"-"},"content":"","lastModifiedDate":"2020-05-23"},{"lineNumber":93,"author":{"gitId":"-"},"content":"li {","lastModifiedDate":"2020-05-23"},{"lineNumber":94,"author":{"gitId":"-"},"content":"  \u003e ul,","lastModifiedDate":"2020-05-23"},{"lineNumber":95,"author":{"gitId":"-"},"content":"  \u003e ol {","lastModifiedDate":"2020-05-23"},{"lineNumber":96,"author":{"gitId":"-"},"content":"    margin-bottom: 0;","lastModifiedDate":"2020-05-23"},{"lineNumber":97,"author":{"gitId":"-"},"content":"  }","lastModifiedDate":"2020-05-23"},{"lineNumber":98,"author":{"gitId":"-"},"content":"}","lastModifiedDate":"2020-05-23"},{"lineNumber":99,"author":{"gitId":"-"},"content":"","lastModifiedDate":"2020-05-23"},{"lineNumber":100,"author":{"gitId":"-"},"content":"","lastModifiedDate":"2020-05-23"},{"lineNumber":101,"author":{"gitId":"-"},"content":"","lastModifiedDate":"2020-05-23"},{"lineNumber":102,"author":{"gitId":"-"},"content":"/**","lastModifiedDate":"2020-05-23"},{"lineNumber":103,"author":{"gitId":"-"},"content":" * Headings","lastModifiedDate":"2020-05-23"},{"lineNumber":104,"author":{"gitId":"-"},"content":" */","lastModifiedDate":"2020-05-23"},{"lineNumber":105,"author":{"gitId":"-"},"content":"h1, h2, h3, h4, h5, h6 {","lastModifiedDate":"2020-05-23"},{"lineNumber":106,"author":{"gitId":"-"},"content":"  font-weight: $base-font-weight;","lastModifiedDate":"2020-05-23"},{"lineNumber":107,"author":{"gitId":"-"},"content":"}","lastModifiedDate":"2020-05-23"},{"lineNumber":108,"author":{"gitId":"-"},"content":"","lastModifiedDate":"2020-05-23"},{"lineNumber":109,"author":{"gitId":"-"},"content":"","lastModifiedDate":"2020-05-23"},{"lineNumber":110,"author":{"gitId":"-"},"content":"","lastModifiedDate":"2020-05-23"},{"lineNumber":111,"author":{"gitId":"-"},"content":"/**","lastModifiedDate":"2020-05-23"},{"lineNumber":112,"author":{"gitId":"-"},"content":" * Links","lastModifiedDate":"2020-05-23"},{"lineNumber":113,"author":{"gitId":"-"},"content":" */","lastModifiedDate":"2020-05-23"},{"lineNumber":114,"author":{"gitId":"-"},"content":"a {","lastModifiedDate":"2020-05-23"},{"lineNumber":115,"author":{"gitId":"-"},"content":"  color: $link-base-color;","lastModifiedDate":"2020-05-23"},{"lineNumber":116,"author":{"gitId":"-"},"content":"  text-decoration: none;","lastModifiedDate":"2020-05-23"},{"lineNumber":117,"author":{"gitId":"-"},"content":"","lastModifiedDate":"2020-05-23"},{"lineNumber":118,"author":{"gitId":"-"},"content":"  \u0026:visited {","lastModifiedDate":"2020-05-23"},{"lineNumber":119,"author":{"gitId":"-"},"content":"    color: $link-visited-color;","lastModifiedDate":"2020-05-23"},{"lineNumber":120,"author":{"gitId":"-"},"content":"  }","lastModifiedDate":"2020-05-23"},{"lineNumber":121,"author":{"gitId":"-"},"content":"","lastModifiedDate":"2020-05-23"},{"lineNumber":122,"author":{"gitId":"-"},"content":"  \u0026:hover {","lastModifiedDate":"2020-05-23"},{"lineNumber":123,"author":{"gitId":"-"},"content":"    color: $text-color;","lastModifiedDate":"2020-05-23"},{"lineNumber":124,"author":{"gitId":"-"},"content":"    text-decoration: underline;","lastModifiedDate":"2020-05-23"},{"lineNumber":125,"author":{"gitId":"-"},"content":"  }","lastModifiedDate":"2020-05-23"},{"lineNumber":126,"author":{"gitId":"-"},"content":"","lastModifiedDate":"2020-05-23"},{"lineNumber":127,"author":{"gitId":"-"},"content":"  .social-media-list \u0026:hover {","lastModifiedDate":"2020-05-23"},{"lineNumber":128,"author":{"gitId":"-"},"content":"    text-decoration: none;","lastModifiedDate":"2020-05-23"},{"lineNumber":129,"author":{"gitId":"-"},"content":"","lastModifiedDate":"2020-05-23"},{"lineNumber":130,"author":{"gitId":"-"},"content":"    .username {","lastModifiedDate":"2020-05-23"},{"lineNumber":131,"author":{"gitId":"-"},"content":"      text-decoration: underline;","lastModifiedDate":"2020-05-23"},{"lineNumber":132,"author":{"gitId":"-"},"content":"    }","lastModifiedDate":"2020-05-23"},{"lineNumber":133,"author":{"gitId":"-"},"content":"  }","lastModifiedDate":"2020-05-23"},{"lineNumber":134,"author":{"gitId":"-"},"content":"}","lastModifiedDate":"2020-05-23"},{"lineNumber":135,"author":{"gitId":"-"},"content":"","lastModifiedDate":"2020-05-23"},{"lineNumber":136,"author":{"gitId":"-"},"content":"","lastModifiedDate":"2020-05-23"},{"lineNumber":137,"author":{"gitId":"-"},"content":"/**","lastModifiedDate":"2020-05-23"},{"lineNumber":138,"author":{"gitId":"-"},"content":" * Blockquotes","lastModifiedDate":"2020-05-23"},{"lineNumber":139,"author":{"gitId":"-"},"content":" */","lastModifiedDate":"2020-05-23"},{"lineNumber":140,"author":{"gitId":"-"},"content":"blockquote {","lastModifiedDate":"2020-05-23"},{"lineNumber":141,"author":{"gitId":"-"},"content":"  color: $brand-color;","lastModifiedDate":"2020-05-23"},{"lineNumber":142,"author":{"gitId":"-"},"content":"  border-left: 4px solid $brand-color-light;","lastModifiedDate":"2020-05-23"},{"lineNumber":143,"author":{"gitId":"-"},"content":"  padding-left: $spacing-unit / 2;","lastModifiedDate":"2020-05-23"},{"lineNumber":144,"author":{"gitId":"-"},"content":"  @include relative-font-size(1.125);","lastModifiedDate":"2020-05-23"},{"lineNumber":145,"author":{"gitId":"-"},"content":"  font-style: italic;","lastModifiedDate":"2020-05-23"},{"lineNumber":146,"author":{"gitId":"-"},"content":"","lastModifiedDate":"2020-05-23"},{"lineNumber":147,"author":{"gitId":"-"},"content":"  \u003e :last-child {","lastModifiedDate":"2020-05-23"},{"lineNumber":148,"author":{"gitId":"-"},"content":"    margin-bottom: 0;","lastModifiedDate":"2020-05-23"},{"lineNumber":149,"author":{"gitId":"-"},"content":"  }","lastModifiedDate":"2020-05-23"},{"lineNumber":150,"author":{"gitId":"-"},"content":"","lastModifiedDate":"2020-05-23"},{"lineNumber":151,"author":{"gitId":"-"},"content":"  i, em {","lastModifiedDate":"2020-05-23"},{"lineNumber":152,"author":{"gitId":"-"},"content":"    font-style: normal;","lastModifiedDate":"2020-05-23"},{"lineNumber":153,"author":{"gitId":"-"},"content":"  }","lastModifiedDate":"2020-05-23"},{"lineNumber":154,"author":{"gitId":"-"},"content":"}","lastModifiedDate":"2020-05-23"},{"lineNumber":155,"author":{"gitId":"-"},"content":"","lastModifiedDate":"2020-05-23"},{"lineNumber":156,"author":{"gitId":"-"},"content":"","lastModifiedDate":"2020-05-23"},{"lineNumber":157,"author":{"gitId":"-"},"content":"","lastModifiedDate":"2020-05-23"},{"lineNumber":158,"author":{"gitId":"-"},"content":"/**","lastModifiedDate":"2020-05-23"},{"lineNumber":159,"author":{"gitId":"-"},"content":" * Code formatting","lastModifiedDate":"2020-05-23"},{"lineNumber":160,"author":{"gitId":"-"},"content":" */","lastModifiedDate":"2020-05-23"},{"lineNumber":161,"author":{"gitId":"-"},"content":"pre,","lastModifiedDate":"2020-05-23"},{"lineNumber":162,"author":{"gitId":"-"},"content":"code {","lastModifiedDate":"2020-05-23"},{"lineNumber":163,"author":{"gitId":"-"},"content":"  font-family: $code-font-family;","lastModifiedDate":"2020-05-23"},{"lineNumber":164,"author":{"gitId":"-"},"content":"  font-size: 0.9375em;","lastModifiedDate":"2020-05-23"},{"lineNumber":165,"author":{"gitId":"-"},"content":"  border: 1px solid $brand-color-light;","lastModifiedDate":"2020-05-23"},{"lineNumber":166,"author":{"gitId":"-"},"content":"  border-radius: 3px;","lastModifiedDate":"2020-05-23"},{"lineNumber":167,"author":{"gitId":"-"},"content":"  background-color: $code-background-color;","lastModifiedDate":"2020-05-23"},{"lineNumber":168,"author":{"gitId":"-"},"content":"}","lastModifiedDate":"2020-05-23"},{"lineNumber":169,"author":{"gitId":"-"},"content":"","lastModifiedDate":"2020-05-23"},{"lineNumber":170,"author":{"gitId":"-"},"content":"code {","lastModifiedDate":"2020-05-23"},{"lineNumber":171,"author":{"gitId":"-"},"content":"  padding: 1px 5px;","lastModifiedDate":"2020-05-23"},{"lineNumber":172,"author":{"gitId":"-"},"content":"}","lastModifiedDate":"2020-05-23"},{"lineNumber":173,"author":{"gitId":"-"},"content":"","lastModifiedDate":"2020-05-23"},{"lineNumber":174,"author":{"gitId":"-"},"content":"pre {","lastModifiedDate":"2020-05-23"},{"lineNumber":175,"author":{"gitId":"-"},"content":"  padding: 8px 12px;","lastModifiedDate":"2020-05-23"},{"lineNumber":176,"author":{"gitId":"-"},"content":"  overflow-x: auto;","lastModifiedDate":"2020-05-23"},{"lineNumber":177,"author":{"gitId":"-"},"content":"","lastModifiedDate":"2020-05-23"},{"lineNumber":178,"author":{"gitId":"-"},"content":"  \u003e code {","lastModifiedDate":"2020-05-23"},{"lineNumber":179,"author":{"gitId":"-"},"content":"    border: 0;","lastModifiedDate":"2020-05-23"},{"lineNumber":180,"author":{"gitId":"-"},"content":"    padding-right: 0;","lastModifiedDate":"2020-05-23"},{"lineNumber":181,"author":{"gitId":"-"},"content":"    padding-left: 0;","lastModifiedDate":"2020-05-23"},{"lineNumber":182,"author":{"gitId":"-"},"content":"  }","lastModifiedDate":"2020-05-23"},{"lineNumber":183,"author":{"gitId":"-"},"content":"}","lastModifiedDate":"2020-05-23"},{"lineNumber":184,"author":{"gitId":"-"},"content":"","lastModifiedDate":"2020-05-23"},{"lineNumber":185,"author":{"gitId":"-"},"content":".highlight {","lastModifiedDate":"2020-05-23"},{"lineNumber":186,"author":{"gitId":"-"},"content":"  border-radius: 3px;","lastModifiedDate":"2020-05-23"},{"lineNumber":187,"author":{"gitId":"-"},"content":"  background: $code-background-color;","lastModifiedDate":"2020-05-23"},{"lineNumber":188,"author":{"gitId":"-"},"content":"  @extend %vertical-rhythm;","lastModifiedDate":"2020-05-23"},{"lineNumber":189,"author":{"gitId":"-"},"content":"","lastModifiedDate":"2020-05-23"},{"lineNumber":190,"author":{"gitId":"-"},"content":"  .highlighter-rouge \u0026 {","lastModifiedDate":"2020-05-23"},{"lineNumber":191,"author":{"gitId":"-"},"content":"    background: $code-background-color;","lastModifiedDate":"2020-05-23"},{"lineNumber":192,"author":{"gitId":"-"},"content":"  }","lastModifiedDate":"2020-05-23"},{"lineNumber":193,"author":{"gitId":"-"},"content":"}","lastModifiedDate":"2020-05-23"},{"lineNumber":194,"author":{"gitId":"-"},"content":"","lastModifiedDate":"2020-05-23"},{"lineNumber":195,"author":{"gitId":"-"},"content":"","lastModifiedDate":"2020-05-23"},{"lineNumber":196,"author":{"gitId":"-"},"content":"","lastModifiedDate":"2020-05-23"},{"lineNumber":197,"author":{"gitId":"-"},"content":"/**","lastModifiedDate":"2020-05-23"},{"lineNumber":198,"author":{"gitId":"-"},"content":" * Wrapper","lastModifiedDate":"2020-05-23"},{"lineNumber":199,"author":{"gitId":"-"},"content":" */","lastModifiedDate":"2020-05-23"},{"lineNumber":200,"author":{"gitId":"-"},"content":".wrapper {","lastModifiedDate":"2020-05-23"},{"lineNumber":201,"author":{"gitId":"-"},"content":"  max-width: calc(#{$content-width} - (#{$spacing-unit}));","lastModifiedDate":"2020-05-23"},{"lineNumber":202,"author":{"gitId":"-"},"content":"  margin-right: auto;","lastModifiedDate":"2020-05-23"},{"lineNumber":203,"author":{"gitId":"-"},"content":"  margin-left: auto;","lastModifiedDate":"2020-05-23"},{"lineNumber":204,"author":{"gitId":"-"},"content":"  padding-right: $spacing-unit / 2;","lastModifiedDate":"2020-05-23"},{"lineNumber":205,"author":{"gitId":"-"},"content":"  padding-left: $spacing-unit / 2;","lastModifiedDate":"2020-05-23"},{"lineNumber":206,"author":{"gitId":"-"},"content":"  @extend %clearfix;","lastModifiedDate":"2020-05-23"},{"lineNumber":207,"author":{"gitId":"-"},"content":"","lastModifiedDate":"2020-05-23"},{"lineNumber":208,"author":{"gitId":"-"},"content":"  @media screen and (min-width: $on-large) {","lastModifiedDate":"2020-05-23"},{"lineNumber":209,"author":{"gitId":"-"},"content":"    max-width: calc(#{$content-width} - (#{$spacing-unit} * 2));","lastModifiedDate":"2020-05-23"},{"lineNumber":210,"author":{"gitId":"-"},"content":"    padding-right: $spacing-unit;","lastModifiedDate":"2020-05-23"},{"lineNumber":211,"author":{"gitId":"-"},"content":"    padding-left: $spacing-unit;","lastModifiedDate":"2020-05-23"},{"lineNumber":212,"author":{"gitId":"-"},"content":"  }","lastModifiedDate":"2020-05-23"},{"lineNumber":213,"author":{"gitId":"-"},"content":"}","lastModifiedDate":"2020-05-23"},{"lineNumber":214,"author":{"gitId":"-"},"content":"","lastModifiedDate":"2020-05-23"},{"lineNumber":215,"author":{"gitId":"-"},"content":"","lastModifiedDate":"2020-05-23"},{"lineNumber":216,"author":{"gitId":"-"},"content":"","lastModifiedDate":"2020-05-23"},{"lineNumber":217,"author":{"gitId":"-"},"content":"/**","lastModifiedDate":"2020-05-23"},{"lineNumber":218,"author":{"gitId":"-"},"content":" * Clearfix","lastModifiedDate":"2020-05-23"},{"lineNumber":219,"author":{"gitId":"-"},"content":" */","lastModifiedDate":"2020-05-23"},{"lineNumber":220,"author":{"gitId":"-"},"content":"%clearfix:after {","lastModifiedDate":"2020-05-23"},{"lineNumber":221,"author":{"gitId":"-"},"content":"  content: \"\";","lastModifiedDate":"2020-05-23"},{"lineNumber":222,"author":{"gitId":"-"},"content":"  display: table;","lastModifiedDate":"2020-05-23"},{"lineNumber":223,"author":{"gitId":"-"},"content":"  clear: both;","lastModifiedDate":"2020-05-23"},{"lineNumber":224,"author":{"gitId":"-"},"content":"}","lastModifiedDate":"2020-05-23"},{"lineNumber":225,"author":{"gitId":"-"},"content":"","lastModifiedDate":"2020-05-23"},{"lineNumber":226,"author":{"gitId":"-"},"content":"","lastModifiedDate":"2020-05-23"},{"lineNumber":227,"author":{"gitId":"-"},"content":"","lastModifiedDate":"2020-05-23"},{"lineNumber":228,"author":{"gitId":"-"},"content":"/**","lastModifiedDate":"2020-05-23"},{"lineNumber":229,"author":{"gitId":"-"},"content":" * Icons","lastModifiedDate":"2020-05-23"},{"lineNumber":230,"author":{"gitId":"-"},"content":" */","lastModifiedDate":"2020-05-23"},{"lineNumber":231,"author":{"gitId":"-"},"content":"","lastModifiedDate":"2020-05-23"},{"lineNumber":232,"author":{"gitId":"-"},"content":".orange {","lastModifiedDate":"2020-05-23"},{"lineNumber":233,"author":{"gitId":"-"},"content":"  color: #f66a0a;","lastModifiedDate":"2020-05-23"},{"lineNumber":234,"author":{"gitId":"-"},"content":"}","lastModifiedDate":"2020-05-23"},{"lineNumber":235,"author":{"gitId":"-"},"content":"","lastModifiedDate":"2020-05-23"},{"lineNumber":236,"author":{"gitId":"-"},"content":".grey {","lastModifiedDate":"2020-05-23"},{"lineNumber":237,"author":{"gitId":"-"},"content":"  color: #828282;","lastModifiedDate":"2020-05-23"},{"lineNumber":238,"author":{"gitId":"-"},"content":"}","lastModifiedDate":"2020-05-23"},{"lineNumber":239,"author":{"gitId":"-"},"content":"","lastModifiedDate":"2020-05-23"},{"lineNumber":240,"author":{"gitId":"-"},"content":"/**","lastModifiedDate":"2020-05-23"},{"lineNumber":241,"author":{"gitId":"-"},"content":" * Tables","lastModifiedDate":"2020-05-23"},{"lineNumber":242,"author":{"gitId":"-"},"content":" */","lastModifiedDate":"2020-05-23"},{"lineNumber":243,"author":{"gitId":"-"},"content":"table {","lastModifiedDate":"2020-05-23"},{"lineNumber":244,"author":{"gitId":"-"},"content":"  margin-bottom: $spacing-unit;","lastModifiedDate":"2020-05-23"},{"lineNumber":245,"author":{"gitId":"-"},"content":"  width: 100%;","lastModifiedDate":"2020-05-23"},{"lineNumber":246,"author":{"gitId":"-"},"content":"  text-align: $table-text-align;","lastModifiedDate":"2020-05-23"},{"lineNumber":247,"author":{"gitId":"-"},"content":"  color: $table-text-color;","lastModifiedDate":"2020-05-23"},{"lineNumber":248,"author":{"gitId":"-"},"content":"  border-collapse: collapse;","lastModifiedDate":"2020-05-23"},{"lineNumber":249,"author":{"gitId":"-"},"content":"  border: 1px solid $table-border-color;","lastModifiedDate":"2020-05-23"},{"lineNumber":250,"author":{"gitId":"-"},"content":"  tr {","lastModifiedDate":"2020-05-23"},{"lineNumber":251,"author":{"gitId":"-"},"content":"    \u0026:nth-child(even) {","lastModifiedDate":"2020-05-23"},{"lineNumber":252,"author":{"gitId":"-"},"content":"      background-color: $table-zebra-color;","lastModifiedDate":"2020-05-23"},{"lineNumber":253,"author":{"gitId":"-"},"content":"    }","lastModifiedDate":"2020-05-23"},{"lineNumber":254,"author":{"gitId":"-"},"content":"  }","lastModifiedDate":"2020-05-23"},{"lineNumber":255,"author":{"gitId":"-"},"content":"  th, td {","lastModifiedDate":"2020-05-23"},{"lineNumber":256,"author":{"gitId":"-"},"content":"    padding: ($spacing-unit / 3) ($spacing-unit / 2);","lastModifiedDate":"2020-05-23"},{"lineNumber":257,"author":{"gitId":"-"},"content":"  }","lastModifiedDate":"2020-05-23"},{"lineNumber":258,"author":{"gitId":"-"},"content":"  th {","lastModifiedDate":"2020-05-23"},{"lineNumber":259,"author":{"gitId":"-"},"content":"    background-color: $table-header-bg-color;","lastModifiedDate":"2020-05-23"},{"lineNumber":260,"author":{"gitId":"-"},"content":"    border: 1px solid $table-header-border;","lastModifiedDate":"2020-05-23"},{"lineNumber":261,"author":{"gitId":"-"},"content":"  }","lastModifiedDate":"2020-05-23"},{"lineNumber":262,"author":{"gitId":"-"},"content":"  td {","lastModifiedDate":"2020-05-23"},{"lineNumber":263,"author":{"gitId":"-"},"content":"    border: 1px solid $table-border-color;","lastModifiedDate":"2020-05-23"},{"lineNumber":264,"author":{"gitId":"-"},"content":"  }","lastModifiedDate":"2020-05-23"},{"lineNumber":265,"author":{"gitId":"-"},"content":"","lastModifiedDate":"2020-05-23"},{"lineNumber":266,"author":{"gitId":"-"},"content":"  @include media-query($on-laptop) {","lastModifiedDate":"2020-05-23"},{"lineNumber":267,"author":{"gitId":"-"},"content":"    display: block;","lastModifiedDate":"2020-05-23"},{"lineNumber":268,"author":{"gitId":"-"},"content":"    overflow-x: auto;","lastModifiedDate":"2020-05-23"},{"lineNumber":269,"author":{"gitId":"-"},"content":"    -webkit-overflow-scrolling: touch;","lastModifiedDate":"2020-05-23"},{"lineNumber":270,"author":{"gitId":"-"},"content":"            -ms-overflow-style: -ms-autohiding-scrollbar;","lastModifiedDate":"2020-05-23"},{"lineNumber":271,"author":{"gitId":"-"},"content":"  }","lastModifiedDate":"2020-05-23"},{"lineNumber":272,"author":{"gitId":"-"},"content":"}","lastModifiedDate":"2020-05-23"},{"lineNumber":273,"author":{"gitId":"-"},"content":"","lastModifiedDate":"2021-01-11"},{"lineNumber":274,"author":{"gitId":"-"},"content":"@media print {","lastModifiedDate":"2021-01-12"},{"lineNumber":275,"author":{"gitId":"-"},"content":"  /**","lastModifiedDate":"2021-01-11"},{"lineNumber":276,"author":{"gitId":"-"},"content":"  * Prevents page break from cutting through content when printing","lastModifiedDate":"2021-01-12"},{"lineNumber":277,"author":{"gitId":"-"},"content":"  */","lastModifiedDate":"2021-01-11"},{"lineNumber":278,"author":{"gitId":"-"},"content":"  body {","lastModifiedDate":"2021-01-11"},{"lineNumber":279,"author":{"gitId":"-"},"content":"    display: block;","lastModifiedDate":"2021-01-11"},{"lineNumber":280,"author":{"gitId":"-"},"content":"  }","lastModifiedDate":"2021-01-11"},{"lineNumber":281,"author":{"gitId":"-"},"content":"  /**","lastModifiedDate":"2021-01-12"},{"lineNumber":282,"author":{"gitId":"-"},"content":"  * Replaces the top navigation menu with the project name when printing","lastModifiedDate":"2021-01-12"},{"lineNumber":283,"author":{"gitId":"-"},"content":"  */","lastModifiedDate":"2021-01-12"},{"lineNumber":284,"author":{"gitId":"-"},"content":"  .site-header .wrapper {","lastModifiedDate":"2021-01-12"},{"lineNumber":285,"author":{"gitId":"-"},"content":"    display: none;","lastModifiedDate":"2021-01-12"},{"lineNumber":286,"author":{"gitId":"-"},"content":"  }","lastModifiedDate":"2021-01-12"},{"lineNumber":287,"author":{"gitId":"-"},"content":"  .site-header {","lastModifiedDate":"2021-01-12"},{"lineNumber":288,"author":{"gitId":"-"},"content":"    text-align: center;","lastModifiedDate":"2021-01-12"},{"lineNumber":289,"author":{"gitId":"-"},"content":"  }","lastModifiedDate":"2021-01-12"},{"lineNumber":290,"author":{"gitId":"-"},"content":"  .site-header:before {","lastModifiedDate":"2021-01-12"},{"lineNumber":291,"author":{"gitId":"Moley456"},"content":"    content: \"SportsPA\";","lastModifiedDate":"2021-09-28"},{"lineNumber":292,"author":{"gitId":"-"},"content":"    font-size: 32px;","lastModifiedDate":"2021-01-12"},{"lineNumber":293,"author":{"gitId":"-"},"content":"  }","lastModifiedDate":"2021-01-11"},{"lineNumber":294,"author":{"gitId":"-"},"content":"}","lastModifiedDate":"2021-01-12"},{"lineNumber":295,"author":{"gitId":"-"},"content":"","lastModifiedDate":"2021-01-12"}],"authorContributionMap":{"Moley456":1,"-":294}}]
