{"authorDailyContributionsMap":{"YoYoCiti":[{"date":"2021-09-27","commitResults":[{"hash":"7350f566783cc014f06f8b44d23fd9518060f702","messageTitle":"Update portion of AboutUs","messageBody":"","fileTypesAndContributionMap":{"docs":{"insertions":3,"deletions":3}}}]},{"date":"2021-09-28","commitResults":[{"hash":"afafd85968d22ca81b28b5f3fc30a5ddaef46bd2","messageTitle":"Update portion of User Guide","messageBody":"","fileTypesAndContributionMap":{"docs":{"insertions":24,"deletions":87}}},{"hash":"cdd93fcaadc99ca9b5082adca5624a3883e4fa49","messageTitle":"Update User Guide","messageBody":"Remove addressbook occurrences","fileTypesAndContributionMap":{"docs":{"insertions":28,"deletions":24}}},{"hash":"62086bd430f37fd603f37782ca9597908b1ee10a","messageTitle":"Update Developer Guide","messageBody":"Use cases 1 - 7","fileTypesAndContributionMap":{"docs":{"insertions":96,"deletions":12}}}]},{"date":"2021-09-29","commitResults":[{"hash":"7d6a6d53fc9f5ccb929202080d704922f0b54b14","messageTitle":"Fix spacing issue at use cases in DG","messageBody":"","fileTypesAndContributionMap":{"docs":{"insertions":6,"deletions":7}}},{"hash":"52716d87be537f8678d705c03086ce62c8de5859","messageTitle":"Add findf command","messageBody":"Results of findf command only shown on results display as text.\nAlso added skeleton of Facility class and methods to Model and Model\nManager to support command.\n","fileTypesAndContributionMap":{"functional-code":{"insertions":176,"deletions":0},"test-code":{"insertions":2,"deletions":0}}},{"hash":"a402d2167e174acec3c54e39de104a25b32ef138","messageTitle":"Add tests for findf command parser","messageBody":"","fileTypesAndContributionMap":{"test-code":{"insertions":44,"deletions":2}}}]},{"date":"2021-10-04","commitResults":[{"hash":"c394c43568ed583f126cf73f1867e9f00b8e242f","messageTitle":"Add tests for LocationContainsKeywordsPredicate","messageBody":"","fileTypesAndContributionMap":{"test-code":{"insertions":39,"deletions":0}}},{"hash":"dd30fbb5012fa4d9cb47502aa9244f7bc3a6f0fe","messageTitle":"Add skeleton of clearf command","messageBody":"Need integration with facility list\n","fileTypesAndContributionMap":{"functional-code":{"insertions":25,"deletions":0}}},{"hash":"4a316bf69b51e772437abc5cac5d69a7330dcdfe","messageTitle":"Add tests for clearf command in AddressBookParser","messageBody":"","fileTypesAndContributionMap":{"test-code":{"insertions":8,"deletions":0}}},{"hash":"d6c5a83e3e0acbbe1a0aadbb157cd11489b1aa39","messageTitle":"Add tests for findf in AddressBookParserTest","messageBody":"","fileTypesAndContributionMap":{"test-code":{"insertions":11,"deletions":0}}}]},{"date":"2021-10-06","commitResults":[{"hash":"ef125cd4498859397696fa8f1b6b4859e60bb37a","messageTitle":"Fix merge and checkstyle issues","messageBody":"","fileTypesAndContributionMap":{"functional-code":{"insertions":6,"deletions":16},"test-code":{"insertions":1,"deletions":6}}},{"hash":"df6d4d90a74670ae93a501e0efe2e12d9523edad","messageTitle":"Add listf command","messageBody":"","fileTypesAndContributionMap":{"functional-code":{"insertions":27,"deletions":0}}},{"hash":"24d68a125559ef0be703990949ded2d275381568","messageTitle":"Add unit tests","messageBody":"Still need to support integration tests\n","fileTypesAndContributionMap":{"test-code":{"insertions":55,"deletions":0}}},{"hash":"e6f27377d8185f07e06f49009982dc458bc3b204","messageTitle":"Finish clearf command","messageBody":"Implementation different than persons. Require further look after\nstorage portion up\n","fileTypesAndContributionMap":{"functional-code":{"insertions":25,"deletions":1},"test-code":{"insertions":5,"deletions":0}}},{"hash":"8fd908595f92852ec4eab3ead8291cba314eef03","messageTitle":"Commit test to fix missing base report on codecov","messageBody":"","fileTypesAndContributionMap":{"functional-code":{"insertions":1,"deletions":1}}},{"hash":"801e90288844a12c551b70938b622ac10eda8ef3","messageTitle":"Update ClearFacilitiesCommand comment","messageBody":"Co-authored-by: Felix \u003c68647996+felix-ong@users.noreply.github.com\u003e","fileTypesAndContributionMap":{"functional-code":{"insertions":1,"deletions":1}}}]},{"date":"2021-10-08","commitResults":[{"hash":"b4b0a4f7c5176bd0ef1fd428a75966200b08c95b","messageTitle":"Add deletef command","messageBody":"","fileTypesAndContributionMap":{"functional-code":{"insertions":126,"deletions":0}}},{"hash":"7d04af62fd9c8361799caa7dd844ae644c0594fd","messageTitle":"Add tests for deletef command","messageBody":"","fileTypesAndContributionMap":{"functional-code":{"insertions":8,"deletions":1},"other":{"insertions":1,"deletions":1},"test-code":{"insertions":95,"deletions":0}}},{"hash":"1e48505ceaaba1dfc3f07133f642406a61dd5c9e","messageTitle":"Fix checkstyle warnings","messageBody":"","fileTypesAndContributionMap":{"test-code":{"insertions":6,"deletions":6}}}]},{"date":"2021-10-09","commitResults":[{"hash":"0d53acf04aa7d7f91e1903881eabed6de76407db","messageTitle":"Add test utilities for Facility","messageBody":"","fileTypesAndContributionMap":{"test-code":{"insertions":234,"deletions":29}}},{"hash":"0f49fe08f96df05661fd6507eca6f6251996532f","messageTitle":"Add full coverage tests for findf, clearf, listf","messageBody":"","fileTypesAndContributionMap":{"functional-code":{"insertions":25,"deletions":6},"test-code":{"insertions":116,"deletions":1}}},{"hash":"26ff91b00af48a478d535fe62121cf6d453e2422","messageTitle":"Update equals method for model manager and addressbook","messageBody":"","fileTypesAndContributionMap":{"functional-code":{"insertions":4,"deletions":2}}},{"hash":"c8da6187694e756976448c749d80f401b9338b84","messageTitle":"Disable storage tests temporarily until implementation","messageBody":"","fileTypesAndContributionMap":{"test-code":{"insertions":7,"deletions":0}}},{"hash":"dcba8e802c363ffff01d93c854d2e7e8c093498c","messageTitle":"Add getTypicalAddressBook without member list or facility list","messageBody":"","fileTypesAndContributionMap":{"test-code":{"insertions":24,"deletions":3}}},{"hash":"2b170d98d00677cd3e385f93e9a1541adef4adc1","messageTitle":"Add full test coverage for deletef command","messageBody":"","fileTypesAndContributionMap":{"test-code":{"insertions":75,"deletions":1}}},{"hash":"60663af5561a53a092ae55a41556f1d8b2ea2359","messageTitle":"Refactor INDEX_\u003c...\u003e_PERSON to INDEX_\u003c...\u003e","messageBody":"","fileTypesAndContributionMap":{"test-code":{"insertions":71,"deletions":71}}}]},{"date":"2021-10-11","commitResults":[{"hash":"04d90e1202c4db0beb7eb178ad094e255bc8bd4f","messageTitle":"Add deletef parser test","messageBody":"","fileTypesAndContributionMap":{"test-code":{"insertions":8,"deletions":0}}}]},{"date":"2021-10-12","commitResults":[{"hash":"dfea91be2226021be3b651dfdf22a07431f75b96","messageTitle":"Add editf command","messageBody":"","fileTypesAndContributionMap":{"functional-code":{"insertions":320,"deletions":4}}},{"hash":"8d857e813615b63c0152c67853ec5efc6869f49e","messageTitle":"Add tests supporting editf command","messageBody":"","fileTypesAndContributionMap":{"test-code":{"insertions":555,"deletions":0}}},{"hash":"a329b3b0db90631b18782bf732cbec5d092f8b48","messageTitle":"Update tests to fit time constraints","messageBody":"","fileTypesAndContributionMap":{"test-code":{"insertions":1,"deletions":1}}},{"hash":"f87dde25c03aced1b4138bb85a4b7a10488071d0","messageTitle":"Update message usage of addf to reflect time constraints","messageBody":"","fileTypesAndContributionMap":{"functional-code":{"insertions":1,"deletions":1}}},{"hash":"3c3c95a32aca783233a0748e6b3b4e32491cd1f8","messageTitle":"Duplicate facilities cannot be added to facility list","messageBody":"","fileTypesAndContributionMap":{"functional-code":{"insertions":8,"deletions":1},"test-code":{"insertions":8,"deletions":3}}},{"hash":"2b700927bd678792a9ec9652360d3a1c4b2c49b8","messageTitle":"Update User Guide to include editf","messageBody":"","fileTypesAndContributionMap":{"docs":{"insertions":28,"deletions":0}}}]},{"date":"2021-10-17","commitResults":[{"hash":"44a72d039bc4e3184cac5fd6828a517674210e8b","messageTitle":"Update jar file parameters","messageBody":"","fileTypesAndContributionMap":{"functional-code":{"insertions":1,"deletions":1},"other":{"insertions":1,"deletions":1}}},{"hash":"4284c00824da52fdeb16f075775198aa215e1f10","messageTitle":"Enable assertions","messageBody":"","fileTypesAndContributionMap":{"other":{"insertions":4,"deletions":0}}},{"hash":"f6dff0c9702d83102c5306c0f9adc7377c973d1b","messageTitle":"Add alias command to add shortcuts for command words","messageBody":"","fileTypesAndContributionMap":{"functional-code":{"insertions":224,"deletions":5}}},{"hash":"e2643b6eeab0f52364643186ce0649fc173e3916","messageTitle":"Add tests for alias command","messageBody":"","fileTypesAndContributionMap":{"test-code":{"insertions":192,"deletions":30}}},{"hash":"4762cd1e0fc4879478fa9fa5e2ebc114a4a4f0a0","messageTitle":"Fix checkstyle","messageBody":"","fileTypesAndContributionMap":{"functional-code":{"insertions":10,"deletions":2},"test-code":{"insertions":8,"deletions":12}}},{"hash":"fcee3b0e6d0deae1d0230c34318035ce05eaa453","messageTitle":"Add unalias and show aliases command","messageBody":"","fileTypesAndContributionMap":{"functional-code":{"insertions":147,"deletions":2}}},{"hash":"98bff49aa2c266258cfb5a02cf71debd1ea657af","messageTitle":"Add tests for unalias and show alias commands","messageBody":"","fileTypesAndContributionMap":{"functional-code":{"insertions":4,"deletions":0},"test-code":{"insertions":117,"deletions":2}}},{"hash":"167467e42c1fc055b929c2225e01190a1e225cee","messageTitle":"Remove whitespace from success message (aliases)","messageBody":"","fileTypesAndContributionMap":{"functional-code":{"insertions":1,"deletions":1}}}]},{"date":"2021-10-18","commitResults":[{"hash":"1a2d1b2accbbb69aa633696f7d626ef62095cf06","messageTitle":"Refactor Alias code","messageBody":"","fileTypesAndContributionMap":{"functional-code":{"insertions":355,"deletions":144},"other":{"insertions":5,"deletions":6},"test-code":{"insertions":175,"deletions":40}}},{"hash":"2876bb292961781cfdfccf55f102d12561104283","messageTitle":"Update User Guide to include alias commands","messageBody":"","fileTypesAndContributionMap":{"docs":{"insertions":43,"deletions":5}}},{"hash":"011d7051028ef8a01a26f78726829e37cfa8f945","messageTitle":"Remove commands from Command class","messageBody":"","fileTypesAndContributionMap":{"functional-code":{"insertions":0,"deletions":24}}}]},{"date":"2021-10-19","commitResults":[{"hash":"da17900163d6851f268b89dfab857b174ebd2391","messageTitle":"Add UML diagrams for Alias for DG","messageBody":"","fileTypesAndContributionMap":{"docs":{"insertions":139,"deletions":1}}},{"hash":"6c6ff0909f300b59f357c320cf2f1921c37ec262","messageTitle":"Add constraints for Shortcut","messageBody":"Shortcut cannot be an existing command\n","fileTypesAndContributionMap":{"functional-code":{"insertions":5,"deletions":2},"test-code":{"insertions":1,"deletions":0}}},{"hash":"4fd1c17e0dbb1c64667a44da745f9c15d34322a7","messageTitle":"Update User Guide","messageBody":"Add shortcut constraints and rephrase alias definition","fileTypesAndContributionMap":{"docs":{"insertions":2,"deletions":2}}},{"hash":"8377d00404ea985c2d2d54c8022fa82af6c8e6d1","messageTitle":"Add draft for Alias implementation in DG","messageBody":"","fileTypesAndContributionMap":{"docs":{"insertions":60,"deletions":0}}},{"hash":"72ab1f2acab96267f9d6f7641e18b4e9ef10c1b5","messageTitle":"Update DG, fix typos","messageBody":"","fileTypesAndContributionMap":{"docs":{"insertions":3,"deletions":3}}},{"hash":"cea4d5750ca63491a6232993b7400903b0105ea8","messageTitle":"Adjust error message for DeleteAlias empty field","messageBody":"","fileTypesAndContributionMap":{"functional-code":{"insertions":15,"deletions":1},"test-code":{"insertions":2,"deletions":1}}}]},{"date":"2021-10-22","commitResults":[{"hash":"6b2871214f99713b2051d013d57ed694f3955373","messageTitle":"Update User Guide","messageBody":"","fileTypesAndContributionMap":{"docs":{"insertions":179,"deletions":69}}},{"hash":"87ccca1b3d416b97e1134d03a31c58970f7c5ab1","messageTitle":"Fix checkstyle","messageBody":"","fileTypesAndContributionMap":{"docs":{"insertions":360,"deletions":243}}}]},{"date":"2021-10-24","commitResults":[{"hash":"c5adda31cc1716e159519c40cb5d59b4bfe2aeb5","messageTitle":"Fix Developer Guide not appearing on pages","messageBody":"","fileTypesAndContributionMap":{"docs":{"insertions":2,"deletions":1}}},{"hash":"4e6f389df0e84312412f56b08a09fa6165c458b2","messageTitle":"Fix Developer Guide Table of Contents","messageBody":"","fileTypesAndContributionMap":{"docs":{"insertions":2,"deletions":1}}},{"hash":"e04cb4fdb6ed0926c8c82d6eebd44fea2a78ced1","messageTitle":"Add auto tab switch whenever facility/member specific commands executed","messageBody":"","fileTypesAndContributionMap":{"functional-code":{"insertions":98,"deletions":22}}},{"hash":"74b55fa950777c8f917434f4a6009d9b616d359a","messageTitle":"Modify CommandTestUtil to account for tab switch","messageBody":"","fileTypesAndContributionMap":{"test-code":{"insertions":39,"deletions":1}}},{"hash":"1d08b6e673122acf1549f5d62439bc96d7e77441","messageTitle":"Add tests for CommandResult","messageBody":"","fileTypesAndContributionMap":{"test-code":{"insertions":3,"deletions":0}}},{"hash":"dca15f272a5b5a5bae4249ecf05d1d2898b56e4d","messageTitle":"Center FacilityListCard Text","messageBody":"","fileTypesAndContributionMap":{"functional-code":{"insertions":3,"deletions":1}}},{"hash":"27fb35ddb02bbd060662e9231a63fb684f1d4f15","messageTitle":"Add Attendance Commands into CommandWord and Tab functionality","messageBody":"","fileTypesAndContributionMap":{"functional-code":{"insertions":8,"deletions":4},"test-code":{"insertions":4,"deletions":1}}}]},{"date":"2021-10-25","commitResults":[{"hash":"e1e7d60ba950c7c593fe04bc21d3492b68693042","messageTitle":"Reorder UG to group member \u0026 facility commands","messageBody":"","fileTypesAndContributionMap":{"docs":{"insertions":234,"deletions":215}}}]},{"date":"2021-10-26","commitResults":[{"hash":"759b96957cf4b6c316e0fb1e45089b593152347e","messageTitle":"Add command exceptions for split when lack facilities or zero members","messageBody":"","fileTypesAndContributionMap":{"functional-code":{"insertions":55,"deletions":9}}},{"hash":"314c8abe99599b92c5c4845e4d8d88c4730824bc","messageTitle":"Update split command tests.","messageBody":"Currently exists a bug when some test cases fail when run together\nbut pass individually\n","fileTypesAndContributionMap":{"test-code":{"insertions":62,"deletions":10}}},{"hash":"bb79cd57130b66f999cb8f4afb44a1bb9442d3d0","messageTitle":"Fix test cases bug","messageBody":"","fileTypesAndContributionMap":{"test-code":{"insertions":2,"deletions":7}}},{"hash":"75ca08e2edc47481dcacc45e090308fc130233e4","messageTitle":"Fix checkstyle","messageBody":"","fileTypesAndContributionMap":{"test-code":{"insertions":0,"deletions":1}}},{"hash":"7f0862001b25a197adae9244205cb1e805e241ab","messageTitle":"Fix buggy tests","messageBody":"","fileTypesAndContributionMap":{"test-code":{"insertions":18,"deletions":4}}},{"hash":"f6b4cbecf76cf5fc5b4942cf34345fdf7531b134","messageTitle":"Fix buggy tests involving SplitCommand","messageBody":"","fileTypesAndContributionMap":{"test-code":{"insertions":9,"deletions":26}}},{"hash":"29647f744d30e527256787fb01e13e488c5315a5","messageTitle":"Update index.md to that of SportsPA","messageBody":"","fileTypesAndContributionMap":{"docs":{"insertions":3,"deletions":4}}},{"hash":"a96edb29125597898adeaba35be50c229a9da399","messageTitle":"Adjust Person string representation","messageBody":"Remove attendance from string representation\n","fileTypesAndContributionMap":{"functional-code":{"insertions":1,"deletions":5}}},{"hash":"d49662809d5f363028c960e2b103682a3084d715","messageTitle":"Adjust Import, Split and Facility command messages","messageBody":"","fileTypesAndContributionMap":{"functional-code":{"insertions":6,"deletions":5}}},{"hash":"44dffa58b7c1907d8410d8b1a0fdca0887ab36dc","messageTitle":"Update UG to include screenshots","messageBody":"Currently, screenshots for addm, editm, findm, ui and first look added\n","fileTypesAndContributionMap":{"docs":{"insertions":43,"deletions":38}}},{"hash":"72b5ae9681ff2ad61c50b914a05ec256bc333acc","messageTitle":"Add screenshots to UG","messageBody":"","fileTypesAndContributionMap":{"functional-code":{"insertions":0,"deletions":1},"docs":{"insertions":66,"deletions":38}}},{"hash":"92756bace1b68b8bd58d8483ed3d8337d8ebc279","messageTitle":"Remove comma at the end of personAllocatedList","messageBody":"","fileTypesAndContributionMap":{"functional-code":{"insertions":2,"deletions":5},"test-code":{"insertions":1,"deletions":1}}},{"hash":"0ae7f0c4eb4d0cde22b0e7f9fb7ccbcec3d8ccb4","messageTitle":"Update title of index.md","messageBody":"","fileTypesAndContributionMap":{"docs":{"insertions":1,"deletions":1}}},{"hash":"a0bd3ea1c84b24804b1f4592f4e34b5db76ab90f","messageTitle":"Fix typo in UG","messageBody":"","fileTypesAndContributionMap":{"docs":{"insertions":1,"deletions":1}}}]},{"date":"2021-10-27","commitResults":[{"hash":"a754b3ed861d1d8812139a768367d2872495647b","messageTitle":"Use markdown to reduce size of addm","messageBody":"Change one first to see on website","fileTypesAndContributionMap":{"docs":{"insertions":3,"deletions":1}}},{"hash":"3b5c6ecd4e404fe74e6c15e356fc6c312f9b75e8","messageTitle":"Align other screenshots center and fix resolution","messageBody":"","fileTypesAndContributionMap":{"docs":{"insertions":29,"deletions":10}}},{"hash":"3fa639785976a0fb84de3c1703e659ab9baa45a1","messageTitle":"Add constraint to shortcut","messageBody":"Shortcut should only be one word due to the way parsing is done\n","fileTypesAndContributionMap":{"functional-code":{"insertions":3,"deletions":2},"docs":{"insertions":1,"deletions":1},"test-code":{"insertions":3,"deletions":2}}},{"hash":"219c838414023a5818b3a8ae8b3b7ef888c1dde4","messageTitle":"Remove trailing whitespaces","messageBody":"","fileTypesAndContributionMap":{"docs":{"insertions":15,"deletions":15},"test-code":{"insertions":1,"deletions":1}}}]},{"date":"2021-10-28","commitResults":[{"hash":"a3140f2cd466b1a5c910cf63b81ef90171313ee1","messageTitle":"Update list of commands","messageBody":"","fileTypesAndContributionMap":{"functional-code":{"insertions":14,"deletions":9}}}]}],"Moley456":[{"date":"2021-09-27","commitResults":[{"hash":"c148e83ce3760e525e28d8a0aac80f3145f58513","messageTitle":"Update AboutUs.md","messageBody":"","fileTypesAndContributionMap":{"docs":{"insertions":3,"deletions":2}}},{"hash":"aa063cf9bf107e5941c3b777b33fb1a133020496","messageTitle":"Update AboutUs.md","messageBody":"","fileTypesAndContributionMap":{"docs":{"insertions":1,"deletions":1}}},{"hash":"f75d423d000024d7ee2d85b74148c739ff998913","messageTitle":"Update README.md","messageBody":"","fileTypesAndContributionMap":{"docs":{"insertions":19,"deletions":11}}}]},{"date":"2021-09-28","commitResults":[{"hash":"04ae73df2337eefc35c374ec6c8ccd0ad2e24745","messageTitle":"Add addm, listm, findm commands to User Guide","messageBody":"","fileTypesAndContributionMap":{"docs":{"insertions":20,"deletions":77}}}]},{"date":"2021-09-29","commitResults":[{"hash":"00149518635748e38305a6b10f5bbbe367fd5028","messageTitle":"Update use cases, NFRS and glossary of dev guide","messageBody":"","fileTypesAndContributionMap":{"docs":{"insertions":144,"deletions":6}}}]},{"date":"2021-10-10","commitResults":[{"hash":"5b5c159b713d84ed6e3c47f77cd52ef85d968fe7","messageTitle":"Implement saving of facility data","messageBody":"Facility data will now be saved to the addressbook.json data file.\nThe data file will also be loaded to the address book if it exists.\n","fileTypesAndContributionMap":{"functional-code":{"insertions":261,"deletions":29}}},{"hash":"0c00919fde372fc043c87e1025663d3cecfcded4","messageTitle":"minor format fix","messageBody":"","fileTypesAndContributionMap":{"functional-code":{"insertions":2,"deletions":2}}}]},{"date":"2021-10-11","commitResults":[{"hash":"958aa0c8471ae9f2d839012611d3a58bcc50e647","messageTitle":"Add new test cases for Storage component and fix checkstyles","messageBody":"","fileTypesAndContributionMap":{"functional-code":{"insertions":32,"deletions":25},"test-code":{"insertions":320,"deletions":118}}},{"hash":"05a440ef0583a2d2a629ff8255c29e1ef7c4ec44","messageTitle":"fix sample data format and fix person cards showing placeholders","messageBody":"","fileTypesAndContributionMap":{"functional-code":{"insertions":4,"deletions":13}}},{"hash":"9e64d5845c9c2786c31417969669fca8a977e3ec","messageTitle":"fix json test files to pass checks","messageBody":"","fileTypesAndContributionMap":{"test-code":{"insertions":3,"deletions":3}}},{"hash":"0af50e988fc622e767aa3e6ded66ac0a3fc539ff","messageTitle":"change \"help\" to link to SportsPA\u0027s User Guide","messageBody":"","fileTypesAndContributionMap":{"functional-code":{"insertions":1,"deletions":1}}},{"hash":"c0a57ef5bdbf8e126e9ee166fecef2b8ec7b5e80","messageTitle":"fix for checkstyle","messageBody":"","fileTypesAndContributionMap":{"functional-code":{"insertions":3,"deletions":2}}}]},{"date":"2021-10-12","commitResults":[{"hash":"00cb14973bc45db1345e585a7caa8bebfa268cef","messageTitle":"Add tabs in UI for Members and Facilities respectively","messageBody":"","fileTypesAndContributionMap":{"functional-code":{"insertions":95,"deletions":50}}},{"hash":"340e0927defda57eb1bb3ffcaf5666f373cac5b5","messageTitle":"Bug fix for split command","messageBody":"","fileTypesAndContributionMap":{"functional-code":{"insertions":6,"deletions":2},"test-code":{"insertions":4,"deletions":10}}},{"hash":"e809320c30458d5478b672ecc76c8851774fa13f","messageTitle":"Change jar file name and app title to SportsPA","messageBody":"","fileTypesAndContributionMap":{"functional-code":{"insertions":1,"deletions":1},"other":{"insertions":1,"deletions":1}}}]},{"date":"2021-10-21","commitResults":[{"hash":"893e78b1fce3f1284db3e73ae59f5cdc5ee8743a","messageTitle":"Add ImportCommand functionality","messageBody":"","fileTypesAndContributionMap":{"functional-code":{"insertions":121,"deletions":0}}}]},{"date":"2021-10-22","commitResults":[{"hash":"1a0c47d4fbb7f2b8aab876f38dbc7f66352229ab","messageTitle":"Change Import Command functionality The import command now replaces a person\u0027s phone number and availability if that person was already in the member list.","messageBody":"","fileTypesAndContributionMap":{"functional-code":{"insertions":16,"deletions":2}}}]},{"date":"2021-10-23","commitResults":[{"hash":"db876012d85960029200e54ebbd0bcd2da125192","messageTitle":"Add tests for ImportCommand and ImportCommandParser","messageBody":"","fileTypesAndContributionMap":{"functional-code":{"insertions":19,"deletions":0},"test-code":{"insertions":128,"deletions":1}}},{"hash":"2364204aa604198e4206e478a0551cbb8e203a40","messageTitle":"Fix ImportCommandParser and tests to support tags","messageBody":"","fileTypesAndContributionMap":{"functional-code":{"insertions":29,"deletions":16},"test-code":{"insertions":37,"deletions":3}}},{"hash":"f2b0fce7111dbe2c196defa869e765d4a66c8796","messageTitle":"fix checkstyle","messageBody":"","fileTypesAndContributionMap":{"functional-code":{"insertions":2,"deletions":2},"test-code":{"insertions":13,"deletions":18}}},{"hash":"93ba8c0f8e31c3da3641716e5cb90a07827f45b4","messageTitle":"Refactor ImportCommandParser","messageBody":"","fileTypesAndContributionMap":{"functional-code":{"insertions":27,"deletions":15}}},{"hash":"697bbafc4271b69c88f66340e5f7f6aca7003b80","messageTitle":"fix checkstyle","messageBody":"","fileTypesAndContributionMap":{"functional-code":{"insertions":3,"deletions":3}}},{"hash":"8dc288b599da72a05fca81cd0586ecab329cf0c7","messageTitle":"Improve test coverage","messageBody":"","fileTypesAndContributionMap":{"test-code":{"insertions":8,"deletions":0}}},{"hash":"8e29d07403ca8cea87255bf1c9894024645d3284","messageTitle":"Update User Guide for import command","messageBody":"","fileTypesAndContributionMap":{"docs":{"insertions":30,"deletions":4}}}]},{"date":"2021-10-24","commitResults":[{"hash":"a71c107c42fd2d1dcee93095c4172ddc2d65a04b","messageTitle":"update ImportCommand usage message","messageBody":"","fileTypesAndContributionMap":{"functional-code":{"insertions":3,"deletions":2}}}]},{"date":"2021-10-26","commitResults":[{"hash":"c016b3bb8601a973203b878d403f87deb2d0c2b2","messageTitle":"Tweak implementation of ImportCommand and update user guide","messageBody":"","fileTypesAndContributionMap":{"functional-code":{"insertions":98,"deletions":77},"docs":{"insertions":3,"deletions":2},"test-code":{"insertions":56,"deletions":68}}},{"hash":"bd9cda02efb9776939d84abe8985aff104bf086e","messageTitle":"Fix checkstyle","messageBody":"","fileTypesAndContributionMap":{"test-code":{"insertions":0,"deletions":1}}},{"hash":"a0437a40a0e0371b71c7bdc465a59b37ec3b2854","messageTitle":"fix checkstyle","messageBody":"","fileTypesAndContributionMap":{"test-code":{"insertions":0,"deletions":1}}},{"hash":"54e029dc87d9ad45bd77dad549df6b8feee9392e","messageTitle":"Fix table of contents of user guide","messageBody":"","fileTypesAndContributionMap":{"docs":{"insertions":4,"deletions":3}}},{"hash":"c6d1f44832fc8240cb1b775762d0d3558f1b8f0d","messageTitle":"fix user guide","messageBody":"","fileTypesAndContributionMap":{"docs":{"insertions":2,"deletions":2}}},{"hash":"902f6b92de2300aab200940cd1be87230b80c188","messageTitle":"Fix fonts for heading of table of contents","messageBody":"","fileTypesAndContributionMap":{"docs":{"insertions":9,"deletions":4}}},{"hash":"9bfc0093e681f1c811de995b8e3a4f4d9186f92f","messageTitle":"Fix FAQ formatting","messageBody":"","fileTypesAndContributionMap":{"docs":{"insertions":2,"deletions":2}}},{"hash":"1d77b5002a56bf3b374721db5b11b69e22410b1a","messageTitle":"Fix typo","messageBody":"","fileTypesAndContributionMap":{"docs":{"insertions":1,"deletions":1}}}]},{"date":"2021-10-27","commitResults":[{"hash":"99603a3c818b10e635051138ef35d3702ad54cf1","messageTitle":"Add export command and add support for saving of allocation list","messageBody":"","fileTypesAndContributionMap":{"functional-code":{"insertions":128,"deletions":6},"test-code":{"insertions":47,"deletions":23}}},{"hash":"4327238eccb806f380e06bd7e2af5e84432ce4e4","messageTitle":"Fix checkstyle","messageBody":"","fileTypesAndContributionMap":{"functional-code":{"insertions":1,"deletions":1}}},{"hash":"8c11f71fb34e3df7f1d48761d41e5546b1e8a4b2","messageTitle":"Fix consistency issues","messageBody":"","fileTypesAndContributionMap":{"functional-code":{"insertions":3,"deletions":2}}},{"hash":"bf5f2577ee7695258785f186050604d662561ea2","messageTitle":"Improve test coverage","messageBody":"","fileTypesAndContributionMap":{"test-code":{"insertions":8,"deletions":0}}}]},{"date":"2021-10-28","commitResults":[{"hash":"9bc9f56ce275e296b907bdcfc24bcc7714db5044","messageTitle":"Update user guide and developer guide","messageBody":"","fileTypesAndContributionMap":{"functional-code":{"insertions":1,"deletions":1},"docs":{"insertions":42,"deletions":7},"test-code":{"insertions":9,"deletions":4}}},{"hash":"e73d58d9ed804da395ea4091b7da13eade06f283","messageTitle":"Update user guide for export command","messageBody":"","fileTypesAndContributionMap":{"docs":{"insertions":2,"deletions":1}}}]}],"Shruthi0310":[{"date":"2021-09-27","commitResults":[{"hash":"d31b5f0e1d80ece6dddc27d1675c3e73e23957de","messageTitle":"Update AboutUs page","messageBody":"","fileTypesAndContributionMap":{"docs":{"insertions":3,"deletions":4}}}]},{"date":"2021-09-28","commitResults":[{"hash":"75d6afa81fd45ac6688f23f6f7f18c5d6073302f","messageTitle":"Update portion of UserGuide.md","messageBody":"","fileTypesAndContributionMap":{"docs":{"insertions":49,"deletions":124}}},{"hash":"d4e7be70cfde5d451e622d62cc1757710fb733ed","messageTitle":"Update UserGuide.md","messageBody":"","fileTypesAndContributionMap":{"docs":{"insertions":0,"deletions":1}}},{"hash":"7f34d76868217e13846e5461b0dc78cd2ab0dd01","messageTitle":"Update UserGuide.md","messageBody":"","fileTypesAndContributionMap":{"docs":{"insertions":6,"deletions":6}}},{"hash":"bc5e840643ec1db4be19ba88fcd7db6785f96211","messageTitle":"Update DeveloperGuide.md","messageBody":"","fileTypesAndContributionMap":{"docs":{"insertions":17,"deletions":11}}}]},{"date":"2021-10-05","commitResults":[{"hash":"cf7f6fbda8cefaaa2a943b7bf982e9865edb5737","messageTitle":"Add an add facility command","messageBody":"There is no command to keep track of facilities in the address book.\n\nAdding an AddFacilityCommand allows us to add facilities to\nthe address book for tracking.\n\nLet\u0027s create a command to add facilities to the address book by\ncreating a AddFacilityCommand class and other relevant classes.\n","fileTypesAndContributionMap":{"functional-code":{"insertions":645,"deletions":1},"test-code":{"insertions":446,"deletions":13}}},{"hash":"828845bc22a4102df51567e64b046782447d2262","messageTitle":"Update javaDoc comments","messageBody":"","fileTypesAndContributionMap":{"functional-code":{"insertions":1,"deletions":1}}},{"hash":"3255629d1ce264451b5d2b7fd2adedfc629e09e5","messageTitle":"Update import statements","messageBody":"","fileTypesAndContributionMap":{"test-code":{"insertions":1,"deletions":0}}},{"hash":"67d78465c6c82d340976ca57e7ea8a93b6aa1e5d","messageTitle":"Update AddressBookParserTest.java","messageBody":"","fileTypesAndContributionMap":{"test-code":{"insertions":0,"deletions":3}}},{"hash":"3e416b5151837ff583ec6b52e24fc3086227172f","messageTitle":"Fix checkstyle issues","messageBody":"","fileTypesAndContributionMap":{"functional-code":{"insertions":2,"deletions":2},"test-code":{"insertions":0,"deletions":2}}}]},{"date":"2021-10-06","commitResults":[{"hash":"4cf7d698ab9c817fe4fd96c7a043c7db3f96e31f","messageTitle":"Fix checkstyle issues","messageBody":"","fileTypesAndContributionMap":{"test-code":{"insertions":1,"deletions":1}}},{"hash":"69632612987378a11187d7f33e781fcf2f25ad89","messageTitle":"Fix checkstyle errors","messageBody":"","fileTypesAndContributionMap":{"functional-code":{"insertions":52,"deletions":27},"test-code":{"insertions":66,"deletions":34}}}]},{"date":"2021-10-12","commitResults":[{"hash":"05ef27c8a0e89b25897a2d84d6433d03af0c4c92","messageTitle":"Add split command","messageBody":"","fileTypesAndContributionMap":{"functional-code":{"insertions":211,"deletions":2},"test-code":{"insertions":286,"deletions":10}}},{"hash":"8c5f338f1e2347548b5ec6396a933e31cbe1f2a7","messageTitle":"Update split functions","messageBody":"","fileTypesAndContributionMap":{"functional-code":{"insertions":29,"deletions":17}}},{"hash":"860f57bacafdf4e0f7bfb3771ac52456d7815bd8","messageTitle":"Fix checkstyle errors","messageBody":"","fileTypesAndContributionMap":{"functional-code":{"insertions":3,"deletions":4},"test-code":{"insertions":10,"deletions":2}}},{"hash":"1b53931b03735c8bf282056f6da12b0ea5f6eee9","messageTitle":"Update tests for UniqueFacilityList","messageBody":"","fileTypesAndContributionMap":{"test-code":{"insertions":31,"deletions":0}}},{"hash":"9348f1b90f0db4b2a63454c35ce154287070af01","messageTitle":"Update UserGuide.md","messageBody":"","fileTypesAndContributionMap":{"docs":{"insertions":2,"deletions":2}}},{"hash":"b51e952cb07a275ea9512ed1feb0ca79f4500d54","messageTitle":"Fix checkstyle issues","messageBody":"","fileTypesAndContributionMap":{"functional-code":{"insertions":2,"deletions":1},"test-code":{"insertions":1,"deletions":1}}},{"hash":"c5cd0728763463a963ec9902bff012598bf0939f","messageTitle":"Change persons to members","messageBody":"","fileTypesAndContributionMap":{"functional-code":{"insertions":3,"deletions":3}}},{"hash":"939d2f00df3d2d686c1128dfda4e2fb28dd065ec","messageTitle":"Update test units","messageBody":"","fileTypesAndContributionMap":{"test-code":{"insertions":2,"deletions":0}}}]},{"date":"2021-10-21","commitResults":[{"hash":"99f6e7eabccc2a256b6ad0b9979795f826e91ad0","messageTitle":"Add attendance feature","messageBody":"","fileTypesAndContributionMap":{"functional-code":{"insertions":540,"deletions":9},"docs":{"insertions":32,"deletions":1},"test-code":{"insertions":455,"deletions":21}}},{"hash":"25b0133d121fcfab444578ce1492d03236e06a1c","messageTitle":"Update DG attendance implementation","messageBody":"","fileTypesAndContributionMap":{"docs":{"insertions":37,"deletions":0}}}]},{"date":"2021-10-22","commitResults":[{"hash":"62ef2398cbcd35eb537ca5d1865927da1e56b19d","messageTitle":"Fix unit tests","messageBody":"","fileTypesAndContributionMap":{"functional-code":{"insertions":5,"deletions":1},"test-code":{"insertions":57,"deletions":87}}}]},{"date":"2021-10-23","commitResults":[{"hash":"976743e7fa720d4aceec24760d4918568053aaa7","messageTitle":"Fix UG","messageBody":"","fileTypesAndContributionMap":{"docs":{"insertions":2,"deletions":7}}},{"hash":"8338023fa057a74c53e1e45a2ba98449cd9bb0b0","messageTitle":"Fix unit tests","messageBody":"","fileTypesAndContributionMap":{"functional-code":{"insertions":3,"deletions":2},"test-code":{"insertions":17,"deletions":13}}}]},{"date":"2021-10-24","commitResults":[{"hash":"c3b17501c235c7152351a2f7721cc9a0a3a6a8f8","messageTitle":"Update UG layout","messageBody":"","fileTypesAndContributionMap":{"docs":{"insertions":4,"deletions":4}}},{"hash":"541264c020b2c17160fda6a5d5b6e18141d18880","messageTitle":"Fix UG TOC","messageBody":"","fileTypesAndContributionMap":{"docs":{"insertions":1,"deletions":1}}},{"hash":"482b8b5f09a216288ea6739edaa11f705ab4b4f6","messageTitle":"Fix UG","messageBody":"","fileTypesAndContributionMap":{"docs":{"insertions":1,"deletions":1}}},{"hash":"7b74ee5e180068f8807e5de4ecaf4eb58f7af261","messageTitle":"Fix UG summary table","messageBody":"","fileTypesAndContributionMap":{"docs":{"insertions":2,"deletions":4}}},{"hash":"43e1b5d9b1155d4d36f55840030b5312ce8b131e","messageTitle":"Fix edit member command","messageBody":"","fileTypesAndContributionMap":{"functional-code":{"insertions":8,"deletions":2}}}]},{"date":"2021-10-26","commitResults":[{"hash":"4cad0764d30828b03372c6fcb3fa8e27d3fdde0a","messageTitle":"Fix setm command","messageBody":"","fileTypesAndContributionMap":{"functional-code":{"insertions":2,"deletions":1}}}]}],"felix-ong":[{"date":"2021-09-27","commitResults":[{"hash":"48b06ac399c5dca2cba37f11b14c5911ffbd7544","messageTitle":"Update AboutUs page","messageBody":"","fileTypesAndContributionMap":{"docs":{"insertions":4,"deletions":4}}}]},{"date":"2021-09-28","commitResults":[{"hash":"ec11f3309b93627c5c837f1fcd65d544adb9c19c","messageTitle":"Update UserGuide.md","messageBody":"","fileTypesAndContributionMap":{"docs":{"insertions":12,"deletions":91}}},{"hash":"af527dad372eefa983cb90ae482051ab630c11dd","messageTitle":"Update UserGuide.md","messageBody":"","fileTypesAndContributionMap":{"docs":{"insertions":15,"deletions":10}}},{"hash":"e3e569c9160f6f73127f368f4676cee631262dbd","messageTitle":"Update DeveloperGuide.md with user stories","messageBody":"Add lines 10 to 23 of user stories spreadsheet to Developer Guide.","fileTypesAndContributionMap":{"docs":{"insertions":14,"deletions":6}}}]},{"date":"2021-09-30","commitResults":[{"hash":"16ea7ed214a70aa7a86d20d48857ded0592c9edc","messageTitle":"Change FindCommand to FindMemberCommand","messageBody":"","fileTypesAndContributionMap":{"functional-code":{"insertions":4,"deletions":4},"other":{"insertions":30,"deletions":30},"test-code":{"insertions":4,"deletions":4}}},{"hash":"ea06d039d7782a4a13f174161834c42bb74337d7","messageTitle":"Change ClearCommand to ClearMembersCommand","messageBody":"","fileTypesAndContributionMap":{"functional-code":{"insertions":3,"deletions":3},"other":{"insertions":7,"deletions":7},"test-code":{"insertions":4,"deletions":4}}},{"hash":"6fc94197713c1399586efb8ba86fb1cd66a8ddd9","messageTitle":"Fix checkstyle error regarding line length","messageBody":"","fileTypesAndContributionMap":{"test-code":{"insertions":2,"deletions":1}}}]},{"date":"2021-10-05","commitResults":[{"hash":"f43a12a575fb4a2eae31b8fdf7465062c8496781","messageTitle":"Update FindMemberCommand.java","messageBody":"Edit Javadoc comment\n\nCo-authored-by: Xiu Wen \u003c62061465+YoYoCiti@users.noreply.github.com\u003e","fileTypesAndContributionMap":{"functional-code":{"insertions":1,"deletions":1}}},{"hash":"ef5d8e9c28a26c28d1b65b6bdc056a7b5852d716","messageTitle":"Update Messages.java","messageBody":"Rename MESSAGE_PERSONS_LISTED_OVERVIEW to MESSAGE_MEMBERS_LISTED_OVERVIEW\n\nCo-authored-by: Xiu Wen \u003c62061465+YoYoCiti@users.noreply.github.com\u003e","fileTypesAndContributionMap":{"functional-code":{"insertions":1,"deletions":1}}},{"hash":"78258e2f3e4e68b32102824244dbf41f6cf17c06","messageTitle":"Replace instances of \"persons\" in messages with \"members\"","messageBody":"","fileTypesAndContributionMap":{"functional-code":{"insertions":4,"deletions":4},"docs":{"insertions":1,"deletions":1},"test-code":{"insertions":9,"deletions":9}}},{"hash":"554b575f4f5931f96d5f3821e14dc2b662cf03b1","messageTitle":"Update MESSAGE_SUCCESS of ClearMembersCommand","messageBody":"","fileTypesAndContributionMap":{"functional-code":{"insertions":1,"deletions":1}}}]},{"date":"2021-10-09","commitResults":[{"hash":"a4b6da6c91f79406aba47afd3c4c7e6ac6dd06d7","messageTitle":"Modify clearm command to clear only member list","messageBody":"The clearm command will reset both the member and\nfacility list even though only the member list should be cleared.\n\nLet\u0027s modify ClearMembersCommand and the Model such that the member\nlist can be cleared independently from the facility list.\n","fileTypesAndContributionMap":{"functional-code":{"insertions":25,"deletions":2}}},{"hash":"9254fa2945613a01056410ec11e95de6f95fcbac","messageTitle":"Fix checkstyle issues","messageBody":"","fileTypesAndContributionMap":{"test-code":{"insertions":6,"deletions":6}}},{"hash":"758e2281a53e39edeef484e080d204378cac8025","messageTitle":"Add resetMemberList() method to ModelStub","messageBody":"ModelStub should throw AssertionError if resetMemberList() is called.\n","fileTypesAndContributionMap":{"test-code":{"insertions":5,"deletions":0}}},{"hash":"e1043edfe94ef13e4c1172f76fbfe2a97875a555","messageTitle":"Update ClearMembersCommandTest","messageBody":"Test that ClearMembersCommand only clears the member list.\n","fileTypesAndContributionMap":{"test-code":{"insertions":2,"deletions":3}}}]},{"date":"2021-10-10","commitResults":[{"hash":"242f5aa7d175d0479a68a3ed36ea3e41bffa060f","messageTitle":"Add set member availability command","messageBody":"Allows the user to set the availability of a member which is only\ndoable via the setm command. The command format is currently\n`setm INDEX (must be a positive integer) d/[AVAILABLE DAYS]` and\navailability values are in a single string.\n","fileTypesAndContributionMap":{"functional-code":{"insertions":204,"deletions":12},"test-code":{"insertions":14,"deletions":1}}},{"hash":"9675653e707e900b5dca6f31efb37a1a95bd0863","messageTitle":"Set member availability command: ensure proper storage","messageBody":"Set member availability command does not store the availability.\n\nLet\u0027s,\n* add @JsonProperty to availability\n* modify the JSON tests and builders such that\n  they include availability\n","fileTypesAndContributionMap":{"functional-code":{"insertions":9,"deletions":1},"test-code":{"insertions":34,"deletions":13}}},{"hash":"14a79fd43621e952e0781424a5b6fc25568e9916","messageTitle":"Set member availability command: Fix failing test case","messageBody":"execute_allFieldsSpecifiedUnfilteredList_success() of\nEditCommandTest fails because default availability differs from the\navailability given in typical persons.\n\nLet\u0027s change typical persons such that the availability matches.\n","fileTypesAndContributionMap":{"test-code":{"insertions":1,"deletions":1}}},{"hash":"00541f892550f456bafc6e4528988eb2188d3e4d","messageTitle":"Add support for setting availability of multiple members at once","messageBody":"setm only allows the availability of one member to be set at once.\nAllowing for the availability of multiple members to be set at once\nwill make it more user-friendly.\n\nLet\u0027s change the setm command to allow indices instead of an index.\n","fileTypesAndContributionMap":{"functional-code":{"insertions":32,"deletions":23}}},{"hash":"5652aaf943d141738668255dba433d09cc3fa25a","messageTitle":"Fix checkstyle errors","messageBody":"","fileTypesAndContributionMap":{"functional-code":{"insertions":7,"deletions":7}}}]},{"date":"2021-10-12","commitResults":[{"hash":"8f9a07c1d4501b6b9627a188d34206a1c86917dd","messageTitle":"Change command word of edit member command to editm","messageBody":"Use editm instead of edit since editf is for editing facilities.\n","fileTypesAndContributionMap":{"functional-code":{"insertions":1,"deletions":1}}},{"hash":"74d2f0ea129185859220483fadc3ecb34d42a645","messageTitle":"Set member availability command: Make case insensitive and check","messageBody":"`parseAvailability` of `ParserUtil` parses the availability string\nto trim whitespaces, remove duplicates, ensures that all\navailability days follows the abbreviated names of the days and\nconverts them to upper case for storage.\nThis is to ensure uniformity.\n","fileTypesAndContributionMap":{"functional-code":{"insertions":59,"deletions":12},"test-code":{"insertions":29,"deletions":45}}},{"hash":"063d5c5233cbbd76ddbdb62f2ac0387f5e34df61","messageTitle":"Add member availability command: Make availability optional","messageBody":"","fileTypesAndContributionMap":{"functional-code":{"insertions":6,"deletions":3}}},{"hash":"ac6da06d78b3a7c4fdd97a7cc79199b82a4b28e7","messageTitle":"Update User Guide for setm command","messageBody":"","fileTypesAndContributionMap":{"docs":{"insertions":12,"deletions":12}}},{"hash":"c2e5d66e6b1628ba371459d8d357b3fbde5f1bea","messageTitle":"Fix failing checkstyle and test cases","messageBody":"Make availability compulsary for add member command for now.\n","fileTypesAndContributionMap":{"functional-code":{"insertions":9,"deletions":5},"test-code":{"insertions":40,"deletions":10}}},{"hash":"e544af116ebcca3ea7114b7c8a079c950d383c85","messageTitle":"Add availability to SampleDataUtil","messageBody":"Sample availability of \"MON WED FRI\" added to sample data so that\nusers can see how it is displayed.\n","fileTypesAndContributionMap":{"functional-code":{"insertions":7,"deletions":7}}}]},{"date":"2021-10-15","commitResults":[{"hash":"84b87409a06717e313258f2e420677a5dbbf3eb2","messageTitle":"Set member availability command: Improve parsing and ease of use","messageBody":"Currently, availability values are implemented as a string.\nThis brings several problems. The string is hard to sort, hard to\nparse and verify validity. Having to type in the names of days is\nalso tedious when the user could just type \"d/1 2 3\" instead to\nrepresent the days. Using numbers which can be converted to\nDayOfWeek makes it easier to parse and validate.\n\nLet\u0027s use java.time.DayOfWeek and change the data type of\navailability values from String to List\u003cDayOfWeek\u003e as well as change\nthe command format to improve ease of use and validation.\n","fileTypesAndContributionMap":{"functional-code":{"insertions":44,"deletions":35}}},{"hash":"4f0ed62d55ba42086e6ebd28d573331956406546","messageTitle":"Add member command: Make availability optional","messageBody":"Make adding member command with availability prefix d/ optional.\nAvailability is empty(not available on all days) by default.\n","fileTypesAndContributionMap":{"functional-code":{"insertions":17,"deletions":6},"test-code":{"insertions":1,"deletions":1}}},{"hash":"59df6276f4638ebe5e6b8baabf64c71022231cd7","messageTitle":"Fix checkstyle issues and update User Guide","messageBody":"Update User Guide to reflect new setm and addm command format.\n","fileTypesAndContributionMap":{"functional-code":{"insertions":10,"deletions":6},"docs":{"insertions":11,"deletions":10}}}]},{"date":"2021-10-16","commitResults":[{"hash":"85b089ae787bf67c302a31f36aed22e238caac42","messageTitle":"Split command: Modify to use new Availability","messageBody":"Modify the split command to use the new Availability and command\nformat. Tests for split command still needs to be fixed.\n","fileTypesAndContributionMap":{"functional-code":{"insertions":27,"deletions":24},"test-code":{"insertions":112,"deletions":74}}},{"hash":"dc6ed07aee1c514cb223e5ffca180478cc33f340","messageTitle":"Split command: Fix some tests","messageBody":"Fix some tests in SplitCommandTest.\n","fileTypesAndContributionMap":{"functional-code":{"insertions":1,"deletions":5},"test-code":{"insertions":39,"deletions":44}}},{"hash":"9bef32a2813c01db91ca6beac01d87115ad543f3","messageTitle":"Fix checkstyle issues","messageBody":"","fileTypesAndContributionMap":{"test-code":{"insertions":0,"deletions":8}}},{"hash":"7c3de7ac577ee740570cd079002efbe65f9a0977","messageTitle":"Add tests for Availibility","messageBody":"Add tests for Availability, SetMemberAvailabilityCommand\nand SetMemberAvailabilityCommandParser.\n","fileTypesAndContributionMap":{"functional-code":{"insertions":2,"deletions":2},"test-code":{"insertions":168,"deletions":0}}}]},{"date":"2021-10-19","commitResults":[{"hash":"1f000af9e009c0ea578ebbc38d038094abef8823","messageTitle":"Update checks and messages of setm and split command","messageBody":"Check validity of Availability using regex instead of parsing and\nthrowing exception using NumberFormatException.\nSplit command success message displays day name instead of\nday number for clarity. Setm command displays names of members and\navailability that has been set.\n","fileTypesAndContributionMap":{"functional-code":{"insertions":37,"deletions":28}}},{"hash":"442a6609f1a1d1ff73efb2c08ce9c8f2143c41fb","messageTitle":"Update User Guide","messageBody":"Update user guide to reflect new command format in command summary.\n","fileTypesAndContributionMap":{"docs":{"insertions":6,"deletions":6}}},{"hash":"a0c6f9e9603379d0aa6082e7808cd3a133bdf598","messageTitle":"Update SplitCommandTest and SplitCommandParserTest","messageBody":"Update tests to reflect new messages.\n","fileTypesAndContributionMap":{"test-code":{"insertions":15,"deletions":15}}},{"hash":"b3892319b845bab913df8b0a15b49c5ce1db2200","messageTitle":"Fix checkstyle issues","messageBody":"","fileTypesAndContributionMap":{"test-code":{"insertions":4,"deletions":4}}}]},{"date":"2021-10-20","commitResults":[{"hash":"96e056b72999513c845cb8bff6df60ce0352bb36","messageTitle":"Update Developer Guide","messageBody":"Update model class diagrams to remove unnecessary classes and add\nAvailability class. Add design considerations for Availability.\n","fileTypesAndContributionMap":{"functional-code":{"insertions":0,"deletions":1},"docs":{"insertions":27,"deletions":12}}}]},{"date":"2021-10-23","commitResults":[{"hash":"b4e8de8af18d9b1e7dd933c7c77c185913c3d7d6","messageTitle":"Add allocate member command","messageBody":"Add command to allocate member to a facility on a given day.\nChecks for valid member and facility indices given, whether\nthe member is available on that day, whether the facility\nis at max capacity and whether the person is already allocated to\nthe facility. However, does not check whether member is\nassigned to different facilities on the same day and each member\ncan only be allocated to a facility once regardless of day.\n","fileTypesAndContributionMap":{"functional-code":{"insertions":173,"deletions":11}}}]},{"date":"2021-10-26","commitResults":[{"hash":"9b99245e21e787384097dec6fa379b3e770cac82","messageTitle":"Add deallocate member command","messageBody":"Checks whether a member has been allocated to a facility before\ndeallocating the member.\n","fileTypesAndContributionMap":{"functional-code":{"insertions":139,"deletions":3}}},{"hash":"602e96f44b5a4571c1842891e182a07a1b9cf901","messageTitle":"Fix typos and improve consistency of User Guide","messageBody":"Add table to explain meaning of icons and text styles.\n","fileTypesAndContributionMap":{"docs":{"insertions":86,"deletions":60}}},{"hash":"5b8724ef1ef4c907c4747332aa65713fd7916f61","messageTitle":"Add table of contents back to User Guide","messageBody":"","fileTypesAndContributionMap":{"docs":{"insertions":1,"deletions":1}}},{"hash":"9703e381f9a59181f31e4544eb1d3e60638f7605","messageTitle":"Change incorrect format of table of contents","messageBody":"","fileTypesAndContributionMap":{"docs":{"insertions":1,"deletions":2}}},{"hash":"65da71159526417d6d86830e7a62450cd2fffeb7","messageTitle":"Fix allocate and deallocate command parsers","messageBody":"Command is only valid if 3 valid integers are provided.\n","fileTypesAndContributionMap":{"functional-code":{"insertions":10,"deletions":10}}},{"hash":"0cf6f3460c875b7946c678ce1fdd515549b73f8f","messageTitle":"Change Facility to use ArrayList","messageBody":"","fileTypesAndContributionMap":{"functional-code":{"insertions":5,"deletions":4}}},{"hash":"94c52eeb67cc22d22712318b8b9fb61b4ce8a5a7","messageTitle":"Fix set member availability command","messageBody":"Messages are now correct.\n","fileTypesAndContributionMap":{"functional-code":{"insertions":16,"deletions":11}}},{"hash":"2029a9a341329965ba1a244ea878b85c46da957a","messageTitle":"Update User Guide","messageBody":"Update to include allocate and deallocate commands. Add info note to\nindicate that facilities are assumed to always be available.\n","fileTypesAndContributionMap":{"docs":{"insertions":42,"deletions":0}}}]},{"date":"2021-10-30","commitResults":[{"hash":"387028f9125729cb6ea74d1aea77557995f3678f","messageTitle":"Facility Class: Add logical constraints to fields","messageBody":"Adding more constraints to the fields of Facility class would make\nit more realistic and less prone to errors. Changing the time to\ndisplay am/pm instead of 24h makes it more user-friendly. Displaying\nthe current capacity/max capacity is more useful.\n\nLet\u0027s,\n* update VALIDATION_REGEX to limit FacilityName and Location to\n  50 alphanumeric characters\n* update VALIDATION_REGEX to limite Time to valid 24h format HHmm\n* change FacilityListCard to display current capacity\n* update VALIDATION_REGEX to limit Capacity to be a positive integer\n  up to 50\n","fileTypesAndContributionMap":{"functional-code":{"insertions":20,"deletions":19}}},{"hash":"ebab75f00e1a8c7190bfa9e50f344cf5cc82d683","messageTitle":"Update Facility-related tests","messageBody":"Update tests to conform with new constraints and field formats\nand improve coverage.\n","fileTypesAndContributionMap":{"functional-code":{"insertions":11,"deletions":4},"test-code":{"insertions":200,"deletions":22}}},{"hash":"0a0ef06fd293999904b496fbfc09c070b79b801a","messageTitle":"Fix issue with wrong naming of isValid function in Location","messageBody":"Rename isValidTime to isValidLocation.\n","fileTypesAndContributionMap":{"functional-code":{"insertions":4,"deletions":4},"test-code":{"insertions":7,"deletions":7}}},{"hash":"b540b8cbeb453517df6f8c18b04bdbd4767fba7b","messageTitle":"Update User Guide for new Facility field constraints","messageBody":"","fileTypesAndContributionMap":{"functional-code":{"insertions":1,"deletions":1},"docs":{"insertions":6,"deletions":3}}},{"hash":"9c1094ad772dcbbdf4f6609e45b91044d09a2897","messageTitle":"Update User Guide for addf and editf","messageBody":"","fileTypesAndContributionMap":{"functional-code":{"insertions":1,"deletions":1},"docs":{"insertions":9,"deletions":8}}},{"hash":"7941339d077908f716b6c92a585652ea0466e3c7","messageTitle":"Fix minor issues in User Guide","messageBody":"Missing fullstop and bold.\n","fileTypesAndContributionMap":{"docs":{"insertions":2,"deletions":2}}},{"hash":"0b3ea081507579777a49e15d873cf1ed8f06e212","messageTitle":"Update FacilityListCard","messageBody":"Add \"start time: \" to provide context for time.\n","fileTypesAndContributionMap":{"functional-code":{"insertions":1,"deletions":1}}}]}],"tsinyee":[{"date":"2021-09-27","commitResults":[{"hash":"25c80a403340e0eb47638a7b11b647f7a9f2e700","messageTitle":"Update About Us","messageBody":"","fileTypesAndContributionMap":{"docs":{"insertions":3,"deletions":3}}}]},{"date":"2021-09-28","commitResults":[{"hash":"71b03169d62bd35cbf74194fa9c7cd083ddf3310","messageTitle":"Update UserGuide","messageBody":"","fileTypesAndContributionMap":{"docs":{"insertions":11,"deletions":4}}},{"hash":"4bea37ad5afa9bd92c56f6e0bd25c948a05e28db","messageTitle":"update UG","messageBody":"","fileTypesAndContributionMap":{"docs":{"insertions":7,"deletions":4}}},{"hash":"52eeb9046f5bce5bcfd7e83a73f5d539981af137","messageTitle":"Update DeveloperGuide.md","messageBody":"","fileTypesAndContributionMap":{"docs":{"insertions":12,"deletions":3}}}]},{"date":"2021-09-29","commitResults":[{"hash":"086d452c83b948f5f92985039e0844b6a09969d2","messageTitle":"update developer guide","messageBody":"","fileTypesAndContributionMap":{"docs":{"insertions":0,"deletions":1}}}]},{"date":"2021-10-05","commitResults":[{"hash":"bca88270451202ec18c54eec7d181f4885ce03f0","messageTitle":"Change AddCommand to AddMemberCommand","messageBody":"","fileTypesAndContributionMap":{"functional-code":{"insertions":7,"deletions":7},"other":{"insertions":43,"deletions":52},"docs":{"insertions":5,"deletions":5},"test-code":{"insertions":12,"deletions":12}}},{"hash":"54ab789801f4491bbb29a1982e2c02663e50302d","messageTitle":"fix checkstyle error","messageBody":"","fileTypesAndContributionMap":{"test-code":{"insertions":2,"deletions":1}}},{"hash":"73146e7a3f828111b81f9c6691147b83ba6f481a","messageTitle":"fix checkstyle error","messageBody":"","fileTypesAndContributionMap":{"test-code":{"insertions":2,"deletions":2}}},{"hash":"21f8302273ef24363ab8e83a2030ae90780923ee","messageTitle":"Add ListMemberCommand","messageBody":"","fileTypesAndContributionMap":{"functional-code":{"insertions":3,"deletions":3},"other":{"insertions":5,"deletions":5},"test-code":{"insertions":6,"deletions":6}}}]},{"date":"2021-10-06","commitResults":[{"hash":"1e5024fd24811aadd779c473adf3f6a9df2bca44","messageTitle":"Update messages to user and resolve merge conflicts","messageBody":"","fileTypesAndContributionMap":{"functional-code":{"insertions":31,"deletions":35},"test-code":{"insertions":3,"deletions":3}}},{"hash":"c99acada533754664e4f77875d93d92227bf2d79","messageTitle":"resolve merge conflicts","messageBody":"","fileTypesAndContributionMap":{"functional-code":{"insertions":4,"deletions":0}}},{"hash":"74ee353a95a09d57b7066f5d2379b46de7e65d0d","messageTitle":"fix checkstyle issue to pass ci test","messageBody":"","fileTypesAndContributionMap":{"functional-code":{"insertions":1,"deletions":1}}},{"hash":"20d9043c23614750e9a9a2281d9b5ec23861ecc7","messageTitle":"fix checkstyle issue to pass ci test","messageBody":"","fileTypesAndContributionMap":{"functional-code":{"insertions":0,"deletions":1}}}]},{"date":"2021-10-07","commitResults":[{"hash":"84f5b0f7655e31a3b420fbfd958f60e81f9597f3","messageTitle":"update AddressBookParser and AddressBookParserTest to resolve merge conflicts","messageBody":"","fileTypesAndContributionMap":{"functional-code":{"insertions":3,"deletions":3},"test-code":{"insertions":6,"deletions":16}}},{"hash":"d7b5f873c173eeb7d640ff9f1895c101b88f02b6","messageTitle":"fix checkstyle issues","messageBody":"","fileTypesAndContributionMap":{"functional-code":{"insertions":30,"deletions":35}}},{"hash":"c12a41e81a8f77bcbbe89daf30c6b8680b5ff30d","messageTitle":"fix checkstyle issues","messageBody":"","fileTypesAndContributionMap":{"test-code":{"insertions":11,"deletions":1}}}]},{"date":"2021-10-10","commitResults":[{"hash":"74e36a2d02d1df0ef6d3e9d36b44bec7f7909298","messageTitle":"Remove unnecessary attributes (email, address, tag) for Person","messageBody":"","fileTypesAndContributionMap":{"functional-code":{"insertions":53,"deletions":252},"test-code":{"insertions":87,"deletions":426}}},{"hash":"3c1c687eb44edbd8fa083cf98319b8fb4d8de227","messageTitle":"Rename EditPerson to EditMember","messageBody":"","fileTypesAndContributionMap":{"functional-code":{"insertions":3,"deletions":3},"other":{"insertions":74,"deletions":74},"test-code":{"insertions":12,"deletions":12}}},{"hash":"a7e800e1a1e4f65b77663e49ace5bf37aa5c3a6c","messageTitle":"resolve merge conflicts","messageBody":"","fileTypesAndContributionMap":{"functional-code":{"insertions":3,"deletions":3},"test-code":{"insertions":3,"deletions":3}}},{"hash":"d294999b0a908f6a1769ed84fce809e0226d6052","messageTitle":"fix checkstyle issues","messageBody":"","fileTypesAndContributionMap":{"functional-code":{"insertions":2,"deletions":10}}},{"hash":"84e8194c94dba947ce2e958b4eb01d943a4f790d","messageTitle":"fix checkstyle issues","messageBody":"","fileTypesAndContributionMap":{"test-code":{"insertions":0,"deletions":2}}},{"hash":"31c53500e96ea3b7fc3e6576289e4da3d3597595","messageTitle":"Add DeleteMemberCommand","messageBody":"","fileTypesAndContributionMap":{"functional-code":{"insertions":3,"deletions":3},"other":{"insertions":27,"deletions":27},"test-code":{"insertions":4,"deletions":4}}}]},{"date":"2021-10-11","commitResults":[{"hash":"67b149211ffbfca9d92bd3a85a074951dcfe81da","messageTitle":"Add DeleteMemberCommand","messageBody":"","fileTypesAndContributionMap":{"functional-code":{"insertions":3,"deletions":3},"test-code":{"insertions":9,"deletions":9}}},{"hash":"3fb9654549e57a3c0bcdfc97cbccbe3fae9a5a93","messageTitle":"Fix checkstyle issues","messageBody":"","fileTypesAndContributionMap":{"test-code":{"insertions":15,"deletions":15}}},{"hash":"21dc7177c00e34d715c8cbdf8847b3c284279300","messageTitle":"Fix checkstyle issues","messageBody":"","fileTypesAndContributionMap":{"test-code":{"insertions":2,"deletions":1}}},{"hash":"6ed83434bc8296f2d109a92ed54339e67dd00810","messageTitle":"Fix bug to pass unit tests in LogicManagerTest","messageBody":"","fileTypesAndContributionMap":{"test-code":{"insertions":1,"deletions":1}}}]},{"date":"2021-10-12","commitResults":[{"hash":"ddfc493c960e67b47e24f0937cce865c5cca1317","messageTitle":"Implement Facility fields validation in ParserUtil class","messageBody":"","fileTypesAndContributionMap":{"functional-code":{"insertions":20,"deletions":4},"test-code":{"insertions":55,"deletions":28}}},{"hash":"1eeaaccdd444c8064b5dc07bb5a719b52a99a4c3","messageTitle":"remove \u0027:\u0027 from Time test values to pass unit tests","messageBody":"","fileTypesAndContributionMap":{"test-code":{"insertions":3,"deletions":3}}},{"hash":"fc9f41a44d6906d87ef129a0d1df24cea2bd8891","messageTitle":"remove \u0027:\u0027 from Time test values to pass unit tests","messageBody":"","fileTypesAndContributionMap":{"test-code":{"insertions":3,"deletions":3}}}]},{"date":"2021-10-18","commitResults":[{"hash":"30c526aaf6df152e2edd7f2aaada747476b9d9cf","messageTitle":"Add SortMemberCommand","messageBody":"","fileTypesAndContributionMap":{"functional-code":{"insertions":63,"deletions":18}}}]},{"date":"2021-10-19","commitResults":[{"hash":"536e8545c101f2d2816527099a7464045cacc044","messageTitle":"Add tests for sort member command","messageBody":"","fileTypesAndContributionMap":{"functional-code":{"insertions":1,"deletions":1},"test-code":{"insertions":79,"deletions":15}}},{"hash":"c068a1b8eaf346dddc2802570c0c3fcda63c5a4e","messageTitle":"Fix checkstyle errors","messageBody":"","fileTypesAndContributionMap":{"functional-code":{"insertions":18,"deletions":1}}},{"hash":"2b0d5145cad86e9b13193af5473eb09f12dd2659","messageTitle":"Fix checkstyle errors","messageBody":"","fileTypesAndContributionMap":{"test-code":{"insertions":1,"deletions":1}}},{"hash":"08e9a42ff22a05268b12b59e389cf4db854fb078","messageTitle":"Fix checkstyle errors","messageBody":"","fileTypesAndContributionMap":{"test-code":{"insertions":16,"deletions":1}}}]},{"date":"2021-10-21","commitResults":[{"hash":"c0300ad7f45526de467b28c936a1f18fc258361e","messageTitle":"Enable Tag field for members","messageBody":"","fileTypesAndContributionMap":{"functional-code":{"insertions":124,"deletions":37},"test-code":{"insertions":198,"deletions":57}}},{"hash":"c6de36a2ba948bfd13fad0a6708fe1fceceaaa99","messageTitle":"FIx checkstyle errors","messageBody":"","fileTypesAndContributionMap":{"functional-code":{"insertions":47,"deletions":20}}},{"hash":"046e1986bdf2886f2a63e1426fa7a7e8f2b82058","messageTitle":"FIx checkstyle errors","messageBody":"","fileTypesAndContributionMap":{"functional-code":{"insertions":5,"deletions":6}}},{"hash":"a129361d2fbe1a9ca6d39581f5d2670300a499cc","messageTitle":"FIx checkstyle errors","messageBody":"","fileTypesAndContributionMap":{"functional-code":{"insertions":0,"deletions":1}}},{"hash":"2dfea42dd9f7d22df0aaf9fd7b2da1d183ee42b2","messageTitle":"FIx checkstyle errors","messageBody":"","fileTypesAndContributionMap":{"test-code":{"insertions":43,"deletions":22}}},{"hash":"1afce7e0e74ecbf2ea3f9fbe0ad39e6aa8bbfe04","messageTitle":"FIx checkstyle errors","messageBody":"","fileTypesAndContributionMap":{"test-code":{"insertions":5,"deletions":3}}},{"hash":"b2a322b1fb331b71e2c2ca30859eb418fe6d1c6f","messageTitle":"fix minor bug","messageBody":"","fileTypesAndContributionMap":{"test-code":{"insertions":2,"deletions":1}}}]},{"date":"2021-10-22","commitResults":[{"hash":"bcbb3a8d1eab7980fe08a5e00eb07cd5112e32b1","messageTitle":"Update UserGuide","messageBody":"","fileTypesAndContributionMap":{"docs":{"insertions":19,"deletions":4}}},{"hash":"e677bea86f715fc52820df9a5ac31a522939b632","messageTitle":"Update DG","messageBody":"","fileTypesAndContributionMap":{"docs":{"insertions":1,"deletions":0}}},{"hash":"6a89086caae087139bc4ccfa6f04f843bc702288","messageTitle":"Update UG","messageBody":"","fileTypesAndContributionMap":{"docs":{"insertions":1,"deletions":1}}},{"hash":"90d71c9b23ef52e8aab420fd3b7cac995c41e95e","messageTitle":"Change message usage to make it more relevant","messageBody":"","fileTypesAndContributionMap":{"functional-code":{"insertions":3,"deletions":3}}},{"hash":"33b5a596e2b2760d24f6669f367cfd675604da42","messageTitle":"Minor bug fix for feedback to user when availability is not specified","messageBody":"","fileTypesAndContributionMap":{"functional-code":{"insertions":13,"deletions":4},"test-code":{"insertions":18,"deletions":0}}}]},{"date":"2021-10-23","commitResults":[{"hash":"1f64cb0fa78686e39fb2eaa9687b9f548ed18147","messageTitle":"Add Sort Members by Name Command","messageBody":"","fileTypesAndContributionMap":{"functional-code":{"insertions":9,"deletions":2},"test-code":{"insertions":7,"deletions":0}}}]},{"date":"2021-10-24","commitResults":[{"hash":"3566b5240135db6c0d01f5944890f2f993821ed1","messageTitle":"Add Sort Members by Tag command","messageBody":"","fileTypesAndContributionMap":{"functional-code":{"insertions":184,"deletions":12},"docs":{"insertions":0,"deletions":1},"test-code":{"insertions":13,"deletions":12}}},{"hash":"74575415464f18412147ba29ab0dc7caff676418","messageTitle":"Update tests for sort member command","messageBody":"","fileTypesAndContributionMap":{"functional-code":{"insertions":24,"deletions":7},"other":{"insertions":3,"deletions":3},"test-code":{"insertions":194,"deletions":27}}},{"hash":"a181866f65927400a2e5830ef493b64467395756","messageTitle":"Refactor code","messageBody":"","fileTypesAndContributionMap":{"functional-code":{"insertions":9,"deletions":18}}},{"hash":"51aaf133160fcc4967eff090cc932f00a3e76f68","messageTitle":"Update User Guide","messageBody":"","fileTypesAndContributionMap":{"docs":{"insertions":51,"deletions":12}}}]},{"date":"2021-10-25","commitResults":[{"hash":"652483254853bde9d1073f156eb34c116f035f27","messageTitle":"Update implementation of sortMembersByTag","messageBody":"","fileTypesAndContributionMap":{"functional-code":{"insertions":23,"deletions":25},"docs":{"insertions":2,"deletions":2}}},{"hash":"d0060f0913201222998f09b7b71dbb8c2304ea8b","messageTitle":"Resolve merge conflicts and update UG","messageBody":"","fileTypesAndContributionMap":{"functional-code":{"insertions":24,"deletions":2},"docs":{"insertions":12,"deletions":2},"test-code":{"insertions":1,"deletions":1}}},{"hash":"2f51ee1f92d6616e44fc2f1ae0d29c57bc6ef3d1","messageTitle":"Resolve merge conflicts","messageBody":"","fileTypesAndContributionMap":{"docs":{"insertions":1,"deletions":1}}},{"hash":"4aa81ea216343c3b1d002ad44edf3c3b2a753f67","messageTitle":"Fix checkstyle errors","messageBody":"","fileTypesAndContributionMap":{"functional-code":{"insertions":5,"deletions":1}}},{"hash":"13a2e2bdc5f93c2a7294326ae24510fe19ec5691","messageTitle":"Fix checkstyle errors","messageBody":"","fileTypesAndContributionMap":{"test-code":{"insertions":1,"deletions":1}}},{"hash":"221095f5a30a4124e347b25bf55f6d7e064d658e","messageTitle":"Fix minor bug","messageBody":"","fileTypesAndContributionMap":{"functional-code":{"insertions":1,"deletions":1},"test-code":{"insertions":1,"deletions":3}}},{"hash":"9c2d078f0d7e2158e1538676b7e28b990fac9681","messageTitle":"Fix checkstyle error","messageBody":"","fileTypesAndContributionMap":{"test-code":{"insertions":2,"deletions":1}}}]},{"date":"2021-10-26","commitResults":[{"hash":"cf8d0a2cd41378d3cd0b5a26bc9415b0a3ec09eb","messageTitle":"Extend functionality of Find member command to include finding members with specific tags and availabilities","messageBody":"","fileTypesAndContributionMap":{"functional-code":{"insertions":223,"deletions":12}}}]},{"date":"2021-10-28","commitResults":[{"hash":"2c3a01d442f8aa644e1ff58455f58c14bb99e12d","messageTitle":"Add tests for find member feature extension","messageBody":"","fileTypesAndContributionMap":{"functional-code":{"insertions":247,"deletions":49},"other":{"insertions":5,"deletions":5},"test-code":{"insertions":632,"deletions":23}}},{"hash":"12849cd9b1fcea0f664d0329e274cad4f59d6893","messageTitle":"Update UG and DG","messageBody":"","fileTypesAndContributionMap":{"docs":{"insertions":44,"deletions":16}}},{"hash":"a3544f6b93aa8297117bebd78416db5b427f5b8a","messageTitle":"Delete duplicate classes","messageBody":"","fileTypesAndContributionMap":{"functional-code":{"insertions":0,"deletions":30}}},{"hash":"cf46f7354f7910de3b2c64b347b33b5834192985","messageTitle":"Add Javadocs","messageBody":"","fileTypesAndContributionMap":{"functional-code":{"insertions":48,"deletions":4},"test-code":{"insertions":15,"deletions":14}}}]},{"date":"2021-10-29","commitResults":[{"hash":"6aace3134775343e7ab851ce7e0f31ee6b909277","messageTitle":"Update UG","messageBody":"","fileTypesAndContributionMap":{"docs":{"insertions":1,"deletions":2}}},{"hash":"32114213cadb29bfc54a4b5ef006273060ab6da1","messageTitle":"Update DG","messageBody":"","fileTypesAndContributionMap":{"docs":{"insertions":0,"deletions":2}}},{"hash":"6a8e8c8613126539e5f4494cf24fc836c40f7084","messageTitle":"Update MainApp version","messageBody":"","fileTypesAndContributionMap":{"functional-code":{"insertions":1,"deletions":1}}},{"hash":"201e82d3e9d46e3f15cabaddfdfdc7c8667a30dc","messageTitle":"Update MainApp version","messageBody":"","fileTypesAndContributionMap":{"functional-code":{"insertions":1,"deletions":1}}}]}]},"authorFileTypeContributionMap":{"YoYoCiti":{"docs":841,"functional-code":1427,"test-code":1807,"other":2},"Moley456":{"docs":205,"functional-code":630,"test-code":486,"other":2},"Shruthi0310":{"docs":67,"functional-code":1368,"test-code":1082},"felix-ong":{"docs":153,"functional-code":688,"test-code":495},"tsinyee":{"docs":67,"functional-code":822,"test-code":1276}},"authorContributionVariance":{"YoYoCiti":68707.19,"Moley456":13690.659,"Shruthi0310":60572.586,"felix-ong":14976.082,"tsinyee":63718.1},"authorDisplayNameMap":{"YoYoCiti":"CS2103T-W12-1 SEOW.. WEN","Moley456":"CS2103T-W12-1 ONG .. WEI","Shruthi0310":"CS2103T-W12-1 SENT..UTHI","felix-ong":"CS2103T-W12-1 FELI..CONG","tsinyee":"CS2103T-W12-1 TEO .. YEE"}}
