{"authorDailyContributionsMap":{"GabrielWLM":[{"date":"2021-09-29","commitResults":[{"hash":"78d042aa710272fbb42835bad61ce03dee2316d7","messageTitle":"Add documentation for class-related function in UG, update UG","messageBody":"","fileTypesAndContributionMap":{"docs":{"insertions":148,"deletions":85}}}]},{"date":"2021-09-30","commitResults":[{"hash":"840d741087837f8cc5ab6266678e079736106700","messageTitle":"Change AddressBook mentions in docs to ClassMATE","messageBody":"","fileTypesAndContributionMap":{"docs":{"insertions":173,"deletions":215}}}]},{"date":"2021-10-01","commitResults":[{"hash":"5104981ccef60409ce26936419677d2d8b30ce1e","messageTitle":"Add newline","messageBody":"","fileTypesAndContributionMap":{"docs":{"insertions":1,"deletions":1}}},{"hash":"e06148a1e935a6cfd2145556e9ed8a793c263eeb","messageTitle":"Add use case, glossary, NFR","messageBody":"","fileTypesAndContributionMap":{"docs":{"insertions":39,"deletions":15}}}]},{"date":"2021-10-06","commitResults":[{"hash":"b4a549363fb2d4598d26f222308dd106631ba69e","messageTitle":"Refactor Person to Student","messageBody":"","fileTypesAndContributionMap":{"functional-code":{"insertions":409,"deletions":409},"other":{"insertions":177,"deletions":177},"docs":{"insertions":35,"deletions":35},"test-code":{"insertions":693,"deletions":693}}}]},{"date":"2021-10-07","commitResults":[{"hash":"c95b3cfc5cedc834ec233010447f31efbd67efbe","messageTitle":"Refactor person to student more and fix checkstyle","messageBody":"","fileTypesAndContributionMap":{"functional-code":{"insertions":22,"deletions":22},"docs":{"insertions":93,"deletions":90},"test-code":{"insertions":41,"deletions":41}}},{"hash":"70f09467946a88e6803ae8e5c5a1b1ff84a119f1","messageTitle":"Fix checkstyle errors","messageBody":"","fileTypesAndContributionMap":{"test-code":{"insertions":12,"deletions":6}}}]},{"date":"2021-10-13","commitResults":[{"hash":"2436d928d92b4fcdbd2a613aa975c665b7e32fc0","messageTitle":"Refactor address book to classmate","messageBody":"","fileTypesAndContributionMap":{"functional-code":{"insertions":171,"deletions":170},"other":{"insertions":51,"deletions":51},"docs":{"insertions":12,"deletions":13},"test-code":{"insertions":173,"deletions":173}}},{"hash":"4f0d1c60e683db5d93114caee49d81e3f04938d2","messageTitle":"Update md","messageBody":"","fileTypesAndContributionMap":{"docs":{"insertions":1,"deletions":0}}}]}],"nguyiyang":[{"date":"2021-09-26","commitResults":[{"hash":"ac82822db63d8d8778ddafdebcce3001f83fb1a6","messageTitle":"Update UserGuide and AboutUs","messageBody":"","fileTypesAndContributionMap":{"docs":{"insertions":27,"deletions":5}}},{"hash":"251f0413be9cf8ad99fbcbb76a9c9110558aefd1","messageTitle":"Add clear feature to user guide","messageBody":"","fileTypesAndContributionMap":{"docs":{"insertions":2,"deletions":2}}},{"hash":"fe3fd44243dc42ace8c01f3eb2b49d41cb796ba9","messageTitle":"Add NFRs to developer guide","messageBody":"","fileTypesAndContributionMap":{"docs":{"insertions":6,"deletions":1}}},{"hash":"1219d5e15461afc0769adc86f3df8f41d9d9b419","messageTitle":"Update AboutUs","messageBody":"","fileTypesAndContributionMap":{"docs":{"insertions":21,"deletions":0}}}]},{"date":"2021-09-28","commitResults":[{"hash":"6f672cbee2372a1ea53b28ed4de08e34503e6c57","messageTitle":"Update CI banner","messageBody":"","fileTypesAndContributionMap":{"docs":{"insertions":1,"deletions":1}}},{"hash":"d88a07583add3c82a3397b748156c69c14529f9c","messageTitle":"Update ReadMe","messageBody":"","fileTypesAndContributionMap":{"docs":{"insertions":10,"deletions":24}}}]},{"date":"2021-09-30","commitResults":[{"hash":"10102454a3c9deaf01ecc606bdad73af03c1606e","messageTitle":"Update use cases and glossary","messageBody":"","fileTypesAndContributionMap":{"docs":{"insertions":48,"deletions":8}}}]},{"date":"2021-10-05","commitResults":[{"hash":"8269805e83243a2d6cb762d8a5db9ad6c1a2f236","messageTitle":"Update student commands","messageBody":"","fileTypesAndContributionMap":{"functional-code":{"insertions":5,"deletions":5}}}]},{"date":"2021-10-06","commitResults":[{"hash":"1838b84be2494c7e7ea99a9f2cf9bea06a946676","messageTitle":"Update deletestu test","messageBody":"","fileTypesAndContributionMap":{"test-code":{"insertions":1,"deletions":1}}}]},{"date":"2021-10-07","commitResults":[{"hash":"dc0481953a08853dd3ffbc2f328609193a0846b6","messageTitle":"Add viewstu feature","messageBody":"","fileTypesAndContributionMap":{"functional-code":{"insertions":301,"deletions":5},"test-code":{"insertions":7,"deletions":7}}},{"hash":"c31e5dc6b2fbd7430a53d6e13ac6c09e0b6179ca","messageTitle":"Add viewstu tests","messageBody":"","fileTypesAndContributionMap":{"functional-code":{"insertions":69,"deletions":77},"other":{"insertions":8,"deletions":11},"test-code":{"insertions":151,"deletions":3}}},{"hash":"ac3872ec69322a2d7a00592c59473bbcaff9703b","messageTitle":"Update viewstu GUI","messageBody":"","fileTypesAndContributionMap":{"functional-code":{"insertions":26,"deletions":13}}},{"hash":"dd8ef0f622d84a3a3be1701aae2fdfdf7c14595a","messageTitle":"Update variable names","messageBody":"","fileTypesAndContributionMap":{"functional-code":{"insertions":11,"deletions":7}}},{"hash":"4c447e6505a6ca758814aed9cb855f8985a40832","messageTitle":"Fix minor errors","messageBody":"","fileTypesAndContributionMap":{"functional-code":{"insertions":3,"deletions":3},"test-code":{"insertions":2,"deletions":11}}},{"hash":"4e576b7f0f245799fdbab33f247f9483e2451902","messageTitle":"Fix checkstyle errors","messageBody":"","fileTypesAndContributionMap":{"functional-code":{"insertions":0,"deletions":2},"test-code":{"insertions":2,"deletions":1}}}]},{"date":"2021-10-12","commitResults":[{"hash":"8a23dfbdeb32900ee2004c228d5d509a38225133","messageTitle":"Update viewstu ui","messageBody":"","fileTypesAndContributionMap":{"functional-code":{"insertions":73,"deletions":62}}},{"hash":"567197273ace4b67280e93db467577e6af1aa7fc","messageTitle":"Add classcode to viewstu gui","messageBody":"","fileTypesAndContributionMap":{"functional-code":{"insertions":5,"deletions":0}}}]},{"date":"2021-10-13","commitResults":[{"hash":"23e44278a7d347bafad96f4ff80de2caa6d62b87","messageTitle":"Fix checkstyle errors","messageBody":"","fileTypesAndContributionMap":{"functional-code":{"insertions":2,"deletions":3}}}]},{"date":"2021-10-19","commitResults":[{"hash":"e615ea2e0e076119393013cbe12357d25d49ca56","messageTitle":"Add tutorial group details","messageBody":"","fileTypesAndContributionMap":{"functional-code":{"insertions":155,"deletions":0}}},{"hash":"bbde82791c6f2a085cc1a976803d3fd930828c09","messageTitle":"Update tutorial group storage and add command","messageBody":"","fileTypesAndContributionMap":{"functional-code":{"insertions":513,"deletions":12}}},{"hash":"6c70af485d91d406ab26eb318bdffa71ab960ef2","messageTitle":"Add delete group feature","messageBody":"","fileTypesAndContributionMap":{"functional-code":{"insertions":88,"deletions":2},"other":{"insertions":4,"deletions":0}}},{"hash":"5f87ac544c701999edeed332b4300ae51b60f616","messageTitle":"Fix checkstyle errors","messageBody":"","fileTypesAndContributionMap":{"functional-code":{"insertions":3,"deletions":14},"test-code":{"insertions":2,"deletions":2}}},{"hash":"1a94514b1c776a012d18bf1c856949ab73b58bbf","messageTitle":"Fix bugs","messageBody":"","fileTypesAndContributionMap":{"functional-code":{"insertions":1,"deletions":1},"test-code":{"insertions":59,"deletions":9}}}]},{"date":"2021-10-20","commitResults":[{"hash":"3c10e094b61085f11bab5dd6a6707f6a60838fd2","messageTitle":"Update GroupType implementation","messageBody":"","fileTypesAndContributionMap":{"functional-code":{"insertions":35,"deletions":12}}},{"hash":"5c7d4ca426f5fd2374795f849779e1b655a9d9fd","messageTitle":"Add assertions","messageBody":"","fileTypesAndContributionMap":{"functional-code":{"insertions":5,"deletions":1}}}]},{"date":"2021-10-21","commitResults":[{"hash":"84c95c55e8d56428f828e0f59e1208af2aaeba80","messageTitle":"Add TutorialClass to ModeClassDiagram","messageBody":"","fileTypesAndContributionMap":{"docs":{"insertions":11,"deletions":1}}},{"hash":"ed0390eee08ea1148341080b57ec70fc11a5bfc6","messageTitle":"Add StudentWindow to UiClassDiagram","messageBody":"","fileTypesAndContributionMap":{"docs":{"insertions":3,"deletions":0}}},{"hash":"b209eec74310a298ce83b5d07d1664e1b4b83ba3","messageTitle":"Add TutorialGroup to BetterModelClassDiagram","messageBody":"","fileTypesAndContributionMap":{"docs":{"insertions":5,"deletions":0}}},{"hash":"ea3e78ad56ad30ecd9c0bcca54a4928ca5803964","messageTitle":"Update DG tutorial group implementation","messageBody":"","fileTypesAndContributionMap":{"functional-code":{"insertions":4,"deletions":4},"docs":{"insertions":64,"deletions":0}}}]}],"juliussneezer04":[{"date":"2021-09-26","commitResults":[{"hash":"f93c1a7aa0e09623f0eda15684d65514ea5d5af9","messageTitle":"Update README, About Us.","messageBody":"The README is outdated. About Us does not include Vishnu\u0027s info.\nLet\u0027s add this info to our repository.\n","fileTypesAndContributionMap":{"docs":{"insertions":43,"deletions":5}}},{"hash":"7980dd96e4158f2ee870ff5580fc0725cf8e19ac","messageTitle":"Update User Guide","messageBody":"The \u0027save\u0027 and \u0027find\u0027 features are not included.\nLet\u0027s add them into our User Guide.\n","fileTypesAndContributionMap":{"docs":{"insertions":14,"deletions":10}}}]},{"date":"2021-09-27","commitResults":[{"hash":"19a7d138134cca5fac37e85868111bbfb9e1a15e","messageTitle":"Adding RepoSense Link.","messageBody":"","fileTypesAndContributionMap":{"docs":{"insertions":1,"deletions":1}}}]},{"date":"2021-09-29","commitResults":[{"hash":"14d26fe8976e205365379ecc291bfad627b9811d","messageTitle":"Update README.md","messageBody":"","fileTypesAndContributionMap":{"docs":{"insertions":0,"deletions":1}}},{"hash":"5d2b24e207064e94934b190b676125f06695170c","messageTitle":"Adding extra pictures and changing names.","messageBody":"","fileTypesAndContributionMap":{"docs":{"insertions":2,"deletions":2}}}]},{"date":"2021-10-07","commitResults":[{"hash":"8cc1b0c399c56bc45af7d3a6a2d93c563e3b54bd","messageTitle":"Refactoring AddressBook to Classmate","messageBody":"","fileTypesAndContributionMap":{"functional-code":{"insertions":14,"deletions":14},"other":{"insertions":15,"deletions":15},"test-code":{"insertions":11,"deletions":11}}},{"hash":"1ac7fb79bf1893532776ca1c8377f533aee0cad5","messageTitle":"Refactoring JsonSerializableAddressBook to JsonSerializableClassmate","messageBody":"","fileTypesAndContributionMap":{"functional-code":{"insertions":5,"deletions":5},"other":{"insertions":14,"deletions":14},"docs":{"insertions":5,"deletions":5}}},{"hash":"812d6cd6f4da63a85c07d1e5627dc57244d0bc4c","messageTitle":"Skeleton Storage Changes.","messageBody":"","fileTypesAndContributionMap":{"functional-code":{"insertions":129,"deletions":0}}},{"hash":"ecc74f5721f9c63f9f0350ea0be7f041ed1faebc","messageTitle":"Storage updates to Tutorial Class.","messageBody":"","fileTypesAndContributionMap":{"functional-code":{"insertions":24,"deletions":46}}},{"hash":"83e25786620addc8eafd1e6b40c9a38acde54d67","messageTitle":"Updated AddressBook for TutorialClasses. Created UniqueTutorialClassList. Added TutorialClassExceptions.","messageBody":"","fileTypesAndContributionMap":{"functional-code":{"insertions":6,"deletions":0}}},{"hash":"413bea4d25ff2cc624c2e23a7ad980c1f89aaa26","messageTitle":"Updated AddressBook. Created UniqueTutorialClassList.","messageBody":"","fileTypesAndContributionMap":{"functional-code":{"insertions":217,"deletions":20}}},{"hash":"2c1bff5f029281360ac40c13060d68aa0bcbe5b9","messageTitle":"Added UniqueTutorialClassList functionality.","messageBody":"","fileTypesAndContributionMap":{"functional-code":{"insertions":21,"deletions":5},"test-code":{"insertions":12,"deletions":6}}},{"hash":"52eb4ae3d327eba50a41e29152b43851a20cc182","messageTitle":"Fix checkstyle errors.","messageBody":"","fileTypesAndContributionMap":{"functional-code":{"insertions":13,"deletions":10}}},{"hash":"36e51c899e61ade2b30e27c7bdaf4adf660276d8","messageTitle":"Fix checkstyle error.","messageBody":"","fileTypesAndContributionMap":{"functional-code":{"insertions":1,"deletions":1}}},{"hash":"8435aee5de323f2ad9a4f0a30bf3f46c70574646","messageTitle":"Minor errors.","messageBody":"","fileTypesAndContributionMap":{"functional-code":{"insertions":1,"deletions":1}}},{"hash":"0be8a261cfd0041436b07ca5b208d5091cffee53","messageTitle":"Fix import order issues.","messageBody":"","fileTypesAndContributionMap":{"test-code":{"insertions":8,"deletions":1}}}]},{"date":"2021-10-08","commitResults":[{"hash":"154d2c40ce7f1204b72c7f0b3c90394a96923e66","messageTitle":"Final checkstyle issues.","messageBody":"","fileTypesAndContributionMap":{"test-code":{"insertions":5,"deletions":8}}}]},{"date":"2021-10-09","commitResults":[{"hash":"28f3ed487f213885d927c37781a4178d55bed5aa","messageTitle":"Reformatting JsonSerializable Class","messageBody":"","fileTypesAndContributionMap":{"other":{"insertions":21,"deletions":11},"docs":{"insertions":8,"deletions":8}}},{"hash":"4425266d086c21667fb3fa4c4986e48d0f78df10","messageTitle":"Integrating JSON storage for tutorial classes.","messageBody":"","fileTypesAndContributionMap":{"functional-code":{"insertions":4,"deletions":4}}},{"hash":"692fe1cc1d38d7b5c7ffecf166124b9df87720ad","messageTitle":"Test cases for new JSON storage.","messageBody":"","fileTypesAndContributionMap":{"test-code":{"insertions":41,"deletions":12}}},{"hash":"a3e33963b2e32baa8fe7eb368ae6eda4319b8881","messageTitle":"Fix checkstyle errors.","messageBody":"","fileTypesAndContributionMap":{"functional-code":{"insertions":2,"deletions":1}}}]},{"date":"2021-10-12","commitResults":[{"hash":"722afa22b6a467bb7ae6737c38f4ee665a567ee4","messageTitle":"Bug in String with \u0027$c\u0027 instead of \u0027$s\u0027.","messageBody":"","fileTypesAndContributionMap":{"functional-code":{"insertions":1,"deletions":1}}}]},{"date":"2021-10-15","commitResults":[{"hash":"4ec771e16f8a7a49a1446e915e8ecc02da779fb1","messageTitle":"Writing testcases for DeleteClassCommand","messageBody":"","fileTypesAndContributionMap":{"functional-code":{"insertions":43,"deletions":10},"test-code":{"insertions":167,"deletions":6}}}]},{"date":"2021-10-21","commitResults":[{"hash":"2ba51798cc05874bd7c3f87c4a5ec781e4f9f9a4","messageTitle":"Rectifying warnings.","messageBody":"","fileTypesAndContributionMap":{"functional-code":{"insertions":4,"deletions":4}}},{"hash":"111c753ccb1f9124b5707b8aaa22f02f46e0dee2","messageTitle":"Updating the Developer Guide for Proposed StudentMarks Implementation.","messageBody":"Let\u0027s add a description of the proposed implementation and describe it.\n","fileTypesAndContributionMap":{"functional-code":{"insertions":1,"deletions":0},"docs":{"insertions":72,"deletions":4}}}]}],"rushilramesh":[{"date":"2021-09-23","commitResults":[{"hash":"d8cae486e92223ff7ff5507f088fe6faabc5f4f8","messageTitle":"Update user guide","messageBody":"","fileTypesAndContributionMap":{"docs":{"insertions":55,"deletions":41}}}]},{"date":"2021-09-27","commitResults":[{"hash":"fb102b15e8631cd6816e7ebaf05b112498676915","messageTitle":"Fetch and merge changes from main branch","messageBody":"","fileTypesAndContributionMap":{"docs":{"insertions":6,"deletions":2}}},{"hash":"60dea3262814577c311c88c865ee0f1eceb8a4ab","messageTitle":"Update developer\u0027s guide","messageBody":"","fileTypesAndContributionMap":{"docs":{"insertions":13,"deletions":7}}}]},{"date":"2021-09-29","commitResults":[{"hash":"52254cdeb540d30ef882b697a65682d072f01eaf","messageTitle":"Update personal portfolio","messageBody":"","fileTypesAndContributionMap":{"docs":{"insertions":24,"deletions":2}}}]},{"date":"2021-10-07","commitResults":[{"hash":"4e77aa3a81243c6205578529a5cfeff66851bbc6","messageTitle":"Save before merging","messageBody":"","fileTypesAndContributionMap":{"functional-code":{"insertions":149,"deletions":21},"other":{"insertions":43,"deletions":43},"test-code":{"insertions":36,"deletions":36}}},{"hash":"085e548b7ebf1bceba04b5c0b332ef5f84775f63","messageTitle":"Refactor student commands","messageBody":"","fileTypesAndContributionMap":{"functional-code":{"insertions":0,"deletions":2}}},{"hash":"b8d8b2ed1bb675e5475c4f5ea81553c5791a7f1b","messageTitle":"Refactor student commands","messageBody":"","fileTypesAndContributionMap":{"test-code":{"insertions":1,"deletions":10}}},{"hash":"61be3b80bec2b51a48622be6620df3b4e3aea5ed","messageTitle":"Implement TutorialClass and commands","messageBody":"","fileTypesAndContributionMap":{"functional-code":{"insertions":77,"deletions":1},"test-code":{"insertions":4,"deletions":0}}},{"hash":"40f3076663bac2a4afbc7b35a1966f4f3e4d7135","messageTitle":"Fix checkstyle errors","messageBody":"","fileTypesAndContributionMap":{"functional-code":{"insertions":35,"deletions":11}}},{"hash":"f4f4ad94da9789ec68e115886e3e40ade20ddb48","messageTitle":"Fix checkstyleTest errors","messageBody":"","fileTypesAndContributionMap":{"test-code":{"insertions":6,"deletions":4}}},{"hash":"4d880139a2f79acd1bc13a49ad332e571af8946f","messageTitle":"Implement UI for Class","messageBody":"","fileTypesAndContributionMap":{"functional-code":{"insertions":190,"deletions":1}}}]},{"date":"2021-10-08","commitResults":[{"hash":"1b4ea7903dee956006516daf4520c67471e0a089","messageTitle":"Add Parser functionality","messageBody":"","fileTypesAndContributionMap":{"functional-code":{"insertions":86,"deletions":11}}},{"hash":"320ed2791d3b991a21680403b518ce028ea6eb65","messageTitle":"Fix Checkstyle errors","messageBody":"","fileTypesAndContributionMap":{"functional-code":{"insertions":46,"deletions":40},"other":{"insertions":4,"deletions":4},"test-code":{"insertions":7,"deletions":9}}}]},{"date":"2021-10-11","commitResults":[{"hash":"c1e847e117e948a2116272bab6393b17eced0bc1","messageTitle":"Update UI of MainWindow","messageBody":"","fileTypesAndContributionMap":{"functional-code":{"insertions":41,"deletions":25},"test-code":{"insertions":10,"deletions":0}}},{"hash":"873656d330da3c3cae1e1b8b5d18b88107481e49","messageTitle":"Fix Checkstyle errors","messageBody":"","fileTypesAndContributionMap":{"functional-code":{"insertions":0,"deletions":6},"test-code":{"insertions":0,"deletions":3}}}]},{"date":"2021-10-14","commitResults":[{"hash":"55d415d5fd429bd7600a5505db8856fdb4b6a46c","messageTitle":"Save changes","messageBody":"","fileTypesAndContributionMap":{"functional-code":{"insertions":40,"deletions":23},"test-code":{"insertions":483,"deletions":112}}},{"hash":"2ecc56da9cab6b6e57130a84f77b6b5290118bde","messageTitle":"Update Test cases for TutorialClass and class commands","messageBody":"","fileTypesAndContributionMap":{"test-code":{"insertions":54,"deletions":21}}},{"hash":"3ddb3656227022df3545bafc6bb7d60651480745","messageTitle":"Update schedule class","messageBody":"","fileTypesAndContributionMap":{"functional-code":{"insertions":2,"deletions":2},"test-code":{"insertions":1,"deletions":1}}},{"hash":"6c22b7beb3f052ebad3b546fbef641a7665e3880","messageTitle":"Fix checkstyle errors","messageBody":"","fileTypesAndContributionMap":{"test-code":{"insertions":83,"deletions":46}}}]},{"date":"2021-10-21","commitResults":[{"hash":"7d428f692e36e6d2c3418955dd6daab0cd2dde87","messageTitle":"Resolve merge conflict","messageBody":"","fileTypesAndContributionMap":{"functional-code":{"insertions":4,"deletions":20},"other":{"insertions":4,"deletions":0},"docs":{"insertions":178,"deletions":24}}},{"hash":"d3282f305247bb6a5d83704518f2c9bc26a4f8f7","messageTitle":"Add Trailing whitespace","messageBody":"","fileTypesAndContributionMap":{"docs":{"insertions":1,"deletions":1}}},{"hash":"c58c203ae308b1e8684071a2336e2307abab5979","messageTitle":"Add Aspect 2 to Implementation","messageBody":"","fileTypesAndContributionMap":{"docs":{"insertions":9,"deletions":2}}}]}],"Zhouyirui":[{"date":"2021-09-27","commitResults":[{"hash":"014e4bb4ba40810cace1c353e103889f2ad49081","messageTitle":"Add Group commands to User Guide","messageBody":"The details for Adding, Viewing, and Deleting a Group\nare added to User Guide\n","fileTypesAndContributionMap":{"other":{"insertions":22,"deletions":0},"docs":{"insertions":36,"deletions":0}}},{"hash":"e61530b59209cd9052aac5bdfb679b05052c1e41","messageTitle":"Add my profile to Aboutus","messageBody":"","fileTypesAndContributionMap":{"docs":{"insertions":3,"deletions":3}}},{"hash":"e77d13955efcd7e3e3185362721c996c175a80b4","messageTitle":"Delete erroneous files","messageBody":"","fileTypesAndContributionMap":{"other":{"insertions":0,"deletions":22}}}]},{"date":"2021-09-28","commitResults":[{"hash":"fd3ead8719161edb375605427ab8634cbefcf3fe","messageTitle":"Add MockUp and README details","messageBody":"","fileTypesAndContributionMap":{"docs":{"insertions":3,"deletions":2}}},{"hash":"1de2dbbc23e2ccbb0c9a451337eccb39f7e1cad0","messageTitle":"Add portfolio to about us","messageBody":"","fileTypesAndContributionMap":{"docs":{"insertions":21,"deletions":1}}},{"hash":"175892aaf0240daafec7c00d89b1a05af5c81e3c","messageTitle":"Correct checkstyle errors in README, About us, User Guide and profile","messageBody":"","fileTypesAndContributionMap":{"docs":{"insertions":3,"deletions":4}}}]},{"date":"2021-10-08","commitResults":[{"hash":"cda4967c0107b6a73d5a2c251b6fcded56004def","messageTitle":"Add ClassCode","messageBody":"Similar to Remark. Works by using the index of a shown list\n","fileTypesAndContributionMap":{"functional-code":{"insertions":229,"deletions":47},"test-code":{"insertions":38,"deletions":13}}}]},{"date":"2021-10-12","commitResults":[{"hash":"6875cd0972db2847c92f1ba6f38c5a589d720e59","messageTitle":"Resolve conflict with master.","messageBody":"Change implementation of ClassCode as string to ClassCode as a class.\n","fileTypesAndContributionMap":{"functional-code":{"insertions":27,"deletions":20},"test-code":{"insertions":10,"deletions":5}}},{"hash":"3d8738ca88bcff1b1361053a3720817022ea3eba","messageTitle":"Checkstyle corrections","messageBody":"","fileTypesAndContributionMap":{"functional-code":{"insertions":67,"deletions":34}}},{"hash":"c7b6e9a73d96200ae431128657c6b757a3727864","messageTitle":"Checkstyle debugging","messageBody":"","fileTypesAndContributionMap":{"functional-code":{"insertions":16,"deletions":2}}},{"hash":"b36ac1b2e24cb649e10cd9c370c102f5eb1711b1","messageTitle":"Resolve CheckStyle Test errors","messageBody":"","fileTypesAndContributionMap":{"test-code":{"insertions":24,"deletions":11}}}]},{"date":"2021-10-19","commitResults":[{"hash":"a26233bba5d85e5ca72db558bc9363687521f6e2","messageTitle":"ClassCode Prefix add to Addstu Command","messageBody":"","fileTypesAndContributionMap":{"functional-code":{"insertions":6,"deletions":2},"test-code":{"insertions":54,"deletions":29}}},{"hash":"bfc66d389502a9e849a056d4660a3b7baf8965a0","messageTitle":"Update javadoc in AddressBook Change student to tutorialClass","messageBody":"","fileTypesAndContributionMap":{"functional-code":{"insertions":8,"deletions":7}}},{"hash":"b8826e6b9d251d694b39818149fbb13b1a37254b","messageTitle":"Remove ClassCodeCommand and Parser","messageBody":"","fileTypesAndContributionMap":{"functional-code":{"insertions":0,"deletions":131}}}]}]},"authorFileTypeContributionMap":{"GabrielWLM":{"docs":430,"functional-code":624,"test-code":932,"other":2},"nguyiyang":{"docs":152,"functional-code":1027,"test-code":197,"other":2},"juliussneezer04":{"docs":107,"functional-code":390,"test-code":227},"rushilramesh":{"docs":240,"functional-code":673,"test-code":651,"other":4},"Zhouyirui":{"docs":53,"functional-code":161,"test-code":112}},"authorContributionVariance":{"GabrielWLM":209156.69,"nguyiyang":33911.49,"juliussneezer04":13137.714,"rushilramesh":33740.89,"Zhouyirui":5576.089},"authorDisplayNameMap":{"GabrielWLM":"CS2103T-W15-1 GABR..ENZO","nguyiyang":"CS2103T-W15-1 NGU ..YANG","juliussneezer04":"CS2103T-W15-1 VISH..ESAN","rushilramesh":"CS2103T-W15-1 RUSH..MESH","Zhouyirui":"CS2103T-W15-1 ZHOU..IRUI"}}
