{"authorDailyContributionsMap":{"sherrpass":[{"date":"2021-09-30","commitResults":[{"hash":"3a8fe567f056df5a1c8ac42c80e35321c8bdc8a3","messageTitle":"Update developer guide for SIASA","messageBody":"","fileTypesAndContributionMap":{"docs":{"insertions":182,"deletions":96}}}]},{"date":"2021-10-05","commitResults":[{"hash":"b980e4a29b46076e032ce2f7807a699d64e6c1e8","messageTitle":"refactor About Us and User Guide to remove addressbook mentions and placeholder text","messageBody":"","fileTypesAndContributionMap":{"docs":{"insertions":14,"deletions":85}}}]},{"date":"2021-10-06","commitResults":[{"hash":"1f5bb4fe726401282822559c3844361895560a2d","messageTitle":"rename package from seedu.address to seedu.siasa","messageBody":"","fileTypesAndContributionMap":{"other":{"insertions":738,"deletions":738},"docs":{"insertions":13,"deletions":13},"test-code":{"insertions":3,"deletions":3}}},{"hash":"b14a8bfe4ff49b1cb3a86d5aab619d3caffeb4bd","messageTitle":"Refactor AddressBook Model and ReadOnlyAddressBook to Siasa and created Policy models","messageBody":"","fileTypesAndContributionMap":{"functional-code":{"insertions":338,"deletions":63},"other":{"insertions":40,"deletions":40},"test-code":{"insertions":42,"deletions":42}}}]},{"date":"2021-10-07","commitResults":[{"hash":"c1e3f59a4a3f4be8d6e7ac620a3486ff0ebc0a6c","messageTitle":"refactor Model component and model tests for siasa","messageBody":"","fileTypesAndContributionMap":{"functional-code":{"insertions":363,"deletions":72},"test-code":{"insertions":787,"deletions":120}}},{"hash":"75cf358c50f10ffe9eceb211bbff6da9c31735b7","messageTitle":"fix checkstyle errors, comment out failing tests to be fixed after storage refactor","messageBody":"","fileTypesAndContributionMap":{"functional-code":{"insertions":82,"deletions":28},"other":{"insertions":1,"deletions":1},"test-code":{"insertions":64,"deletions":47}}}]},{"date":"2021-10-14","commitResults":[{"hash":"ee45c5e17ccd6f56c8453c41a8689bd1618b6094","messageTitle":"refactor storage to fix policy save issues","messageBody":"","fileTypesAndContributionMap":{"functional-code":{"insertions":80,"deletions":279},"other":{"insertions":44,"deletions":29},"test-code":{"insertions":24,"deletions":25}}},{"hash":"0475fa44fe6d4d648538776590c5ef1142b10f89","messageTitle":"fix checkstyle","messageBody":"","fileTypesAndContributionMap":{"functional-code":{"insertions":5,"deletions":5}}},{"hash":"e956b97cb1b1fee66014eba97752c4affa7195a4","messageTitle":"add exception catching for loading policies","messageBody":"","fileTypesAndContributionMap":{"functional-code":{"insertions":8,"deletions":1}}},{"hash":"ab73d1b89913cfaa7e64c865ec37cd6453d5a97c","messageTitle":"comment out failing tests temporarily","messageBody":"","fileTypesAndContributionMap":{"test-code":{"insertions":4,"deletions":12}}}]},{"date":"2021-10-15","commitResults":[{"hash":"e35fd0ff1d48cd0433f5c2fca95e94549327627d","messageTitle":"update user guide and model and storage class diagrams for v1.2b","messageBody":"","fileTypesAndContributionMap":{"functional-code":{"insertions":1,"deletions":1},"docs":{"insertions":74,"deletions":78}}},{"hash":"ea5a3c6c22fd414d22e436b2d1648116220e74d8","messageTitle":"retitle app to SIASA on ui and rename data storage file to be siasa","messageBody":"","fileTypesAndContributionMap":{"functional-code":{"insertions":5,"deletions":20},"docs":{"insertions":1,"deletions":1},"test-code":{"insertions":2,"deletions":2}}}]},{"date":"2021-10-17","commitResults":[{"hash":"a45ef5351a576b4656506fa81095535d9a109a52","messageTitle":"refactor removeBelongingTo to use built-in","messageBody":"","fileTypesAndContributionMap":{"functional-code":{"insertions":1,"deletions":6}}}]},{"date":"2021-10-27","commitResults":[{"hash":"2eb3c8e0ba2bbbaa4c76ac2b3249b47beef26fb4","messageTitle":"add tags to policies","messageBody":"","fileTypesAndContributionMap":{"functional-code":{"insertions":77,"deletions":14},"test-code":{"insertions":44,"deletions":9}}}]},{"date":"2021-10-28","commitResults":[{"hash":"752b70379325ec1a8feeaf7c2408c0cad91dbe1c","messageTitle":"Refactor policies commission and payment structure","messageBody":"","fileTypesAndContributionMap":{"functional-code":{"insertions":375,"deletions":176},"other":{"insertions":13,"deletions":13},"test-code":{"insertions":144,"deletions":101}}}]},{"date":"2021-10-29","commitResults":[{"hash":"82be437398acf84dae6300e683fe7023d5ceca33","messageTitle":"Update UG and DG after policy refactor and tags","messageBody":"","fileTypesAndContributionMap":{"docs":{"insertions":59,"deletions":36}}},{"hash":"dd5208247c5022bae2321b2f231d5fa03326269d","messageTitle":"Apply suggestions from code review","messageBody":"Co-authored-by: zhuoyang125 \u003c48168603+zhuoyang125@users.noreply.github.com\u003e","fileTypesAndContributionMap":{"functional-code":{"insertions":1,"deletions":1}}},{"hash":"555c190606d678a9df226bffc62752d5e157da44","messageTitle":"fix merge issues","messageBody":"","fileTypesAndContributionMap":{"functional-code":{"insertions":9,"deletions":9}}},{"hash":"17a8b56f53d87240fb5543ec1d3f9ce0297487c2","messageTitle":"resolve merge conflicts, num of pmt commissions compulsory","messageBody":"","fileTypesAndContributionMap":{"functional-code":{"insertions":109,"deletions":44},"docs":{"insertions":4,"deletions":5}}},{"hash":"d9d7eb9854be9b0b12512d0818430603bf7880c0","messageTitle":"fix checkstyle","messageBody":"","fileTypesAndContributionMap":{"functional-code":{"insertions":1,"deletions":6}}}]},{"date":"2021-11-04","commitResults":[{"hash":"1fc4b9e8d8138210790a7890123005fdbbfd7f11","messageTitle":"Made expiry date optional","messageBody":"","fileTypesAndContributionMap":{"functional-code":{"insertions":50,"deletions":31},"test-code":{"insertions":13,"deletions":12}}},{"hash":"67d875f3747f482343c2fb25ffb34e976455c6ad","messageTitle":"fix failing test and checkstyle","messageBody":"","fileTypesAndContributionMap":{"test-code":{"insertions":10,"deletions":2}}}]},{"date":"2021-11-05","commitResults":[{"hash":"3dcd13f5812624d0f53b2421afc22a2b5c828c1d","messageTitle":"tidy up Value proposition overview","messageBody":"","fileTypesAndContributionMap":{"docs":{"insertions":10,"deletions":4}}},{"hash":"aaaa96478c03eb72de382e1dee134540a7793c96","messageTitle":"add subheading to features","messageBody":"","fileTypesAndContributionMap":{"docs":{"insertions":72,"deletions":63}}},{"hash":"cb58de6d7ebfcb76ca7ec5c5716eb580922c91c1","messageTitle":"fix addpolicy and editpolicy","messageBody":"","fileTypesAndContributionMap":{"docs":{"insertions":47,"deletions":26}}},{"hash":"2add4beed45088c247f2ae1eaa4bfc64692b49ac","messageTitle":"fix toc","messageBody":"","fileTypesAndContributionMap":{"docs":{"insertions":2,"deletions":2}}},{"hash":"009bcedc8ff19736515a88fb64d60b766666eece","messageTitle":"fix headings","messageBody":"","fileTypesAndContributionMap":{"docs":{"insertions":9,"deletions":9}}},{"hash":"7155d1b0fa1c1fe834aa4e31d0dd419a137617d8","messageTitle":"update commang usage message","messageBody":"","fileTypesAndContributionMap":{"functional-code":{"insertions":19,"deletions":15},"docs":{"insertions":4,"deletions":4}}},{"hash":"01af517a3a17f5798d9ad23e986737c25beb9db5","messageTitle":"add missing commands in summary","messageBody":"","fileTypesAndContributionMap":{"docs":{"insertions":4,"deletions":2}}},{"hash":"1e8f0cce9414b21c5fcf944a374436a1b751eb85","messageTitle":"edit add and edit policy warning","messageBody":"","fileTypesAndContributionMap":{"docs":{"insertions":4,"deletions":2}}},{"hash":"2150e8fad5c5f3961a3e71c9a2e15aa4b2d99a20","messageTitle":"fix warning emoji","messageBody":"","fileTypesAndContributionMap":{"docs":{"insertions":2,"deletions":2}}},{"hash":"d328dfcafb88bd40410e879be3d72fa439ad1315","messageTitle":"fix warning message","messageBody":"","fileTypesAndContributionMap":{"docs":{"insertions":2,"deletions":2}}},{"hash":"df3e89f7222e9ba13a161ef9c42ba8deb8c64c4e","messageTitle":"Create currencyutil and replacing address book with SIASA","messageBody":"","fileTypesAndContributionMap":{"functional-code":{"insertions":73,"deletions":74}}}]},{"date":"2021-11-06","commitResults":[{"hash":"8483a1aa239b12ddf54a3851cc19d877a5c70928","messageTitle":"Update policy command messages, sortpolicy sorters and comparators","messageBody":"","fileTypesAndContributionMap":{"functional-code":{"insertions":67,"deletions":35}}},{"hash":"98e638011897b690aba579d61bc802623294514f","messageTitle":"refactor commission calculation for statistics","messageBody":"","fileTypesAndContributionMap":{"functional-code":{"insertions":13,"deletions":9}}},{"hash":"9063a09cafa3f04cae531b3095375f8b91c205b6","messageTitle":"update UG for sortpolicy","messageBody":"","fileTypesAndContributionMap":{"docs":{"insertions":16,"deletions":16}}},{"hash":"e65f3f29cb2744088544e0d8a7e1dcf1ba422cc6","messageTitle":"update command message if no policies","messageBody":"","fileTypesAndContributionMap":{"functional-code":{"insertions":23,"deletions":6}}},{"hash":"f9d42c59cccf4cc922ebdf67b603a9f5e69b2d2b","messageTitle":"fix checkstyle issues, handle singular for messages","messageBody":"","fileTypesAndContributionMap":{"functional-code":{"insertions":11,"deletions":8}}},{"hash":"77c8ef2f3e318fd675b0d64ad157075d4f4f7fae","messageTitle":"comment out clear command test due to gui","messageBody":"","fileTypesAndContributionMap":{"test-code":{"insertions":3,"deletions":12}}},{"hash":"64118601825909bd797e52feaff891d39c297e4e","messageTitle":"fix small import","messageBody":"","fileTypesAndContributionMap":{"functional-code":{"insertions":2,"deletions":2}}},{"hash":"14a71d603767e2cdb144ec2f09fe62ddfaca7ea1","messageTitle":"replace the rest of the listpolicy and contact instances","messageBody":"","fileTypesAndContributionMap":{"docs":{"insertions":4,"deletions":4}}},{"hash":"14f65c0601838935f42f17735c669ededacf99c2","messageTitle":"update help window","messageBody":"","fileTypesAndContributionMap":{"functional-code":{"insertions":19,"deletions":11},"test-code":{"insertions":1,"deletions":1}}}]},{"date":"2021-11-07","commitResults":[{"hash":"48e9f94c271d4c7315b4d97177bfe84a13527de8","messageTitle":"Reduce code duplication for common fields in expiring cmd, refactor msg","messageBody":"","fileTypesAndContributionMap":{"functional-code":{"insertions":12,"deletions":8},"docs":{"insertions":5,"deletions":5}}},{"hash":"a071cc9d6bc966f94f61081aa43160d9c097e374","messageTitle":"Extract out common policy details, update examples in UG","messageBody":"","fileTypesAndContributionMap":{"docs":{"insertions":37,"deletions":31}}},{"hash":"bfa2bbc61409c252ec90278b60c713f4cc18d326","messageTitle":"removed full stop in command msg","messageBody":"","fileTypesAndContributionMap":{"functional-code":{"insertions":4,"deletions":4}}},{"hash":"bad27bdf053f5ccbe8b8652d59bdcbb69033476b","messageTitle":"correct delete contact command description UG","messageBody":"","fileTypesAndContributionMap":{"docs":{"insertions":1,"deletions":1}}},{"hash":"9cc2cd7bb2f268ec905facf6569deba519cc8289","messageTitle":"suggested editpolicy changes","messageBody":"","fileTypesAndContributionMap":{"functional-code":{"insertions":13,"deletions":3},"test-code":{"insertions":6,"deletions":4}}},{"hash":"60417ddc42d368710e1c99663d5949aa37f01bc2","messageTitle":"fix checkstyle","messageBody":"","fileTypesAndContributionMap":{"functional-code":{"insertions":0,"deletions":1}}},{"hash":"124c1a659f78f23e5f66bb95315186d67e78cae4","messageTitle":"add implementations for addpolicy and editcontact","messageBody":"","fileTypesAndContributionMap":{"functional-code":{"insertions":1,"deletions":6},"docs":{"insertions":296,"deletions":15}}},{"hash":"44ce96a24b098d85dfc1d2c033e37a0cd4a7e9d0","messageTitle":"revert changes in EditContactCommand, fix warning","messageBody":"","fileTypesAndContributionMap":{"functional-code":{"insertions":6,"deletions":1}}}]},{"date":"2021-11-08","commitResults":[{"hash":"f0d7c9556fb2289a0221cc646f2d1cb559353a10","messageTitle":"create PPP","messageBody":"","fileTypesAndContributionMap":{"docs":{"insertions":51,"deletions":0}}},{"hash":"73eae2dd0c6907fa53f4c04a2425f3f5e3ad42d3","messageTitle":"update enhancements in ppp","messageBody":"","fileTypesAndContributionMap":{"docs":{"insertions":3,"deletions":0}}},{"hash":"f29ff765f4414b820683c7059f4fa3e08463d347","messageTitle":"fix about us ppp","messageBody":"","fileTypesAndContributionMap":{"docs":{"insertions":3,"deletions":3}}},{"hash":"b5f511b1960649b48a69821b056e77db375f3c9e","messageTitle":"fix policy details and typos and add technical term table","messageBody":"","fileTypesAndContributionMap":{"docs":{"insertions":72,"deletions":52}}},{"hash":"dcd66368e6bde0c41aa57a21f6b8036b817c613f","messageTitle":"fix profile pic in about us","messageBody":"","fileTypesAndContributionMap":{"docs":{"insertions":1,"deletions":1}}},{"hash":"16c18de049d282975be7566123dde73735904056","messageTitle":"resize headers, fix table header","messageBody":"","fileTypesAndContributionMap":{"docs":{"insertions":34,"deletions":34}}},{"hash":"73c7d0f3e2feabb05f03617b405f47ff83e4c52f","messageTitle":"fix headers","messageBody":"","fileTypesAndContributionMap":{"docs":{"insertions":6,"deletions":2}}},{"hash":"2fe9ec13ca605c9ff9b6a90559f158afe550534a","messageTitle":"add semicolon to header","messageBody":"","fileTypesAndContributionMap":{"docs":{"insertions":3,"deletions":3}}},{"hash":"a9289d006f870900cefe749c953f2c1dc87ddcf3","messageTitle":"change headers back","messageBody":"","fileTypesAndContributionMap":{"docs":{"insertions":12,"deletions":12}}},{"hash":"826f5377fdc0714d3b8a15326b34ad062bf1babc","messageTitle":"fix headers","messageBody":"","fileTypesAndContributionMap":{"docs":{"insertions":2,"deletions":2}}},{"hash":"a10bb954f802fdca96ca8327531e87d41ce555fe","messageTitle":"placed policy details in addpolicy","messageBody":"","fileTypesAndContributionMap":{"docs":{"insertions":16,"deletions":25}}},{"hash":"4d016eead29853376285c3d8c3d756fbcd9fec87","messageTitle":"fix typos","messageBody":"","fileTypesAndContributionMap":{"docs":{"insertions":2,"deletions":2}}},{"hash":"55ee0c74fae6ab5917a69377ab66aed2364a32d6","messageTitle":"fix dg","messageBody":"","fileTypesAndContributionMap":{"docs":{"insertions":58,"deletions":44}}},{"hash":"c744c29be7efed695419abc609c33539faddf51f","messageTitle":"fix diagrams","messageBody":"","fileTypesAndContributionMap":{"docs":{"insertions":9,"deletions":8}}},{"hash":"f9a1dd09dc4e96cab11a0a7bee50262037bd35b1","messageTitle":"update ppp","messageBody":"","fileTypesAndContributionMap":{"docs":{"insertions":0,"deletions":1}}},{"hash":"c4c2d8bf4bde1f564bc1077df9114cd9afe62742","messageTitle":"correct ppp","messageBody":"","fileTypesAndContributionMap":{"docs":{"insertions":9,"deletions":9}}},{"hash":"57387d1629fa873e1b9d159a223397aca473b0a1","messageTitle":"correct DG diagram","messageBody":"","fileTypesAndContributionMap":{"docs":{"insertions":1,"deletions":1}}},{"hash":"0c3d01242d50a1fad554b424a6f06d231200d542","messageTitle":"fix deletepolicy diagram dg","messageBody":"","fileTypesAndContributionMap":{"docs":{"insertions":2,"deletions":3}}}]}],"meerian":[{"date":"2021-09-30","commitResults":[{"hash":"00dc7145ff71520a43efe01ea2ee7a5c6dc739e8","messageTitle":"Update AboutUs.md and UserGuide.md","messageBody":"","fileTypesAndContributionMap":{"docs":{"insertions":5,"deletions":6}}}]},{"date":"2021-10-09","commitResults":[{"hash":"a10823c0ff9ab2eae5d3f8952dceec28fa169fbb","messageTitle":"Add policy storage to SIASA","messageBody":"","fileTypesAndContributionMap":{"functional-code":{"insertions":371,"deletions":7},"test-code":{"insertions":8,"deletions":3}}}]},{"date":"2021-10-10","commitResults":[{"hash":"e8ccbf99bcaf78ddbb1c41f33740b5704d0b0a2c","messageTitle":"Fix some checkstyle errors","messageBody":"","fileTypesAndContributionMap":{"functional-code":{"insertions":17,"deletions":6}}}]},{"date":"2021-10-14","commitResults":[{"hash":"9aa3bcf3844bc3b18e21fe2b361d7238d4e2cf5a","messageTitle":"Fix storage for policy and added some test cases for storage.","messageBody":"","fileTypesAndContributionMap":{"functional-code":{"insertions":50,"deletions":27},"test-code":{"insertions":319,"deletions":21}}}]},{"date":"2021-10-17","commitResults":[{"hash":"f57571c4cdf4129a67a7abed6b27aaca4b16373c","messageTitle":"Fix some storage test cases and add new ones to test policy storage","messageBody":"","fileTypesAndContributionMap":{"functional-code":{"insertions":17,"deletions":31},"test-code":{"insertions":116,"deletions":108}}},{"hash":"b43d146c5b1f074d6089d0791c6858cf331cfcc0","messageTitle":"Fix some storage test cases and add new ones to test policy storage","messageBody":"","fileTypesAndContributionMap":{"test-code":{"insertions":0,"deletions":153}}},{"hash":"8c6b92968dd6a325d09f7bd77a6b75fb93050014","messageTitle":"Fix checkstyle errors","messageBody":"","fileTypesAndContributionMap":{"functional-code":{"insertions":1,"deletions":1},"docs":{"insertions":2,"deletions":2}}},{"hash":"c1301bd27521c97edfc01ff727c827aa98d1ff87","messageTitle":"Fix checkstyle errors","messageBody":"","fileTypesAndContributionMap":{"functional-code":{"insertions":6,"deletions":5}}},{"hash":"f9fab7bd2dfb2acac82723782a60a879f6cb881a","messageTitle":"Fix checkstyle errors","messageBody":"","fileTypesAndContributionMap":{"test-code":{"insertions":7,"deletions":2}}},{"hash":"ea8837c3f7f29ec7e4de24a612ae34c371760ee6","messageTitle":"Fix checkstyle errors","messageBody":"","fileTypesAndContributionMap":{"test-code":{"insertions":3,"deletions":0}}},{"hash":"c36ff1520fa275d5e05445d798a9b98047632e5e","messageTitle":"Fix checkstyle errors","messageBody":"","fileTypesAndContributionMap":{"test-code":{"insertions":3,"deletions":8}}},{"hash":"ca1762aff4b6e7b999072bad3c157803d0a5718b","messageTitle":"Fix checkstyle errors","messageBody":"","fileTypesAndContributionMap":{"test-code":{"insertions":0,"deletions":1}}},{"hash":"8c06c55de674fef25f65a327be805a9d2803386d","messageTitle":"Fix some checks","messageBody":"","fileTypesAndContributionMap":{"test-code":{"insertions":9,"deletions":0}}},{"hash":"5d052cdab1543b05e67fc84a443edb5bccbec9e4","messageTitle":"Fix some checks","messageBody":"","fileTypesAndContributionMap":{"test-code":{"insertions":13,"deletions":13}}},{"hash":"0b79408ddac99765bf5665d78fb80d1be7e232a9","messageTitle":"Fix some checks","messageBody":"","fileTypesAndContributionMap":{"test-code":{"insertions":2,"deletions":2}}}]},{"date":"2021-10-25","commitResults":[{"hash":"8378e5bd091bfbbf6ab0c001630aab768c6ca42c","messageTitle":"Add show expired policy command and update the parser","messageBody":"TODO: Implement the date comparator for the command\n","fileTypesAndContributionMap":{"functional-code":{"insertions":33,"deletions":1}}}]},{"date":"2021-10-26","commitResults":[{"hash":"02b6148b90a14b3b89069758d07ce3f962705f5e","messageTitle":"Implement date comparator for ShowExpiredPolicyCommand and add sample policies into default contact book","messageBody":"","fileTypesAndContributionMap":{"functional-code":{"insertions":27,"deletions":4}}},{"hash":"447fd3674f6dd1ef0d0ac152e640daf39ba4533a","messageTitle":"Fix checkstyle errors","messageBody":"","fileTypesAndContributionMap":{"functional-code":{"insertions":2,"deletions":2}}}]},{"date":"2021-10-28","commitResults":[{"hash":"78431ae816bdc82b481d834269efce576ab8fe22","messageTitle":"Add a built in user guide to replace the current help screen.","messageBody":"","fileTypesAndContributionMap":{"functional-code":{"insertions":307,"deletions":157}}},{"hash":"75a9e80cd649d565fdec030a518c6922ebed78d6","messageTitle":"Add a built in user guide to replace the current help screen.","messageBody":"","fileTypesAndContributionMap":{"functional-code":{"insertions":31,"deletions":24}}},{"hash":"750821d8b4956c5ad63433ffe7a4480e3d26089c","messageTitle":"Add a built in user guide to replace the current help screen.","messageBody":"","fileTypesAndContributionMap":{"functional-code":{"insertions":2,"deletions":2}}},{"hash":"6d5034f33e702463560f39ace04020d76f66dff9","messageTitle":"Change command to show policies expiring in a month instead and update user guide with the new command.","messageBody":"","fileTypesAndContributionMap":{"functional-code":{"insertions":4,"deletions":4},"other":{"insertions":4,"deletions":4},"docs":{"insertions":7,"deletions":0}}}]},{"date":"2021-10-29","commitResults":[{"hash":"64382342b5630f1a57b31b5be2b7bb570dc42145","messageTitle":"Update user guide for client sort and policy sort","messageBody":"","fileTypesAndContributionMap":{"docs":{"insertions":28,"deletions":0}}},{"hash":"ff1ba4a09bc52d34d210bf969c68b47d47b7023d","messageTitle":"Update user guide for edit policy","messageBody":"","tags":["v1.3.1"],"fileTypesAndContributionMap":{"docs":{"insertions":39,"deletions":22}}}]},{"date":"2021-11-01","commitResults":[{"hash":"956be0377ec4dcd43023f8989e1450087b2cb365","messageTitle":"Refactor all mentions of person and client into contact","messageBody":"","fileTypesAndContributionMap":{"functional-code":{"insertions":714,"deletions":712},"other":{"insertions":347,"deletions":344},"docs":{"insertions":106,"deletions":97},"test-code":{"insertions":695,"deletions":695}}},{"hash":"49eeb05c8ccb4a55f9acca172b5ac3c755d90b6d","messageTitle":"Refactor all mentions of person and client into contact","messageBody":"","fileTypesAndContributionMap":{"functional-code":{"insertions":7,"deletions":7}}},{"hash":"71032c7699a64892e90323f37425584404f61d48","messageTitle":"Refactor all mentions of person and client into contact","messageBody":"","fileTypesAndContributionMap":{"test-code":{"insertions":2,"deletions":2}}},{"hash":"73784339cd2a478bb16acd20a5ca1f8fd26fbf42","messageTitle":"Remove redundant code and refactor test cases","messageBody":"","fileTypesAndContributionMap":{"functional-code":{"insertions":0,"deletions":541},"other":{"insertions":131,"deletions":119},"test-code":{"insertions":12,"deletions":9}}},{"hash":"8a9654ab7ec10dd85a44b6b3a264b1c769c3fbef","messageTitle":"Remove redundant code and refactor test cases","messageBody":"","fileTypesAndContributionMap":{"test-code":{"insertions":8,"deletions":12}}},{"hash":"a8b98d6fb14077856f5835f3a050f41c4084afb0","messageTitle":"Remove redundant code and refactor test cases","messageBody":"","fileTypesAndContributionMap":{"test-code":{"insertions":2,"deletions":2}}},{"hash":"67085576d43c77557d38d4a22d8a7adda5bfcc3a","messageTitle":"Update build-in guide to reflect the refactored commands","messageBody":"","fileTypesAndContributionMap":{"functional-code":{"insertions":15,"deletions":15}}}]},{"date":"2021-11-04","commitResults":[{"hash":"5ab3f29887f904c2c0f85f12cabd30b547086f1f","messageTitle":"Resolve issues in user guide flagged out during PE-D","messageBody":"","fileTypesAndContributionMap":{"docs":{"insertions":8,"deletions":7}}},{"hash":"3e8dec17577d43f3e9c0d9731c78323425ebaa3f","messageTitle":"Fix issue #77","messageBody":"","fileTypesAndContributionMap":{"functional-code":{"insertions":1,"deletions":1}}},{"hash":"d3bf4aef21d975823b63f46c5da948bf06521be6","messageTitle":"Update user guide command summary","messageBody":"","fileTypesAndContributionMap":{"docs":{"insertions":2,"deletions":0}}},{"hash":"eed986f6c1a370b9cc2c162298a0d098527d7740","messageTitle":"Update user guide","messageBody":"","fileTypesAndContributionMap":{"docs":{"insertions":2,"deletions":2}}}]},{"date":"2021-11-06","commitResults":[{"hash":"4043ec7497d9fe0b5dde697522c625829520cf45","messageTitle":"Add sample policies data","messageBody":"","fileTypesAndContributionMap":{"functional-code":{"insertions":23,"deletions":1}}},{"hash":"3ce8339d41a780473b66cb7edeafc1d941784909","messageTitle":"Update log file name to siasa","messageBody":"","fileTypesAndContributionMap":{"functional-code":{"insertions":1,"deletions":1}}}]},{"date":"2021-11-07","commitResults":[{"hash":"91a719ecf2fbda1386ea87354ba1d100a5037158","messageTitle":"Update user guide and developer guide","messageBody":"","fileTypesAndContributionMap":{"docs":{"insertions":318,"deletions":71}}},{"hash":"8ab81e9c0c9d93d677a47f8317bd0fe67f4ee97f","messageTitle":"Update user guide and developer guide","messageBody":"","fileTypesAndContributionMap":{"docs":{"insertions":5,"deletions":10}}},{"hash":"f3ce4062adef281f12bfd3502a68d0f569fa60ec","messageTitle":"update index","messageBody":"","fileTypesAndContributionMap":{"docs":{"insertions":6,"deletions":5}}},{"hash":"8356d6c6d49da768d87e7e8f0da5127924711b57","messageTitle":"update index","messageBody":"","fileTypesAndContributionMap":{"docs":{"insertions":2,"deletions":2}}},{"hash":"2782a8c8cb26c5867364b542b4a6af321e907507","messageTitle":"fix formatting issues for DG","messageBody":"","fileTypesAndContributionMap":{"docs":{"insertions":0,"deletions":39}}},{"hash":"6792cfd92a4c488e46d271e2bc9c26329edcbcf1","messageTitle":"fix formatting issues for DG","messageBody":"","fileTypesAndContributionMap":{"docs":{"insertions":0,"deletions":2}}},{"hash":"ce4f9b3ef22d39fac649586c7c853e34b7e3c50a","messageTitle":"Update storage section in higher level architecture for DG","messageBody":"","fileTypesAndContributionMap":{"docs":{"insertions":5,"deletions":5}}},{"hash":"b272a383ec322e70930a8e0d65e2ff15956b448f","messageTitle":"Add PPP for meerian","messageBody":"","fileTypesAndContributionMap":{"docs":{"insertions":49,"deletions":2}}},{"hash":"5c6c45f759a5cfa485444639c77d14dfea0ee7a5","messageTitle":"Add PPP for meerian","messageBody":"","fileTypesAndContributionMap":{"docs":{"insertions":1,"deletions":1}}},{"hash":"7aa6d2b6c94e13510d1568ee8497786b4f00ab00","messageTitle":"Add PPP for meerian","messageBody":"","fileTypesAndContributionMap":{"docs":{"insertions":1,"deletions":1}}}]},{"date":"2021-11-08","commitResults":[{"hash":"26931d19336a3c7d294b3e9f4860abd8523acde8","messageTitle":"Fix some DG errors","messageBody":"","fileTypesAndContributionMap":{"docs":{"insertions":6,"deletions":5}}},{"hash":"724b765b70e941abb504dc0e676f2cea38a8d870","messageTitle":"fix typo","messageBody":"","fileTypesAndContributionMap":{"docs":{"insertions":1,"deletions":1}}},{"hash":"c2bab0b385c7a84b10392133c4d48463e19c5889","messageTitle":"Add PR links to the PPP","messageBody":"","fileTypesAndContributionMap":{"docs":{"insertions":20,"deletions":19}}}]}],"OhEyeSee":[],"yatbun":[{"date":"2021-09-30","commitResults":[{"hash":"f0758c2ae3a3907e7598afbd95903dd941e1b52f","messageTitle":"Update AboutUs page","messageBody":"","fileTypesAndContributionMap":{"docs":{"insertions":3,"deletions":3}}}]},{"date":"2021-10-05","commitResults":[{"hash":"7b2cf6ead42bb2220cb1353294de17f05f275979","messageTitle":"Update UserGuide with future features","messageBody":"","fileTypesAndContributionMap":{"docs":{"insertions":62,"deletions":2}}}]},{"date":"2021-10-11","commitResults":[{"hash":"241399121490f41af810283b8936444154096c74","messageTitle":"Refactor commands to have client prefixes - `add` to `addclient` - `delete` to `deleteclient` - `list` to `listclient`","messageBody":"","fileTypesAndContributionMap":{"functional-code":{"insertions":251,"deletions":5},"other":{"insertions":12,"deletions":9},"test-code":{"insertions":1,"deletions":1}}},{"hash":"f69ccb8f2bcd05b57de3d559456c53b1fefd7881","messageTitle":"Remove unused import statement","messageBody":"","fileTypesAndContributionMap":{"functional-code":{"insertions":0,"deletions":1}}},{"hash":"011dc37c14d985450e5a0840379c5dfdb8f444b7","messageTitle":"Implement policy CRD commands - `addpolicy` - `deletepolicy` - `listpolicy`","messageBody":"TODO: Link owner to new policies\n","fileTypesAndContributionMap":{"functional-code":{"insertions":349,"deletions":5}}}]},{"date":"2021-10-12","commitResults":[{"hash":"3dde3cc517aa5ff582f663d865e2166bf7aaf207","messageTitle":"Fix checkstyle errors","messageBody":"","fileTypesAndContributionMap":{"functional-code":{"insertions":34,"deletions":22}}},{"hash":"74b27d8d3da236d942f72ccbb9c90bdfe75a102b","messageTitle":"Fix lexcigraphical order errors","messageBody":"","fileTypesAndContributionMap":{"functional-code":{"insertions":8,"deletions":9}}},{"hash":"54372c1e0d1b79aa851df61ed938a7c3f2c8b4d1","messageTitle":"Disable some unupdated tasks","messageBody":"","fileTypesAndContributionMap":{"test-code":{"insertions":8,"deletions":0}}},{"hash":"65a2b4ce09caa06a1e534ab753126121167f4b61","messageTitle":"Disable some tests","messageBody":"","fileTypesAndContributionMap":{"test-code":{"insertions":2,"deletions":12}}},{"hash":"60585707e56c7d7f743f16b0eb61ae85e5fa0d97","messageTitle":"Disable some tests","messageBody":"","fileTypesAndContributionMap":{"test-code":{"insertions":6,"deletions":3}}}]},{"date":"2021-10-16","commitResults":[{"hash":"ac1f9f18c9694d98051487794ad884d7c71afc95","messageTitle":"Rename commands and change command messages - find to findclient - edit to editclient","messageBody":"","fileTypesAndContributionMap":{"functional-code":{"insertions":7,"deletions":7}}}]},{"date":"2021-10-28","commitResults":[{"hash":"ac44b9ee9f852c0c8a1b36e2c8c693ab121525b2","messageTitle":"Implement editing of policy","messageBody":"","fileTypesAndContributionMap":{"functional-code":{"insertions":635,"deletions":4},"test-code":{"insertions":2,"deletions":7}}},{"hash":"aa7e663ea73871414c1361ef27fd9850d14acf60","messageTitle":"Implement ascending and descending alphabetical sorting of clients","messageBody":"","fileTypesAndContributionMap":{"functional-code":{"insertions":136,"deletions":13},"test-code":{"insertions":11,"deletions":0}}}]},{"date":"2021-10-29","commitResults":[{"hash":"dbcc2349e226d62499fbc02229cd3eb69f375e7c","messageTitle":"Implement sorting for policies","messageBody":"","fileTypesAndContributionMap":{"functional-code":{"insertions":172,"deletions":14}}},{"hash":"7df7ecab9548b643940d4ed6ce525367cdb0c788","messageTitle":"Update AddPolicyCommand.java","messageBody":"","fileTypesAndContributionMap":{"functional-code":{"insertions":1,"deletions":1}}},{"hash":"27e34b2b1b981b8aa398ca0c34eb4f80cdcb54ae","messageTitle":"Update SortClientCommand.java","messageBody":"","fileTypesAndContributionMap":{"functional-code":{"insertions":1,"deletions":1}}},{"hash":"700e0be5851233cc73506840d9c8fef563827df2","messageTitle":"Fix merge issues","messageBody":"","fileTypesAndContributionMap":{"functional-code":{"insertions":7,"deletions":5}}}]},{"date":"2021-11-02","commitResults":[{"hash":"04c52944f3225473451ec6e47f5d9e14611ad8a3","messageTitle":"Fix typo in EditPolicyCommand.java","messageBody":"","fileTypesAndContributionMap":{"functional-code":{"insertions":1,"deletions":1}}},{"hash":"818c46f60132f51e2194c66c5d4fde5b1c09c743","messageTitle":"Fix sorting not working after modifying lists","messageBody":"","fileTypesAndContributionMap":{"functional-code":{"insertions":30,"deletions":25}}}]},{"date":"2021-11-03","commitResults":[{"hash":"3379fed18cebbe140b23e40db246d581ee59e4c4","messageTitle":"Fix t/ prefix not working for `editpolicy` command","messageBody":"","fileTypesAndContributionMap":{"functional-code":{"insertions":24,"deletions":2}}},{"hash":"dc1a108c7ff23a9dc25785cd83001f43769de0c1","messageTitle":"Fix `expiringpolicy` command","messageBody":"","fileTypesAndContributionMap":{"functional-code":{"insertions":53,"deletions":17},"other":{"insertions":30,"deletions":24},"test-code":{"insertions":4,"deletions":4}}}]},{"date":"2021-11-04","commitResults":[{"hash":"9a63b2e4b9f011b742ffa186ad68b30ec3c79428","messageTitle":"Fix month definition for `expiringpolicy` command","messageBody":"","fileTypesAndContributionMap":{"functional-code":{"insertions":1,"deletions":1}}},{"hash":"60722da78a0c2440df562281e71bc566798d83bd","messageTitle":"Update expiring policy check after merging master","messageBody":"","fileTypesAndContributionMap":{"functional-code":{"insertions":6,"deletions":5}}}]},{"date":"2021-11-05","commitResults":[{"hash":"19ac7b252c371c84822fadeddd146c71300686a8","messageTitle":"Fix exceptions due to FilteredList","messageBody":"","fileTypesAndContributionMap":{"functional-code":{"insertions":0,"deletions":4}}}]},{"date":"2021-11-06","commitResults":[{"hash":"5d84691a39230cc89d78f2f0dabe2ead1c96029f","messageTitle":"Rename list commands to be more intuitive","messageBody":"","fileTypesAndContributionMap":{"functional-code":{"insertions":2,"deletions":2},"docs":{"insertions":4,"deletions":4}}},{"hash":"26a10b30c1fd5c1733a107a45c42a06817cb2a85","messageTitle":"Improve dealing of empty lists - Made the Happy Path more prominent - Added empty list check to all relevant commands","messageBody":"","fileTypesAndContributionMap":{"functional-code":{"insertions":42,"deletions":18},"test-code":{"insertions":17,"deletions":12}}},{"hash":"503449718e36d1b0aec7610da74dc5343294e8b5","messageTitle":"Standardise single-line messages to not end with periods. Corrected typo.","messageBody":"","fileTypesAndContributionMap":{"functional-code":{"insertions":12,"deletions":15}}},{"hash":"7f95e621f57200f13472e3688ab80315cfcdbaad","messageTitle":"Implement expiring policies summary result using ChoiceFormat","messageBody":"","fileTypesAndContributionMap":{"functional-code":{"insertions":17,"deletions":14}}},{"hash":"fba9e1b6f993bff42f6d3ec26eec812445bef7f1","messageTitle":"Fix incorrect repsonse result for `sortcontact` command. Standardised `sortpolicy` command result","messageBody":"","fileTypesAndContributionMap":{"functional-code":{"insertions":10,"deletions":10}}},{"hash":"9b69c72c4654b8d07c4193048c53504817a91811","messageTitle":"Expand testing coverage - Fix old commented-out test cases - Add new test cases - Add `equals()` method to some commands","messageBody":"","fileTypesAndContributionMap":{"functional-code":{"insertions":14,"deletions":0},"other":{"insertions":2,"deletions":4},"test-code":{"insertions":341,"deletions":42}}}]},{"date":"2021-11-07","commitResults":[{"hash":"8ac0b28c188b7e1af33ad4dc7ec9bc38b58cbae2","messageTitle":"Create personal PPP file","messageBody":"","fileTypesAndContributionMap":{"docs":{"insertions":12,"deletions":0}}},{"hash":"779e42a3d308fe996060f3f6cdeb459e97a55634","messageTitle":"Initial write-up for sorting and filtering","messageBody":"","fileTypesAndContributionMap":{"docs":{"insertions":45,"deletions":0}}},{"hash":"20bb6575b7ab44edbea779c0e090087af7e87131","messageTitle":"Fix `editcontact` bug. Ensure that association between contact and policy is maintained.","messageBody":"","fileTypesAndContributionMap":{"functional-code":{"insertions":31,"deletions":2},"test-code":{"insertions":39,"deletions":0}}},{"hash":"40928b90f5ff62577e7c1cfd7f166b19c7714198","messageTitle":"Fixed formatting","messageBody":"","fileTypesAndContributionMap":{"docs":{"insertions":0,"deletions":4}}},{"hash":"e5a9e0ed0a56d0abe794cf85318762c7df476f81","messageTitle":"Update Logic component diagrams and description","messageBody":"","fileTypesAndContributionMap":{"docs":{"insertions":37,"deletions":37}}},{"hash":"e1b00a2cac7a16958ee7a2dc688d228aaf6258d9","messageTitle":"Combine Logic and Parser diagrams","messageBody":"","fileTypesAndContributionMap":{"docs":{"insertions":45,"deletions":61}}},{"hash":"480b62a11a91f94de68463759efdbfacdc63d0ca","messageTitle":"Add sequence diagram for sorting and filtering section","messageBody":"","fileTypesAndContributionMap":{"docs":{"insertions":41,"deletions":0}}},{"hash":"43de2cdd25b05ee5f94d902df83f68dbde1b6ac2","messageTitle":"Added newline at EOF","messageBody":"","fileTypesAndContributionMap":{"docs":{"insertions":1,"deletions":1}}},{"hash":"ff70ab1ba3cc4fdeda7e223f87f80e4795c8b2c8","messageTitle":"Increased the size of logic diagram","messageBody":"","fileTypesAndContributionMap":{"docs":{"insertions":1,"deletions":1}}},{"hash":"95e4cc881211efa04ee1a30f304afde93356206f","messageTitle":"Correct method call in `sortpolicy titledsc`","messageBody":"","fileTypesAndContributionMap":{"docs":{"insertions":1,"deletions":1}}},{"hash":"6ce97c37563eab96cb34f1e28a259c3f4bb9665e","messageTitle":"Correct reference from person to contact","messageBody":"","fileTypesAndContributionMap":{"docs":{"insertions":3,"deletions":3}}},{"hash":"bdfa20c4f4dbaeae4a90538eae8e24a6055cffe4","messageTitle":"Correct ArchitectureSequenceDiagram","messageBody":"","fileTypesAndContributionMap":{"docs":{"insertions":3,"deletions":3}}},{"hash":"a89437fbdd5b4ebcc85b3a7d77f7372d7000f526","messageTitle":"Unbold some titles","messageBody":"","fileTypesAndContributionMap":{"docs":{"insertions":11,"deletions":11}}}]},{"date":"2021-11-08","commitResults":[{"hash":"02688e53d57591c94c532e219dfcfe390cd03879","messageTitle":"Yat Bun\u0027s PPP","messageBody":"","fileTypesAndContributionMap":{"docs":{"insertions":39,"deletions":3}}},{"hash":"beebf1db565833827387f67216d6d858c15d4a2b","messageTitle":"Increased Logic Diagram font size, deleted incorrect diagram","messageBody":"","fileTypesAndContributionMap":{"docs":{"insertions":2,"deletions":0}}},{"hash":"d79db1df9aa0a756f48d8d157a130861c6ae7160","messageTitle":"Fix DeleteSequenceDiagram","messageBody":"","fileTypesAndContributionMap":{"docs":{"insertions":14,"deletions":10}}}]}],"zhuoyang125":[{"date":"2021-09-30","commitResults":[{"hash":"22af011ee55282a736317065646d09fc66220ce0","messageTitle":"Update README","messageBody":"","fileTypesAndContributionMap":{"docs":{"insertions":11,"deletions":11}}},{"hash":"df7b6c6bd07910cbf2bca87e58173e0bbc7d0704","messageTitle":"Edit build status link","messageBody":"","fileTypesAndContributionMap":{"docs":{"insertions":1,"deletions":1}}},{"hash":"d3033fd22718a5ab2c399f745109cb179f5ce4d8","messageTitle":"Update About Us","messageBody":"","fileTypesAndContributionMap":{"docs":{"insertions":7,"deletions":7}}},{"hash":"f4c9be29225b9ce27d47c73dccecebfcc14af99d","messageTitle":"Fix style errors","messageBody":"","fileTypesAndContributionMap":{"docs":{"insertions":1,"deletions":1}}}]},{"date":"2021-10-01","commitResults":[{"hash":"af372f71a0857a67b2a31bcf426f5b6ff2e0a6f6","messageTitle":"Fix user guide by adding layout and title","messageBody":"","fileTypesAndContributionMap":{"docs":{"insertions":4,"deletions":1}}}]},{"date":"2021-10-07","commitResults":[{"hash":"1bf4287751d341bfe8382c14f0f552284483db2b","messageTitle":"Add classes for policy in Ui","messageBody":"","fileTypesAndContributionMap":{"functional-code":{"insertions":183,"deletions":6}}}]},{"date":"2021-10-09","commitResults":[{"hash":"060dd380b5687984f509bbf3134aaa3aaa32b308","messageTitle":"Refactor UI","messageBody":"","fileTypesAndContributionMap":{"functional-code":{"insertions":38,"deletions":36}}},{"hash":"7a273e497981dab301bb9961c94a56a9b5c3bc47","messageTitle":"Remove unused imports","messageBody":"","fileTypesAndContributionMap":{"functional-code":{"insertions":0,"deletions":2}}},{"hash":"0dae6e9c8c121802f2e5b5b4f095c8879f09338c","messageTitle":"Fix checkstyle issues","messageBody":"","fileTypesAndContributionMap":{"functional-code":{"insertions":6,"deletions":5}}}]},{"date":"2021-10-10","commitResults":[{"hash":"dbc8c0639a73e53d16d703e63c61b8a9bd0c2eec","messageTitle":"Edit fxml to reflect policy attributes","messageBody":"","fileTypesAndContributionMap":{"functional-code":{"insertions":14,"deletions":9}}}]},{"date":"2021-10-13","commitResults":[{"hash":"c5dc40ef69ac8a26f4892825f483fbbb8a0fa9f1","messageTitle":"Fix UI component to display policies properly","messageBody":"","fileTypesAndContributionMap":{"functional-code":{"insertions":9,"deletions":3}}}]},{"date":"2021-10-15","commitResults":[{"hash":"a4c137b48a649199441079fa62a052fdbdc21377","messageTitle":"Fix clear client policy command for loop, reset model filters","messageBody":"","fileTypesAndContributionMap":{"functional-code":{"insertions":7,"deletions":2}}}]},{"date":"2021-10-16","commitResults":[{"hash":"1418926c8e1faf4a1db6cda33ba6f9010841c1b4","messageTitle":"Refactor storage test and update UI class diagram","messageBody":"","fileTypesAndContributionMap":{"docs":{"insertions":5,"deletions":0},"test-code":{"insertions":24,"deletions":16}}},{"hash":"43cb4351151b398d48036019401afa405ff196a0","messageTitle":"Fix checkstyle errors","messageBody":"","fileTypesAndContributionMap":{"test-code":{"insertions":3,"deletions":3}}},{"hash":"61cbfea9bdadd86357e73f126ccfdc48060423f7","messageTitle":"refactor commands used in storage tests","messageBody":"","fileTypesAndContributionMap":{"test-code":{"insertions":4,"deletions":4}}}]},{"date":"2021-10-17","commitResults":[{"hash":"cda7af7b02d83bab6396b6e2e01c886d9c608cf3","messageTitle":"refactor clear client\u0027s policy to be handled by Siasa","messageBody":"","fileTypesAndContributionMap":{"functional-code":{"insertions":23,"deletions":9}}},{"hash":"28f8a7d1fb01ca9c0bae16f59c0c6950722f3335","messageTitle":"Update AddCommandTest with new method from Model","messageBody":"","fileTypesAndContributionMap":{"test-code":{"insertions":5,"deletions":0}}}]},{"date":"2021-10-25","commitResults":[{"hash":"68b20e427170aa63a67dac76a20602dc11c5b6b2","messageTitle":"Add Warning class","messageBody":"","fileTypesAndContributionMap":{"functional-code":{"insertions":371,"deletions":12},"other":{"insertions":5,"deletions":1},"test-code":{"insertions":25,"deletions":20}}},{"hash":"0ff067ac4abb058f80c33f37b93da9a6d2eccc76","messageTitle":"Fix failing tests and checkstyle issues","messageBody":"","fileTypesAndContributionMap":{"test-code":{"insertions":7,"deletions":3}}},{"hash":"3ccdbd849540810fc415e795b75eef56ea6bc580","messageTitle":"Fix user pref tests siasa.json file path","messageBody":"","fileTypesAndContributionMap":{"test-code":{"insertions":1,"deletions":1}}},{"hash":"d6db0a6be76a1ff9515ea78abf8648447eb6b02c","messageTitle":"Commented out storage tests to be fixed","messageBody":"","fileTypesAndContributionMap":{"test-code":{"insertions":4,"deletions":0}}},{"hash":"644ebd7c71d8457724d3a4073dc32cbdd48e6952","messageTitle":"Commented out storage tests to be fixed","messageBody":"","fileTypesAndContributionMap":{"test-code":{"insertions":1,"deletions":2}}}]},{"date":"2021-10-26","commitResults":[{"hash":"57c271d5c3e45f620b54a6c7a5854791eda4770a","messageTitle":"Add download stats","messageBody":"","fileTypesAndContributionMap":{"functional-code":{"insertions":141,"deletions":6},"test-code":{"insertions":5,"deletions":0}}},{"hash":"4bba7a8758987859c340444e24f437b965434688","messageTitle":"Remove star import (checkstyle)","messageBody":"","fileTypesAndContributionMap":{"functional-code":{"insertions":7,"deletions":1}}}]},{"date":"2021-10-28","commitResults":[{"hash":"e5bcc74895da4b827d471258d751b2c2637ec99f","messageTitle":"Update test constant names","messageBody":"","fileTypesAndContributionMap":{"functional-code":{"insertions":2,"deletions":2},"test-code":{"insertions":9,"deletions":17}}},{"hash":"0b3c2699c9ecf241952e649b139d492732e53454","messageTitle":"Update to display the similar policy/client which already exists","messageBody":"","fileTypesAndContributionMap":{"functional-code":{"insertions":27,"deletions":20},"test-code":{"insertions":3,"deletions":2}}},{"hash":"79c12063b3f3ac838e928381f889d46151b3dcb7","messageTitle":"Change to txt file and added avg policier per client","messageBody":"","fileTypesAndContributionMap":{"functional-code":{"insertions":59,"deletions":11},"docs":{"insertions":13,"deletions":0}}}]},{"date":"2021-10-29","commitResults":[{"hash":"77e841e24bf58ffdb93bf6e4345aba9fba022ff1","messageTitle":"Update user guide with coming soon","messageBody":"","fileTypesAndContributionMap":{"docs":{"insertions":2,"deletions":1}}},{"hash":"b985bcb0f20f9cad30466c292b805b07a8cdfb66","messageTitle":"Fix inconsistencies in getting expiring policies","messageBody":"","fileTypesAndContributionMap":{"functional-code":{"insertions":2,"deletions":18}}},{"hash":"b7266919c34c91d25357813e35da19d7ed16deb5","messageTitle":"update user guide with latest commands","messageBody":"","fileTypesAndContributionMap":{"functional-code":{"insertions":13,"deletions":6}}},{"hash":"07f7ca5fac38a6a56cff6567f80a073d5f8dabd9","messageTitle":"fix checkstyle","messageBody":"","fileTypesAndContributionMap":{"functional-code":{"insertions":2,"deletions":1}}}]},{"date":"2021-11-01","commitResults":[{"hash":"73860f6fce91d1e41f36e3ce95c608498bc7faa7","messageTitle":"save file while running in jar","messageBody":"","fileTypesAndContributionMap":{"functional-code":{"insertions":8,"deletions":6}}}]},{"date":"2021-11-02","commitResults":[{"hash":"92fbd5a20a394d9e3ed5f7a09a0b07ffeb4392a8","messageTitle":"add getCommissionPerContact to model","messageBody":"","fileTypesAndContributionMap":{"functional-code":{"insertions":20,"deletions":11}}},{"hash":"fc8d46129453837da53f32782f097f6a1e590958","messageTitle":"Make closing warning dialog cancel the command","messageBody":"","fileTypesAndContributionMap":{"functional-code":{"insertions":10,"deletions":1}}}]},{"date":"2021-11-04","commitResults":[{"hash":"fec154ad8b7a9c86549c4694cb367797c95ce00f","messageTitle":"fix checkstyle","messageBody":"","fileTypesAndContributionMap":{"functional-code":{"insertions":0,"deletions":3}}},{"hash":"31511784d452fec0b1c9c19b5fc04e714e1af1ad","messageTitle":"fix checkstyle","messageBody":"","fileTypesAndContributionMap":{"functional-code":{"insertions":5,"deletions":1}}}]},{"date":"2021-11-05","commitResults":[{"hash":"e0e3f81891216afa5fa8875d974c852d00bff4c1","messageTitle":"Rename boolean variables, add assertions, sort commission moved to siasa","messageBody":"","fileTypesAndContributionMap":{"functional-code":{"insertions":37,"deletions":27},"other":{"insertions":4,"deletions":6},"test-code":{"insertions":1,"deletions":1}}},{"hash":"6c3dded15ded2e19309e731d76ed73dddb64f58d","messageTitle":"Expiring date warning when editing policy","messageBody":"","fileTypesAndContributionMap":{"functional-code":{"insertions":12,"deletions":0}}},{"hash":"33fda3fdb5e078dd559b5a1bc721a6dab0df5222","messageTitle":"fix checkstyle","messageBody":"","fileTypesAndContributionMap":{"functional-code":{"insertions":14,"deletions":6}}}]},{"date":"2021-11-06","commitResults":[{"hash":"e955fa85c680560e8bc48e334609e6a5d5d788e9","messageTitle":"Update commands format and allow images to display in jar","messageBody":"","fileTypesAndContributionMap":{"functional-code":{"insertions":22,"deletions":23}}}]},{"date":"2021-11-07","commitResults":[{"hash":"a5409788d3f8fad5d5ecbc4f20500d064b351eb1","messageTitle":"fix user guide so that images can be viewed in jar","messageBody":"","fileTypesAndContributionMap":{"functional-code":{"insertions":6,"deletions":6}}},{"hash":"604f616ba7e7cd91cd2a65af3cff549922f7abbf","messageTitle":"change commission to double","messageBody":"","fileTypesAndContributionMap":{"functional-code":{"insertions":147,"deletions":160},"test-code":{"insertions":2,"deletions":2}}},{"hash":"1dee0139214265ff8f3216ace3c275c459921aa6","messageTitle":"Fix checkstyle issues","messageBody":"","fileTypesAndContributionMap":{"functional-code":{"insertions":70,"deletions":70}}},{"hash":"3a66743d6a8911c6be14aa35025c202ccc0d5970","messageTitle":"Add Warning and Download explanation to DG","messageBody":"","fileTypesAndContributionMap":{"functional-code":{"insertions":9,"deletions":9},"docs":{"insertions":164,"deletions":0}}},{"hash":"a3ebcf24ffb7d38f4bc71f2ce13f99b0e6a69735","messageTitle":"Fix merge conflicts","messageBody":"","fileTypesAndContributionMap":{"functional-code":{"insertions":6,"deletions":4}}},{"hash":"f6caa4c42dc06b68de502a5e11e5d6ef743f65ba","messageTitle":"Fix checkstyle bugs","messageBody":"","fileTypesAndContributionMap":{"functional-code":{"insertions":1,"deletions":1},"docs":{"insertions":2,"deletions":2}}},{"hash":"f9f9bffd2432afa0b73d237844e4e6ca08e0771a","messageTitle":"Edit design considerations","messageBody":"","fileTypesAndContributionMap":{"docs":{"insertions":23,"deletions":91}}},{"hash":"30d38ec36bd3f49fe267683777726588dfdc41ce","messageTitle":"Add activity diagram for warning","messageBody":"","fileTypesAndContributionMap":{"docs":{"insertions":19,"deletions":0}}},{"hash":"9078e451bfc9561ab187070e705f34bc560f0396","messageTitle":"Remove trailing whitespaces","messageBody":"","fileTypesAndContributionMap":{"docs":{"insertions":9,"deletions":10}}},{"hash":"24723a863cdc6249e47c59493f708002b7fb1756","messageTitle":"Add newline for style","messageBody":"","fileTypesAndContributionMap":{"docs":{"insertions":1,"deletions":0}}},{"hash":"0ba68a3a04ebe338110f6349e7426d6b89af2986","messageTitle":"edit for style check","messageBody":"","fileTypesAndContributionMap":{"docs":{"insertions":0,"deletions":1}}},{"hash":"a1e8a39501d280b85c064139ab1c4306b5d0ecaf","messageTitle":"Add newline at EOF","messageBody":"","fileTypesAndContributionMap":{"docs":{"insertions":1,"deletions":1}}},{"hash":"8551ebbb05a3ae172cd76f7a360e6a06767383ed","messageTitle":"add enhancement to download 2 csv files","messageBody":"","fileTypesAndContributionMap":{"functional-code":{"insertions":43,"deletions":40}}},{"hash":"2a759968004757dd4ee57a126f010ad67f6551b8","messageTitle":"update user guide for csv download","messageBody":"","fileTypesAndContributionMap":{"docs":{"insertions":3,"deletions":5}}},{"hash":"e71e8fee7f0ffb86e922fe6778bd0071f8e5e89a","messageTitle":"Update Logic portion of DG with class diagram and description","messageBody":"","fileTypesAndContributionMap":{"docs":{"insertions":20,"deletions":14}}},{"hash":"71f35f6d0e0b9e18cc932b6c4192a318c9da7044","messageTitle":"Add target user, fix DG table of contents","messageBody":"","fileTypesAndContributionMap":{"docs":{"insertions":8,"deletions":5}}},{"hash":"e9b8cff2cb4c4089c6e45ede353ff6c9fe25c1af","messageTitle":"remove additional header","messageBody":"","fileTypesAndContributionMap":{"docs":{"insertions":0,"deletions":1}}}]},{"date":"2021-11-08","commitResults":[{"hash":"fbabcbb76fdc3e1c5db24af882fcad85c45cc56c","messageTitle":"PPP draft","messageBody":"","fileTypesAndContributionMap":{"docs":{"insertions":50,"deletions":47}}},{"hash":"db11693dc36d5f7adbd81001f3ff22caf57300d3","messageTitle":"remove trailing whitespaces","messageBody":"","fileTypesAndContributionMap":{"docs":{"insertions":18,"deletions":17}}},{"hash":"f907f27b222a52d64c0b4c2f50f2fb7333e97bea","messageTitle":"fix trailing space eof","messageBody":"","fileTypesAndContributionMap":{"docs":{"insertions":0,"deletions":1}}},{"hash":"f15a42bd454783ff107cfe48667dd0ffe0738f32","messageTitle":"add tests to currency and download command","messageBody":"","fileTypesAndContributionMap":{"functional-code":{"insertions":5,"deletions":2},"test-code":{"insertions":48,"deletions":23}}},{"hash":"ca81c245ca6cb163a37b9b2ac077de9ba124345e","messageTitle":"Fix DG diagrams and change txt to csv","messageBody":"","fileTypesAndContributionMap":{"functional-code":{"insertions":3,"deletions":3},"docs":{"insertions":17,"deletions":38}}},{"hash":"fd6062bdeb18373c5d821ef87ff49f44a890424c","messageTitle":"changed download sequence diagram","messageBody":"","fileTypesAndContributionMap":{"docs":{"insertions":6,"deletions":3}}},{"hash":"4653f082cecbfd8efe8d9048870b2335acb3764b","messageTitle":"add closing bracket to PPP","messageBody":"","fileTypesAndContributionMap":{"docs":{"insertions":1,"deletions":1}}},{"hash":"37667e3121dc3c5870b61d9e15a565316b8f944c","messageTitle":"Fix table and change txt to csv","messageBody":"","fileTypesAndContributionMap":{"docs":{"insertions":2,"deletions":1}}}]}]},"authorFileTypeContributionMap":{"sherrpass":{"docs":691,"functional-code":1562,"test-code":1143,"other":1},"meerian":{"docs":370,"functional-code":1209,"test-code":1011},"OhEyeSee":{"docs":0,"functional-code":0,"test-code":0},"yatbun":{"docs":221,"functional-code":1440,"test-code":425,"other":1},"zhuoyang125":{"docs":265,"functional-code":789,"test-code":117,"other":5}},"authorContributionVariance":{"sherrpass":141758.62,"meerian":401447.56,"OhEyeSee":0.0,"yatbun":27462.121,"zhuoyang125":22263.648},"authorDisplayNameMap":{"sherrpass":"CS2103-F10-4 SHER.. XUN","meerian":"CS2103-F10-4 MYRO.. NEO","OhEyeSee":"CS2103-F10-4 KONG.. YIN","yatbun":"CS2103-F10-4 LEE .. BUN","zhuoyang125":"CS2103-F10-4 CHAN..YANG"}}
