{"authorDailyContributionsMap":{"benedictchuajj":[{"date":"2021-09-19","commitResults":[{"hash":"529f9fc20a1f3e3dc06122b2211124b2111dd7b7","messageTitle":"Update AboutUs","messageBody":"","fileTypesAndContributionMap":{"docs":{"insertions":217,"deletions":28}}}]},{"date":"2021-09-24","commitResults":[{"hash":"eb6d2beb667e6ffc26a6a3485a4cb72e1baaaf28","messageTitle":"Update website title, links and index.md","messageBody":"","fileTypesAndContributionMap":{"docs":{"insertions":4,"deletions":4}}},{"hash":"ce98f429dde880bc437359d7924c3214e366e7f2","messageTitle":"Update CodeCov","messageBody":"","fileTypesAndContributionMap":{"docs":{"insertions":1,"deletions":1}}},{"hash":"a7fe644e1efc66ba934fe6be710e73a3cae69988","messageTitle":"Update Website","messageBody":"","fileTypesAndContributionMap":{"docs":{"insertions":6,"deletions":4}}}]},{"date":"2021-10-08","commitResults":[{"hash":"1bb405c5f943381ab2897ac2a1e5a18d9725c649","messageTitle":"Fix code style based on checkstyle and run-checks","messageBody":"","fileTypesAndContributionMap":{"functional-code":{"insertions":102,"deletions":45},"test-code":{"insertions":91,"deletions":27}}},{"hash":"253bb487b6abfe0e9bd7d2a0c9d52a32b653883d","messageTitle":"Add Client Info view panel to GUI","messageBody":"","fileTypesAndContributionMap":{"functional-code":{"insertions":326,"deletions":28}}},{"hash":"20b6a82630d196a79b0014486bbbaa3268ed8d8f","messageTitle":"Update app title and Ui.png","messageBody":"","fileTypesAndContributionMap":{"functional-code":{"insertions":1,"deletions":1}}},{"hash":"b38867521699da8f49feb7c7391ad15e1e3ed3df","messageTitle":"Add view functionality for PersonViewPanel","messageBody":"","fileTypesAndContributionMap":{"functional-code":{"insertions":58,"deletions":10}}},{"hash":"bcf5e038664bf62ef99d4f8e2b82f9f2c1708431","messageTitle":"Fix code style","messageBody":"","fileTypesAndContributionMap":{"functional-code":{"insertions":1,"deletions":1}}},{"hash":"064a4e32e298db0c628e522711eb0c16220908da","messageTitle":"Update sample data for addressbook","messageBody":"","fileTypesAndContributionMap":{"functional-code":{"insertions":8,"deletions":6}}},{"hash":"36ca3c8b2e2e00ee43778f12e5bb5e82616eb4d1","messageTitle":"Update documentation and referencing error","messageBody":"","fileTypesAndContributionMap":{"functional-code":{"insertions":3,"deletions":5}}}]},{"date":"2021-10-11","commitResults":[{"hash":"279e113f05c4dd6c2c75f732fcee839baebe3ee1","messageTitle":"Update view panel to feature remaining info","messageBody":"","fileTypesAndContributionMap":{"functional-code":{"insertions":3,"deletions":4}}},{"hash":"31ea3f679e0faf3e5dd30b6be84ad174f8adb046","messageTitle":"Update dependency of SideBar to ModelManager for viewing client info","messageBody":"","fileTypesAndContributionMap":{"functional-code":{"insertions":167,"deletions":73},"test-code":{"insertions":20,"deletions":0}}},{"hash":"2c90a006a96b643543bbc2cbb8ff8212215264bf","messageTitle":"Update JavaFX versions of fxml files from 16/17 to 11","messageBody":"","fileTypesAndContributionMap":{"functional-code":{"insertions":5,"deletions":5}}},{"hash":"6a0a095e218722f246f18b79807361dad1700319","messageTitle":"Update PersonViewPanel to grow in size for longer client info","messageBody":"","fileTypesAndContributionMap":{"functional-code":{"insertions":8,"deletions":2}}},{"hash":"ef71c0a6419cfe8aeeeebd52f4a925e495d8bd54","messageTitle":"Add tests for View command","messageBody":"","fileTypesAndContributionMap":{"functional-code":{"insertions":11,"deletions":12},"test-code":{"insertions":187,"deletions":2}}}]},{"date":"2021-10-12","commitResults":[{"hash":"4bf41c359c578c1aa568ff63f37e0166e3081afe","messageTitle":"Add test cases for ModelManager changes","messageBody":"","fileTypesAndContributionMap":{"functional-code":{"insertions":2,"deletions":1},"test-code":{"insertions":28,"deletions":0}}}]},{"date":"2021-10-13","commitResults":[{"hash":"68d5854e0101ce5614e8f062e147b48f14e8f297","messageTitle":"Update filteredList to wrap around a SortedList for sorting","messageBody":"","fileTypesAndContributionMap":{"functional-code":{"insertions":6,"deletions":10}}},{"hash":"d71c7006c1c9cb5df470e1d3feb3f1385bc36054","messageTitle":"Update code to pass checkstyle tests","messageBody":"","fileTypesAndContributionMap":{"functional-code":{"insertions":68,"deletions":45},"test-code":{"insertions":6,"deletions":0}}},{"hash":"36c45d67b2029a10d8f12527a0632aff00db8ad4","messageTitle":"Update UserGuide.md","messageBody":"","fileTypesAndContributionMap":{"docs":{"insertions":37,"deletions":52}}},{"hash":"55cc0c9c184564c4cf88bfea4501af7b5c647515","messageTitle":"Update to pass checkstyle checks and test","messageBody":"","fileTypesAndContributionMap":{"functional-code":{"insertions":1,"deletions":3},"test-code":{"insertions":0,"deletions":3}}}]},{"date":"2021-10-14","commitResults":[{"hash":"ba81d5ef6236a77e2e066d96491c6742715d0779","messageTitle":"Update add command input","messageBody":"","fileTypesAndContributionMap":{"docs":{"insertions":4,"deletions":4}}},{"hash":"7cce035c6c79efc010512dcf341961adbe7e2de5","messageTitle":"Update UserGuide.md","messageBody":"","fileTypesAndContributionMap":{"docs":{"insertions":1,"deletions":1}}},{"hash":"c91b3562b9cb59c68ebdc44e4eb8fffd52147c11","messageTitle":"Update UserGuide.md","messageBody":"","fileTypesAndContributionMap":{"docs":{"insertions":9,"deletions":8}}},{"hash":"1b761a5abb81948515d571652d8c30e910d5a1cc","messageTitle":"Stndardise command formatting","messageBody":"","fileTypesAndContributionMap":{"docs":{"insertions":30,"deletions":27}}}]},{"date":"2021-10-15","commitResults":[{"hash":"7bdcb711915e9310da8e1017a92ed671c195df97","messageTitle":"Increase code coverage for view related classes + fix UG trailing whitespaces","messageBody":"","fileTypesAndContributionMap":{"functional-code":{"insertions":1,"deletions":1},"docs":{"insertions":3,"deletions":5},"test-code":{"insertions":127,"deletions":0}}},{"hash":"70da25986c9ce7e2f90b6e7eb52ef0efb3660d44","messageTitle":"Refactor Messages and StringUtil in commons","messageBody":"","fileTypesAndContributionMap":{"functional-code":{"insertions":21,"deletions":23},"test-code":{"insertions":17,"deletions":15}}}]},{"date":"2021-10-18","commitResults":[{"hash":"93fc469a2c3c79f2214a6182cc56dd5bd6880c72","messageTitle":"Add NextMeeting and refactor some methods/classes","messageBody":"","fileTypesAndContributionMap":{"functional-code":{"insertions":255,"deletions":60},"test-code":{"insertions":146,"deletions":35}}},{"hash":"bef0efdb7e90a512f093a32eaf5deda1045e8922","messageTitle":"Add test cases for Next Meeting","messageBody":"","fileTypesAndContributionMap":{"functional-code":{"insertions":99,"deletions":51},"test-code":{"insertions":210,"deletions":17}}},{"hash":"6484e9ea7ae5d85f2c7ce10b8952ba71053a726b","messageTitle":"Update NextMeeting in AddCommand and UG","messageBody":"","fileTypesAndContributionMap":{"functional-code":{"insertions":3,"deletions":2},"docs":{"insertions":14,"deletions":0}}}]},{"date":"2021-10-19","commitResults":[{"hash":"458be746d4a7c2bd7fb59c37253e11f8382068c5","messageTitle":"Fix NextMeeting box width for PersonListCard","messageBody":"","fileTypesAndContributionMap":{"functional-code":{"insertions":2,"deletions":2}}},{"hash":"565c2e5ba9563eac44352d0f25c3b7159bd3bab0","messageTitle":"Change multiple requireNonNull to requireAllNonNull","messageBody":"","fileTypesAndContributionMap":{"functional-code":{"insertions":2,"deletions":5}}},{"hash":"08c10e41ad73811ebc1ac370ca098a9a59141109","messageTitle":"Change colour scheme","messageBody":"Based on: https://coolors.co/cb997e-eddcd2-fff1e6-f0efeb-ddbea9-a5a58d-b7b7a4\n","fileTypesAndContributionMap":{"functional-code":{"insertions":6,"deletions":6}}}]},{"date":"2021-10-21","commitResults":[{"hash":"0bfa5a738cd66dbff13625b0c7ca201744a1a40a","messageTitle":"Update DeveloperGuide.md","messageBody":"","fileTypesAndContributionMap":{"docs":{"insertions":3,"deletions":3}}},{"hash":"b482be55becb592bce5e873c3f46c989ab6101e8","messageTitle":"Update DeveloperGuide.md","messageBody":"","fileTypesAndContributionMap":{"docs":{"insertions":1,"deletions":1}}},{"hash":"45be405196b5b422fd73bfafbd46d026a4a04a58","messageTitle":"Update docs/DeveloperGuide.md","messageBody":"","fileTypesAndContributionMap":{"docs":{"insertions":1,"deletions":1}}},{"hash":"a18a32b4a0e25e1c6eb69c3fe537c327f0de3f3e","messageTitle":"Update Model and Ui class diagram","messageBody":"","fileTypesAndContributionMap":{"docs":{"insertions":7,"deletions":13}}},{"hash":"1ea4bab82d1774120aa24f6663e686da67ee694e","messageTitle":"Update DG","messageBody":"","fileTypesAndContributionMap":{"docs":{"insertions":16,"deletions":3}}},{"hash":"f560be4f4fe86c7388f5143e66c521ef90f4b316","messageTitle":"Update numbering","messageBody":"","fileTypesAndContributionMap":{"docs":{"insertions":6,"deletions":6}}},{"hash":"f3347751824861fb922f86a009c1790a543a413c","messageTitle":"Update a few diagrams as well as include view implementation","messageBody":"","fileTypesAndContributionMap":{"docs":{"insertions":119,"deletions":10}}},{"hash":"c8454c8054f0f0519c6f590bb37a918500396492","messageTitle":"Update image for Search and Filter","messageBody":"","fileTypesAndContributionMap":{"docs":{"insertions":6,"deletions":6}}}]},{"date":"2021-10-23","commitResults":[{"hash":"2ffc3eb97324de9399f3f02373bce5a487ddb86c","messageTitle":"Add BookTheme and adjust error font colour for book theme","messageBody":"","fileTypesAndContributionMap":{"functional-code":{"insertions":392,"deletions":11}}},{"hash":"7bb9c2fbb79018b0715e4009db5fc20f5a90583f","messageTitle":"Update prompt text fill","messageBody":"","fileTypesAndContributionMap":{"functional-code":{"insertions":2,"deletions":1}}},{"hash":"1f857c7a6bd611fd27d51902ad60714b00619817","messageTitle":"Update ClientViewPanel with round border and to resize","messageBody":"","fileTypesAndContributionMap":{"functional-code":{"insertions":8,"deletions":9}}}]},{"date":"2021-10-24","commitResults":[{"hash":"12b0adb40af2ad3f3f8e2a57b7bb8c1d369a56ad","messageTitle":"Update address book to update client info (LM, NM) when it is requested","messageBody":"","fileTypesAndContributionMap":{"functional-code":{"insertions":63,"deletions":1}}},{"hash":"6c36f97eb6988227efcd406afd5fff16f95423a0","messageTitle":"Add dateFallsBefore checker in LastMet, as well as update JavaDoc","messageBody":"","fileTypesAndContributionMap":{"functional-code":{"insertions":24,"deletions":5}}},{"hash":"c05049f011f47813f8733f42c5dac10c386b390a","messageTitle":"Add tests","messageBody":"","fileTypesAndContributionMap":{"functional-code":{"insertions":2,"deletions":0},"test-code":{"insertions":113,"deletions":5}}},{"hash":"9aaf3cb702d1a5afffe49face56c9b7ccfb8f4c9","messageTitle":"Update UserGuide.md","messageBody":"","fileTypesAndContributionMap":{"docs":{"insertions":7,"deletions":1}}},{"hash":"3540c04bbc9fb10e9636c834f0b5ff586d9f4064","messageTitle":"Update parseNextMeeting to accept empty string for deletion","messageBody":"","fileTypesAndContributionMap":{"functional-code":{"insertions":2,"deletions":2},"test-code":{"insertions":5,"deletions":0}}},{"hash":"1528137dd10e11aea5025b946aac6428aa02c85d","messageTitle":"Add test for parseNextMeeting using \u0027No meeting planned\u0027","messageBody":"","fileTypesAndContributionMap":{"test-code":{"insertions":5,"deletions":0}}},{"hash":"27831413e2bd543e04d0b25e41faa69a904af8fa","messageTitle":"Update app logo","messageBody":"","fileTypesAndContributionMap":{"functional-code":{"insertions":1,"deletions":1}}},{"hash":"10f28682b149aa780e333356b37fd2df16a13ce7","messageTitle":"Update parseNextMeeting to ignore casing for null meeting check","messageBody":"","fileTypesAndContributionMap":{"functional-code":{"insertions":23,"deletions":1},"test-code":{"insertions":37,"deletions":0}}}]},{"date":"2021-10-25","commitResults":[{"hash":"7e111bce82bd48ce8f117f251df81856be29da7e","messageTitle":"Update UserGuide.md","messageBody":"","fileTypesAndContributionMap":{"docs":{"insertions":19,"deletions":19}}},{"hash":"2b0a130e491bd5b013bd3bc92f0664fc495f4a5e","messageTitle":"Update DeveloperGuide.md","messageBody":"","fileTypesAndContributionMap":{"docs":{"insertions":6,"deletions":4}}}]},{"date":"2021-10-26","commitResults":[{"hash":"ab4b60ade3831949bc3b60acb763e2492d491bc7","messageTitle":"Update empty list cells to be transparent from black","messageBody":"","fileTypesAndContributionMap":{"functional-code":{"insertions":4,"deletions":0}}}]},{"date":"2021-10-28","commitResults":[{"hash":"9174ef654a289c9e540d67daf14858aa85fbf73a","messageTitle":"Prevent truncation of fields with long values","messageBody":"","fileTypesAndContributionMap":{"functional-code":{"insertions":9,"deletions":8}}},{"hash":"781db8af066bd64e481e8c9abf7b666eaf0c9549","messageTitle":"Remove createdAt from viewPanel","messageBody":"","fileTypesAndContributionMap":{"functional-code":{"insertions":0,"deletions":14}}},{"hash":"46c716a681ddaafc5c54b7380a6a58277b29103f","messageTitle":"Update representation of empty values","messageBody":"","fileTypesAndContributionMap":{"functional-code":{"insertions":40,"deletions":23},"test-code":{"insertions":22,"deletions":0}}},{"hash":"e9f8290dd2201642f4cd6ebd3d4bced5ee3810f6","messageTitle":"Remove unnecessary method call for nextmeeting string representation","messageBody":"","fileTypesAndContributionMap":{"functional-code":{"insertions":1,"deletions":1}}}]}],"KT27Learn":[{"date":"2021-09-19","commitResults":[{"hash":"9387068668f0a9d6b2c3b04455975f43f5827bbe","messageTitle":"Update UserGuide and DeveloperGuide","messageBody":"","fileTypesAndContributionMap":{"docs":{"insertions":112,"deletions":125}}},{"hash":"94f9b31c566e55e85773709dc68686c4de56c5ee","messageTitle":"Update UserGuide and DeveloperGuide","messageBody":"","fileTypesAndContributionMap":{"docs":{"insertions":8,"deletions":2}}},{"hash":"78aefa7f2844a75689b1124a31b3115af9b5718a","messageTitle":"Update user profile and value proposition in DeveloperGuide","messageBody":"","fileTypesAndContributionMap":{"docs":{"insertions":9,"deletions":6}}}]},{"date":"2021-10-08","commitResults":[{"hash":"ceac5edec685d6f4dc1b9fbc947fac1a7a9d3dc1","messageTitle":"Update Add function and added more attributes for person","messageBody":"","fileTypesAndContributionMap":{"functional-code":{"insertions":569,"deletions":93},"test-code":{"insertions":186,"deletions":106}}}]},{"date":"2021-10-09","commitResults":[{"hash":"7c10e4e751cb00fbff3086d4d75e4381895a7e53","messageTitle":"Fix AddPerson bugs and style bugs","messageBody":"","fileTypesAndContributionMap":{"functional-code":{"insertions":200,"deletions":161},"other":{"insertions":90,"deletions":85},"test-code":{"insertions":225,"deletions":154}}},{"hash":"59d801c04f74f7a99eb0255431aafb64c7083b3b","messageTitle":"Update gradle settings","messageBody":"","fileTypesAndContributionMap":{"other":{"insertions":86,"deletions":90}}},{"hash":"c2554a1d8cf7fd7359ab717a855cc3e2644a7f91","messageTitle":"Update gradle bug","messageBody":"","fileTypesAndContributionMap":{"other":{"insertions":0,"deletions":1}}},{"hash":"53e7973af9d8db5726bb0bdf76dcf00d61e3cfe9","messageTitle":"Revert \"Merge branch \u0027branch-add-clientinfo\u0027 into master\"","messageBody":"This reverts commit 7da75e8abfca8d2a45372aca69fdf7fba7ca505b, reversing\nchanges made to 6ca7e0ed2901b6e6eb5759e061673f47cba078cf.\n","fileTypesAndContributionMap":{"functional-code":{"insertions":129,"deletions":691},"test-code":{"insertions":191,"deletions":377}}},{"hash":"0a8e70307ff9769645a774ce8cfdbd154b55d624","messageTitle":"Update Ui","messageBody":"","fileTypesAndContributionMap":{"functional-code":{"insertions":156,"deletions":10},"test-code":{"insertions":14,"deletions":1}}}]},{"date":"2021-10-10","commitResults":[{"hash":"4832f17209ef2f170f1f674cf82e78aade378134","messageTitle":"Add more client fields","messageBody":"","fileTypesAndContributionMap":{"functional-code":{"insertions":206,"deletions":208},"test-code":{"insertions":1,"deletions":1}}}]},{"date":"2021-10-11","commitResults":[{"hash":"fb85d12eadd075914c7d769fe33376e2f5efe226","messageTitle":"Fixed Add Command Test","messageBody":"","fileTypesAndContributionMap":{"functional-code":{"insertions":13,"deletions":8},"test-code":{"insertions":308,"deletions":112}}},{"hash":"377e892949b475966d1cb3972f7f54b7e1fba395","messageTitle":"Update code style","messageBody":"","fileTypesAndContributionMap":{"functional-code":{"insertions":72,"deletions":70}}},{"hash":"02af077796a4e4adc4ac70c65a6087c7a29ebeb7","messageTitle":"Update delete command for client id field","messageBody":"","fileTypesAndContributionMap":{"functional-code":{"insertions":64,"deletions":6}}}]},{"date":"2021-10-12","commitResults":[{"hash":"b681d9d3ef783b7c120344c84ea30ff582d3f744","messageTitle":"Fix Delete command bugs","messageBody":"","fileTypesAndContributionMap":{"functional-code":{"insertions":110,"deletions":34}}},{"hash":"dc2b7f78ef9f0ab06368e91f3bf8ef3fd6ed2566","messageTitle":"Update delete command bugs","messageBody":"","fileTypesAndContributionMap":{"functional-code":{"insertions":90,"deletions":22}}},{"hash":"1fc9423b31c3288034dbbb0bb5916fcf6c1a6c7a","messageTitle":"Fix Delete Command Test Cases","messageBody":"","fileTypesAndContributionMap":{"functional-code":{"insertions":42,"deletions":62},"test-code":{"insertions":108,"deletions":46}}},{"hash":"10a8aa4e2c577ec875e67fd93e78efe387fe8f8c","messageTitle":"Update code style and delete command","messageBody":"","fileTypesAndContributionMap":{"functional-code":{"insertions":22,"deletions":31},"test-code":{"insertions":1,"deletions":1}}}]},{"date":"2021-10-13","commitResults":[{"hash":"5a0107013865f3d6ebdf1ee91de361df0e34e0de","messageTitle":"Update sort command skeleton","messageBody":"","fileTypesAndContributionMap":{"functional-code":{"insertions":476,"deletions":17}}},{"hash":"29f9327515991a8c42adcef6b66a24d97a51233a","messageTitle":"Update sort command test","messageBody":"","fileTypesAndContributionMap":{"functional-code":{"insertions":13,"deletions":1},"test-code":{"insertions":359,"deletions":35}}},{"hash":"fee46d6214948ba274856153cc624f69a7804cbc","messageTitle":"Fix EditCommandTest Bug","messageBody":"","fileTypesAndContributionMap":{"functional-code":{"insertions":4,"deletions":2},"test-code":{"insertions":1,"deletions":0}}}]},{"date":"2021-10-14","commitResults":[{"hash":"c75a0851a4ab74fef0edf0e82d149abf347617fc","messageTitle":"Update add command user guide","messageBody":"","fileTypesAndContributionMap":{"docs":{"insertions":5,"deletions":5}}},{"hash":"4ea7ced578cf3b1fca434bdb9969bddf748b1f2a","messageTitle":"Update add command user guide","messageBody":"","fileTypesAndContributionMap":{"docs":{"insertions":1,"deletions":1}}}]},{"date":"2021-10-21","commitResults":[{"hash":"19cdaa6f43b031f4032cdfb1cd299a06dda0375a","messageTitle":"Add list of upcoming meetings for scheduler","messageBody":"","fileTypesAndContributionMap":{"functional-code":{"insertions":251,"deletions":2},"test-code":{"insertions":6,"deletions":0}}},{"hash":"33cd86930f26aeb367d053becfc39b6cb1dad06a","messageTitle":"Solve style bug","messageBody":"","fileTypesAndContributionMap":{"functional-code":{"insertions":1,"deletions":2}}},{"hash":"8a6dcdbd2628d3cc2c5d35448af5b0fd5534136d","messageTitle":"Update scheduler to update whenever new meeting added or client deleted","messageBody":"","fileTypesAndContributionMap":{"functional-code":{"insertions":342,"deletions":48},"test-code":{"insertions":1,"deletions":1}}},{"hash":"ec80a8d1651ffd44e3e00ff952c6ecc820ce6efe","messageTitle":"Update Sheduler Ui to change when clients info change","messageBody":"","fileTypesAndContributionMap":{"functional-code":{"insertions":30,"deletions":12},"test-code":{"insertions":166,"deletions":19}}},{"hash":"1ce696ddad128c48f5ba4659fd825a9a26371dd7","messageTitle":"Revert \"Merge Branch\"","messageBody":"","fileTypesAndContributionMap":{"functional-code":{"insertions":48,"deletions":360},"docs":{"insertions":103,"deletions":330},"test-code":{"insertions":20,"deletions":167}}},{"hash":"1679c53d0fa867c6e6ecfce002a201aae147858e","messageTitle":"Revert \"Add list of upcoming meetings for scheduler\"","messageBody":"","fileTypesAndContributionMap":{"functional-code":{"insertions":2,"deletions":250},"docs":{"insertions":330,"deletions":103},"test-code":{"insertions":0,"deletions":6}}},{"hash":"41d52071383d1ec299ca09c9d099ffc6a2a53ce1","messageTitle":"Update scheduler Ui and added with who","messageBody":"","fileTypesAndContributionMap":{"functional-code":{"insertions":579,"deletions":17},"test-code":{"insertions":172,"deletions":19}}}]},{"date":"2021-10-22","commitResults":[{"hash":"cd24f19016d351f8b550cf95d5d993d9958734f6","messageTitle":"Removed Incorrect Test","messageBody":"","fileTypesAndContributionMap":{"test-code":{"insertions":0,"deletions":6}}},{"hash":"5c2cc6d83b98d89eddb8a1c497d6b4a3ec8e3e74","messageTitle":"Fix no address book bug","messageBody":"","fileTypesAndContributionMap":{"functional-code":{"insertions":9,"deletions":6}}}]},{"date":"2021-10-23","commitResults":[{"hash":"cb4d9fdd8a2090ba226de3f8238509ae4bc5a02f","messageTitle":"Update code quality of meeting list","messageBody":"","fileTypesAndContributionMap":{"functional-code":{"insertions":18,"deletions":19}}},{"hash":"afcfe82fb8b738f410c358fe5955716fd66df050","messageTitle":"Update model diagrams and add sort command to DG","messageBody":"","fileTypesAndContributionMap":{"docs":{"insertions":97,"deletions":15}}},{"hash":"caf71173f341203bbc073b4e08ca6e67db1202fe","messageTitle":"Update model diagrams in DG","messageBody":"","fileTypesAndContributionMap":{"docs":{"insertions":4,"deletions":4}}},{"hash":"20683812664321e0e681ce6e64c79abc878ae63d","messageTitle":"Update model diagrams in DG","messageBody":"","fileTypesAndContributionMap":{"docs":{"insertions":1,"deletions":1}}}]},{"date":"2021-10-25","commitResults":[{"hash":"8cbdf2cc488de0141f80902e2b6d1179ccc99379","messageTitle":"Link edit command to scheduler gui","messageBody":"","fileTypesAndContributionMap":{"functional-code":{"insertions":79,"deletions":0}}},{"hash":"d56e09e6aa7de91610c010fa496018bdaa829b2b","messageTitle":"Add test cases for edit command","messageBody":"","fileTypesAndContributionMap":{"functional-code":{"insertions":15,"deletions":20},"test-code":{"insertions":29,"deletions":4}}}]},{"date":"2021-10-27","commitResults":[{"hash":"f87107bd1bdd720892f62a6925322ce045b8f698","messageTitle":"Update scheduler edit command bug","messageBody":"","fileTypesAndContributionMap":{"functional-code":{"insertions":49,"deletions":348},"test-code":{"insertions":1,"deletions":158}}},{"hash":"922fd65360bcac53caf32bab841c8c66b540ffd2","messageTitle":"Fix style bugs","messageBody":"","fileTypesAndContributionMap":{"functional-code":{"insertions":2,"deletions":1}}}]}],"Domszy":[{"date":"2021-09-20","commitResults":[{"hash":"5793e13218e9b15991112712ad7d8e2d98341485","messageTitle":"Added the Remarks command for the user to add remarks to a particular contact","messageBody":"","fileTypesAndContributionMap":{"functional-code":{"insertions":253,"deletions":89},"test-code":{"insertions":282,"deletions":76}}}]},{"date":"2021-09-24","commitResults":[{"hash":"8f3102af1ee1ef2b5a8045fa83760d87f5aea9c2","messageTitle":"updated the docs folder in fork to be the same as the fork from the team.","messageBody":"","fileTypesAndContributionMap":{"docs":{"insertions":395,"deletions":142}}},{"hash":"b8bd3eba03b93d9d7bfe9ae98887b41d055858ce","messageTitle":"Update UserGuide.md","messageBody":"","fileTypesAndContributionMap":{"docs":{"insertions":25,"deletions":1}}},{"hash":"ba46bc9b8ec9f7738928aaf254dbfcf0f16fff75","messageTitle":"Update UserGuide.md","messageBody":"","fileTypesAndContributionMap":{"docs":{"insertions":1,"deletions":25}}},{"hash":"c2f5c93b03d04f266185165e60810f37bdd94d24","messageTitle":"Reset to the team\u0027s repository","messageBody":"","fileTypesAndContributionMap":{"functional-code":{"insertions":89,"deletions":253},"docs":{"insertions":2,"deletions":0},"test-code":{"insertions":76,"deletions":282}}}]},{"date":"2021-09-25","commitResults":[{"hash":"bb1c79ab20c6e9275a6fcc293b25f0f1f1959915","messageTitle":"Update UserGuide.md","messageBody":"","fileTypesAndContributionMap":{"docs":{"insertions":15,"deletions":15}}},{"hash":"3c70e261417e8981bccb86314be72a7b2aec5916","messageTitle":"Update UserGuide.md","messageBody":"","fileTypesAndContributionMap":{"docs":{"insertions":2,"deletions":2}}}]},{"date":"2021-10-07","commitResults":[{"hash":"2bcb72fa0ccac337a78e3bd88b06d735adf0cd75","messageTitle":"Add LastMet and CurrentPlan attributes + View Command.","messageBody":"","fileTypesAndContributionMap":{"functional-code":{"insertions":297,"deletions":34},"test-code":{"insertions":113,"deletions":18}}},{"hash":"bc418618ff4ca463a4caf77f84c4edf0abc25e22","messageTitle":"Update to Tag","messageBody":"","fileTypesAndContributionMap":{"functional-code":{"insertions":54,"deletions":0},"test-code":{"insertions":26,"deletions":0}}},{"hash":"4c8840ea5651a577495a197736b81b0efcf44eed","messageTitle":"Made adjustments to several test classes","messageBody":"","fileTypesAndContributionMap":{"functional-code":{"insertions":39,"deletions":78},"other":{"insertions":1,"deletions":0},"test-code":{"insertions":16,"deletions":11}}}]},{"date":"2021-10-08","commitResults":[{"hash":"da800116e1db00dc1475ad059fc58fb7f4f8bff4","messageTitle":"Enhance the Edit command","messageBody":"","fileTypesAndContributionMap":{"functional-code":{"insertions":41,"deletions":34},"test-code":{"insertions":44,"deletions":79}}}]},{"date":"2021-10-13","commitResults":[{"hash":"ae7383b6a1f5e3c102b5816efa0232b29d5cbd79","messageTitle":"Improve edit command","messageBody":"","fileTypesAndContributionMap":{"functional-code":{"insertions":114,"deletions":39},"test-code":{"insertions":111,"deletions":119}}},{"hash":"29333734e8f0c574f9e35542d500c907160b2978","messageTitle":"Improve code style (clearing unused imports)","messageBody":"","fileTypesAndContributionMap":{"test-code":{"insertions":0,"deletions":4}}},{"hash":"ca904d60bf8fc89bf6867296cc7a6441e978697f","messageTitle":"Improve code quality","messageBody":"","fileTypesAndContributionMap":{"functional-code":{"insertions":0,"deletions":5}}},{"hash":"7211b4af11b6aea0d32b6883262fa9df42260b13","messageTitle":"Amend Edit instructions","messageBody":"","fileTypesAndContributionMap":{"functional-code":{"insertions":2,"deletions":2}}},{"hash":"c909252ebaf74193098c2426b704b9a660924123","messageTitle":"Amend mistake with Index and ClientId in EditCommandParser","messageBody":"","fileTypesAndContributionMap":{"functional-code":{"insertions":1,"deletions":3}}},{"hash":"1a85858d40f9571c445dbe57f87e2939844677c2","messageTitle":"Adjusted mistakes in EditCommandTest","messageBody":"","fileTypesAndContributionMap":{"test-code":{"insertions":1,"deletions":1}}},{"hash":"eca4c189c8ff613096eab4174c0a22acf725aa58","messageTitle":"made adjustments to ReadOnlyAddressBook","messageBody":"","fileTypesAndContributionMap":{"functional-code":{"insertions":7,"deletions":3}}}]},{"date":"2021-10-21","commitResults":[{"hash":"52ad6d87d7f12a0d378845df0eb850d44239d6af","messageTitle":"Add Schedule command and parser tests","messageBody":"","fileTypesAndContributionMap":{"functional-code":{"insertions":183,"deletions":7},"test-code":{"insertions":39,"deletions":0}}},{"hash":"2afce99e40882a3f17defb5388ac51a578d8d331","messageTitle":"Improve code quality","messageBody":"","fileTypesAndContributionMap":{"functional-code":{"insertions":3,"deletions":11},"test-code":{"insertions":1,"deletions":1}}},{"hash":"42304916022561a92d0c430b1837fe158b4fd183","messageTitle":"Update introduction and schedule command","messageBody":"","fileTypesAndContributionMap":{"docs":{"insertions":19,"deletions":7}}},{"hash":"cb358957f03f975147ce11ce76dcc9ae30778874","messageTitle":"Add numbering and introduction to DG","messageBody":"","fileTypesAndContributionMap":{"docs":{"insertions":43,"deletions":43}}},{"hash":"e09bdf273a61f8c47fc74d714e2403f398741cd1","messageTitle":"Amended the Architecture portion","messageBody":"","fileTypesAndContributionMap":{"docs":{"insertions":8,"deletions":10}}}]},{"date":"2021-10-27","commitResults":[{"hash":"3b7a9871bab1410597e35b06030bbf8aadc0384a","messageTitle":"enhance schedule command (with keith\u0027s new implementation)","messageBody":"","fileTypesAndContributionMap":{"functional-code":{"insertions":42,"deletions":14},"test-code":{"insertions":61,"deletions":7}}}]},{"date":"2021-10-28","commitResults":[{"hash":"e09a1a0d90b06de383e45affd375cdb250d55ef1","messageTitle":"Solve issue with test cases","messageBody":"- I have no idea why the previous rendition was causing issues\npreviously; in that it didn\u0027t filter out the clients with the Alice\u0027s\nname. Below was the previous rendition\n\n`modelManager.updateFilteredClientList(new ClientContainsKeywordsPredicate(aMM));`\n","fileTypesAndContributionMap":{"test-code":{"insertions":5,"deletions":2}}},{"hash":"129d9c96defc1c10ec56269c2ea31c5b1a2258d9","messageTitle":"Code quality","messageBody":"","fileTypesAndContributionMap":{"functional-code":{"insertions":1,"deletions":6},"test-code":{"insertions":1,"deletions":2}}},{"hash":"49b178978066b07aacd4eb4bf5e77689ee792aad","messageTitle":"windows CLI build error solution","messageBody":"","fileTypesAndContributionMap":{"other":{"insertions":84,"deletions":84}}},{"hash":"492f8d485c99da3b91a333c0f2451c931ef34b11","messageTitle":"Resolve windows CLI issue","messageBody":"","fileTypesAndContributionMap":{"test-code":{"insertions":10,"deletions":10}}},{"hash":"9e3a0f64d2a099e2fbfe7953a5ea6d66c2138f75","messageTitle":"resolve windows cli issue","messageBody":"","fileTypesAndContributionMap":{"other":{"insertions":2,"deletions":2}}},{"hash":"cf7a392d93912d85004f9b45b3d6b6b323701ba2","messageTitle":"resolve cli issue","messageBody":"","fileTypesAndContributionMap":{"other":{"insertions":85,"deletions":85}}},{"hash":"5a8d8213a36b1cfb03d4483be7ef7ed057a4e7d8","messageTitle":"resolve cli issue","messageBody":"","fileTypesAndContributionMap":{"test-code":{"insertions":10,"deletions":10}}},{"hash":"b31b696b512b5e3410b162d333156efd4c1c9e81","messageTitle":"Add SortByMeetingDateTime","messageBody":"","fileTypesAndContributionMap":{"functional-code":{"insertions":38,"deletions":0}}},{"hash":"4b7c24a115546f169e0b8418d5e7effeb9043530","messageTitle":"Fix sorting bug","messageBody":"","fileTypesAndContributionMap":{"functional-code":{"insertions":1,"deletions":39},"test-code":{"insertions":3,"deletions":3}}},{"hash":"b38e17cb71e6029b82cbb4d2c3eab764aa27298b","messageTitle":"Bug fixes","messageBody":"","fileTypesAndContributionMap":{"functional-code":{"insertions":1,"deletions":0}}},{"hash":"8960aae65b1c5c8d18d4d8d3056aaa4a64d1495e","messageTitle":"fix bugs","messageBody":"","fileTypesAndContributionMap":{"test-code":{"insertions":1,"deletions":1}}},{"hash":"ad4855c84851eb86cd0738d6bfb969eaf2566139","messageTitle":"update UserGuide.md","messageBody":"","fileTypesAndContributionMap":{"docs":{"insertions":5,"deletions":2}}},{"hash":"485c9305b6f2dfaee1e4c88ae192da096e4b8740","messageTitle":"code improvement","messageBody":"","fileTypesAndContributionMap":{"test-code":{"insertions":0,"deletions":2}}}]}],"CrownKira":[{"date":"2021-09-18","commitResults":[{"hash":"82417b6bf7839a01f0da7c8208bb1f547fd64657","messageTitle":"Update all contents to match our project","messageBody":"","fileTypesAndContributionMap":{"docs":{"insertions":13,"deletions":11}}}]},{"date":"2021-09-27","commitResults":[{"hash":"594692d753b997e0b1d3e82d7618430a852d61bb","messageTitle":"Format DG and UG","messageBody":"","fileTypesAndContributionMap":{"docs":{"insertions":198,"deletions":128}}},{"hash":"2a6ac94e85a1dfd930c416c0652da12330e1910b","messageTitle":"Fix trailing whitespace in DG","messageBody":"","fileTypesAndContributionMap":{"docs":{"insertions":1,"deletions":1}}},{"hash":"5fc2a9e2419ba725a3d5a957fca2212f3acfeae5","messageTitle":"Update UserGuide.md","messageBody":"","fileTypesAndContributionMap":{"docs":{"insertions":6,"deletions":0}}},{"hash":"343d9e2b93e314f9b17685899dfd308de8c1524e","messageTitle":"Add a pull request template","messageBody":"","fileTypesAndContributionMap":{"docs":{"insertions":22,"deletions":0}}},{"hash":"d0513d9b3ebfbe7de39dc50944683aeaf6f34d45","messageTitle":"Fix UG and DG formatting","messageBody":"","fileTypesAndContributionMap":{"docs":{"insertions":6,"deletions":4}}},{"hash":"b13aec54816c0678ac71fcc7b842dc72a1dd6b15","messageTitle":"Fix DG table of content","messageBody":"","fileTypesAndContributionMap":{"docs":{"insertions":55,"deletions":113}}},{"hash":"bc896793142545339e03eac19ff8f0010ba35784","messageTitle":"Fix DG table of content","messageBody":"","fileTypesAndContributionMap":{"docs":{"insertions":28,"deletions":42}}}]},{"date":"2021-10-01","commitResults":[{"hash":"eac2dc3f14fa1f7168da41652b17befc85dee615","messageTitle":"Fix DG","messageBody":"","fileTypesAndContributionMap":{"docs":{"insertions":2,"deletions":3}}},{"hash":"6c136f661b04c294a6611ee32143bbc4060b367f","messageTitle":"Fix DG","messageBody":"","fileTypesAndContributionMap":{"docs":{"insertions":3,"deletions":2}}},{"hash":"882c3b9c97fc8f50b7850d4c349713b70e770b8b","messageTitle":"Test DG","messageBody":"","fileTypesAndContributionMap":{"docs":{"insertions":23,"deletions":84}}},{"hash":"3dae2324787c96f387b0880fd24a81282a2a0065","messageTitle":"Fix DG","messageBody":"","fileTypesAndContributionMap":{"docs":{"insertions":85,"deletions":24}}},{"hash":"7d08fb09bfa4d34051824ddd23e36de2894d935f","messageTitle":"Fix trailing whitespace","messageBody":"","fileTypesAndContributionMap":{"docs":{"insertions":2,"deletions":2}}}]},{"date":"2021-10-09","commitResults":[{"hash":"1532a6115ac62a7ef55398c7763bb239145a6cee","messageTitle":"Add database parameters","messageBody":"","fileTypesAndContributionMap":{"functional-code":{"insertions":81,"deletions":27}}},{"hash":"b7fc5ac732e0346e9ab79d58c6527553f6da071c","messageTitle":"Add todo","messageBody":"","fileTypesAndContributionMap":{"functional-code":{"insertions":2,"deletions":1}}},{"hash":"e3c9eb3ac484762c71fbcbd3ba8869061ae5ff89","messageTitle":"Reformat code","messageBody":"","fileTypesAndContributionMap":{"functional-code":{"insertions":29,"deletions":33}}},{"hash":"4f3a20642b633c0d5b916b836515724809f1e13e","messageTitle":"Fix all checkstyle errors","messageBody":"","fileTypesAndContributionMap":{"functional-code":{"insertions":77,"deletions":71}}},{"hash":"9c4dcc80af83df44e5e9738573ff7c60ac6d455a","messageTitle":"Use dateInString instead of value.toString() in JsonAdaptedPerson","messageBody":"","fileTypesAndContributionMap":{"functional-code":{"insertions":16,"deletions":15}}},{"hash":"1c7b50c5f2410180deb58194a6377aca39ec6e2f","messageTitle":"Remove trailing whitespaces","messageBody":"","fileTypesAndContributionMap":{"functional-code":{"insertions":8,"deletions":8}}},{"hash":"c3996de1150567554331ab8af558243d363387f7","messageTitle":"Add tooltip to labels","messageBody":"","fileTypesAndContributionMap":{"functional-code":{"insertions":48,"deletions":27}}},{"hash":"110bf560de94edeecb8b8aa3fb55464d832bea2a","messageTitle":"Add side pane in PersonListCard NextMeeting info view","messageBody":"","fileTypesAndContributionMap":{"functional-code":{"insertions":52,"deletions":46}}}]},{"date":"2021-10-13","commitResults":[{"hash":"8a156325d2dbb093248c8010035c18a9aedcc56f","messageTitle":"Replace index with client id","messageBody":"","fileTypesAndContributionMap":{"functional-code":{"insertions":7,"deletions":15}}},{"hash":"b3b0af446d96d276a8907b1cf5c2f56c27d20571","messageTitle":"Make window resizable","messageBody":"","fileTypesAndContributionMap":{"functional-code":{"insertions":1,"deletions":1}}}]},{"date":"2021-10-19","commitResults":[{"hash":"0a3a717cf93edb7f239d7dc6ae1220e18ce3225e","messageTitle":"Reimplement tag","messageBody":"","fileTypesAndContributionMap":{"functional-code":{"insertions":583,"deletions":204},"docs":{"insertions":1,"deletions":1}}},{"hash":"5c96adef10d3fa48926cb36e13aef827704bca14","messageTitle":"Make minor fix to javaDoc","messageBody":"","fileTypesAndContributionMap":{"functional-code":{"insertions":7,"deletions":9}}},{"hash":"02b4e46ef5fb927ea7dca276119ddadfc0dfdc89","messageTitle":"Fix tests","messageBody":"","fileTypesAndContributionMap":{"functional-code":{"insertions":2,"deletions":0},"test-code":{"insertions":102,"deletions":37}}},{"hash":"f64ba517ff11ce41d29c9a063332491034fae993","messageTitle":"Fix checkstyle","messageBody":"","fileTypesAndContributionMap":{"functional-code":{"insertions":43,"deletions":30}}},{"hash":"7162d2bf0a0826c1eed96d12f086126f1e4a12ad","messageTitle":"Fix checkstyleTest","messageBody":"","fileTypesAndContributionMap":{"test-code":{"insertions":3,"deletions":4}}},{"hash":"3f8d2bdedfe3fa5199bea31aa7ae4de0917c03ba","messageTitle":"Add comments","messageBody":"","fileTypesAndContributionMap":{"functional-code":{"insertions":1,"deletions":1}}},{"hash":"53fb5a86c3063faa4fefd1aae0368b967ac0015b","messageTitle":"Fix merge conflicts","messageBody":"","fileTypesAndContributionMap":{"functional-code":{"insertions":452,"deletions":296},"docs":{"insertions":17,"deletions":17},"test-code":{"insertions":150,"deletions":144}}},{"hash":"f84cf43214edcf742c58f63ec405923045d21b23","messageTitle":"Fix merge conflicts aftermath","messageBody":"","fileTypesAndContributionMap":{"functional-code":{"insertions":2,"deletions":0},"test-code":{"insertions":8,"deletions":8}}},{"hash":"2280eb1eb13fd1d26007318cddb2b9073271fb39","messageTitle":"Fix merge conflicts round 2","messageBody":"","fileTypesAndContributionMap":{"functional-code":{"insertions":6,"deletions":2},"test-code":{"insertions":3,"deletions":24}}},{"hash":"09e71266d7b294cf4677224832620ed47a7aa67d","messageTitle":"Fix nullpointerexception when add","messageBody":"","fileTypesAndContributionMap":{"functional-code":{"insertions":4,"deletions":2}}},{"hash":"7636d10433f46ba330494a173b1834d6121b9bd3","messageTitle":"Add some logging","messageBody":"","fileTypesAndContributionMap":{"functional-code":{"insertions":19,"deletions":12}}},{"hash":"a92eeaee45ee8b696f95ebd668aa8f80681f652f","messageTitle":"Add colored theme","messageBody":"","fileTypesAndContributionMap":{"functional-code":{"insertions":428,"deletions":51}}},{"hash":"a412df46ff84fb350c4f19a041a82434b302e815","messageTitle":"Add css variables for primary colors used","messageBody":"","fileTypesAndContributionMap":{"functional-code":{"insertions":48,"deletions":38}}},{"hash":"b7b0fbe8f1d16931e33cd74f31786ff2fdeddcd9","messageTitle":"Resolve merge conflict","messageBody":"","fileTypesAndContributionMap":{"functional-code":{"insertions":23,"deletions":22}}}]},{"date":"2021-10-20","commitResults":[{"hash":"9f41217875f49b54dfdfc81006dc3ef05fe27040","messageTitle":"Adjust color shades","messageBody":"","fileTypesAndContributionMap":{"functional-code":{"insertions":78,"deletions":67}}},{"hash":"8a48c6c407bcdc3641afde3305c816300851508e","messageTitle":"Update version number in MainApp.java","messageBody":"","tags":["v1.2.1"],"fileTypesAndContributionMap":{"functional-code":{"insertions":3,"deletions":3}}},{"hash":"cd6a4b41c6a178f1c1cf25e0bdebecd1a738ab69","messageTitle":"Update model class diagram","messageBody":"","fileTypesAndContributionMap":{"docs":{"insertions":12,"deletions":14}}},{"hash":"fde6d3e97e7a67933ad518cf2ee496198d31a4dd","messageTitle":"Update DG","messageBody":"","fileTypesAndContributionMap":{"docs":{"insertions":41,"deletions":0}}},{"hash":"b04e757c5886e4ed2e2d0e6974f363666e979b90","messageTitle":"Add Field class diagram","messageBody":"","fileTypesAndContributionMap":{"docs":{"insertions":30,"deletions":22}}},{"hash":"689eb7ffd67b206d09a8afd8b70530e83ff09993","messageTitle":"Fix table format","messageBody":"","fileTypesAndContributionMap":{"docs":{"insertions":4,"deletions":1}}}]},{"date":"2021-10-21","commitResults":[{"hash":"e5f38e37bbaf6c8d84ab9fa3fb6e5dfeccd0e138","messageTitle":"Rename person to client","messageBody":"","fileTypesAndContributionMap":{"functional-code":{"insertions":1001,"deletions":963},"other":{"insertions":363,"deletions":366},"docs":{"insertions":131,"deletions":131},"test-code":{"insertions":951,"deletions":924}}},{"hash":"137ac1c9c5e903264136ca3441cbc5e6bf69bc9b","messageTitle":"Fix checkstyle issues","messageBody":"","fileTypesAndContributionMap":{"functional-code":{"insertions":33,"deletions":30},"test-code":{"insertions":102,"deletions":102}}},{"hash":"53af9570eb5469bcd107b25fe5a642993de315d2","messageTitle":"Remove trailing whitespace","messageBody":"","fileTypesAndContributionMap":{"docs":{"insertions":4,"deletions":4}}},{"hash":"508d7767f8922187ffcabac1fcd29c2d17e44be6","messageTitle":"Rename fxml","messageBody":"","fileTypesAndContributionMap":{"other":{"insertions":0,"deletions":0}}}]},{"date":"2021-10-22","commitResults":[{"hash":"8b3155d0643844225bb932afbf9af6669fa7c297","messageTitle":"Fix checkstyle","messageBody":"","fileTypesAndContributionMap":{"functional-code":{"insertions":1,"deletions":1},"other":{"insertions":0,"deletions":0}}},{"hash":"87fcd2578b470ef939b658c60764210b6bd4ebce","messageTitle":"Fix image locations","messageBody":"","fileTypesAndContributionMap":{"docs":{"insertions":2,"deletions":14}}}]},{"date":"2021-10-24","commitResults":[{"hash":"d3756cb05146949b5fc193df7242760bd688804c","messageTitle":"Install gluonhq dependency","messageBody":"","fileTypesAndContributionMap":{"functional-code":{"insertions":430,"deletions":315},"other":{"insertions":4,"deletions":0}}},{"hash":"ac92e1e07268bdb381789bf863094e55027fef2c","messageTitle":"Fix checkstyle errors","messageBody":"","fileTypesAndContributionMap":{"functional-code":{"insertions":17,"deletions":18}}},{"hash":"6ad4aa82cb42ebdf16548da0072877e87da98a6f","messageTitle":"Fix runchecks errors","messageBody":"","fileTypesAndContributionMap":{"other":{"insertions":1,"deletions":2}}},{"hash":"c74ef202a4ec87d95c81eb3d255a481abc94cb38","messageTitle":"Remove icon fxml","messageBody":"","fileTypesAndContributionMap":{"functional-code":{"insertions":18,"deletions":18}}},{"hash":"8a5df250bc835d3b0e2592b1e5e6141c709d6928","messageTitle":"Fix checkstyle error","messageBody":"","fileTypesAndContributionMap":{"functional-code":{"insertions":0,"deletions":3}}},{"hash":"b2473c05a094c78ea5060cbf30017c3f1a0d907a","messageTitle":"Add logo","messageBody":"","fileTypesAndContributionMap":{"functional-code":{"insertions":39,"deletions":23}}},{"hash":"81d95351333db989a6c224f87591ca499b163383","messageTitle":"Remove cardPane id","messageBody":"","fileTypesAndContributionMap":{"functional-code":{"insertions":28,"deletions":21}}},{"hash":"6c3094c5cdac3d79b9e42d973be2f130b053ff43","messageTitle":"Remove padding from list","messageBody":"","fileTypesAndContributionMap":{"functional-code":{"insertions":1,"deletions":6}}},{"hash":"2188fd7111fb77cbc45424f1e757a96865d08f79","messageTitle":"Round the corners","messageBody":"","fileTypesAndContributionMap":{"functional-code":{"insertions":31,"deletions":13}}},{"hash":"c6116964a625029cea8533940384e0269ac201a2","messageTitle":"Increase gaps between list cells","messageBody":"","fileTypesAndContributionMap":{"functional-code":{"insertions":3,"deletions":1}}},{"hash":"c59b6564083989a5f184aea884e6f13b7fe763c7","messageTitle":"Glowing LeadsForce !!","messageBody":"","fileTypesAndContributionMap":{"functional-code":{"insertions":9,"deletions":2}}},{"hash":"e120672f06a91bb9d202d1c6b8cb042d7179b520","messageTitle":"Adjust min and max width","messageBody":"","fileTypesAndContributionMap":{"functional-code":{"insertions":44,"deletions":35}}},{"hash":"8838068bfdc41d09ba70384d331d97c7a70b524e","messageTitle":"Fix error","messageBody":"","fileTypesAndContributionMap":{"functional-code":{"insertions":1,"deletions":1}}},{"hash":"260130983e7d58b67a1625e3099c0995bbe3549f","messageTitle":"Blur client info when no info","messageBody":"","fileTypesAndContributionMap":{"functional-code":{"insertions":135,"deletions":102}}},{"hash":"7065bb91c03aa21cf718fc3fa01e716a03bac60b","messageTitle":"Add icons","messageBody":"","fileTypesAndContributionMap":{"functional-code":{"insertions":61,"deletions":124}}},{"hash":"cad05c8f26544ff94c5e6685ed614265adc4deda","messageTitle":"Add link in comment","messageBody":"","fileTypesAndContributionMap":{"functional-code":{"insertions":2,"deletions":1}}}]},{"date":"2021-10-25","commitResults":[{"hash":"4889ad8547fddf69f0501c43c261a6f8582ac134","messageTitle":"Add tags panel","messageBody":"","fileTypesAndContributionMap":{"functional-code":{"insertions":273,"deletions":96},"test-code":{"insertions":9,"deletions":1}}},{"hash":"be0156f7cea0b26d6fb3d7c45dfbe2051059f3de","messageTitle":"Fix checkstyle","messageBody":"","fileTypesAndContributionMap":{"functional-code":{"insertions":1,"deletions":9}}},{"hash":"78c9c901609306b57ef2c33e20a98928ba5d4e7f","messageTitle":"Add tag panel","messageBody":"","fileTypesAndContributionMap":{"functional-code":{"insertions":454,"deletions":447},"test-code":{"insertions":16,"deletions":16}}},{"hash":"df8d40bdc0d3e5a237a7b6eab42077248f8ade97","messageTitle":"Fix indentations","messageBody":"","fileTypesAndContributionMap":{"functional-code":{"insertions":109,"deletions":126},"test-code":{"insertions":38,"deletions":46}}},{"hash":"17703025e980285aa24901fad7d43fe0dd81761b","messageTitle":"Display client count","messageBody":"","fileTypesAndContributionMap":{"functional-code":{"insertions":38,"deletions":36}}},{"hash":"cf21060f29446c2b5201249617bf7de7e6b0c04c","messageTitle":"Write todo","messageBody":"","fileTypesAndContributionMap":{"functional-code":{"insertions":1,"deletions":0}}},{"hash":"3dbee3bc7eaa323ebd7be936f2d93892c687e8f8","messageTitle":"Card pop on hover","messageBody":"","fileTypesAndContributionMap":{"functional-code":{"insertions":2,"deletions":3}}},{"hash":"55437f5830c860dfedc415190fd5fcff311cd213","messageTitle":"Fix flow pane anchor","messageBody":"","fileTypesAndContributionMap":{"functional-code":{"insertions":18,"deletions":8}}},{"hash":"13ffe95a32436f8daa2f5983605b14cbea303bee","messageTitle":"Handle tags overflow","messageBody":"","fileTypesAndContributionMap":{"functional-code":{"insertions":1,"deletions":1}}},{"hash":"67c9873eb4bc81cb2a6ecf600467b6fb989cd87d","messageTitle":"Add client count to tag","messageBody":"","fileTypesAndContributionMap":{"functional-code":{"insertions":73,"deletions":43},"test-code":{"insertions":8,"deletions":8}}}]},{"date":"2021-10-26","commitResults":[{"hash":"4106f48d22dc0c734126e614471c52ea9acf05e1","messageTitle":"Click on tag to filter","messageBody":"","fileTypesAndContributionMap":{"functional-code":{"insertions":86,"deletions":34}}},{"hash":"7b30f3fea90496de0299e8dbfd3090795b9f0b5a","messageTitle":"Fix checkstyle error","messageBody":"","fileTypesAndContributionMap":{"functional-code":{"insertions":4,"deletions":2}}},{"hash":"dce78b58025a2ec7a31dfa029c70e48a9889d670","messageTitle":"Fix checkstyle","messageBody":"","fileTypesAndContributionMap":{"functional-code":{"insertions":3,"deletions":2}}},{"hash":"0ca6ad55bf68681a2363cfa15effaa28b4ad81e0","messageTitle":"Fix build error","messageBody":"","fileTypesAndContributionMap":{"functional-code":{"insertions":4,"deletions":6}}},{"hash":"99d5c6f7fcabf2f317f3eb58ad125fa35e2b8dab","messageTitle":"Fix tests","messageBody":"","fileTypesAndContributionMap":{"test-code":{"insertions":110,"deletions":103}}},{"hash":"6b554fea0bb623766a9c2323b5af2e73eaef819f","messageTitle":"Fix indentations","messageBody":"","fileTypesAndContributionMap":{"test-code":{"insertions":107,"deletions":107}}},{"hash":"30d29a66455da42668f5fc6acf0cebc9ef5abf45","messageTitle":"Remove client count","messageBody":"","fileTypesAndContributionMap":{"functional-code":{"insertions":77,"deletions":74},"test-code":{"insertions":11,"deletions":11}}},{"hash":"86b0c738c09065f651f51aa88a7b63e10281220d","messageTitle":"Fix checkstyle errors","messageBody":"","fileTypesAndContributionMap":{"functional-code":{"insertions":21,"deletions":24},"test-code":{"insertions":37,"deletions":35}}}]},{"date":"2021-10-29","commitResults":[{"hash":"9f62562c576a3920916e0a9d955c80a84679236d","messageTitle":"Fix tags not displayed when sample data is used","messageBody":"","fileTypesAndContributionMap":{"functional-code":{"insertions":135,"deletions":43}}},{"hash":"3039670897111f7395bd1119415fac9e0bc38bb3","messageTitle":"Fix checkstyle error","messageBody":"","fileTypesAndContributionMap":{"functional-code":{"insertions":4,"deletions":5},"test-code":{"insertions":32,"deletions":40}}},{"hash":"0c5a4fdbb0c5ed3d02fea265f7ac73cba256c399","messageTitle":"Rename methods","messageBody":"","fileTypesAndContributionMap":{"functional-code":{"insertions":15,"deletions":14},"test-code":{"insertions":2,"deletions":2}}}]}],"wyrchris":[{"date":"2021-09-19","commitResults":[{"hash":"a8b7a1ed0a401949e23e45b669a11840c661d550","messageTitle":"Update UserGuide","messageBody":"Updated search feature portion and common portion of the User Guide\n","fileTypesAndContributionMap":{"docs":{"insertions":56,"deletions":20}}},{"hash":"6191ef9662c3ac8e66913ac432a32e96b612e24e","messageTitle":"Fix typo in UserGuide: In dex to Index","messageBody":"","fileTypesAndContributionMap":{"docs":{"insertions":1,"deletions":1}}}]},{"date":"2021-10-03","commitResults":[{"hash":"1c5503cebc2ed05b77b7902e6027897d479eb36e","messageTitle":"Add Search Feature","messageBody":"Search Command: Generic and more functional find Command\n\nA more functional find Command for the user to search with loose matching and\nalso by client\u0027s attribute as while.\n\nLet\u0027s add SearchCommand along with the resepective parser and a predicate used for\nupdating the model.\n\nUser guide and Test case has been updated for this feature.\n","fileTypesAndContributionMap":{"functional-code":{"insertions":146,"deletions":0},"docs":{"insertions":46,"deletions":27},"test-code":{"insertions":145,"deletions":0}}},{"hash":"7e3df055dba81eede0f5a23cef8b7f6c6ccfb9d0","messageTitle":"Update failing checkstyle","messageBody":"","fileTypesAndContributionMap":{"functional-code":{"insertions":10,"deletions":12},"test-code":{"insertions":20,"deletions":21}}}]},{"date":"2021-10-06","commitResults":[{"hash":"8e54e91c095f06df5a0f1ce10e35ad6414a688d5","messageTitle":"Improve Search Command predicate to be case insensitive","messageBody":"","fileTypesAndContributionMap":{"functional-code":{"insertions":31,"deletions":8},"test-code":{"insertions":43,"deletions":0}}}]},{"date":"2021-10-09","commitResults":[{"hash":"507c812a81ac3d35d8aa99925675eabec994ef8c","messageTitle":"Add Filter Command","messageBody":"","fileTypesAndContributionMap":{"functional-code":{"insertions":90,"deletions":2},"test-code":{"insertions":5,"deletions":0}}},{"hash":"2c291dcf167d7c425ca684664b2576f1c8145d71","messageTitle":"Update UserGuide for Filter Command and other minor amendments","messageBody":"","fileTypesAndContributionMap":{"docs":{"insertions":28,"deletions":1}}},{"hash":"d7a44d2bb66c7d5208abfad3b456ae7719c257f4","messageTitle":"Add test case for the Filter command","messageBody":"","fileTypesAndContributionMap":{"test-code":{"insertions":152,"deletions":0}}},{"hash":"6278cfdb31b18c3dad2bb07765ec18754c4a80f7","messageTitle":"Update to match CheckStyle","messageBody":"","fileTypesAndContributionMap":{"test-code":{"insertions":17,"deletions":17}}}]},{"date":"2021-10-10","commitResults":[{"hash":"153ecd37a7833bf7feefaeec8c76c1f35cc1afb3","messageTitle":"Update Search and Filter command to be more generic without needing * as wildcard","messageBody":"","fileTypesAndContributionMap":{"functional-code":{"insertions":8,"deletions":5},"docs":{"insertions":9,"deletions":9}}}]},{"date":"2021-10-11","commitResults":[{"hash":"49d0d8c7d58917cd92baa453e0ca6664ded58c2f","messageTitle":"Fix filterFilteredPersonList method to handle first invocation","messageBody":"On the first invocation of filterFilteredPersonList method, the predicate provided will be null\nsince there is no predicate has been set yet. Fix using a default predicate if predicate return\nby getPredicate method is null\n","fileTypesAndContributionMap":{"functional-code":{"insertions":5,"deletions":1}}},{"hash":"54dec9fe58e66ef3d045578de7d0b0f309e6bb61","messageTitle":"Fix prevailing checkstyle","messageBody":"","fileTypesAndContributionMap":{"functional-code":{"insertions":9,"deletions":7},"test-code":{"insertions":82,"deletions":57}}},{"hash":"791da859721a8d2b832779ed952fbee32f07a689","messageTitle":"Fix more checkstyle","messageBody":"","fileTypesAndContributionMap":{"test-code":{"insertions":10,"deletions":3}}},{"hash":"988057e2b32eb256076ba4eadae0e4b94a997470","messageTitle":"Fix failing test cases","messageBody":"","fileTypesAndContributionMap":{"functional-code":{"insertions":1,"deletions":1},"test-code":{"insertions":14,"deletions":9}}},{"hash":"998cdc3fd9079427f901af53d88dc1fa2cb4bb66","messageTitle":"Update PersonContainsKeywordsPredicate to include new attributes","messageBody":"","fileTypesAndContributionMap":{"functional-code":{"insertions":24,"deletions":7},"test-code":{"insertions":1,"deletions":1}}},{"hash":"cbe8d0da3926d64ac3052b26bae6158d1f026abb","messageTitle":"Update Filter and Search Parser to include new attributes","messageBody":"","fileTypesAndContributionMap":{"functional-code":{"insertions":10,"deletions":3}}}]},{"date":"2021-10-12","commitResults":[{"hash":"ac8bbad1b6b177397767e1f399eb1592eaad555d","messageTitle":"Update to not use raw types","messageBody":"","fileTypesAndContributionMap":{"functional-code":{"insertions":11,"deletions":33},"test-code":{"insertions":16,"deletions":12}}}]},{"date":"2021-10-13","commitResults":[{"hash":"3fe0169c77fbf82094264f9b31ab2a1c0a001432","messageTitle":"Update PersonContainKeyword predicate","messageBody":"","fileTypesAndContributionMap":{"functional-code":{"insertions":1,"deletions":1}}}]},{"date":"2021-10-14","commitResults":[{"hash":"d9f6e51c613246e39946d69c8ff3dc85d45e19cd","messageTitle":"Update format for Filter and Search command usages","messageBody":"","fileTypesAndContributionMap":{"functional-code":{"insertions":2,"deletions":2},"docs":{"insertions":1,"deletions":1}}},{"hash":"2b07eb463d05a50f9b6a13c86215dbe2b1a5fe65","messageTitle":"Update filter and search command usage in userguide","messageBody":"","fileTypesAndContributionMap":{"docs":{"insertions":2,"deletions":2}}},{"hash":"20c3823219e883cd12fd6e79cb888d1cbfcfed3d","messageTitle":"Update Sort Command to use a single Comparator instead","messageBody":"","fileTypesAndContributionMap":{"functional-code":{"insertions":168,"deletions":407},"test-code":{"insertions":49,"deletions":59}}},{"hash":"7f8b4a3f531eb57e641c464b794f0d0a70af93ef","messageTitle":"Simplify usage of Prefix","messageBody":"","fileTypesAndContributionMap":{"functional-code":{"insertions":189,"deletions":184},"other":{"insertions":1,"deletions":1},"test-code":{"insertions":4,"deletions":6}}},{"hash":"01d4a07bdac671704263eede5306b5498a45da03","messageTitle":"Update checkstyle","messageBody":"","fileTypesAndContributionMap":{"functional-code":{"insertions":0,"deletions":13}}},{"hash":"6532609c040836ba94a6a89af8da6f9d3959c2f5","messageTitle":"Update to enable sorting by tags","messageBody":"","fileTypesAndContributionMap":{"functional-code":{"insertions":24,"deletions":3},"docs":{"insertions":1,"deletions":1}}},{"hash":"94653e4145a21b7d059be8cabcf4a171f07555f4","messageTitle":"Update PersonContainKeywordsPredicate","messageBody":"","fileTypesAndContributionMap":{"functional-code":{"insertions":7,"deletions":12}}}]},{"date":"2021-10-15","commitResults":[{"hash":"a40c9a166e39af9eee38cf6ebdbd89ab55e10bba","messageTitle":"Update Sort Command to not allow sorting by Tag","messageBody":"","fileTypesAndContributionMap":{"functional-code":{"insertions":20,"deletions":29},"docs":{"insertions":3,"deletions":1}}},{"hash":"da316042aed2ee685eea58da1cb7e18167a40127","messageTitle":"Remove index and find command","messageBody":"","fileTypesAndContributionMap":{"functional-code":{"insertions":0,"deletions":180},"test-code":{"insertions":11,"deletions":364}}}]},{"date":"2021-10-16","commitResults":[{"hash":"ce9d961074b47506a74863c77bb0b314b64d49d1","messageTitle":"Update add command parser to remove need for model","messageBody":"","fileTypesAndContributionMap":{"functional-code":{"insertions":20,"deletions":38},"test-code":{"insertions":38,"deletions":13}}}]},{"date":"2021-10-17","commitResults":[{"hash":"07a7765bb57d8645f6df33682f51c42c0c67b307","messageTitle":"Update to edit command to handle batch edit","messageBody":"","fileTypesAndContributionMap":{"functional-code":{"insertions":273,"deletions":119},"test-code":{"insertions":149,"deletions":23}}},{"hash":"fcdfc46c5b3a7961d94597adaf9c600f7dc9c7cc","messageTitle":"Update to delete to handle batch delete","messageBody":"","fileTypesAndContributionMap":{"functional-code":{"insertions":37,"deletions":70},"test-code":{"insertions":14,"deletions":88}}}]},{"date":"2021-10-18","commitResults":[{"hash":"794fbfb7501b1fcb2bccbe612196c7b2bc12835b","messageTitle":"Improve PrefixMapper class","messageBody":"","fileTypesAndContributionMap":{"functional-code":{"insertions":162,"deletions":147},"test-code":{"insertions":0,"deletions":41}}},{"hash":"409c6fb1d869fc0b3493c0cedef5facff09e2388","messageTitle":"Update user guide","messageBody":"","fileTypesAndContributionMap":{"docs":{"insertions":17,"deletions":17}}},{"hash":"4c265f58924457c569a58185ff635b1769322eec","messageTitle":"Update batch edit to better handle duplicate","messageBody":"","fileTypesAndContributionMap":{"functional-code":{"insertions":115,"deletions":102},"test-code":{"insertions":43,"deletions":49}}}]},{"date":"2021-10-20","commitResults":[{"hash":"640420c329f52536caf1f7cd3a71c04027f09870","messageTitle":"Update to handle minimal switching address book","messageBody":"","fileTypesAndContributionMap":{"functional-code":{"insertions":146,"deletions":1}}},{"hash":"5678d879a9219d986dbf2256f133689b62fe96d4","messageTitle":"Update status bar to reflect current addressbook","messageBody":"","fileTypesAndContributionMap":{"functional-code":{"insertions":124,"deletions":10}}},{"hash":"a6d75264a6e47590fc221139d1a28b3329e4de2b","messageTitle":"Move addressbook handling to main window","messageBody":"","fileTypesAndContributionMap":{"functional-code":{"insertions":98,"deletions":45}}},{"hash":"a495c5e3cba875d69b8af305d03cc577bd38ebe5","messageTitle":"Fix checkstyle and failing test","messageBody":"","fileTypesAndContributionMap":{"functional-code":{"insertions":11,"deletions":23},"test-code":{"insertions":22,"deletions":7}}},{"hash":"8700e0403e5f37f51adf90e1b3db6fcd273deaf6","messageTitle":"Add AbCreate and AbList command","messageBody":"","fileTypesAndContributionMap":{"functional-code":{"insertions":323,"deletions":85},"other":{"insertions":6,"deletions":10},"test-code":{"insertions":2,"deletions":2}}},{"hash":"14f795826b87b45f6f110448668092eab459a301","messageTitle":"Update checkstyle","messageBody":"","fileTypesAndContributionMap":{"functional-code":{"insertions":2,"deletions":2}}},{"hash":"d3243cac5f7882afb3d25d5caea8224265ffb013","messageTitle":"Update Parsers arguments","messageBody":"","fileTypesAndContributionMap":{"functional-code":{"insertions":61,"deletions":16}}},{"hash":"bde3a11cda61a24bd972855acf424844986263a7","messageTitle":"Update test case","messageBody":"","fileTypesAndContributionMap":{"functional-code":{"insertions":8,"deletions":19},"test-code":{"insertions":476,"deletions":0}}},{"hash":"323e329d09fea7565221c9702d860fb385cea99b","messageTitle":"Update user guide","messageBody":"","fileTypesAndContributionMap":{"functional-code":{"insertions":1,"deletions":1},"docs":{"insertions":36,"deletions":0}}},{"hash":"63916ff50dba57335faccd49d897c817ba8f34d1","messageTitle":"Update test","messageBody":"","fileTypesAndContributionMap":{"test-code":{"insertions":23,"deletions":38}}},{"hash":"4ed20b8a1cc0379ae0d447f6ecba1fb4bdc8e8b0","messageTitle":"Update more test","messageBody":"","fileTypesAndContributionMap":{"test-code":{"insertions":5,"deletions":2}}}]},{"date":"2021-10-21","commitResults":[{"hash":"1dac710fccc02acd2c107ecf41f5b10c28aac6c7","messageTitle":"Remove non-useful test","messageBody":"","fileTypesAndContributionMap":{"test-code":{"insertions":0,"deletions":27}}},{"hash":"87e52af60135526a219f45fc8781829a10d0aa3a","messageTitle":"Update DG for search and filter command","messageBody":"","fileTypesAndContributionMap":{"docs":{"insertions":160,"deletions":0}}},{"hash":"b48dd5d3f0a70d994f78e8376f87fcfa0f01b6ed","messageTitle":"Enable assertion in build.gradle","messageBody":"","fileTypesAndContributionMap":{"other":{"insertions":4,"deletions":0}}},{"hash":"5eef9a8350f8f052c6546e8ef66bc53335042dfb","messageTitle":"Add end of line","messageBody":"","fileTypesAndContributionMap":{"other":{"insertions":1,"deletions":1}}}]},{"date":"2021-10-22","commitResults":[{"hash":"c99ceb99b9a3cb8584112d82a23f658392aec53e","messageTitle":"Update AbCreateCommand to save addressbook","messageBody":"","fileTypesAndContributionMap":{"functional-code":{"insertions":17,"deletions":8},"test-code":{"insertions":7,"deletions":3}}},{"hash":"f3749f39fbb43ba9860e14d9b39384f33dc31cf9","messageTitle":"Add warning for clear","messageBody":"","fileTypesAndContributionMap":{"functional-code":{"insertions":112,"deletions":20},"test-code":{"insertions":35,"deletions":4}}},{"hash":"387374b911e53d37ab8e1d177fe2b91594d6d0cc","messageTitle":"Update sidebar to not display any client by default","messageBody":"","fileTypesAndContributionMap":{"functional-code":{"insertions":1,"deletions":0}}},{"hash":"bab7c5ecca58eae25c34ff2bb0e7df2709e19e37","messageTitle":"Update testcase","messageBody":"","fileTypesAndContributionMap":{"functional-code":{"insertions":5,"deletions":12},"test-code":{"insertions":56,"deletions":14}}},{"hash":"33efd34f81d3cde0b452efe094232b7c7e5fb0a2","messageTitle":"Update user guide","messageBody":"","fileTypesAndContributionMap":{"docs":{"insertions":18,"deletions":10}}}]},{"date":"2021-10-23","commitResults":[{"hash":"f2e2f91a0b5703f6a6b6c2f4e016d66cc8812d6b","messageTitle":"Add delete addressbook feature","messageBody":"","fileTypesAndContributionMap":{"functional-code":{"insertions":145,"deletions":9},"test-code":{"insertions":2,"deletions":2}}},{"hash":"d3108f3bd1e7a4358befa1541b28a818a96659e4","messageTitle":"Update user guide","messageBody":"","fileTypesAndContributionMap":{"docs":{"insertions":16,"deletions":1}}},{"hash":"b28bf5cc4600033ea866914d8ec15abd930714ca","messageTitle":"Update test and checkstyle","messageBody":"","fileTypesAndContributionMap":{"functional-code":{"insertions":23,"deletions":89},"test-code":{"insertions":149,"deletions":13}}}]},{"date":"2021-10-24","commitResults":[{"hash":"4de3aef35aa453c8eb7c021dc4ddabc3c2f62db4","messageTitle":"Add menu for switching address book","messageBody":"","fileTypesAndContributionMap":{"functional-code":{"insertions":250,"deletions":30}}},{"hash":"78aa3ba06dac5ffaff5dd66050d8b3982fa2c070","messageTitle":"Change address book list name","messageBody":"","fileTypesAndContributionMap":{"functional-code":{"insertions":32,"deletions":41},"test-code":{"insertions":20,"deletions":0}}},{"hash":"e46f1b10e187cf4a2fd734caa2c78bb33184d9da","messageTitle":"Fix view client panel","messageBody":"","fileTypesAndContributionMap":{"functional-code":{"insertions":20,"deletions":12},"test-code":{"insertions":5,"deletions":5}}},{"hash":"97fdd8aa35f22221b8b9c4ca1b873b84ba0a497f","messageTitle":"Improve to customisation of address book directory","messageBody":"","fileTypesAndContributionMap":{"functional-code":{"insertions":34,"deletions":15},"test-code":{"insertions":14,"deletions":9}}},{"hash":"7da789c0fd36296fe085d8b92805c47c51113573","messageTitle":"update addressbook menu to reflect current addressbook name","messageBody":"","fileTypesAndContributionMap":{"functional-code":{"insertions":7,"deletions":2}}},{"hash":"5d66d81504f3c3f0e497143e016ab7bbfd3fb2ef","messageTitle":"Update to reflect name of curren address book","messageBody":"","fileTypesAndContributionMap":{"functional-code":{"insertions":14,"deletions":5}}},{"hash":"0197bf4b3f61f41e3ce99fecb1168c0b6a0b3907","messageTitle":"update checkstyle","messageBody":"","fileTypesAndContributionMap":{"functional-code":{"insertions":0,"deletions":1}}}]},{"date":"2021-10-25","commitResults":[{"hash":"028af574c732c78c55e19d6867d6f5893c29429d","messageTitle":"Add menu to toggle theme","messageBody":"","fileTypesAndContributionMap":{"functional-code":{"insertions":680,"deletions":14},"test-code":{"insertions":16,"deletions":0}}},{"hash":"a83c844ec0beb094dead8c09bcd467f329d34443","messageTitle":"Improve code quality","messageBody":"","fileTypesAndContributionMap":{"functional-code":{"insertions":36,"deletions":11}}}]},{"date":"2021-10-26","commitResults":[{"hash":"d9e178af0ec541e0219e9f74a95de25424d8a82f","messageTitle":"Update sorting for new attributes","messageBody":"","fileTypesAndContributionMap":{"functional-code":{"insertions":149,"deletions":71}}},{"hash":"c0af378f3004c6543135a32c4b55cedd2d673e51","messageTitle":"Fix ordering issues with sort","messageBody":"","fileTypesAndContributionMap":{"functional-code":{"insertions":66,"deletions":53}}}]},{"date":"2021-10-27","commitResults":[{"hash":"29e72b961929eed7e4cd03d6de283fe47efb2143","messageTitle":"Fix next meeting panel editing issues","messageBody":"","fileTypesAndContributionMap":{"functional-code":{"insertions":27,"deletions":16}}}]},{"date":"2021-10-28","commitResults":[{"hash":"41d2619762f04349e0aca105561351a55d373cda","messageTitle":"Stack sorting","messageBody":"","fileTypesAndContributionMap":{"functional-code":{"insertions":99,"deletions":38},"test-code":{"insertions":8,"deletions":8}}},{"hash":"90e7ac904a90647b14eebba4a6162b3b1f286c31","messageTitle":"Update docs","messageBody":"","fileTypesAndContributionMap":{"functional-code":{"insertions":1,"deletions":1},"docs":{"insertions":5,"deletions":2}}},{"hash":"c86706599cde835f31cecb454f9c4373e6a74c04","messageTitle":"Fix null comparing issues","messageBody":"","fileTypesAndContributionMap":{"functional-code":{"insertions":12,"deletions":0}}},{"hash":"cbadc3270599b1dfd2a1bae055c0bde918811b93","messageTitle":"Fix null sorting issues for number-based fields","messageBody":"","fileTypesAndContributionMap":{"functional-code":{"insertions":4,"deletions":0}}}]},{"date":"2021-10-30","commitResults":[{"hash":"b43a4707db0115d87ca8d679c5bf3f19bb78ea2d","messageTitle":"Update clear prompt","messageBody":"","fileTypesAndContributionMap":{"functional-code":{"insertions":2,"deletions":1}}},{"hash":"1db0022c80e7b2a6a94c8fffbcb31dff4cc442e9","messageTitle":"Fix filter and search for tags and empty string","messageBody":"","fileTypesAndContributionMap":{"functional-code":{"insertions":51,"deletions":14}}},{"hash":"5072d09f988d98e542e9f126b007546ba7823dd8","messageTitle":"Fix checkstyle and test case","messageBody":"","fileTypesAndContributionMap":{"functional-code":{"insertions":4,"deletions":2}}},{"hash":"4fe5bdde85a88c29108044d3f78064a6088fa1b8","messageTitle":"Update user guide","messageBody":"","fileTypesAndContributionMap":{"docs":{"insertions":2,"deletions":2}}},{"hash":"22284657ec29fdff4ae53ae5bc96ac636ddf0199","messageTitle":"Fix tag check in predicate","messageBody":"","fileTypesAndContributionMap":{"functional-code":{"insertions":6,"deletions":7}}},{"hash":"41828605399046ddbe6e3a7000f389be4d2fafbd","messageTitle":"Remove uneccessary filter","messageBody":"","fileTypesAndContributionMap":{"functional-code":{"insertions":0,"deletions":1}}},{"hash":"d2935d7b0c6e7261a421e4d27ef3e6a7e093bba3","messageTitle":"Fix edit command for duplicate client id issue","messageBody":"","fileTypesAndContributionMap":{"functional-code":{"insertions":3,"deletions":3}}}]}]},"authorFileTypeContributionMap":{"benedictchuajj":{"docs":226,"functional-code":931,"test-code":785},"KT27Learn":{"docs":214,"functional-code":817,"test-code":633},"Domszy":{"docs":100,"functional-code":365,"test-code":197,"other":1},"CrownKira":{"docs":315,"functional-code":2882,"test-code":1305,"other":4},"wyrchris":{"docs":141,"functional-code":2556,"test-code":1129,"other":4}},"authorContributionVariance":{"benedictchuajj":38041.72,"KT27Learn":432571.88,"Domszy":64009.516,"CrownKira":836078.25,"wyrchris":117298.88},"authorDisplayNameMap":{"benedictchuajj":"CS2103T-T17-3 BENE.. JIE","KT27Learn":"CS2103T-T17-3 KEIT.. JUN","Domszy":"CS2103T-T17-3 DOMI..N YU","CrownKira":"CS2103T-T17-3 TOH ..R WI","wyrchris":"CS2103T-T17-3 WONG..HRIS"}}
