{"authorDailyContributionsMap":{"ngsengleng":[{"date":"2021-09-23","commitResults":[{"hash":"353de9bb9197b9c3fd839d22ba00c0f83b3c0a7d","messageTitle":"Add Seng Leng portfolio and image","messageBody":"","fileTypesAndContributionMap":{"docs":{"insertions":15,"deletions":3}}},{"hash":"69f35aec0efa9ebceaba47a7c88e8166ba3bfcd5","messageTitle":"Update AboutUs.md","messageBody":"","fileTypesAndContributionMap":{"docs":{"insertions":1,"deletions":1}}}]},{"date":"2021-09-26","commitResults":[{"hash":"302fd6a3f144ab8c2ca155029330bec1eb8fbffb","messageTitle":"Modify user guide to include suggestions and help, fix table formatting for summary","messageBody":"","fileTypesAndContributionMap":{"docs":{"insertions":13,"deletions":14}}}]},{"date":"2021-10-05","commitResults":[{"hash":"4819e1863bdd6c6cdf0fa3ba7f78b036ea61016a","messageTitle":"Add suggestions feature when parsing invalid commands","messageBody":"","fileTypesAndContributionMap":{"functional-code":{"insertions":36,"deletions":3},"other":{"insertions":2,"deletions":0},"test-code":{"insertions":29,"deletions":2}}},{"hash":"7b8e8b6f07b0a52ebac3b4c4e36aacdd2b544867","messageTitle":"Removed redundant line for sorting closest commands","messageBody":"","fileTypesAndContributionMap":{"functional-code":{"insertions":1,"deletions":2}}},{"hash":"96952f806d2fa9c3187613481966ff1f27a23b9a","messageTitle":"Change log message for invalid command to reflect closest commands","messageBody":"","fileTypesAndContributionMap":{"functional-code":{"insertions":6,"deletions":2}}}]},{"date":"2021-10-06","commitResults":[{"hash":"61cdf4104171cd9779b6e86a0cb1225825db366a","messageTitle":"Add filter for closest valid command suggestions and more tests","messageBody":"","fileTypesAndContributionMap":{"functional-code":{"insertions":12,"deletions":9},"test-code":{"insertions":9,"deletions":6}}},{"hash":"3d50fb6f5519a2296fccad461f0e7d376646ad7e","messageTitle":"Fix checkstyle bug for import in Messages.java","messageBody":"","fileTypesAndContributionMap":{"functional-code":{"insertions":4,"deletions":4}}}]},{"date":"2021-10-07","commitResults":[{"hash":"e2a6b380671f518f2919b3255afbd8de359c5f7a","messageTitle":"Add help functionality and modify help display window","messageBody":"","fileTypesAndContributionMap":{"functional-code":{"insertions":45,"deletions":25}}},{"hash":"507eb66f2694c31f48640c12ea0e92dffd02fd0d","messageTitle":"Change visibility of help printer to private","messageBody":"","fileTypesAndContributionMap":{"functional-code":{"insertions":3,"deletions":5}}},{"hash":"411bec69453a117941b9b32522cde598f4a6315e","messageTitle":"Change javafx version back to 11","messageBody":"","fileTypesAndContributionMap":{"functional-code":{"insertions":9,"deletions":2}}},{"hash":"769e742da9b510d2fdfef674a60a9d54f63ccfa3","messageTitle":"Change font family and add spacing between each command in help screen","messageBody":"","fileTypesAndContributionMap":{"functional-code":{"insertions":19,"deletions":15}}}]},{"date":"2021-10-08","commitResults":[{"hash":"ee3465aa501dd0ae8930c3d226ce7e950d0adfc1","messageTitle":"Add trailing whitespace to end of file for HelpWindow.css","messageBody":"","fileTypesAndContributionMap":{"functional-code":{"insertions":2,"deletions":1}}}]},{"date":"2021-10-10","commitResults":[{"hash":"00a61dea52474a7d6777ccf5ebe81ac49141af6d","messageTitle":"Make minor changes to help window","messageBody":"","fileTypesAndContributionMap":{"functional-code":{"insertions":12,"deletions":5}}}]},{"date":"2021-10-16","commitResults":[{"hash":"c3f0c6e8278c5e3dd814847c121d510f91c3e6c8","messageTitle":"Edit pool of suggestion strings that are being referred to","messageBody":"","fileTypesAndContributionMap":{"functional-code":{"insertions":48,"deletions":10}}},{"hash":"73a6039f5c987737455c6a0572be1a9f8644a0b2","messageTitle":"Add tests for modified suggestions function","messageBody":"","fileTypesAndContributionMap":{"functional-code":{"insertions":1,"deletions":1},"test-code":{"insertions":22,"deletions":2}}},{"hash":"4ff1c54353d8b249b53dfff95fb3afde91dc6eb0","messageTitle":"Modify string spacing between suggestions","messageBody":"","fileTypesAndContributionMap":{"functional-code":{"insertions":1,"deletions":1},"test-code":{"insertions":8,"deletions":8}}}]},{"date":"2021-10-18","commitResults":[{"hash":"3161f2e11cc918d5c18f77299d20a1a0091320c0","messageTitle":"Modify ranking algorithm for levenshtein distances","messageBody":"","fileTypesAndContributionMap":{"functional-code":{"insertions":24,"deletions":4}}}]},{"date":"2021-10-19","commitResults":[{"hash":"b3264e62fff2d3609a6a84680a28697f9f5b0944","messageTitle":"Finetune suggestions algorithm","messageBody":"","fileTypesAndContributionMap":{"functional-code":{"insertions":86,"deletions":40},"test-code":{"insertions":19,"deletions":10}}},{"hash":"923d00ddb4c008a020be89573d5a4ce177b10cd9","messageTitle":"Fix missing return statement for javadoc","messageBody":"","fileTypesAndContributionMap":{"functional-code":{"insertions":3,"deletions":3}}}]},{"date":"2021-10-20","commitResults":[{"hash":"7d798b8e66e6ad03de05570d78c1979e6d8306b1","messageTitle":"Add appointment pseudoclass and tests for adding appointments","messageBody":"","fileTypesAndContributionMap":{"functional-code":{"insertions":284,"deletions":7},"test-code":{"insertions":403,"deletions":12}}},{"hash":"58d67baac35e78451c161c15708388464cc65565","messageTitle":"Add interactions between patient and appointment and tests","messageBody":"","fileTypesAndContributionMap":{"functional-code":{"insertions":28,"deletions":0},"test-code":{"insertions":62,"deletions":18}}},{"hash":"7d4f24bf7fa58907ff518415162bf94aefdb0f87","messageTitle":"Add newline to eof","messageBody":"","fileTypesAndContributionMap":{"functional-code":{"insertions":1,"deletions":1}}},{"hash":"bc71f345485a5a342ab3e8fa989f909fdb928e25","messageTitle":"Refactor toString method in Activity class","messageBody":"","fileTypesAndContributionMap":{"functional-code":{"insertions":7,"deletions":12}}},{"hash":"346b80dd57f625eea184750456517f07841421e6","messageTitle":"Slight modification to activity card","messageBody":"","fileTypesAndContributionMap":{"functional-code":{"insertions":1,"deletions":1}}}]},{"date":"2021-10-21","commitResults":[{"hash":"6fc79b0c219b48328462f68df326f59238286d34","messageTitle":"Update suggestions to reflect latest additions to commands","messageBody":"","fileTypesAndContributionMap":{"functional-code":{"insertions":17,"deletions":13}}}]},{"date":"2021-10-22","commitResults":[{"hash":"97ea73741ee4a5bf2fc222c4a4f2a4c73917f79a","messageTitle":"Fix some errors in javadocs","messageBody":"","fileTypesAndContributionMap":{"functional-code":{"insertions":38,"deletions":43}}},{"hash":"0abb1bb0fa5016f6dca31d931c28527a106f7deb","messageTitle":"Add suggestions documentation to DG","messageBody":"","fileTypesAndContributionMap":{"docs":{"insertions":65,"deletions":0}}},{"hash":"ca64214d0929290f3e8136c17db1c734e64d5063","messageTitle":"Modify suggestions implementation in DG","messageBody":"","fileTypesAndContributionMap":{"docs":{"insertions":2,"deletions":1}}},{"hash":"c33dbbff92704c2064dc2532efa71b789c743d7e","messageTitle":"Update suggestions and help t reflect latest changes","messageBody":"","fileTypesAndContributionMap":{"functional-code":{"insertions":78,"deletions":19}}},{"hash":"5c94ee67029e8f50c1d4e99e3c894fca72c7b9e1","messageTitle":"Update SuggestionsSequenceDiagram.puml","messageBody":"","fileTypesAndContributionMap":{"docs":{"insertions":1,"deletions":1}}}]},{"date":"2021-10-23","commitResults":[{"hash":"a694bf25dadad6302f97e6b93ff898d0394b7d33","messageTitle":"Fix checkstyle","messageBody":"","fileTypesAndContributionMap":{"functional-code":{"insertions":122,"deletions":61}}},{"hash":"f4683eafe3a6996e2fe6c2abea23012291f5b2cb","messageTitle":"Add suggestion and help for referral and profile","messageBody":"","fileTypesAndContributionMap":{"functional-code":{"insertions":8,"deletions":2}}},{"hash":"46edea1b9a0b83f60819721e706160dc6d87c581","messageTitle":"Update font for help text","messageBody":"","fileTypesAndContributionMap":{"functional-code":{"insertions":2,"deletions":2}}},{"hash":"3096568ecde9b382fdc6b65a2e1b6adaa4aae152","messageTitle":"Remove merge conflict demarcation","messageBody":"","fileTypesAndContributionMap":{"functional-code":{"insertions":0,"deletions":4}}}]},{"date":"2021-10-26","commitResults":[{"hash":"831bda986965b60d47dcc0ca70a96c8913f95d71","messageTitle":"Fix bug that clear t/patient does not remove appropriate activities","messageBody":"","fileTypesAndContributionMap":{"functional-code":{"insertions":7,"deletions":1},"test-code":{"insertions":15,"deletions":1}}},{"hash":"101c8a51e90bf980cb0031debfeebef1338b41c8","messageTitle":"Add command history suggestions feature","messageBody":"","fileTypesAndContributionMap":{"functional-code":{"insertions":99,"deletions":0},"test-code":{"insertions":53,"deletions":0}}},{"hash":"9a2e62f436e6af450c74b76719e1392fd7af2ad1","messageTitle":"Fix naming bug","messageBody":"","fileTypesAndContributionMap":{"functional-code":{"insertions":6,"deletions":6}}}]},{"date":"2021-10-27","commitResults":[{"hash":"bfa55c7c8fc7f5b689a78e29d45b06bd32fb6e6e","messageTitle":"Fix bug where view produces extra command suggestions","messageBody":"","fileTypesAndContributionMap":{"functional-code":{"insertions":23,"deletions":8}}},{"hash":"0d4664d9b993dd5d8e423e68981cd1f631159884","messageTitle":"Fix bug where clear suggestions does not include clear by itself","messageBody":"","fileTypesAndContributionMap":{"functional-code":{"insertions":9,"deletions":6},"test-code":{"insertions":27,"deletions":3}}},{"hash":"df61a613230c69c8e37e1af643abd66a09fa2a7e","messageTitle":"Update user guide for suggestions and referral","messageBody":"","fileTypesAndContributionMap":{"functional-code":{"insertions":2,"deletions":2},"docs":{"insertions":38,"deletions":3}}}]},{"date":"2021-10-28","commitResults":[{"hash":"0dc502f4b9a7674043be4a623cc6c4f21d61a98b","messageTitle":"Modify suggestions feature UG","messageBody":"","fileTypesAndContributionMap":{"docs":{"insertions":8,"deletions":4}}}]},{"date":"2021-10-30","commitResults":[{"hash":"da877a133214fe11087be75a80b728b68a889a80","messageTitle":"Change help text","messageBody":"","fileTypesAndContributionMap":{"functional-code":{"insertions":91,"deletions":66},"docs":{"insertions":7,"deletions":2}}},{"hash":"3e2761c258de050e8d42be853daef80cd7d93b55","messageTitle":"Change small detail in UG","messageBody":"","fileTypesAndContributionMap":{"docs":{"insertions":1,"deletions":1}}}]},{"date":"2021-10-31","commitResults":[{"hash":"d60d5d5f2c4317f323733fb635269736dd1ce473","messageTitle":"Fix checkstyle errors","messageBody":"","fileTypesAndContributionMap":{"functional-code":{"insertions":59,"deletions":59}}},{"hash":"ac430574f2d4a09120bbaf206c8defae85710f54","messageTitle":"Fix bug that editing an appointment would change it to activity","messageBody":"","fileTypesAndContributionMap":{"functional-code":{"insertions":17,"deletions":1}}},{"hash":"8d9debda093b9cd271c3c16dcf7defc5b0986ea2","messageTitle":"Change edit descriptor to account for inability to change patient id","messageBody":"","fileTypesAndContributionMap":{"functional-code":{"insertions":2,"deletions":13}}}]},{"date":"2021-11-02","commitResults":[{"hash":"4b9ed6a77437b63c6d2785a372afd66d7d7b2567","messageTitle":"Modify sections on clear, profile and help","messageBody":"","fileTypesAndContributionMap":{"docs":{"insertions":79,"deletions":23}}},{"hash":"4dbf7c064084d5fed6f204eaae857f4277586128","messageTitle":"Change section on clear","messageBody":"","fileTypesAndContributionMap":{"docs":{"insertions":1,"deletions":8}}},{"hash":"990bcfdc76211a5aa632add8cc434c0d224bd607","messageTitle":"Implement changes suggested in pr","messageBody":"","fileTypesAndContributionMap":{"docs":{"insertions":9,"deletions":7}}},{"hash":"d611eb6533ed335c91ad7a03401ad6808ecf4f8e","messageTitle":"Change word formatting for img desc","messageBody":"","fileTypesAndContributionMap":{"docs":{"insertions":2,"deletions":2}}}]},{"date":"2021-11-04","commitResults":[{"hash":"22ddca35819e53348237c666846cdea774bb6f2c","messageTitle":"Modify section on model to reflect our model and add command history section","messageBody":"","fileTypesAndContributionMap":{"docs":{"insertions":171,"deletions":33}}},{"hash":"ea2e04481d56b79ee9fa1287d2a0c7e7bdc0e822","messageTitle":"Add eof to puml files","messageBody":"","fileTypesAndContributionMap":{"docs":{"insertions":2,"deletions":2}}},{"hash":"c6cceeb9c61e241f0f135a3cd2f1f93e907866b5","messageTitle":"Modify class diagram for model","messageBody":"","fileTypesAndContributionMap":{"docs":{"insertions":84,"deletions":32}}},{"hash":"d384e1e047f9febe3a2d30234855ba1458663fd1","messageTitle":"Change image in developer guide","messageBody":"","fileTypesAndContributionMap":{"docs":{"insertions":2,"deletions":0}}},{"hash":"b5ca7f0704d235e30a3a81605bbe60906aa81655","messageTitle":"Remove second model class diagram","messageBody":"","fileTypesAndContributionMap":{"docs":{"insertions":3,"deletions":15}}},{"hash":"355887c7e51d228488b6b88f1557d766d2b101e1","messageTitle":"Remove unused puml and png diagrams","messageBody":"","fileTypesAndContributionMap":{"docs":{"insertions":0,"deletions":90}}}]}],"radiankrisno":[{"date":"2021-09-22","commitResults":[{"hash":"28766b6d9896b5019143b80d139f944db231e359","messageTitle":"Update AboutUs with radiankrisno information","messageBody":"","fileTypesAndContributionMap":{"docs":{"insertions":18,"deletions":6}}},{"hash":"5dcaff8169670622b7eb4349f4feabcb6572995e","messageTitle":"Update readme","messageBody":"","fileTypesAndContributionMap":{"docs":{"insertions":14,"deletions":11}}},{"hash":"24ba5ea45d7691211edd983feba5260d489ff2b3","messageTitle":"Remove trailing whitespace","messageBody":"","fileTypesAndContributionMap":{"docs":{"insertions":3,"deletions":2}}},{"hash":"106f0e194df688894bcb08ba70e42e591b6bb6f1","messageTitle":"Add newline","messageBody":"","fileTypesAndContributionMap":{"docs":{"insertions":0,"deletions":1}}},{"hash":"8b08fa72b4b5ee13c9f862055edd77b0dc56a676","messageTitle":"Repair link","messageBody":"","fileTypesAndContributionMap":{"docs":{"insertions":1,"deletions":1}}}]},{"date":"2021-09-24","commitResults":[{"hash":"84ace924e3b764f386ff9b9b79a18fcd8f586fc7","messageTitle":"Add user guide for patients and doctors CRUD operations","messageBody":"","fileTypesAndContributionMap":{"docs":{"insertions":112,"deletions":74}}}]},{"date":"2021-09-25","commitResults":[{"hash":"1f863044752d632a5fc028c91618241ac74a3c40","messageTitle":"PR Fixes","messageBody":"","fileTypesAndContributionMap":{"docs":{"insertions":40,"deletions":41}}},{"hash":"9fb633a76a56f4efe435a5aa31c07dadb52be7fe","messageTitle":"Add optional flags header","messageBody":"","fileTypesAndContributionMap":{"docs":{"insertions":2,"deletions":0}}},{"hash":"a1feb3d0e243f9f54dfe1566a5aa033fbb9c34d4","messageTitle":"Update optional flag notation","messageBody":"","fileTypesAndContributionMap":{"docs":{"insertions":2,"deletions":2}}},{"hash":"efece29e674dc6b77f4dc85c47b27794f493f928","messageTitle":"Change optional_flag to optional_parameter","messageBody":"","fileTypesAndContributionMap":{"docs":{"insertions":2,"deletions":2}}}]},{"date":"2021-10-08","commitResults":[{"hash":"79d53dc9fb08f116d36da085f6b97f73d04cc8d5","messageTitle":"Create basic Patient model","messageBody":"","fileTypesAndContributionMap":{"functional-code":{"insertions":451,"deletions":0}}},{"hash":"3429d7c7c96edd67b4a393c01fb743c3b27998fb","messageTitle":"Refactor code to follow checkstyle","messageBody":"","fileTypesAndContributionMap":{"functional-code":{"insertions":361,"deletions":361}}},{"hash":"f1e720d529811f62ba722834a693a9afbc7f6712","messageTitle":"Make PR fixes","messageBody":"","fileTypesAndContributionMap":{"functional-code":{"insertions":24,"deletions":14}}},{"hash":"66f1ef8b3505f9174e29ab9e5810f1fd0fdc9fec","messageTitle":"Change isValidWeight parameter to have String type","messageBody":"","fileTypesAndContributionMap":{"functional-code":{"insertions":1,"deletions":1}}},{"hash":"26189976ff8035e168e03f48e3f3071e577e15bc","messageTitle":"Add tests for all classes","messageBody":"","fileTypesAndContributionMap":{"functional-code":{"insertions":13,"deletions":8},"test-code":{"insertions":424,"deletions":0}}},{"hash":"1bb93d6b2597d4d3914700dd7c7278200a5f0534","messageTitle":"Allow PatientId to receive String as constructor argument","messageBody":"","fileTypesAndContributionMap":{"functional-code":{"insertions":11,"deletions":1},"test-code":{"insertions":15,"deletions":2}}},{"hash":"241ea00dd7d50506a528efded2af714c0be0f066","messageTitle":"Remove unused import","messageBody":"","fileTypesAndContributionMap":{"test-code":{"insertions":0,"deletions":1}}},{"hash":"069b99cae4ce08d374162793192b8618e7d5aeeb","messageTitle":"Add PatientBuilder class","messageBody":"","fileTypesAndContributionMap":{"test-code":{"insertions":132,"deletions":0}}},{"hash":"6a56c7442ee20c43ac2bdae3538bf22a87a33440","messageTitle":"Refactor bloodtype variable to bloodType","messageBody":"","fileTypesAndContributionMap":{"functional-code":{"insertions":16,"deletions":16},"test-code":{"insertions":15,"deletions":15}}},{"hash":"f50a348df74ee6679f55277d77f63a3b86c2c1d3","messageTitle":"Add medical conditions field to patient","messageBody":"","fileTypesAndContributionMap":{"functional-code":{"insertions":26,"deletions":5},"test-code":{"insertions":47,"deletions":11}}}]},{"date":"2021-10-10","commitResults":[{"hash":"740bd3c1d721dae4900540a26987ee54fd8821ea","messageTitle":"Finish creating storage related functions and tests for Patient","messageBody":"","fileTypesAndContributionMap":{"functional-code":{"insertions":277,"deletions":9},"test-code":{"insertions":359,"deletions":4}}}]},{"date":"2021-10-11","commitResults":[{"hash":"18ebb0b1e174de0d3667a209a14866ccb5c79848","messageTitle":"Finish patient add command","messageBody":"","fileTypesAndContributionMap":{"functional-code":{"insertions":404,"deletions":1},"test-code":{"insertions":1041,"deletions":6}}},{"hash":"9561fc2fe236743cf50fbd6ed4aa43593e8c0982","messageTitle":"Finish patient list command","messageBody":"","fileTypesAndContributionMap":{"functional-code":{"insertions":284,"deletions":18},"test-code":{"insertions":67,"deletions":3}}},{"hash":"feac368578213fd5f5f46d08b8748dc95f01f7d3","messageTitle":"Add newline","messageBody":"","fileTypesAndContributionMap":{"functional-code":{"insertions":1,"deletions":1}}},{"hash":"343700258ad1cb98988ac2fe8ad3766e8638acbc","messageTitle":"Remove unused code","messageBody":"","fileTypesAndContributionMap":{"test-code":{"insertions":0,"deletions":2}}},{"hash":"6ac90e00c239de0f6201ff3adf2f85eff8a6d03b","messageTitle":"Finish delete patient command","messageBody":"","fileTypesAndContributionMap":{"functional-code":{"insertions":111,"deletions":2},"test-code":{"insertions":101,"deletions":0}}},{"hash":"93ced75cabb6bf0fda6b03fbee523c90bd9a624d","messageTitle":"Update src/main/java/gomedic/logic/commands/deletecommand/DeleteActivityCommand.java","messageBody":"Co-authored-by: Simon Julian Lauw \u003csimonjulian21@gmail.com\u003e","fileTypesAndContributionMap":{"functional-code":{"insertions":1,"deletions":1}}}]},{"date":"2021-10-13","commitResults":[{"hash":"3d798848ffa0c2e1ef59d0b7684c243961efaf6a","messageTitle":"Finish updating clear command","messageBody":"","fileTypesAndContributionMap":{"functional-code":{"insertions":106,"deletions":1},"other":{"insertions":5,"deletions":3},"test-code":{"insertions":137,"deletions":1}}},{"hash":"2749eba6fc4e4e0e300648c8d20b73755123b286","messageTitle":"Do PR Fixes","messageBody":"","fileTypesAndContributionMap":{"functional-code":{"insertions":0,"deletions":3}}},{"hash":"8837a6f2051b82ccedb7f63344bcbfc39dbdce60","messageTitle":"Update test cases","messageBody":"","fileTypesAndContributionMap":{"test-code":{"insertions":0,"deletions":3}}}]},{"date":"2021-10-15","commitResults":[{"hash":"162e8d686d46c3fa3c058415b2e5126ecc196ada","messageTitle":"Finish update patient command","messageBody":"","fileTypesAndContributionMap":{"functional-code":{"insertions":418,"deletions":0},"test-code":{"insertions":637,"deletions":1}}},{"hash":"2c5e8d324d958f8d4a488259b2b6e31b4661e9cf","messageTitle":"Remove whitespace","messageBody":"","fileTypesAndContributionMap":{"functional-code":{"insertions":2,"deletions":2}}},{"hash":"f6d2f664cbace7ede2929026833fa364522fcb71","messageTitle":"Do PR Fixes","messageBody":"","fileTypesAndContributionMap":{"functional-code":{"insertions":1,"deletions":1},"docs":{"insertions":1,"deletions":0}}}]},{"date":"2021-10-17","commitResults":[{"hash":"f616af0b7a538d5cc8e885101d48c67a854bebad","messageTitle":"Finish table main structure","messageBody":"","fileTypesAndContributionMap":{"functional-code":{"insertions":132,"deletions":9}}},{"hash":"4a25792c49a723678c59d316a4894759e7fb568b","messageTitle":"Remove wrong changes","messageBody":"","fileTypesAndContributionMap":{"functional-code":{"insertions":4,"deletions":3}}}]},{"date":"2021-10-18","commitResults":[{"hash":"698fc9ee28a24a042805ea57f34cfbd4bfe347b9","messageTitle":"Update table to show relevant information","messageBody":"","fileTypesAndContributionMap":{"functional-code":{"insertions":4,"deletions":36}}},{"hash":"23b06391801f8a7d686e11c047247f51013e618c","messageTitle":"Follow import order","messageBody":"","fileTypesAndContributionMap":{"functional-code":{"insertions":1,"deletions":1}}}]},{"date":"2021-10-20","commitResults":[{"hash":"0acf25b63d3b3f89752286beca9253a570313b66","messageTitle":"Finish view patient command","messageBody":"","fileTypesAndContributionMap":{"functional-code":{"insertions":391,"deletions":12},"test-code":{"insertions":104,"deletions":4}}}]},{"date":"2021-10-21","commitResults":[{"hash":"e45603e53ed6c723c5d537420354b88649f1d5f8","messageTitle":"Do PR Fixes","messageBody":"","fileTypesAndContributionMap":{"functional-code":{"insertions":80,"deletions":73},"other":{"insertions":4,"deletions":0}}},{"hash":"d60bff220abc2e5ca46310357664ce54b4d3545d","messageTitle":"Integrate activity to patientView","messageBody":"","fileTypesAndContributionMap":{"functional-code":{"insertions":14,"deletions":9}}},{"hash":"a64d0ec007d97cf59db6f34d389d41b42601d38e","messageTitle":"Repair test case","messageBody":"","fileTypesAndContributionMap":{"test-code":{"insertions":1,"deletions":0}}},{"hash":"50c4b957f2ad4407fe2de1f15bf37844afdcdd05","messageTitle":"Update add to reset view","messageBody":"","fileTypesAndContributionMap":{"functional-code":{"insertions":4,"deletions":0}}},{"hash":"6cea31dbcd1177ebf8890629053e12137d88c412","messageTitle":"Update test cases","messageBody":"","fileTypesAndContributionMap":{"test-code":{"insertions":1,"deletions":1}}},{"hash":"8577312d0219906d0ca8983bae109f85cfa9bce4","messageTitle":"Do PR Fixes","messageBody":"","fileTypesAndContributionMap":{"functional-code":{"insertions":3,"deletions":1},"other":{"insertions":0,"deletions":4}}}]},{"date":"2021-10-22","commitResults":[{"hash":"3910a7a9709f36e8623e8df4b460bbd3ced918cb","messageTitle":"Update Logic Component Sequence Diagram","messageBody":"","fileTypesAndContributionMap":{"docs":{"insertions":35,"deletions":35}}}]},{"date":"2021-10-27","commitResults":[{"hash":"33c8de8733a81e2ae1937d38389fefb2a1db7392","messageTitle":"Update version to v1.3","messageBody":"","fileTypesAndContributionMap":{"functional-code":{"insertions":1,"deletions":1}}}]},{"date":"2021-10-28","commitResults":[{"hash":"c06a6f34eb071bae661e1bfaf7668b9f80638ed2","messageTitle":"Finish update patient ug","messageBody":"","fileTypesAndContributionMap":{"functional-code":{"insertions":7,"deletions":7},"docs":{"insertions":166,"deletions":66}}},{"hash":"48ea9fddf8d6eafe3c266a705917ea559d3ff41e","messageTitle":"Do PR Fixes","messageBody":"","fileTypesAndContributionMap":{"docs":{"insertions":4,"deletions":4}}}]},{"date":"2021-10-30","commitResults":[{"hash":"5c9b21f132ca95904b8deb43512b6766ec080437","messageTitle":"Do PE-D bug fixing","messageBody":"","fileTypesAndContributionMap":{"functional-code":{"insertions":41,"deletions":24},"docs":{"insertions":14,"deletions":14},"test-code":{"insertions":28,"deletions":29}}},{"hash":"8e8d54b65704c3cf2ace0aeff142980a731c3ad2","messageTitle":"Repair view patient bug","messageBody":"","fileTypesAndContributionMap":{"functional-code":{"insertions":19,"deletions":15}}},{"hash":"860b68eb88c02b0f2c372442fd14b1d1f0131f3c","messageTitle":"Repair checkstyle","messageBody":"","fileTypesAndContributionMap":{"functional-code":{"insertions":8,"deletions":7}}},{"hash":"c0fb296365e0b2b7b2217e8e84228618a18b89b3","messageTitle":"Remove Singapore form phone number constraint","messageBody":"","fileTypesAndContributionMap":{"docs":{"insertions":3,"deletions":3}}}]},{"date":"2021-10-31","commitResults":[{"hash":"02b618fd165d859c975155847c8a210359e9cbde","messageTitle":"Do bug fixes","messageBody":"","fileTypesAndContributionMap":{"functional-code":{"insertions":3,"deletions":2},"docs":{"insertions":2,"deletions":2}}}]},{"date":"2021-11-04","commitResults":[{"hash":"b013d232c523c39875d1bfde771aee6b015d17ac","messageTitle":"Update DG","messageBody":"","fileTypesAndContributionMap":{"functional-code":{"insertions":9,"deletions":8},"docs":{"insertions":168,"deletions":7}}},{"hash":"e67738be71690b19f35600415d7b875c8c0adf01","messageTitle":"Fix checkstyle","messageBody":"","fileTypesAndContributionMap":{"functional-code":{"insertions":0,"deletions":2}}},{"hash":"f6a78d3e2686b5c349d73c414db0a65eb17210fe","messageTitle":"Do PR Fixes","messageBody":"","fileTypesAndContributionMap":{"docs":{"insertions":7,"deletions":18}}}]},{"date":"2021-11-06","commitResults":[{"hash":"174aed05afaf9edcdbdb0f3f01657bbf0400b820","messageTitle":"Update diagrams","messageBody":"","fileTypesAndContributionMap":{"functional-code":{"insertions":1,"deletions":1},"docs":{"insertions":109,"deletions":67}}},{"hash":"f6bec60e6f651a4576e38736239ad84d4238fde7","messageTitle":"Do PR Fixes","messageBody":"","fileTypesAndContributionMap":{"docs":{"insertions":0,"deletions":3}}}]}],"ramaven":[{"date":"2021-09-27","commitResults":[{"hash":"439ea266e56011d62c9eca222ab709fafe31e3d2","messageTitle":"Update AboutUs.md with Rama\u0027s details","messageBody":"","fileTypesAndContributionMap":{"docs":{"insertions":18,"deletions":4}}},{"hash":"9fae32ac934e4ed0c8a9d2c446d6bcc760f51e3e","messageTitle":"Update UG with list command for patient and doctor","messageBody":"","fileTypesAndContributionMap":{"docs":{"insertions":36,"deletions":0}}},{"hash":"39cf53117f059fa5deae5b09b99de2e0ff139c9c","messageTitle":"Update UG for displaying doctor\u0027s details","messageBody":"","fileTypesAndContributionMap":{"docs":{"insertions":11,"deletions":0}}},{"hash":"0feb2f29643f67abcc8dc39b6e4627683169f4b2","messageTitle":"Update UG to display a patient\u0027s details","messageBody":"","fileTypesAndContributionMap":{"docs":{"insertions":11,"deletions":0}}},{"hash":"7c7efb650a40ef89810e9cdd61ca90faa4517cd4","messageTitle":"Update UG list patients and doctors","messageBody":"","fileTypesAndContributionMap":{"docs":{"insertions":7,"deletions":21}}},{"hash":"982b5faaf2dd4f565450f1cebee86b8513e912ff","messageTitle":"Update UG with uniform list format","messageBody":"","fileTypesAndContributionMap":{"docs":{"insertions":6,"deletions":6}}}]},{"date":"2021-09-28","commitResults":[{"hash":"12b53bba2babb5a339fb90b5fb6dee58c2dfc258","messageTitle":"Change view details to use ID","messageBody":"","fileTypesAndContributionMap":{"docs":{"insertions":8,"deletions":8}}}]},{"date":"2021-09-29","commitResults":[{"hash":"dd1a42921898cb169ae0e4869c9a1225095eebe1","messageTitle":"Add UI mockup for doctors page","messageBody":"","fileTypesAndContributionMap":{"docs":{"insertions":2,"deletions":0}}},{"hash":"db504473a3851d407b0c216596830687f20a96fc","messageTitle":"Add single doctor patient UI; update list UI","messageBody":"","fileTypesAndContributionMap":{"docs":{"insertions":4,"deletions":0}}},{"hash":"320808fb454862dbdd3d53415e082d30b3bb2539","messageTitle":"Add UI for activity page","messageBody":"","fileTypesAndContributionMap":{"docs":{"insertions":2,"deletions":1}}}]},{"date":"2021-10-08","commitResults":[{"hash":"6556ef0f5cde443f134dcd7ac42c05de7e120c32","messageTitle":"Add dateParser class","messageBody":"","fileTypesAndContributionMap":{"functional-code":{"insertions":99,"deletions":0},"test-code":{"insertions":5,"deletions":0}}},{"hash":"9cfb7621026db8fd946047b89d5dd78095763ced","messageTitle":"Fix checkstyle in DateParser class","messageBody":"","fileTypesAndContributionMap":{"functional-code":{"insertions":6,"deletions":5}}},{"hash":"d446fc30cb1147d9fee50d0210a1251deb527799","messageTitle":"Add DateTimeParser class","messageBody":"","fileTypesAndContributionMap":{"functional-code":{"insertions":155,"deletions":100},"other":{"insertions":1,"deletions":1},"docs":{"insertions":1,"deletions":1}}},{"hash":"8bfce1576f84a721c47e59f5f79b01b1e5e23fc6","messageTitle":"Add logger warning","messageBody":"","fileTypesAndContributionMap":{"functional-code":{"insertions":1,"deletions":1}}},{"hash":"64be44fe268ef9289dde3e14ffdd5f389d4d6e79","messageTitle":"Fix documentation bug","messageBody":"","fileTypesAndContributionMap":{"functional-code":{"insertions":2,"deletions":3}}},{"hash":"42520d649345943b37d828cbfc90f4636e732745","messageTitle":"Fix checkstyle","messageBody":"","fileTypesAndContributionMap":{"functional-code":{"insertions":13,"deletions":5}}},{"hash":"229e5d02b65976a8be6bf40987c137353b2c43ab","messageTitle":"Fix bugs about invalid format","messageBody":"","fileTypesAndContributionMap":{"functional-code":{"insertions":16,"deletions":13}}},{"hash":"375b76dffef7e67f92ecca09de730cbcaaf31233","messageTitle":"Fix checkstyle","messageBody":"","fileTypesAndContributionMap":{"functional-code":{"insertions":0,"deletions":1}}}]},{"date":"2021-10-09","commitResults":[{"hash":"c6b3500bf6f951e79f6a20b9da5388a195d224e9","messageTitle":"Change dark theme to light theme","messageBody":"","fileTypesAndContributionMap":{"functional-code":{"insertions":2,"deletions":2},"other":{"insertions":41,"deletions":41}}}]},{"date":"2021-10-14","commitResults":[{"hash":"3769817c9fabe10d8ee19716818976f4a0fde5a6","messageTitle":"Add author tag to datetime parser in Time class","messageBody":"","fileTypesAndContributionMap":{"functional-code":{"insertions":2,"deletions":0}}}]},{"date":"2021-10-17","commitResults":[{"hash":"4aaefb25dd96d2579ac750852700c2d6127316ef","messageTitle":"Add find doctor, patient, activity","messageBody":"","fileTypesAndContributionMap":{"functional-code":{"insertions":770,"deletions":7},"other":{"insertions":6,"deletions":3},"docs":{"insertions":19,"deletions":8},"test-code":{"insertions":4,"deletions":2}}}]},{"date":"2021-10-19","commitResults":[{"hash":"70f4a532ac9574a117658147eefb2718b789f59e","messageTitle":"Add tests for find commands","messageBody":"","fileTypesAndContributionMap":{"functional-code":{"insertions":36,"deletions":94},"other":{"insertions":18,"deletions":11},"docs":{"insertions":1,"deletions":1},"test-code":{"insertions":1045,"deletions":41}}},{"hash":"c81cb7027b5f57690c9ed53f158cdb2a3a0a702b","messageTitle":"Remove whitespace","messageBody":"","fileTypesAndContributionMap":{"functional-code":{"insertions":1,"deletions":1},"docs":{"insertions":26,"deletions":26}}},{"hash":"4e79333d650d13f4ea005164f54b28450581da0d","messageTitle":"Fix checkstyle","messageBody":"","fileTypesAndContributionMap":{"functional-code":{"insertions":1,"deletions":1}}},{"hash":"a7cf74a199554e50c64dbd08ec2e8a986e011610","messageTitle":"Update FindActivityCommand","messageBody":"","fileTypesAndContributionMap":{"functional-code":{"insertions":2,"deletions":2}}},{"hash":"b078e111b107c68bbb1e2ff6f357a3ecb275371b","messageTitle":"Fix checkstyle indent issues","messageBody":"","fileTypesAndContributionMap":{"functional-code":{"insertions":111,"deletions":116},"test-code":{"insertions":3,"deletions":3}}},{"hash":"fe57d82cebff805826aa2dac6008c886d3f002bf","messageTitle":"Fix import order","messageBody":"","fileTypesAndContributionMap":{"functional-code":{"insertions":12,"deletions":9}}},{"hash":"55d05d81788736cb0c7ac49a9f93bbb89ab1f437","messageTitle":"Fix checkstyle","messageBody":"","fileTypesAndContributionMap":{"functional-code":{"insertions":5,"deletions":3}}},{"hash":"a81c3c8f01a05194d2e6788a457b9d54b0dcbb8b","messageTitle":"Fix checkstyle in test classes","messageBody":"","fileTypesAndContributionMap":{"test-code":{"insertions":65,"deletions":62}}},{"hash":"3cc48ea261889cf68b87572ed4a6f2a27d52482a","messageTitle":"Fix import order","messageBody":"","fileTypesAndContributionMap":{"test-code":{"insertions":28,"deletions":27}}},{"hash":"18c2b7e487cb4de43670d727544199dffa75109d","messageTitle":"Fix spacing errors","messageBody":"","fileTypesAndContributionMap":{"test-code":{"insertions":5,"deletions":6}}},{"hash":"9e0ea9e72255a1875e6341aceb071c4912ec65f7","messageTitle":"Fix checkstyle","messageBody":"","fileTypesAndContributionMap":{"test-code":{"insertions":2,"deletions":3}}},{"hash":"88a5e762dfecebebc39e6c368547d5172ed98654","messageTitle":"Fix checkstyle","messageBody":"","fileTypesAndContributionMap":{"test-code":{"insertions":1,"deletions":1}}},{"hash":"14186d7729e9a0a69ceff069020cde4b903ffe52","messageTitle":"Fix testcases","messageBody":"","fileTypesAndContributionMap":{"test-code":{"insertions":4,"deletions":4}}},{"hash":"69c49ea735aa34e5a35c80099067eea12ed7538e","messageTitle":"Fix checkstyle","messageBody":"","fileTypesAndContributionMap":{"test-code":{"insertions":1,"deletions":1}}}]},{"date":"2021-10-22","commitResults":[{"hash":"4fbe9d0cadb1593595b641d4a908c7dbf810f702","messageTitle":"Update AddressBookParserTest.java","messageBody":"","fileTypesAndContributionMap":{"test-code":{"insertions":1,"deletions":1}}},{"hash":"c2ace3c8a7de3ca3bb5ab56486277e4ddf5a3b26","messageTitle":"Add manual testing for find command (Dg-draft)","messageBody":"","fileTypesAndContributionMap":{"docs":{"insertions":16,"deletions":3}}}]},{"date":"2021-10-25","commitResults":[{"hash":"d36abafbc31b35a76cf18740d2b03b11d5a0d8eb","messageTitle":"Update DG with MSS for find command","messageBody":"","fileTypesAndContributionMap":{"docs":{"insertions":15,"deletions":0}}},{"hash":"ff0e8b0e43aee7a2674d30691ad9fc42ef319001","messageTitle":"Fix feedback message for find command","messageBody":"","fileTypesAndContributionMap":{"functional-code":{"insertions":8,"deletions":6}}},{"hash":"cca9f6dc5df494786e954b7b5534ff9960b5e3e7","messageTitle":"Fix MSS missing line","messageBody":"","fileTypesAndContributionMap":{"docs":{"insertions":8,"deletions":3}}}]},{"date":"2021-10-30","commitResults":[{"hash":"4f7cc0c0bb9f0b36761e3d9b884b445caf10928c","messageTitle":"Clean find command, intro","messageBody":"","fileTypesAndContributionMap":{"docs":{"insertions":41,"deletions":47}}}]}],"simonjulianl":[{"date":"2021-09-22","commitResults":[{"hash":"c28e5cb217e6b2161a44f06087c4d63da7d74ade","messageTitle":"Change pr template and update simon about us","messageBody":"","fileTypesAndContributionMap":{"docs":{"insertions":2,"deletions":0}}},{"hash":"9b6ed2f9de45c3736db4c8931da56ef0ea4dfe91","messageTitle":"Add simon picture and portfolio","messageBody":"","fileTypesAndContributionMap":{"docs":{"insertions":27,"deletions":13}}}]},{"date":"2021-09-24","commitResults":[{"hash":"05a44ff3285ef57c6c706fbfbb22ac9ad684943d","messageTitle":"Update profile pics in correct position due to tracker","messageBody":"","fileTypesAndContributionMap":{"docs":{"insertions":5,"deletions":5}}},{"hash":"34f3f5193b05bc3bc552897854b3a5bc7a98d67c","messageTitle":"Add User stories for DG","messageBody":"","fileTypesAndContributionMap":{"docs":{"insertions":210,"deletions":83}}},{"hash":"6c79c4ef90c0e55b548e4acbf6d3ab87bafaab6e","messageTitle":"Add add, delete and suggestion use cases","messageBody":"","fileTypesAndContributionMap":{"docs":{"insertions":37,"deletions":19}}},{"hash":"3f6622a002299d55a03982f2d0392f14bfd2a89c","messageTitle":"Add NFR and glossary","messageBody":"","fileTypesAndContributionMap":{"docs":{"insertions":20,"deletions":5}}},{"hash":"94c35a462dedbcecf5eaff58d8ba321c2f71531c","messageTitle":"Add user guide for listing activities","messageBody":"","fileTypesAndContributionMap":{"docs":{"insertions":56,"deletions":3}}},{"hash":"42da228f1f59ae07e34887f535669f20a67f7154","messageTitle":"Remove flavoured markdown on line 121","messageBody":"","fileTypesAndContributionMap":{"docs":{"insertions":73,"deletions":47}}},{"hash":"4dddf8d77c294f1fb2c9939d4edbdbbb98bc40a9","messageTitle":"Update the header of DG and UG","messageBody":"","fileTypesAndContributionMap":{"docs":{"insertions":37,"deletions":23}}}]},{"date":"2021-09-28","commitResults":[{"hash":"9d5d6a30ef9784f3c917603e01e32e2c676e80f5","messageTitle":"Change package name from seedu.addressbook to gomedic","messageBody":"","fileTypesAndContributionMap":{"other":{"insertions":809,"deletions":835},"docs":{"insertions":9,"deletions":9},"test-code":{"insertions":360,"deletions":417}}},{"hash":"6f8d87c6488e03579d32d451a09e6f689b4f8dba","messageTitle":"Fix checkstyle","messageBody":"","fileTypesAndContributionMap":{"functional-code":{"insertions":273,"deletions":244},"test-code":{"insertions":20,"deletions":21}}},{"hash":"ec4b6b41bc1fcc1529d7843118f2dde19bc81bf3","messageTitle":"Fix error in valid file with fx root","messageBody":"","fileTypesAndContributionMap":{"test-code":{"insertions":1,"deletions":1}}},{"hash":"580d1c3f632701de94b71a6fa219baee18e44cc2","messageTitle":"Finish checkstyle for test","messageBody":"","fileTypesAndContributionMap":{"test-code":{"insertions":345,"deletions":183}}},{"hash":"b2c8e13644f11778b94b4c17d930d804d1f613a8","messageTitle":"Change link of the UG","messageBody":"","fileTypesAndContributionMap":{"docs":{"insertions":1,"deletions":1}}}]},{"date":"2021-09-29","commitResults":[{"hash":"28be06644c3d70b05c0e4e45b4cb37cfcb6e4ccd","messageTitle":"Update addressbook.jar to gomedic.jar","messageBody":"","fileTypesAndContributionMap":{"other":{"insertions":2,"deletions":2}}},{"hash":"cb18702d280b174b0e0d013d7fbc56a1b7ff7977","messageTitle":"Update DG link to gomedic","messageBody":"","fileTypesAndContributionMap":{"functional-code":{"insertions":1,"deletions":1},"docs":{"insertions":60,"deletions":51}}},{"hash":"eeb31f3563e4f151ac737cbef566bb67fc37a268","messageTitle":"Clean up index.md","messageBody":"","fileTypesAndContributionMap":{"docs":{"insertions":19,"deletions":15}}},{"hash":"ab8a08532fcf70e4036c143361d5bf15581d0b9a","messageTitle":"Fix toc bug","messageBody":"","fileTypesAndContributionMap":{"docs":{"insertions":4,"deletions":2}}},{"hash":"5af337d85684aafb46bfa69b74141bd7f14d4727","messageTitle":"Finalize UG","messageBody":"","fileTypesAndContributionMap":{"docs":{"insertions":109,"deletions":61}}}]},{"date":"2021-09-30","commitResults":[{"hash":"bdc29e446915c550561f9f93141c27cd314a513f","messageTitle":"Update rama link in AboutUs","messageBody":"","fileTypesAndContributionMap":{"docs":{"insertions":1,"deletions":1}}},{"hash":"9ddda9a8e7477fc57e8e192f81754538cfdee46e","messageTitle":"Update docs/UserGuide.md","messageBody":"Co-authored-by: Yuhang \u003c48285332+yyhangz@users.noreply.github.com\u003e","fileTypesAndContributionMap":{"docs":{"insertions":1,"deletions":1}}},{"hash":"d2339063e2e729d9ce2a52bed3d5b1de18c4a4d7","messageTitle":"Update docs/UserGuide.md","messageBody":"Co-authored-by: Yuhang \u003c48285332+yyhangz@users.noreply.github.com\u003e","fileTypesAndContributionMap":{"docs":{"insertions":1,"deletions":1}}}]},{"date":"2021-10-01","commitResults":[{"hash":"4130fcea7a52fd4f2c9927f69877a30ebd193b09","messageTitle":"Add Id class and move classes to common fields","messageBody":"Signed-off-by: Simon Julian Lauw \u003csimonjulianl@u.nus.edu\u003e\n","fileTypesAndContributionMap":{"docs":{"insertions":9,"deletions":14}}},{"hash":"79aad3631a1cdcf6b29c2b940b7ff478e54af20a","messageTitle":"Add Id class and move classes to common fields","messageBody":"Signed-off-by: Simon Julian Lauw \u003csimonjulianl@u.nus.edu\u003e\n","fileTypesAndContributionMap":{"functional-code":{"insertions":27,"deletions":23},"other":{"insertions":13,"deletions":13},"test-code":{"insertions":29,"deletions":29}}},{"hash":"28dc12dffd371c5ee6b4a2f3ad870be8dbf75097","messageTitle":"Add test for Id","messageBody":"Signed-off-by: Simon Julian Lauw \u003csimonjulianl@u.nus.edu\u003e\n","fileTypesAndContributionMap":{"functional-code":{"insertions":64,"deletions":0},"test-code":{"insertions":54,"deletions":0}}},{"hash":"8125c9b2c20a29b0ad6b030455b5badbac0aa0ac","messageTitle":"Add activity id and its test","messageBody":"","fileTypesAndContributionMap":{"functional-code":{"insertions":51,"deletions":5},"test-code":{"insertions":45,"deletions":4}}},{"hash":"605261025d5d2c07b0155e76a674b32c345c7744","messageTitle":"Add more tests to id and activity test","messageBody":"","fileTypesAndContributionMap":{"test-code":{"insertions":40,"deletions":0}}}]},{"date":"2021-10-02","commitResults":[{"hash":"fb15be8e79f21a48940dad2058452b68071d3d82","messageTitle":"Update UG and add more tests for id","messageBody":"","fileTypesAndContributionMap":{"docs":{"insertions":18,"deletions":18}}},{"hash":"3a04de9c9e1daa327cb0c5fc61746908bad8200f","messageTitle":"Add time field and test","messageBody":"","fileTypesAndContributionMap":{"functional-code":{"insertions":110,"deletions":1},"test-code":{"insertions":88,"deletions":0}}},{"hash":"cfc14c0f1d739453aeb5c5df00454c1c56ce8d68","messageTitle":"Fix localized bug time error","messageBody":"","fileTypesAndContributionMap":{"functional-code":{"insertions":1,"deletions":1},"test-code":{"insertions":3,"deletions":3}}},{"hash":"248c65778f0743f749a093845777a312075d2cf1","messageTitle":"Fix checkstyle","messageBody":"","fileTypesAndContributionMap":{"functional-code":{"insertions":0,"deletions":1}}},{"hash":"2db0a6390bce9515676755f01092b0f178420cd3","messageTitle":"Update format to follow figma, except am/pm and st,nd,th","messageBody":"","fileTypesAndContributionMap":{"functional-code":{"insertions":1,"deletions":1},"test-code":{"insertions":2,"deletions":2}}}]},{"date":"2021-10-03","commitResults":[{"hash":"91a3ef4a25ef3cc5b1416e0912917e9b62b3b483","messageTitle":"Add desc title","messageBody":"","fileTypesAndContributionMap":{"functional-code":{"insertions":96,"deletions":0},"test-code":{"insertions":107,"deletions":0}}},{"hash":"a9dbcbf0985343e93952c03f7cc4045b497ca5be","messageTitle":"Add more test to cover 3 lines","messageBody":"","fileTypesAndContributionMap":{"test-code":{"insertions":6,"deletions":0}}},{"hash":"c93625aa21876ae2d93379c22b5c6c697b51c784","messageTitle":"Finish creating activity model","messageBody":"","fileTypesAndContributionMap":{"functional-code":{"insertions":149,"deletions":2},"test-code":{"insertions":167,"deletions":0}}},{"hash":"d05e1a5ed793a46c29f5bd9bbfaca01c38de5890","messageTitle":"Fix checkstyle","messageBody":"","fileTypesAndContributionMap":{"functional-code":{"insertions":1,"deletions":1},"test-code":{"insertions":1,"deletions":1}}},{"hash":"bb599d6493c82968f1fd0671ceae8c2f21dd5476","messageTitle":"Add test for exceptions","messageBody":"","fileTypesAndContributionMap":{"test-code":{"insertions":36,"deletions":0}}},{"hash":"51e1890692a514c051ce51e06daa939041474eab","messageTitle":"Add message testing for exceptions","messageBody":"","fileTypesAndContributionMap":{"functional-code":{"insertions":4,"deletions":0},"test-code":{"insertions":9,"deletions":0}}},{"hash":"640c26049858cd74791af2f38b8e2dcc58d4364d","messageTitle":"Integrate the activity model into address book","messageBody":"","fileTypesAndContributionMap":{"functional-code":{"insertions":254,"deletions":21},"other":{"insertions":2,"deletions":2},"test-code":{"insertions":421,"deletions":26}}},{"hash":"84772aa34536b6959afaa4e6f62b9e0efa359685","messageTitle":"Remove the activity from addressbook since the storage is not implemented yet","messageBody":"","fileTypesAndContributionMap":{"test-code":{"insertions":0,"deletions":4}}},{"hash":"e08d4dd58b4fc167f9079546e00e29038a62663d","messageTitle":"Fix checkStyle","messageBody":"","fileTypesAndContributionMap":{"test-code":{"insertions":0,"deletions":3}}},{"hash":"61341c667bb1c9d29ec50f196e8f6eebf4da194d","messageTitle":"Fix yuhang suggestion","messageBody":"","fileTypesAndContributionMap":{"functional-code":{"insertions":22,"deletions":18},"test-code":{"insertions":6,"deletions":6}}}]},{"date":"2021-10-06","commitResults":[{"hash":"62e7e192cf90caef6664f8d753f876857a63ea1c","messageTitle":"Add string for constructor id and finish json adapted activity","messageBody":"","fileTypesAndContributionMap":{"functional-code":{"insertions":144,"deletions":5},"test-code":{"insertions":39,"deletions":3}}},{"hash":"a19a9906ea215ff690ddbb19a881a583f35ce64c","messageTitle":"Extract the path into one root folder","messageBody":"","fileTypesAndContributionMap":{"functional-code":{"insertions":88,"deletions":50},"test-code":{"insertions":21,"deletions":11}}},{"hash":"a48b9db27d803ce785cf31ed2402543dd886d233","messageTitle":"Update all the path and tests regarding activity","messageBody":"","fileTypesAndContributionMap":{"functional-code":{"insertions":48,"deletions":69},"test-code":{"insertions":49,"deletions":27}}},{"hash":"9dc37090128f1686139112f4829e6c9d1e39e9b4","messageTitle":"Update src/main/java/gomedic/model/activity/ActivityId.java","messageBody":"Co-authored-by: Yuhang \u003c48285332+yyhangz@users.noreply.github.com\u003e","fileTypesAndContributionMap":{"functional-code":{"insertions":1,"deletions":1}}},{"hash":"f751ac455b8a940cdf4510e9a8b59ae5173f68da","messageTitle":"Update src/test/java/gomedic/model/activity/ActivityIdTest.java","messageBody":"Co-authored-by: Yuhang \u003c48285332+yyhangz@users.noreply.github.com\u003e","fileTypesAndContributionMap":{"test-code":{"insertions":1,"deletions":0}}},{"hash":"61e9de882791185f66bb9fc76dfb8f987f701eb2","messageTitle":"Remove all activities from the json","messageBody":"","fileTypesAndContributionMap":{"test-code":{"insertions":1,"deletions":0}}}]},{"date":"2021-10-07","commitResults":[{"hash":"afd01ea152621f91354c777e09953313459b181e","messageTitle":"Add more tests","messageBody":"","fileTypesAndContributionMap":{"functional-code":{"insertions":4,"deletions":8},"test-code":{"insertions":9,"deletions":0}}},{"hash":"5fcd2971ae4f51df9bff2a11a4ec107634b1581a","messageTitle":"fix checkstyle","messageBody":"","fileTypesAndContributionMap":{"functional-code":{"insertions":1,"deletions":1}}},{"hash":"e1885b2d61d62cea7e6edc5eb546b05e12ac17b9","messageTitle":"Fix id format test","messageBody":"","fileTypesAndContributionMap":{"test-code":{"insertions":1,"deletions":1}}}]},{"date":"2021-10-08","commitResults":[{"hash":"bb52951b920fb876b81bd9853916de7afdc4a100","messageTitle":"Add todo to DateTimeParser","messageBody":"","fileTypesAndContributionMap":{"functional-code":{"insertions":2,"deletions":2}}},{"hash":"0993c198c684d28de8234f1993de47a3e6f45c26","messageTitle":"Add time test and time parser","messageBody":"","fileTypesAndContributionMap":{"functional-code":{"insertions":147,"deletions":185},"other":{"insertions":48,"deletions":37},"test-code":{"insertions":45,"deletions":27}}},{"hash":"5b93f3d57411afcae00b9f115ee3fc77efe46e6d","messageTitle":"Integrate time and parser also the test","messageBody":"","fileTypesAndContributionMap":{"functional-code":{"insertions":17,"deletions":10},"test-code":{"insertions":21,"deletions":24}}},{"hash":"9ffe6dee7b6d5d616642be1860ea71e16b9cfce6","messageTitle":"Fix checkstyle","messageBody":"","fileTypesAndContributionMap":{"functional-code":{"insertions":7,"deletions":4},"other":{"insertions":16,"deletions":12},"test-code":{"insertions":69,"deletions":68}}},{"hash":"912938b8619407e5c5e1ff2194c54ccec08fa56f","messageTitle":"Add yuhangz suggestions","messageBody":"","fileTypesAndContributionMap":{"functional-code":{"insertions":1,"deletions":2}}}]},{"date":"2021-10-09","commitResults":[{"hash":"53df9f7b46b3ca0a88db20c0cdd3fd3f9c9485ac","messageTitle":"Add activity command, update models and model manager","messageBody":"","fileTypesAndContributionMap":{"functional-code":{"insertions":157,"deletions":24},"test-code":{"insertions":35,"deletions":2}}},{"hash":"80f7ae33e12b2272a3d0d8efe9ffcf4fc9eef2e4","messageTitle":"Finish adding activity command","messageBody":"","fileTypesAndContributionMap":{"functional-code":{"insertions":251,"deletions":71},"other":{"insertions":9,"deletions":4},"test-code":{"insertions":386,"deletions":1000}}},{"hash":"1adba0a11790249b978c37584d5061dc6245c113","messageTitle":"Finish suggestions","messageBody":"","fileTypesAndContributionMap":{"functional-code":{"insertions":1,"deletions":3},"docs":{"insertions":1,"deletions":1}}},{"hash":"93551b4da09de679dad6c98be96dc2fa93851948","messageTitle":"Add mores tests to logicManager","messageBody":"","fileTypesAndContributionMap":{"functional-code":{"insertions":18,"deletions":0},"test-code":{"insertions":86,"deletions":13}}},{"hash":"ea060e3a65f08e219e25a15c8e85f15335b386a8","messageTitle":"Add activity builder","messageBody":"","fileTypesAndContributionMap":{"test-code":{"insertions":24,"deletions":9}}},{"hash":"5df81e1a46541cd3b0568fe7b64c004662a3c30c","messageTitle":"Add back the deleted parser test","messageBody":"","fileTypesAndContributionMap":{"functional-code":{"insertions":3,"deletions":1},"test-code":{"insertions":1289,"deletions":1}}},{"hash":"7916308d430496627fd7a5f5c4272c984c3901d1","messageTitle":"Finish creating all the test cases","messageBody":"","fileTypesAndContributionMap":{"functional-code":{"insertions":7,"deletions":3},"test-code":{"insertions":104,"deletions":164}}},{"hash":"2e6e1abf95a006b9a36d5625ffb33f11c63672a8","messageTitle":"Fix conflict","messageBody":"","fileTypesAndContributionMap":{"functional-code":{"insertions":5,"deletions":15}}}]},{"date":"2021-10-10","commitResults":[{"hash":"ff3814235280325c462eee3e1ee880996646a546","messageTitle":"Add yuhanz suggestion to get new Id","messageBody":"","fileTypesAndContributionMap":{"functional-code":{"insertions":194,"deletions":39},"other":{"insertions":15,"deletions":9},"test-code":{"insertions":7,"deletions":7}}},{"hash":"1317b5f35650f91bb14b9e13373a4265744534fa","messageTitle":"Finish adding list t/activity command","messageBody":"","fileTypesAndContributionMap":{"functional-code":{"insertions":266,"deletions":95},"other":{"insertions":3,"deletions":4},"test-code":{"insertions":178,"deletions":63}}},{"hash":"4d3deea8ec71fd17a188aab0705fe01be27b50c2","messageTitle":"Add more test for max capacity test","messageBody":"","fileTypesAndContributionMap":{"test-code":{"insertions":37,"deletions":1}}}]},{"date":"2021-10-11","commitResults":[{"hash":"55d4ce8ab4284172329c4d42ce78733c4db300e7","messageTitle":"Fix bug black background","messageBody":"","fileTypesAndContributionMap":{"functional-code":{"insertions":19,"deletions":11}}},{"hash":"074c08e53fbe28647fddcc0793dcd4660fcfda79","messageTitle":"Add test for JsonAdaptedActivity","messageBody":"","fileTypesAndContributionMap":{"test-code":{"insertions":140,"deletions":0}}},{"hash":"da92c66d6b55433ac164e5092fca6d21f45d53ef","messageTitle":"Add delete activity command","messageBody":"","fileTypesAndContributionMap":{"functional-code":{"insertions":140,"deletions":2},"other":{"insertions":39,"deletions":31},"test-code":{"insertions":146,"deletions":20}}}]},{"date":"2021-10-12","commitResults":[{"hash":"b41f3f5c139aa14c810e24083482a4e649943653","messageTitle":"Show the model after its being added","messageBody":"","fileTypesAndContributionMap":{"functional-code":{"insertions":45,"deletions":33},"test-code":{"insertions":4,"deletions":4}}}]},{"date":"2021-10-15","commitResults":[{"hash":"a266c5369701742a1e195f95b7047cd8d7e2d695","messageTitle":"Finish adding edit activity","messageBody":"","fileTypesAndContributionMap":{"functional-code":{"insertions":353,"deletions":7},"test-code":{"insertions":532,"deletions":3}}},{"hash":"adedb2e5e853e41b747b26140370a24258cfb945","messageTitle":"Resolve type","messageBody":"","fileTypesAndContributionMap":{"functional-code":{"insertions":1,"deletions":1}}}]},{"date":"2021-10-17","commitResults":[{"hash":"c615c0710ced412060b942f2d194904b85ca6c4b","messageTitle":"Add basic table view","messageBody":"","fileTypesAndContributionMap":{"functional-code":{"insertions":110,"deletions":24}}},{"hash":"b69d32dbff36e62ed3500dade027b95939681cbc","messageTitle":"Make the screen fullscreen by default","messageBody":"","fileTypesAndContributionMap":{"functional-code":{"insertions":1,"deletions":1}}},{"hash":"056852fa12ccc0374b6d07dec2e3ab4f9b65c558","messageTitle":"Add lato font","messageBody":"","fileTypesAndContributionMap":{"functional-code":{"insertions":60,"deletions":47}}},{"hash":"bbb045f12b2015e448f1f39a005e558eebfa7b8b","messageTitle":"Finish basic table style","messageBody":"","fileTypesAndContributionMap":{"functional-code":{"insertions":45,"deletions":9}}},{"hash":"33750fd660e52c25489298d2178b2cb114dda6c4","messageTitle":"Finish styling activity table","messageBody":"","fileTypesAndContributionMap":{"functional-code":{"insertions":21,"deletions":2}}},{"hash":"fd8bb4e95c717ae4725704fedee444175ee9e448","messageTitle":"Finish the skin for input, feedback and scrollbar","messageBody":"","fileTypesAndContributionMap":{"functional-code":{"insertions":178,"deletions":21}}},{"hash":"46d8b3dd8f3435fe942a098e99a62d8a36ba8baa","messageTitle":"Fix extra dropshadow","messageBody":"","fileTypesAndContributionMap":{"functional-code":{"insertions":0,"deletions":1}}},{"hash":"7f2b67ca6ab10452c96cb4c06f537000f3e9b0f4","messageTitle":"Fix eof","messageBody":"","fileTypesAndContributionMap":{"functional-code":{"insertions":1,"deletions":1}}},{"hash":"02fc37f5eb88502bb385c083ddbcc09df67cf9fb","messageTitle":"Add sorting by time and check period for activities","messageBody":"","fileTypesAndContributionMap":{"functional-code":{"insertions":258,"deletions":35},"test-code":{"insertions":216,"deletions":39}}},{"hash":"ebdcf220145f4a87e8feb546f5dd6385d773355c","messageTitle":"Fix checkstyle","messageBody":"","fileTypesAndContributionMap":{"functional-code":{"insertions":13,"deletions":3},"test-code":{"insertions":2,"deletions":2}}}]},{"date":"2021-10-18","commitResults":[{"hash":"49b1caf39c4d9b6cd99bae8fd22a60b1343a2245","messageTitle":"Fix typo","messageBody":"","fileTypesAndContributionMap":{"functional-code":{"insertions":1,"deletions":2}}}]},{"date":"2021-10-20","commitResults":[{"hash":"cddee059c8cceb6ef356b257dee6ad7709d2065d","messageTitle":"Update UG table","messageBody":"","fileTypesAndContributionMap":{"docs":{"insertions":12,"deletions":40}}},{"hash":"d3e9b1b61da71d4437f64d65e45d0abeda1d8682","messageTitle":"Reformat the UG","messageBody":"","fileTypesAndContributionMap":{"docs":{"insertions":76,"deletions":77}}},{"hash":"c02ebc85c07f781eeed3bec4bef5b229cc91b1a9","messageTitle":"Fix the Priority in the DG","messageBody":"","fileTypesAndContributionMap":{"docs":{"insertions":35,"deletions":35}}}]},{"date":"2021-10-21","commitResults":[{"hash":"2ee01da583a909219b2d602555bd517fa121338d","messageTitle":"Add barebone of side window, fix default height and width","messageBody":"","fileTypesAndContributionMap":{"functional-code":{"insertions":153,"deletions":22}}},{"hash":"edae29504f1aa3de58aae7bf51ce85d668275aa8","messageTitle":"Finish sidebar","messageBody":"","fileTypesAndContributionMap":{"functional-code":{"insertions":118,"deletions":30}}},{"hash":"e9c50dadb1655d9ffbf991967057a507a8d2adcc","messageTitle":"Fix eof error","messageBody":"","fileTypesAndContributionMap":{"functional-code":{"insertions":1,"deletions":1}}},{"hash":"b4d88dd7345fb32a723b9bc66254963c293684ba","messageTitle":"Add basic referral pdf generator","messageBody":"","fileTypesAndContributionMap":{"functional-code":{"insertions":211,"deletions":4},"other":{"insertions":2,"deletions":1},"test-code":{"insertions":6,"deletions":1}}},{"hash":"f4ca7c49f45f9e6240c92cf21e4cfcedba703bc2","messageTitle":"Finish the pdf generator without profile integration","messageBody":"","fileTypesAndContributionMap":{"functional-code":{"insertions":126,"deletions":14}}},{"hash":"4d4a7a8f283009651d0c197e6caf53fb81c1dbdf","messageTitle":"Fix delete flag i in UG","messageBody":"","fileTypesAndContributionMap":{"docs":{"insertions":11,"deletions":11}}},{"hash":"1b002c36e8a9ff22f2ce20b86c2d967b93bf63b4","messageTitle":"Add referral command parser","messageBody":"","fileTypesAndContributionMap":{"functional-code":{"insertions":21,"deletions":0},"test-code":{"insertions":77,"deletions":0}}},{"hash":"4730d5383e090188bafc0fe843eb8eb8153d6b9a","messageTitle":"Add more tests, fix checkstyle","messageBody":"","fileTypesAndContributionMap":{"functional-code":{"insertions":16,"deletions":6},"test-code":{"insertions":126,"deletions":4}}},{"hash":"80997ea4861185b4517109eca72486034b592202","messageTitle":"Fix tests cos github keeps failing for path","messageBody":"","fileTypesAndContributionMap":{"test-code":{"insertions":11,"deletions":15}}},{"hash":"13635c99b8583ec915418c653a510b2565404ecb","messageTitle":"Add some logger lines","messageBody":"","fileTypesAndContributionMap":{"functional-code":{"insertions":4,"deletions":0}}},{"hash":"dfcdc403a356bd6552b104e90f501dc6ea6cb92f","messageTitle":"Enable assertion","messageBody":"","fileTypesAndContributionMap":{"other":{"insertions":4,"deletions":0}}},{"hash":"b7faf122d56510493ef5f5b026929376a48be264","messageTitle":"Fix eof error","messageBody":"","fileTypesAndContributionMap":{"other":{"insertions":1,"deletions":1}}},{"hash":"0ba166e7a2440278d556f19e0e81f0384cb60ce7","messageTitle":"Fix checkstyle","messageBody":"","fileTypesAndContributionMap":{"test-code":{"insertions":0,"deletions":3}}},{"hash":"8bf4d2c1818fe2d4925ca85aa9dba2708daf6f31","messageTitle":"Remove expected model","messageBody":"","fileTypesAndContributionMap":{"test-code":{"insertions":0,"deletions":2}}},{"hash":"c2cc65484629fdf0da3ff864fec8ba565471dffc","messageTitle":"Remove test to write, one is not able to write pdf in git machine","messageBody":"","fileTypesAndContributionMap":{"test-code":{"insertions":0,"deletions":24}}},{"hash":"9cf5cceab0450791da046a21f342e78d46f62c20","messageTitle":"Optimize imports","messageBody":"","fileTypesAndContributionMap":{"test-code":{"insertions":0,"deletions":1}}},{"hash":"f331cdbe1ac8802e5afa5d2b76f62732ee0a57ef","messageTitle":"Finish fixing UI bug of flowpane","messageBody":"","fileTypesAndContributionMap":{"functional-code":{"insertions":80,"deletions":54},"test-code":{"insertions":12,"deletions":13}}},{"hash":"3b26cfd08c8a3a8fbc4257c227fcc90a54a1e583","messageTitle":"Fix checkstyle","messageBody":"","fileTypesAndContributionMap":{"functional-code":{"insertions":3,"deletions":1}}}]},{"date":"2021-10-22","commitResults":[{"hash":"642cea73b6c1abffffecb19faa3d968ff7f5d46f","messageTitle":"Update UG for Referral Command","messageBody":"","fileTypesAndContributionMap":{"docs":{"insertions":261,"deletions":22}}},{"hash":"b42791d7e51dff97642a1025f511917668e2741c","messageTitle":"Extra # in dg","messageBody":"","fileTypesAndContributionMap":{"docs":{"insertions":1,"deletions":1}}},{"hash":"4d859a6411ad8eb8557833435c6a059468e9dcd6","messageTitle":"Add slight improvement to generate referral feature in dg","messageBody":"","fileTypesAndContributionMap":{"docs":{"insertions":17,"deletions":7}}},{"hash":"c6ee4fd2e670acfaa94b03d3e220c9e5d7cebf31","messageTitle":"Update DG","messageBody":"","fileTypesAndContributionMap":{"docs":{"insertions":9,"deletions":6}}},{"hash":"e653eb864d15cb6bef876b24c5439441da6a09a9","messageTitle":"Specified doctor mentioned twice","messageBody":"","fileTypesAndContributionMap":{"docs":{"insertions":1,"deletions":1}}}]},{"date":"2021-10-25","commitResults":[{"hash":"708a0496d04eb0dcc991db29c21f9f339b7949ed","messageTitle":"Fix medical bug if there is no condition","messageBody":"","fileTypesAndContributionMap":{"functional-code":{"insertions":4,"deletions":3}}},{"hash":"064f8d6b2db00bdd5f47f5142d86a9cb49110165","messageTitle":"Remove unused imports","messageBody":"","fileTypesAndContributionMap":{"functional-code":{"insertions":0,"deletions":1}}}]},{"date":"2021-10-26","commitResults":[{"hash":"3f68cb7078c086706cb637f87196f5eed7e6f79a","messageTitle":"Fix minor grammar mistake","messageBody":"","fileTypesAndContributionMap":{"functional-code":{"insertions":1,"deletions":1}}}]},{"date":"2021-10-27","commitResults":[{"hash":"42608b5f58c5cca5424ac7d5edaff1ea743497e6","messageTitle":"Fix prefix renaming for blood type and medical condition","messageBody":"","fileTypesAndContributionMap":{"functional-code":{"insertions":25,"deletions":25},"test-code":{"insertions":6,"deletions":6}}},{"hash":"7501e4c4dcca679cd24fea558ccade97ef3279b4","messageTitle":"Add examples data for patients and activity","messageBody":"","fileTypesAndContributionMap":{"functional-code":{"insertions":107,"deletions":0}}},{"hash":"7c5d11eaa5e2e2408372c029adb387d9ca937f4d","messageTitle":"Update command summary","messageBody":"","fileTypesAndContributionMap":{"docs":{"insertions":6,"deletions":5}}},{"hash":"d4f8fe4fd57354d1aa851a0341032c64274cd722","messageTitle":"Update ui activity","messageBody":"","fileTypesAndContributionMap":{"docs":{"insertions":3,"deletions":3}}},{"hash":"e6ba868a0aeeefef43d139ba354247b9f1ab5494","messageTitle":"Finish activity ug","messageBody":"","fileTypesAndContributionMap":{"docs":{"insertions":112,"deletions":16}}},{"hash":"318b9b404e2b91f0c0cf1bcf3f1e8c41b79cdfdf","messageTitle":"Finish adding appointment ug","messageBody":"","fileTypesAndContributionMap":{"docs":{"insertions":28,"deletions":11}}},{"hash":"49ee3ed79de6ba409ae61499ad43765cc0da3af5","messageTitle":"Delete duplicate activity UG","messageBody":"","fileTypesAndContributionMap":{"docs":{"insertions":8,"deletions":48}}},{"hash":"68bf070289a0311098365686244b0b2f980997be","messageTitle":"Finish delete activity UG","messageBody":"","fileTypesAndContributionMap":{"docs":{"insertions":21,"deletions":10}}}]},{"date":"2021-10-28","commitResults":[{"hash":"c7e40cc86432988caf9ff9c516862d952c6525c6","messageTitle":"Finish reorderding table and list activity","messageBody":"","fileTypesAndContributionMap":{"docs":{"insertions":45,"deletions":12}}},{"hash":"8fe8eb282c8340c30c72e7feeea7b85898bfb962","messageTitle":"add eof","messageBody":"","fileTypesAndContributionMap":{"docs":{"insertions":1,"deletions":1}}},{"hash":"4d71e9fd5efa58538851a0712ae025ef6a50df0a","messageTitle":"Fix bug","messageBody":"","fileTypesAndContributionMap":{"docs":{"insertions":44,"deletions":39}}},{"hash":"98d4bd1dc95dc235a5c24af9d66fed544586ae83","messageTitle":"Extra changes","messageBody":"","fileTypesAndContributionMap":{"docs":{"insertions":6,"deletions":5}}},{"hash":"136f5e674ab7a624981e9a911c6e8d59f6b35417","messageTitle":"add minor fix","messageBody":"","fileTypesAndContributionMap":{"docs":{"insertions":24,"deletions":20}}},{"hash":"e9520ef6428295957a7d767eccb7cabe0cc11eef","messageTitle":"Extra errors","messageBody":"","fileTypesAndContributionMap":{"docs":{"insertions":3,"deletions":2}}},{"hash":"99da573375f10c612871dee418506727d07b6c84","messageTitle":"Fix ug activity","messageBody":"","fileTypesAndContributionMap":{"docs":{"insertions":8,"deletions":12}}},{"hash":"f084dca80e24a890797aa3222ca717d6821a1ed8","messageTitle":"Bold header","messageBody":"","fileTypesAndContributionMap":{"docs":{"insertions":4,"deletions":4}}},{"hash":"98fac0d6ee02c32befed99c01ec503878b5d11e7","messageTitle":"Fix bug in edit activity, command doesn\u0027t catch command exception","messageBody":"","fileTypesAndContributionMap":{"functional-code":{"insertions":12,"deletions":5},"docs":{"insertions":71,"deletions":23}}},{"hash":"58d2f154e476436afda1f64af1205f144d8ff6cd","messageTitle":"edit docs","messageBody":"","fileTypesAndContributionMap":{"docs":{"insertions":11,"deletions":9}}},{"hash":"8919869ed4a7d3597036a5e682857ca1bf07844c","messageTitle":"Fix checkstyle","messageBody":"","fileTypesAndContributionMap":{"functional-code":{"insertions":2,"deletions":2}}}]},{"date":"2021-10-29","commitResults":[{"hash":"5a49e0165813431e1323282baf3f8c05dc8eb259","messageTitle":"Fix activity to doctor typos, also remove some page break to make it uniform such as no page break before example","messageBody":"","fileTypesAndContributionMap":{"docs":{"insertions":8,"deletions":18}}}]},{"date":"2021-10-30","commitResults":[{"hash":"c9960d19296b578ebb3290364d77377633c5c829","messageTitle":"Fix command bug","messageBody":"","fileTypesAndContributionMap":{"functional-code":{"insertions":11,"deletions":1},"docs":{"insertions":38,"deletions":8}}},{"hash":"99e495866b40f85059885cf3bd12097c4072022b","messageTitle":"Add improved ug on how to use the guide","messageBody":"","fileTypesAndContributionMap":{"functional-code":{"insertions":1,"deletions":4},"docs":{"insertions":82,"deletions":20}}},{"hash":"bdc97187f91519eab107e1bdc0b2e23f33b358b1","messageTitle":"Add sections of the user guide","messageBody":"","fileTypesAndContributionMap":{"docs":{"insertions":8,"deletions":0}}},{"hash":"cb5071eb7c5ea0540c44e9738815be34784c3414","messageTitle":"Fix checkstyle","messageBody":"","fileTypesAndContributionMap":{"functional-code":{"insertions":7,"deletions":1}}},{"hash":"8652d589ac9623e0b4de4e7384e231b9bd60107f","messageTitle":"Fix error tests","messageBody":"","fileTypesAndContributionMap":{"functional-code":{"insertions":3,"deletions":5},"test-code":{"insertions":8,"deletions":8}}},{"hash":"7a5cb00c2c00955dd40cf3ee2b4a9ef6747461b6","messageTitle":"Prevent selected row highlighting","messageBody":"","fileTypesAndContributionMap":{"functional-code":{"insertions":10,"deletions":9}}},{"hash":"49de16712d546644f4b766d45326fafa8b0b9d67","messageTitle":"Add acknowledgement","messageBody":"","fileTypesAndContributionMap":{"functional-code":{"insertions":5,"deletions":0}}},{"hash":"156734677e1bee16195cf8e9086e7edf3aa9e508","messageTitle":"Fix typo","messageBody":"","fileTypesAndContributionMap":{"docs":{"insertions":1,"deletions":1}}},{"hash":"57276d025384d8fc974261bd0cbfda31c76792e4","messageTitle":"Add case insensitive id","messageBody":"","fileTypesAndContributionMap":{"functional-code":{"insertions":7,"deletions":7}}},{"hash":"180652c2ae3b60870a03efcb5b92e39d5247a032","messageTitle":"Update ug","messageBody":"","fileTypesAndContributionMap":{"functional-code":{"insertions":1,"deletions":1},"docs":{"insertions":8,"deletions":11}}},{"hash":"d1dc878677c03a68440ce4b2eb41b6164da8be70","messageTitle":"Fix checkstyle","messageBody":"","fileTypesAndContributionMap":{"functional-code":{"insertions":9,"deletions":3}}}]},{"date":"2021-10-31","commitResults":[{"hash":"448f7a41cd17cf74567175015524ae27900d4e4a","messageTitle":"Fix addressbook data path, put all configs into data","messageBody":"","fileTypesAndContributionMap":{"functional-code":{"insertions":29,"deletions":3}}},{"hash":"7e2457ba683988be0c70254523839e5ec419ece2","messageTitle":"Fix the bug","messageBody":"","fileTypesAndContributionMap":{"functional-code":{"insertions":5,"deletions":10},"test-code":{"insertions":1,"deletions":1}}},{"hash":"b1b134e85d98d1b879bc5a7ca55b1299d738a753","messageTitle":"Change test cos of github","messageBody":"","fileTypesAndContributionMap":{"test-code":{"insertions":2,"deletions":1}}},{"hash":"72af850b572dbc3b5331d141d85cecc9f5add813","messageTitle":"Fix config test","messageBody":"","fileTypesAndContributionMap":{"test-code":{"insertions":0,"deletions":5}}},{"hash":"375f2d02e2a83abf7fa9c8e550f861695d856176","messageTitle":"Add resolver style strict to preveent leap year error","messageBody":"","fileTypesAndContributionMap":{"functional-code":{"insertions":10,"deletions":3},"test-code":{"insertions":1,"deletions":0}}},{"hash":"14d27686a96853eea569b00515b5cd704d438a03","messageTitle":"Fix time error","messageBody":"","fileTypesAndContributionMap":{"functional-code":{"insertions":30,"deletions":98},"test-code":{"insertions":1,"deletions":0}}},{"hash":"e7d29a8135f4647197d50cbf267b9b5167d7191e","messageTitle":"Fix bug","messageBody":"","fileTypesAndContributionMap":{"functional-code":{"insertions":14,"deletions":7}}},{"hash":"7546df7ca19c1d98c4fe589f18437461bfeca7cf","messageTitle":"Fix grammar error","messageBody":"","fileTypesAndContributionMap":{"functional-code":{"insertions":1,"deletions":1}}},{"hash":"f9759152d3aa0c9f379efa4db0f2721882e99c25","messageTitle":"Fix checkstyle","messageBody":"","fileTypesAndContributionMap":{"functional-code":{"insertions":1,"deletions":1}}},{"hash":"79ffbd33579de18bc14e3e4c62b551e5573567a5","messageTitle":"Fix some UG","messageBody":"","fileTypesAndContributionMap":{"docs":{"insertions":30,"deletions":5}}},{"hash":"2063e58a8acc9a1d2de4867bbf46da0a9be2842f","messageTitle":"Fix docu bug","messageBody":"","fileTypesAndContributionMap":{"docs":{"insertions":19,"deletions":10}}},{"hash":"e0f84715f4815715375d10db0f0e864f623dbf56","messageTitle":"Add linux docu bug","messageBody":"","fileTypesAndContributionMap":{"docs":{"insertions":1,"deletions":1}}},{"hash":"cf9396a3d2ba34efe35129ae788aa67d3010df45","messageTitle":"Missing prev and next command even though they are not commands","messageBody":"","fileTypesAndContributionMap":{"docs":{"insertions":1,"deletions":0}}},{"hash":"f8e3118737785d5467d91309d48ca9b50f7963bc","messageTitle":"Update FAQ","messageBody":"","fileTypesAndContributionMap":{"docs":{"insertions":6,"deletions":5}}},{"hash":"015b534084e6b4b54854d9083a48a08b6e09166b","messageTitle":"Reorder ug","messageBody":"","fileTypesAndContributionMap":{"docs":{"insertions":38,"deletions":43}}},{"hash":"62f98bc2c1d22c2480cb1932122fb0c25835c787","messageTitle":"Add page break","messageBody":"","fileTypesAndContributionMap":{"docs":{"insertions":12,"deletions":0}}},{"hash":"b723f9b8719496e7b643aae83897288d40cbaf6b","messageTitle":"Add responsive design for table","messageBody":"","fileTypesAndContributionMap":{"functional-code":{"insertions":109,"deletions":24}}},{"hash":"433a2bdd2cb7899163bb437cf47a2dcc9c226411","messageTitle":"Improve responsiveness of the table","messageBody":"","fileTypesAndContributionMap":{"functional-code":{"insertions":0,"deletions":5}}},{"hash":"3667d56e44350992a88c15476f4c929e793d099e","messageTitle":"Add bols","messageBody":"","fileTypesAndContributionMap":{"docs":{"insertions":10,"deletions":10}}}]},{"date":"2021-11-01","commitResults":[{"hash":"82512af35470a356c67f1e603199930291f6a65e","messageTitle":"Add logo","messageBody":"","fileTypesAndContributionMap":{"docs":{"insertions":47,"deletions":42}}},{"hash":"345df4baa65122b9e11dce9b05838fee5e2b678b","messageTitle":"Change height and width to fulfill 1280 x 720 constraint","messageBody":"","fileTypesAndContributionMap":{"functional-code":{"insertions":6,"deletions":4},"test-code":{"insertions":3,"deletions":3}}}]},{"date":"2021-11-02","commitResults":[{"hash":"b803336906e1b0a248c3ce13bdbed3887d787c6a","messageTitle":"Finish adding dev guide for ui","messageBody":"","fileTypesAndContributionMap":{"functional-code":{"insertions":0,"deletions":377},"docs":{"insertions":243,"deletions":118}}},{"hash":"57538921d35a7f1a2ba2de09288f3fc250555b91","messageTitle":"Fix eof errors","messageBody":"","fileTypesAndContributionMap":{"docs":{"insertions":3,"deletions":3}}},{"hash":"2403755fec2016a46179fa2e098b1a10f31b956d","messageTitle":"Add ui.png","messageBody":"","fileTypesAndContributionMap":{"docs":{"insertions":3,"deletions":1}}},{"hash":"7823fa9299ed59e7fe0799fd4428139b59845629","messageTitle":"Push fixes","messageBody":"","fileTypesAndContributionMap":{"docs":{"insertions":2,"deletions":14}}},{"hash":"3ec268d93673803884b823e8dcb4b0f30e5bdf48","messageTitle":"Remove the term for linux user","messageBody":"","fileTypesAndContributionMap":{"docs":{"insertions":1,"deletions":1}}},{"hash":"df2d54b895ef8567bd1506e53ce9a107d249e5b7","messageTitle":"Change Xyzcommand to xyztable","messageBody":"","fileTypesAndContributionMap":{"docs":{"insertions":1,"deletions":1}}},{"hash":"ea1c0f9274191e9930a7a0d59e9360fc07c78762","messageTitle":"Bolden some headers in ug","messageBody":"","fileTypesAndContributionMap":{"docs":{"insertions":2,"deletions":2}}},{"hash":"8c237de05d1db220209f37a2ac4a15840a80137a","messageTitle":"Update diagram","messageBody":"","fileTypesAndContributionMap":{"docs":{"insertions":1,"deletions":1}}},{"hash":"4de0a1fdab0872238920bace03f0d0c87810ccb7","messageTitle":"Add numbering","messageBody":"","fileTypesAndContributionMap":{"docs":{"insertions":47,"deletions":47}}},{"hash":"ae803a03a5b4dc3ab77cb12d58372c73ce921509","messageTitle":"Fix all the hyperlinks","messageBody":"","fileTypesAndContributionMap":{"docs":{"insertions":56,"deletions":56}}},{"hash":"1465b0bf59d00c3a32d9c1d224993438261cc5a4","messageTitle":"Try remove padding again","messageBody":"","fileTypesAndContributionMap":{"docs":{"insertions":11,"deletions":11}}},{"hash":"a69c2acbfb077efe338e471bb123512aa50fad8a","messageTitle":"Add page break","messageBody":"","fileTypesAndContributionMap":{"docs":{"insertions":43,"deletions":19}}},{"hash":"9da8c616ba196cd04881d7b79f82b4c538f9393b","messageTitle":"Add more page breaks","messageBody":"","fileTypesAndContributionMap":{"docs":{"insertions":18,"deletions":16}}},{"hash":"d183068b4ab8c327bf68672e5962f1415bf78e1f","messageTitle":"Add hyperlinks to toc","messageBody":"","fileTypesAndContributionMap":{"docs":{"insertions":62,"deletions":53}}}]},{"date":"2021-11-03","commitResults":[{"hash":"eacfe503a931dd869db5de071a5ee3839e4e7645","messageTitle":"Update role","messageBody":"","fileTypesAndContributionMap":{"docs":{"insertions":2,"deletions":2}}},{"hash":"205fb1d7963f4ad67a320fa625dc0a4b2f79278d","messageTitle":"Update the diagram about user profile","messageBody":"","fileTypesAndContributionMap":{"docs":{"insertions":59,"deletions":6}}},{"hash":"3a76fe6eddc04bd4e0e8069ba89b59c41186ee49","messageTitle":"Add Simon PPP","messageBody":"","fileTypesAndContributionMap":{"docs":{"insertions":35,"deletions":26}}},{"hash":"db073769e4d2f2606ac9c9f46adbb5721f3b32e3","messageTitle":"Update PPP to be less than 2 pages","messageBody":"","fileTypesAndContributionMap":{"docs":{"insertions":2,"deletions":5}}}]},{"date":"2021-11-04","commitResults":[{"hash":"b69852c2f053bbc1abdea7b568a978becc96998d","messageTitle":"Fix PPP to two pages simon","messageBody":"","fileTypesAndContributionMap":{"docs":{"insertions":4,"deletions":4}}},{"hash":"64cf32a0ceb07c36d8dbe726b352ba0c58600d74","messageTitle":"Update pr created","messageBody":"","fileTypesAndContributionMap":{"docs":{"insertions":1,"deletions":1}}}]},{"date":"2021-11-05","commitResults":[{"hash":"da9818b6ff90e18ad118a8f9fafd5581b85446a9","messageTitle":"Add more sample data","messageBody":"","fileTypesAndContributionMap":{"functional-code":{"insertions":36,"deletions":0}}},{"hash":"b62463fc2a6885c62aa21bf5110c883f031313f7","messageTitle":"Remove email address from about us","messageBody":"","fileTypesAndContributionMap":{"docs":{"insertions":0,"deletions":2}}}]},{"date":"2021-11-06","commitResults":[{"hash":"e57efcfed9f38ee872ea873d704f321fb5ad139a","messageTitle":"Remove undo redo feature","messageBody":"","fileTypesAndContributionMap":{"docs":{"insertions":0,"deletions":77}}},{"hash":"ee7bb2c820c301c60137aa5e6cbd0563c699f992","messageTitle":"Change name","messageBody":"","fileTypesAndContributionMap":{"functional-code":{"insertions":17,"deletions":17},"docs":{"insertions":1,"deletions":1},"test-code":{"insertions":1,"deletions":1}}},{"hash":"3de9c4f5bdc5f7230e45cad51a7f3f3c2c533d9f","messageTitle":"Add effort","messageBody":"","fileTypesAndContributionMap":{"docs":{"insertions":33,"deletions":3}}},{"hash":"0828bb1c05d573bae15cdd57de2c4f4916adff33","messageTitle":"Add more manual testing","messageBody":"","fileTypesAndContributionMap":{"docs":{"insertions":58,"deletions":13}}},{"hash":"e25ea50a96c897862938025e47b1f115ae4c4828","messageTitle":"Fix bug and bolden prereqs","messageBody":"","fileTypesAndContributionMap":{"docs":{"insertions":4,"deletions":5}}},{"hash":"8ab52af3eb862d8e4bf60111f57eb5189d851b4d","messageTitle":"Write more stuffs for effort","messageBody":"","fileTypesAndContributionMap":{"docs":{"insertions":20,"deletions":3}}},{"hash":"ba866d915e88743dbda96473f45f24375ca79ee8","messageTitle":"Update break","messageBody":"","fileTypesAndContributionMap":{"docs":{"insertions":2,"deletions":2}}},{"hash":"d63ce38c6016b973d23ce3cd1ed613e9d0af9e97","messageTitle":"Fix bug add view for command summary","messageBody":"","fileTypesAndContributionMap":{"docs":{"insertions":1,"deletions":1}}},{"hash":"1446dd4f04c7dcdab9d992345d5df4ea453e97ef","messageTitle":"Add more inspiration","messageBody":"","fileTypesAndContributionMap":{"docs":{"insertions":1,"deletions":0}}}]}],"yyhangz":[{"date":"2021-09-23","commitResults":[{"hash":"ffc96dd590c481435739578f31d4c07c013bd40e","messageTitle":"Rename Simon\u0027s developer picture to github username","messageBody":"","fileTypesAndContributionMap":{"docs":{"insertions":1,"deletions":1}}},{"hash":"8f9d1b23f5483133dc5cb65d315f4de382a71231","messageTitle":"Add Yuhang portfolio and image","messageBody":"","fileTypesAndContributionMap":{"docs":{"insertions":13,"deletions":0}}},{"hash":"43601b4cdad22141a8d8bc274be916cffab464aa","messageTitle":"Add Yuhang\u0027s profile in aboutUs","messageBody":"","fileTypesAndContributionMap":{"docs":{"insertions":4,"deletions":4}}}]},{"date":"2021-09-24","commitResults":[{"hash":"15d8c7a4bb6115a2c107b752134d9b69f67075f7","messageTitle":"Add find and tag command specifications to UG","messageBody":"","fileTypesAndContributionMap":{"docs":{"insertions":65,"deletions":4}}},{"hash":"6577277c5f8ae2521db37d957334a76f8cd6608d","messageTitle":"Fix spacing issue of find command in User Guide","messageBody":"","fileTypesAndContributionMap":{"docs":{"insertions":4,"deletions":4}}},{"hash":"0a324dbe2a66a99808f8aa72bd0ba6e082d5a7cb","messageTitle":"Fix typos in find command in User Guide","messageBody":"","fileTypesAndContributionMap":{"docs":{"insertions":3,"deletions":3}}},{"hash":"b2f9eaad5b70180e1edfea77d41838bb1b7985c5","messageTitle":"Fix typos in find command in User Guide","messageBody":"","fileTypesAndContributionMap":{"docs":{"insertions":1,"deletions":1}}}]},{"date":"2021-10-03","commitResults":[{"hash":"1a3e113d8dac71624e4ca59f62a8eebcb68d9544","messageTitle":"Update prefix for phone number parameter","messageBody":"","fileTypesAndContributionMap":{"docs":{"insertions":16,"deletions":16}}},{"hash":"ab807c3f98da2a0d8bfc732765b5a84751c20bab","messageTitle":"Add basic design for Doctor class","messageBody":"","fileTypesAndContributionMap":{"functional-code":{"insertions":357,"deletions":0}}},{"hash":"8ca1e5efe1941adde45917902a81a386c98ca196","messageTitle":"Fix checkstyle issues","messageBody":"","fileTypesAndContributionMap":{"functional-code":{"insertions":5,"deletions":2}}}]},{"date":"2021-10-05","commitResults":[{"hash":"8d6444b04435ec0b174f214580c5a5d2711ab0b5","messageTitle":"Add Simon suggestions","messageBody":"","fileTypesAndContributionMap":{"functional-code":{"insertions":58,"deletions":9}}},{"hash":"1ed78dec326217b733a921b49fce9921de2d23d2","messageTitle":"Fix checkstyle","messageBody":"","fileTypesAndContributionMap":{"functional-code":{"insertions":2,"deletions":2}}}]},{"date":"2021-10-06","commitResults":[{"hash":"d3dbc8e76ac4c36da1a08df4e2f3f38d23fce30c","messageTitle":"Create tests for Doctor, DoctorId and Department","messageBody":"","fileTypesAndContributionMap":{"functional-code":{"insertions":6,"deletions":7},"test-code":{"insertions":240,"deletions":0}}},{"hash":"bbc56d4e63a7fafda92c4985c05c395ea86d253e","messageTitle":"Create test for abstract person class","messageBody":"","fileTypesAndContributionMap":{"functional-code":{"insertions":1,"deletions":1},"test-code":{"insertions":141,"deletions":2}}}]},{"date":"2021-10-07","commitResults":[{"hash":"4c061d3a67f552f455a594fe75cd6c0a668576fd","messageTitle":"Add tests for gomedic UniqueAbstractPersonList","messageBody":"","fileTypesAndContributionMap":{"functional-code":{"insertions":4,"deletions":5},"test-code":{"insertions":275,"deletions":0}}},{"hash":"91c438c36875f4fa3d266700f1f021d1eba12308","messageTitle":"Change tests to reflect changes for isSamePerson method","messageBody":"","fileTypesAndContributionMap":{"test-code":{"insertions":34,"deletions":43}}},{"hash":"382bb9ec65bc8e4d92d06ce337cb2992326939d9","messageTitle":"Add Simon suggestions","messageBody":"","fileTypesAndContributionMap":{"functional-code":{"insertions":12,"deletions":38},"test-code":{"insertions":15,"deletions":87}}}]},{"date":"2021-10-09","commitResults":[{"hash":"203fca2c467e805a963569f7e4f19a9fbedf014e","messageTitle":"Create storage related functions and tests for Doctor","messageBody":"","fileTypesAndContributionMap":{"functional-code":{"insertions":219,"deletions":8},"test-code":{"insertions":246,"deletions":10}}},{"hash":"29a8dbf5b362db8d115494cf85685825b45f7bc2","messageTitle":"Fix Simon suggestions","messageBody":"","fileTypesAndContributionMap":{"functional-code":{"insertions":1,"deletions":12}}},{"hash":"9cb89056ad09a518490114c3f30374cba0f847fc","messageTitle":"Change unique person list to use generic types","messageBody":"","fileTypesAndContributionMap":{"functional-code":{"insertions":37,"deletions":30},"test-code":{"insertions":18,"deletions":19}}}]},{"date":"2021-10-10","commitResults":[{"hash":"c76325c3c6edab745ea8bde24261a07245134f45","messageTitle":"Create add command for doctor","messageBody":"","fileTypesAndContributionMap":{"functional-code":{"insertions":258,"deletions":1},"test-code":{"insertions":588,"deletions":225}}},{"hash":"a96b1f7a9f66ebf58c4bfe267a0fe5cce7fea5e6","messageTitle":"Change AddDoctorCommand to assign the first available id to a new doctor","messageBody":"","fileTypesAndContributionMap":{"functional-code":{"insertions":69,"deletions":9},"docs":{"insertions":7,"deletions":7},"test-code":{"insertions":214,"deletions":7}}}]},{"date":"2021-10-11","commitResults":[{"hash":"fd97ca2a2adc8c141486a52bf5c9bf52795e4cc2","messageTitle":"Add list command for doctor","messageBody":"","fileTypesAndContributionMap":{"functional-code":{"insertions":239,"deletions":21},"test-code":{"insertions":69,"deletions":7}}},{"hash":"66f0cdb8d0de3b0be1436b6dfaf6fabcef85d284","messageTitle":"Create delete command for doctors","messageBody":"","fileTypesAndContributionMap":{"functional-code":{"insertions":114,"deletions":7},"test-code":{"insertions":102,"deletions":1}}},{"hash":"d800899a8e1676b85fa13da6b754fda00c8e33a2","messageTitle":"Fix checkstyle errors","messageBody":"","fileTypesAndContributionMap":{"functional-code":{"insertions":1,"deletions":2},"test-code":{"insertions":2,"deletions":4}}}]},{"date":"2021-10-14","commitResults":[{"hash":"300620797f28091baed22766064fc44f7dae3a3c","messageTitle":"Refactor AbstractPerson class as person and remove original ab3 implementation","messageBody":"","fileTypesAndContributionMap":{"functional-code":{"insertions":257,"deletions":1419},"test-code":{"insertions":564,"deletions":2186}}},{"hash":"a7c691cbdbc261b8009b6b46e057e55d51467e21","messageTitle":"Fix typo","messageBody":"","fileTypesAndContributionMap":{"functional-code":{"insertions":1,"deletions":2}}},{"hash":"def3d3fd112853513f60ffbedf2c5c7b9514cb67","messageTitle":"Fix Simon comments","messageBody":"","fileTypesAndContributionMap":{"functional-code":{"insertions":35,"deletions":16},"other":{"insertions":10,"deletions":0},"test-code":{"insertions":39,"deletions":30}}},{"hash":"e4871f3f9b039641359ade4b67955be46b6821a2","messageTitle":"Fix typo","messageBody":"","fileTypesAndContributionMap":{"functional-code":{"insertions":1,"deletions":1}}},{"hash":"dd90fd481520215914f2207c447e6f579c06653d","messageTitle":"Add edit doctor command","messageBody":"","fileTypesAndContributionMap":{"functional-code":{"insertions":4,"deletions":3},"other":{"insertions":104,"deletions":82},"test-code":{"insertions":16,"deletions":15}}},{"hash":"14730fcdd4a6062a63ce47a6664b3582b5bef79c","messageTitle":"Update javadoc comment","messageBody":"","fileTypesAndContributionMap":{"functional-code":{"insertions":2,"deletions":2}}},{"hash":"adfabe6606c89ff795fea95ca3b679b27c25b0c7","messageTitle":"Abstract out shared variables for more reusability","messageBody":"","fileTypesAndContributionMap":{"functional-code":{"insertions":34,"deletions":17},"other":{"insertions":0,"deletions":10},"docs":{"insertions":10,"deletions":10}}}]},{"date":"2021-10-18","commitResults":[{"hash":"c48fdddd48f2b7279cc994870b5280870626affe","messageTitle":"Create new doctor table ui","messageBody":"","fileTypesAndContributionMap":{"functional-code":{"insertions":90,"deletions":6}}},{"hash":"1108a4a30214a5686d0f08e30d117a12398634f7","messageTitle":"Fix style issues","messageBody":"","fileTypesAndContributionMap":{"functional-code":{"insertions":12,"deletions":11}}}]},{"date":"2021-10-21","commitResults":[{"hash":"218410133a180d8ba28cc6a05cf780a858a2d6f5","messageTitle":"Implement user profile","messageBody":"","fileTypesAndContributionMap":{"functional-code":{"insertions":441,"deletions":4},"test-code":{"insertions":43,"deletions":0}}},{"hash":"d0671c3d76c530d306e86e2513efda945c8ca6ef","messageTitle":"Add user profile related tests","messageBody":"","fileTypesAndContributionMap":{"functional-code":{"insertions":5,"deletions":4},"test-code":{"insertions":488,"deletions":1}}},{"hash":"0ba70753269c8e8456f3e31412a47204469bf0fd","messageTitle":"Change ObservableUserProfile to return copy of object","messageBody":"","fileTypesAndContributionMap":{"functional-code":{"insertions":4,"deletions":1}}},{"hash":"3f394024e10d0e73a687e6fb572f311ef7b4ce8f","messageTitle":"Fix comments","messageBody":"","fileTypesAndContributionMap":{"functional-code":{"insertions":6,"deletions":9}}},{"hash":"7cfdf7377281e887622ee8bce7846b9ed531636b","messageTitle":"Add organization and position classes for user profile","messageBody":"","fileTypesAndContributionMap":{"functional-code":{"insertions":116,"deletions":0},"test-code":{"insertions":108,"deletions":0}}},{"hash":"a81ad62eb78c02ab706edc2f14fc66e4ea65eb7d","messageTitle":"Integrate user profile with Side Window UI","messageBody":"","fileTypesAndContributionMap":{"functional-code":{"insertions":183,"deletions":66},"test-code":{"insertions":231,"deletions":67}}},{"hash":"93caf2a12b27a6e9e06131e45bddfea9393b67af","messageTitle":"Fix StatusBarFooter fxml","messageBody":"","fileTypesAndContributionMap":{"functional-code":{"insertions":0,"deletions":4}}},{"hash":"dac908c837e9d22a3b918d2b83e14397373e523a","messageTitle":"Change default profile values","messageBody":"","fileTypesAndContributionMap":{"functional-code":{"insertions":4,"deletions":4}}},{"hash":"65b4da10a82c471ba9d3a4d5fa99938ae0e69e41","messageTitle":"Fix imports","messageBody":"","fileTypesAndContributionMap":{"functional-code":{"insertions":1,"deletions":1},"test-code":{"insertions":1,"deletions":1}}}]},{"date":"2021-10-22","commitResults":[{"hash":"cab3b4945604bdd5d94952a8009efc248f77607b","messageTitle":"Fix user guide typo and handle bad user profile storage","messageBody":"","fileTypesAndContributionMap":{"functional-code":{"insertions":9,"deletions":1},"docs":{"insertions":62,"deletions":36}}},{"hash":"f556536af666080a3bfbbf4d9f1f18de532307f8","messageTitle":"Fix UG summary typo","messageBody":"","fileTypesAndContributionMap":{"docs":{"insertions":1,"deletions":1}}}]},{"date":"2021-10-23","commitResults":[{"hash":"f489cae89a2c868c1c5108470cd65e9d6c9444df","messageTitle":"Update DG with profile command implementation","messageBody":"","fileTypesAndContributionMap":{"docs":{"insertions":96,"deletions":0}}},{"hash":"8a5c028a8b3127ce09cbc6d2ecaf53d20be62c3e","messageTitle":"Fix eof error","messageBody":"","fileTypesAndContributionMap":{"docs":{"insertions":1,"deletions":1}}}]},{"date":"2021-10-27","commitResults":[{"hash":"3fcd0bd2b7e9b62acde2cc79fbea0ada0ec1a74b","messageTitle":"Update minor changes in UG for doctor related commands","messageBody":"","fileTypesAndContributionMap":{"docs":{"insertions":10,"deletions":24}}}]},{"date":"2021-10-28","commitResults":[{"hash":"b4e70340f97e78326b463d43d065af628641cb49","messageTitle":"Update doctor commands format","messageBody":"","fileTypesAndContributionMap":{"docs":{"insertions":50,"deletions":8}}},{"hash":"8d2a016342529c18745ce6914ca404469f859eba","messageTitle":"Add tutorial for doctor commands in UG","messageBody":"","fileTypesAndContributionMap":{"docs":{"insertions":90,"deletions":54}}},{"hash":"63611ce35412077046393a8c5a6ae33ca527c6b4","messageTitle":"Edit grammar","messageBody":"","fileTypesAndContributionMap":{"docs":{"insertions":3,"deletions":3}}}]},{"date":"2021-10-30","commitResults":[{"hash":"2468364835b298cebe07148921bde6a379e72143","messageTitle":"Fix UG bugs and inconsistencies","messageBody":"","fileTypesAndContributionMap":{"docs":{"insertions":14,"deletions":13}}},{"hash":"a55fa84c5b13f79fdac419dfe8177ba8c3a5bf6b","messageTitle":"Fix css for non-edge columns","messageBody":"","fileTypesAndContributionMap":{"functional-code":{"insertions":3,"deletions":7}}},{"hash":"8049c33ba0d6797976dd21f2f3d6c553da39f7e6","messageTitle":"Fix bug where clear/type clears the user profile as well","messageBody":"","fileTypesAndContributionMap":{"functional-code":{"insertions":3,"deletions":0}}}]},{"date":"2021-10-31","commitResults":[{"hash":"600f4451c164fb55820c1833864bb4abfcd2b9c7","messageTitle":"Update phone constraint in feedback box and UG","messageBody":"","fileTypesAndContributionMap":{"functional-code":{"insertions":1,"deletions":1},"docs":{"insertions":8,"deletions":4}}}]},{"date":"2021-11-03","commitResults":[{"hash":"3443dd0571c0672c792fe5763cb2ce32491bc69e","messageTitle":"Update Storage portion of DG","messageBody":"","fileTypesAndContributionMap":{"docs":{"insertions":40,"deletions":16}}},{"hash":"ea26bc5d2d158ca00c58e9014b0d5bc714c610fd","messageTitle":"Fix div block md type","messageBody":"","fileTypesAndContributionMap":{"docs":{"insertions":3,"deletions":6}}}]},{"date":"2021-11-04","commitResults":[{"hash":"ba8d1ad94a470654947517d256169599936f7aff","messageTitle":"Create Yuhang PPP","messageBody":"","fileTypesAndContributionMap":{"docs":{"insertions":79,"deletions":15}}},{"hash":"86eeba86a79d9480e0957a3d47d0999beb3d474f","messageTitle":"Edit yuhang ppp","messageBody":"","fileTypesAndContributionMap":{"docs":{"insertions":1,"deletions":3}}},{"hash":"a1fe590dcf1fae810a47862457e5d1dd7e738d94","messageTitle":"Edit yuhang ppp","messageBody":"","fileTypesAndContributionMap":{"docs":{"insertions":1,"deletions":1}}},{"hash":"b69df5236375c5ea7c5c0263ad82511297d54b84","messageTitle":"Fix EOF newline error","messageBody":"","fileTypesAndContributionMap":{"docs":{"insertions":2,"deletions":1}}},{"hash":"36d07562fcdf66f0ad959d78120bcc8ee8a31806","messageTitle":"Edit yuhang ppp","messageBody":"","fileTypesAndContributionMap":{"docs":{"insertions":1,"deletions":0}}},{"hash":"dbb8470340b2832f99ac2cd3f2060a64ccca129d","messageTitle":"Fix EOF newline error","messageBody":"","fileTypesAndContributionMap":{"docs":{"insertions":0,"deletions":2}}}]},{"date":"2021-11-06","commitResults":[{"hash":"85cc264d363af87d6877444fbd2ab6c011cf5fbc","messageTitle":"Fix grammar and outdated links","messageBody":"","fileTypesAndContributionMap":{"docs":{"insertions":116,"deletions":113}}},{"hash":"c461d74c7310127c09e5f0920f367178cff5e0ae","messageTitle":"Fix capitalization","messageBody":"","fileTypesAndContributionMap":{"docs":{"insertions":1,"deletions":1}}}]}]},"authorFileTypeContributionMap":{"ngsengleng":{"docs":251,"functional-code":721,"test-code":591,"other":1},"radiankrisno":{"docs":381,"functional-code":2366,"test-code":3026},"ramaven":{"docs":78,"functional-code":807,"test-code":1008},"simonjulianl":{"docs":1378,"functional-code":3975,"test-code":3530,"other":13},"yyhangz":{"docs":429,"functional-code":1922,"test-code":2787}},"authorContributionVariance":{"ngsengleng":19226.7,"radiankrisno":175252.84,"ramaven":74974.44,"simonjulianl":557270.4,"yyhangz":540761.6},"authorDisplayNameMap":{"ngsengleng":"CS2103T-T15-1 NG S..LENG","radiankrisno":"CS2103T-T15-1 RADI..ISNO","ramaven":"CS2103T-T15-1 RAMA..TESH","simonjulianl":"CS2103T-T15-1 SIMO..LAUW","yyhangz":"CS2103T-T15-1 YAP ..HANG"}}
