{"authorDailyContributionsMap":{"ngsengleng":[{"date":"2021-09-23","commitResults":[{"hash":"353de9bb9197b9c3fd839d22ba00c0f83b3c0a7d","messageTitle":"Add Seng Leng portfolio and image","messageBody":"","fileTypesAndContributionMap":{"docs":{"insertions":15,"deletions":3}}},{"hash":"69f35aec0efa9ebceaba47a7c88e8166ba3bfcd5","messageTitle":"Update AboutUs.md","messageBody":"","fileTypesAndContributionMap":{"docs":{"insertions":1,"deletions":1}}}]},{"date":"2021-09-26","commitResults":[{"hash":"302fd6a3f144ab8c2ca155029330bec1eb8fbffb","messageTitle":"Modify user guide to include suggestions and help, fix table formatting for summary","messageBody":"","fileTypesAndContributionMap":{"docs":{"insertions":13,"deletions":14}}}]}],"radiankrisno":[{"date":"2021-09-22","commitResults":[{"hash":"28766b6d9896b5019143b80d139f944db231e359","messageTitle":"Update AboutUs with radiankrisno information","messageBody":"","fileTypesAndContributionMap":{"docs":{"insertions":18,"deletions":6}}},{"hash":"5dcaff8169670622b7eb4349f4feabcb6572995e","messageTitle":"Update readme","messageBody":"","fileTypesAndContributionMap":{"docs":{"insertions":14,"deletions":11}}},{"hash":"24ba5ea45d7691211edd983feba5260d489ff2b3","messageTitle":"Remove trailing whitespace","messageBody":"","fileTypesAndContributionMap":{"docs":{"insertions":3,"deletions":2}}},{"hash":"106f0e194df688894bcb08ba70e42e591b6bb6f1","messageTitle":"Add newline","messageBody":"","fileTypesAndContributionMap":{"docs":{"insertions":0,"deletions":1}}},{"hash":"8b08fa72b4b5ee13c9f862055edd77b0dc56a676","messageTitle":"Repair link","messageBody":"","fileTypesAndContributionMap":{"docs":{"insertions":1,"deletions":1}}}]},{"date":"2021-09-24","commitResults":[{"hash":"84ace924e3b764f386ff9b9b79a18fcd8f586fc7","messageTitle":"Add user guide for patients and doctors CRUD operations","messageBody":"","fileTypesAndContributionMap":{"docs":{"insertions":112,"deletions":74}}}]},{"date":"2021-09-25","commitResults":[{"hash":"1f863044752d632a5fc028c91618241ac74a3c40","messageTitle":"PR Fixes","messageBody":"","fileTypesAndContributionMap":{"docs":{"insertions":40,"deletions":41}}},{"hash":"9fb633a76a56f4efe435a5aa31c07dadb52be7fe","messageTitle":"Add optional flags header","messageBody":"","fileTypesAndContributionMap":{"docs":{"insertions":2,"deletions":0}}},{"hash":"a1feb3d0e243f9f54dfe1566a5aa033fbb9c34d4","messageTitle":"Update optional flag notation","messageBody":"","fileTypesAndContributionMap":{"docs":{"insertions":2,"deletions":2}}},{"hash":"efece29e674dc6b77f4dc85c47b27794f493f928","messageTitle":"Change optional_flag to optional_parameter","messageBody":"","fileTypesAndContributionMap":{"docs":{"insertions":2,"deletions":2}}}]}],"ramaven":[],"simonjulianl":[{"date":"2021-09-22","commitResults":[{"hash":"c28e5cb217e6b2161a44f06087c4d63da7d74ade","messageTitle":"Change pr template and update simon about us","messageBody":"","fileTypesAndContributionMap":{"docs":{"insertions":2,"deletions":0}}},{"hash":"9b6ed2f9de45c3736db4c8931da56ef0ea4dfe91","messageTitle":"Add simon picture and portfolio","messageBody":"","fileTypesAndContributionMap":{"docs":{"insertions":27,"deletions":13}}}]},{"date":"2021-09-24","commitResults":[{"hash":"05a44ff3285ef57c6c706fbfbb22ac9ad684943d","messageTitle":"Update profile pics in correct position due to tracker","messageBody":"","fileTypesAndContributionMap":{"docs":{"insertions":5,"deletions":5}}},{"hash":"34f3f5193b05bc3bc552897854b3a5bc7a98d67c","messageTitle":"Add User stories for DG","messageBody":"","fileTypesAndContributionMap":{"docs":{"insertions":210,"deletions":83}}},{"hash":"6c79c4ef90c0e55b548e4acbf6d3ab87bafaab6e","messageTitle":"Add add, delete and suggestion use cases","messageBody":"","fileTypesAndContributionMap":{"docs":{"insertions":37,"deletions":19}}},{"hash":"3f6622a002299d55a03982f2d0392f14bfd2a89c","messageTitle":"Add NFR and glossary","messageBody":"","fileTypesAndContributionMap":{"docs":{"insertions":20,"deletions":5}}},{"hash":"94c35a462dedbcecf5eaff58d8ba321c2f71531c","messageTitle":"Add user guide for listing activities","messageBody":"","fileTypesAndContributionMap":{"docs":{"insertions":56,"deletions":3}}},{"hash":"42da228f1f59ae07e34887f535669f20a67f7154","messageTitle":"Remove flavoured markdown on line 121","messageBody":"","fileTypesAndContributionMap":{"docs":{"insertions":73,"deletions":47}}},{"hash":"4dddf8d77c294f1fb2c9939d4edbdbbb98bc40a9","messageTitle":"Update the header of DG and UG","messageBody":"","fileTypesAndContributionMap":{"docs":{"insertions":37,"deletions":23}}}]}],"yyhangz":[{"date":"2021-09-23","commitResults":[{"hash":"ffc96dd590c481435739578f31d4c07c013bd40e","messageTitle":"Rename Simon\u0027s developer picture to github username","messageBody":"","fileTypesAndContributionMap":{"docs":{"insertions":1,"deletions":1}}},{"hash":"8f9d1b23f5483133dc5cb65d315f4de382a71231","messageTitle":"Add Yuhang portfolio and image","messageBody":"","fileTypesAndContributionMap":{"docs":{"insertions":13,"deletions":0}}},{"hash":"43601b4cdad22141a8d8bc274be916cffab464aa","messageTitle":"Add Yuhang\u0027s profile in aboutUs","messageBody":"","fileTypesAndContributionMap":{"docs":{"insertions":4,"deletions":4}}}]},{"date":"2021-09-24","commitResults":[{"hash":"15d8c7a4bb6115a2c107b752134d9b69f67075f7","messageTitle":"Add find and tag command specifications to UG","messageBody":"","fileTypesAndContributionMap":{"docs":{"insertions":65,"deletions":4}}},{"hash":"6577277c5f8ae2521db37d957334a76f8cd6608d","messageTitle":"Fix spacing issue of find command in User Guide","messageBody":"","fileTypesAndContributionMap":{"docs":{"insertions":4,"deletions":4}}},{"hash":"0a324dbe2a66a99808f8aa72bd0ba6e082d5a7cb","messageTitle":"Fix typos in find command in User Guide","messageBody":"","fileTypesAndContributionMap":{"docs":{"insertions":3,"deletions":3}}},{"hash":"b2f9eaad5b70180e1edfea77d41838bb1b7985c5","messageTitle":"Fix typos in find command in User Guide","messageBody":"","fileTypesAndContributionMap":{"docs":{"insertions":1,"deletions":1}}}]}]},"authorFileTypeContributionMap":{"ngsengleng":{"docs":25,"functional-code":0,"test-code":0},"radiankrisno":{"docs":139,"functional-code":0,"test-code":0},"ramaven":{"docs":0,"functional-code":0,"test-code":0},"simonjulianl":{"docs":314,"functional-code":0,"test-code":0},"yyhangz":{"docs":72,"functional-code":0,"test-code":0}},"authorContributionVariance":{"ngsengleng":90.81,"radiankrisno":3497.0403,"ramaven":0.0,"simonjulianl":34567.05,"yyhangz":658.75995},"authorDisplayNameMap":{"ngsengleng":"CS2103T-T15-1 NG S..LENG","radiankrisno":"CS2103T-T15-1 RADI..ISNO","ramaven":"CS2103T-T15-1 RAMA..TESH","simonjulianl":"CS2103T-T15-1 SIMO..LAUW","yyhangz":"CS2103T-T15-1 YAP ..HANG"}}
