{"authorDailyContributionsMap":{"sebbycake":[{"date":"2021-09-29","commitResults":[{"hash":"f15f47b7413c193ce9cf514e2a949bb06a5d667b","messageTitle":"Update about us page with team profile","messageBody":"","fileTypesAndContributionMap":{"docs":{"insertions":30,"deletions":40}}},{"hash":"1b7846b5166b85f7c38ba8c382f399d3432e57dc","messageTitle":"Fix about us tab formatting","messageBody":"","fileTypesAndContributionMap":{"docs":{"insertions":2,"deletions":1}}},{"hash":"15212005a9dbcc10e13ecc5bf2aeb2c724be7894","messageTitle":"Update user guide with view folders feature","messageBody":"","fileTypesAndContributionMap":{"docs":{"insertions":6,"deletions":0}}}]},{"date":"2021-09-30","commitResults":[{"hash":"d45c6d82f15f0816053e138d90ebdc483c5ad798","messageTitle":"Update UG description","messageBody":"","fileTypesAndContributionMap":{"docs":{"insertions":4,"deletions":3}}}]},{"date":"2021-10-06","commitResults":[{"hash":"e41a127a2302394c57e977abdfaad075eaf5d69d","messageTitle":"Add list folder command and update GUI to display list of folders","messageBody":"","fileTypesAndContributionMap":{"functional-code":{"insertions":264,"deletions":50},"test-code":{"insertions":32,"deletions":0}}}]},{"date":"2021-10-11","commitResults":[{"hash":"0e3be579c3a3ff8df93f1a1c84dc2df4523bc711","messageTitle":"Update GUI window\u0027s title and logo","messageBody":"","fileTypesAndContributionMap":{"functional-code":{"insertions":4,"deletions":3}}}]},{"date":"2021-10-14","commitResults":[{"hash":"fb13d8e67934d5b80ca42233acc451d430c806a4","messageTitle":"Change the definition of Folder::equals to fix rmdir bug","messageBody":"","fileTypesAndContributionMap":{"functional-code":{"insertions":6,"deletions":3},"other":{"insertions":1,"deletions":1}}},{"hash":"884ed97144b6ad0006f05148265e1fdb78d4da4f","messageTitle":"Update index page with UNIon details","messageBody":"","fileTypesAndContributionMap":{"docs":{"insertions":7,"deletions":6}}}]},{"date":"2021-10-18","commitResults":[{"hash":"fc891b1df5c6841e84c3637eb25424f7e92aa794","messageTitle":"Enable assertions in build.gradle file","messageBody":"","fileTypesAndContributionMap":{"other":{"insertions":4,"deletions":0}}},{"hash":"bdc56141611a2519f078c43d28b9478419f8568d","messageTitle":"Add newline at end of file","messageBody":"","fileTypesAndContributionMap":{"other":{"insertions":1,"deletions":1}}},{"hash":"c197f00640f6fc533214e759ef5dcb13ce4aee3e","messageTitle":"Update GUI to display contacts in folders","messageBody":"","fileTypesAndContributionMap":{"functional-code":{"insertions":22,"deletions":0}}}]},{"date":"2021-10-19","commitResults":[{"hash":"85457e258d03d5799d356df3f86d90df85d43d4f","messageTitle":"Add newline at the end of file","messageBody":"","fileTypesAndContributionMap":{"functional-code":{"insertions":1,"deletions":1}}},{"hash":"5c247d33fa0a10481cf9e739b462771fb927178a","messageTitle":"Updat DG with view folders details","messageBody":"","fileTypesAndContributionMap":{"docs":{"insertions":28,"deletions":0}}}]}],"xlzior":[{"date":"2021-09-27","commitResults":[{"hash":"55129b21be83fe39729402c75167d6f4f06cc1c7","messageTitle":"Update user guide command summary table","messageBody":"","fileTypesAndContributionMap":{"docs":{"insertions":9,"deletions":5}}}]},{"date":"2021-09-28","commitResults":[{"hash":"7300442f30d5e8ee73a3bc115b7949ea26d81472","messageTitle":"Update developer guide with non-functional requirements","messageBody":"","fileTypesAndContributionMap":{"docs":{"insertions":7,"deletions":0}}},{"hash":"f3549f85dcd731faf9dd90c3e3f0c4ae4a3d5cdc","messageTitle":"Update developer guide with target users section","messageBody":"","fileTypesAndContributionMap":{"docs":{"insertions":12,"deletions":9}}}]},{"date":"2021-09-29","commitResults":[{"hash":"50ddcfe74683c0e5daad89aef2a864d25e2c4536","messageTitle":"Rename group to folder","messageBody":"","fileTypesAndContributionMap":{"docs":{"insertions":7,"deletions":7}}},{"hash":"9fe6dc85ddc431ad741078080b843c9c2bf50e5f","messageTitle":"Rename groups to folders in user guide","messageBody":"","fileTypesAndContributionMap":{"docs":{"insertions":4,"deletions":4}}}]},{"date":"2021-10-02","commitResults":[{"hash":"1f2b9029c3161a291a5db6cfe7f125a78f294a8a","messageTitle":"Update user guide with unix commands","messageBody":"","fileTypesAndContributionMap":{"docs":{"insertions":30,"deletions":31}}},{"hash":"ec20c8875929dc81e88bb1b249eeecbcce148895","messageTitle":"Update command words","messageBody":"","fileTypesAndContributionMap":{"functional-code":{"insertions":3,"deletions":3}}},{"hash":"eac199036689e449a74e0bd0b3a5cfbc9207f073","messageTitle":"Update command prefixes","messageBody":"","fileTypesAndContributionMap":{"functional-code":{"insertions":5,"deletions":5}}},{"hash":"9b1ed4061d393a28188510cba8e857a27f18fbcc","messageTitle":"Update Parser to allow for multiple-word commands","messageBody":"","fileTypesAndContributionMap":{"functional-code":{"insertions":14,"deletions":22}}},{"hash":"4d3e6225dfef8b1e2ab8264a13b9edeb3a994d19","messageTitle":"Update test case to use COMMAND_WORD","messageBody":"","fileTypesAndContributionMap":{"test-code":{"insertions":2,"deletions":1}}}]},{"date":"2021-10-04","commitResults":[{"hash":"1cc59871d028e5191bd39797606f8f407ef1d53b","messageTitle":"Fix Prefix display","messageBody":"","fileTypesAndContributionMap":{"functional-code":{"insertions":2,"deletions":2}}}]},{"date":"2021-10-12","commitResults":[{"hash":"88f974c9051fb0b54a76baaf97bdfa76268c1ed9","messageTitle":"Update UG with find folders command","messageBody":"","fileTypesAndContributionMap":{"docs":{"insertions":22,"deletions":4}}}]},{"date":"2021-10-18","commitResults":[{"hash":"9bfc3ccab73cb3154300bb5d6aa276b949e452ed","messageTitle":"Implement FindFoldersCommand","messageBody":"","fileTypesAndContributionMap":{"functional-code":{"insertions":110,"deletions":0}}},{"hash":"0329f5fd901cb776c21d1e78e460fcfd5bed0868","messageTitle":"Abstract TypicalFolders from TypicalPersons","messageBody":"","fileTypesAndContributionMap":{"test-code":{"insertions":51,"deletions":36}}},{"hash":"975313e2edbfaa19b806ed5e5e4f5d5ac1e822e3","messageTitle":"Implement tests for FindFoldersCommand","messageBody":"","fileTypesAndContributionMap":{"test-code":{"insertions":118,"deletions":0}}},{"hash":"d89255afbb73b9c87919242ec92fdac082a1c2a7","messageTitle":"Update FindFoldersCommand to match partial words","messageBody":"","fileTypesAndContributionMap":{"functional-code":{"insertions":24,"deletions":1}}},{"hash":"2516b518f7aac18149db58916960547e3e232c3c","messageTitle":"Implement StringUtil.containsTextIgnoreCase tests","messageBody":"","fileTypesAndContributionMap":{"functional-code":{"insertions":1,"deletions":1},"test-code":{"insertions":80,"deletions":1}}},{"hash":"a5ab17b0ba74b1459319e1b7a4472e494d3a2190","messageTitle":"Add assertion","messageBody":"","fileTypesAndContributionMap":{"functional-code":{"insertions":5,"deletions":1},"test-code":{"insertions":2,"deletions":2}}}]},{"date":"2021-10-19","commitResults":[{"hash":"9725340c5f1fef55da9a8f95b81915ab6c0ac0b1","messageTitle":"Update DG for find -folders","messageBody":"","fileTypesAndContributionMap":{"docs":{"insertions":92,"deletions":0}}}]}],"jiarong15":[{"date":"2021-09-30","commitResults":[{"hash":"d0c758ba503a87346df4cba0fe5b38b976bd5a73","messageTitle":"Update use cases for UNIon","messageBody":"","fileTypesAndContributionMap":{"docs":{"insertions":88,"deletions":18}}},{"hash":"73dc271e6496a8db6697cf0becd34f1931bdf5d2","messageTitle":"Update glossary","messageBody":"","fileTypesAndContributionMap":{"docs":{"insertions":1,"deletions":1}}}]},{"date":"2021-10-02","commitResults":[{"hash":"9f11b9ab374756961ee1bf07ca6c75c98c53b7ed","messageTitle":"Update user guide on folder removal","messageBody":"","fileTypesAndContributionMap":{"docs":{"insertions":14,"deletions":1}}},{"hash":"da641aca591f6a6e1379e0d25791e128fca87e1d","messageTitle":"Update typo","messageBody":"","fileTypesAndContributionMap":{"docs":{"insertions":1,"deletions":1}}}]},{"date":"2021-10-09","commitResults":[{"hash":"1941cf2252cd9f211df72f66363d4612433a3311","messageTitle":"Add delete folder command","messageBody":"","fileTypesAndContributionMap":{"functional-code":{"insertions":141,"deletions":4},"test-code":{"insertions":284,"deletions":0}}},{"hash":"594ac543ae588c73bb7077a97e7c49b5f0af3a62","messageTitle":"Update import orders and other checkstyle violations","messageBody":"","fileTypesAndContributionMap":{"functional-code":{"insertions":10,"deletions":11}}}]},{"date":"2021-10-10","commitResults":[{"hash":"c094c2a49fa01878125b88952a20824983efa222","messageTitle":"Rectify single space CI failure","messageBody":"","fileTypesAndContributionMap":{"functional-code":{"insertions":2,"deletions":2}}},{"hash":"3b6f65e93519c4fb71f1537960288da4f7e208e5","messageTitle":"Update imports order error for test classes","messageBody":"","fileTypesAndContributionMap":{"test-code":{"insertions":16,"deletions":17}}}]},{"date":"2021-10-15","commitResults":[{"hash":"2f3de1a64ae2220ce9fd4e50fe2173e4bc6124f1","messageTitle":"Re-merge edit folde name command","messageBody":"","fileTypesAndContributionMap":{"functional-code":{"insertions":214,"deletions":1},"test-code":{"insertions":167,"deletions":0}}},{"hash":"64c61e4a86e790f582b0d399edc839be5a6a1392","messageTitle":"Resolve EOF error","messageBody":"","fileTypesAndContributionMap":{"functional-code":{"insertions":2,"deletions":3}}},{"hash":"cc28f693fb7973ef60a2de99ffa2986b0d3f489d","messageTitle":"Update UG for edit folder name","messageBody":"","fileTypesAndContributionMap":{"docs":{"insertions":7,"deletions":0}}}]}],"rehmmann":[{"date":"2021-09-28","commitResults":[{"hash":"3c0b1aba215bedd613ab6a44e59fd163eb5a19d5","messageTitle":"Update UG on adding contacts to folder","messageBody":"","fileTypesAndContributionMap":{"other":{"insertions":1,"deletions":0},"docs":{"insertions":7,"deletions":1}}}]},{"date":"2021-09-29","commitResults":[{"hash":"d4020bcc1d22d819c9da85105bacd45d49bd6ca7","messageTitle":"Fix changes requested","messageBody":"","fileTypesAndContributionMap":{"docs":{"insertions":8,"deletions":6}}}]},{"date":"2021-10-08","commitResults":[{"hash":"b771f778ac0335cc948a61d1b48f197adba1d472","messageTitle":"Create AddToFolderCommand and parser","messageBody":"","fileTypesAndContributionMap":{"functional-code":{"insertions":168,"deletions":1}}},{"hash":"b478f108b2226ad7388708ca86fd63cf4c09a1e3","messageTitle":"Set up command parer","messageBody":"","fileTypesAndContributionMap":{"functional-code":{"insertions":33,"deletions":17},"test-code":{"insertions":11,"deletions":0}}},{"hash":"3c0cf0e9d5bb587dd19d2707882cbe439ef5effd","messageTitle":"Write test for AddToFolderCommand","messageBody":"","fileTypesAndContributionMap":{"functional-code":{"insertions":1,"deletions":7},"test-code":{"insertions":212,"deletions":0}}},{"hash":"01967d2a65d30756104c85eaa3e80a25692f399b","messageTitle":"Implement tests for Add-To-Folder Parser","messageBody":"","fileTypesAndContributionMap":{"functional-code":{"insertions":8,"deletions":9},"test-code":{"insertions":45,"deletions":1}}}]},{"date":"2021-10-09","commitResults":[{"hash":"548ff01911505eb640f004ed2bec24830c64e344","messageTitle":"Fixed checkstyle issues","messageBody":"","fileTypesAndContributionMap":{"functional-code":{"insertions":2,"deletions":2}}},{"hash":"7d8e393b46391552b4a2b33996ad892789454f55","messageTitle":"Fix build \u0026 Check with Gradle issues","messageBody":"","fileTypesAndContributionMap":{"functional-code":{"insertions":28,"deletions":20}}},{"hash":"2000b94d62aa798e7deac53bb0e3698d4c7d7a42","messageTitle":"Fix build \u0026 Check with Gradle issues 2","messageBody":"","fileTypesAndContributionMap":{"functional-code":{"insertions":0,"deletions":1}}},{"hash":"dc9467f015646b63fdf2050c47306f4185d1c127","messageTitle":"Fix build \u0026 Check with Gradle issues 3","messageBody":"","fileTypesAndContributionMap":{"test-code":{"insertions":11,"deletions":11}}}]},{"date":"2021-10-10","commitResults":[{"hash":"3ca0fe81d07b035b7e4e4878dec2eb645ff34816","messageTitle":"Resolve missing javadoc issue","messageBody":"","fileTypesAndContributionMap":{"functional-code":{"insertions":15,"deletions":17}}}]},{"date":"2021-10-14","commitResults":[{"hash":"b0ef40385fb76c4f357ce75a3e975d139bdb2131","messageTitle":"Fix addToFolder bugs and modify addToFolder command","messageBody":"","fileTypesAndContributionMap":{"functional-code":{"insertions":118,"deletions":5},"test-code":{"insertions":68,"deletions":1}}},{"hash":"fe338e33861d4d729bd3b2034123818e855f4c35","messageTitle":"Address requested change","messageBody":"","fileTypesAndContributionMap":{"functional-code":{"insertions":2,"deletions":1}}}]}],"itsyme":[{"date":"2021-09-27","commitResults":[{"hash":"bd232fbc795c081b008b66c2c4cca34b61ab433d","messageTitle":"Update README","messageBody":"","fileTypesAndContributionMap":{"docs":{"insertions":41,"deletions":11}}}]},{"date":"2021-09-28","commitResults":[{"hash":"0d037959f58a43ec64ffafae33822de5f5affbf4","messageTitle":"Add create folder to User Guide","messageBody":"","fileTypesAndContributionMap":{"docs":{"insertions":13,"deletions":0}}},{"hash":"a139ca325000af04f7cd887498ce2c73c6f6a740","messageTitle":"Delete add folder function from summary table","messageBody":"","fileTypesAndContributionMap":{"docs":{"insertions":0,"deletions":1}}},{"hash":"85c62cece0b64f40bff8a1aec2f2ba9808b0de37","messageTitle":"Update folder to group","messageBody":"","fileTypesAndContributionMap":{"docs":{"insertions":5,"deletions":5}}}]},{"date":"2021-09-29","commitResults":[{"hash":"ce0a49f578f53f77a7926aa8a38cdb1249454763","messageTitle":"Update group to folder in user guide","messageBody":"","fileTypesAndContributionMap":{"docs":{"insertions":5,"deletions":5}}}]},{"date":"2021-10-02","commitResults":[{"hash":"6e4e7ad5d47bdb8b68b90ea6d2d2d0ef14fd2c6d","messageTitle":"Add Create Folder Command","messageBody":"","fileTypesAndContributionMap":{"functional-code":{"insertions":527,"deletions":13},"test-code":{"insertions":634,"deletions":7}}},{"hash":"2f80c6d1951bd8a764fe0c92e9975e593585f8d9","messageTitle":"Fix checkstyle discrepancies","messageBody":"","fileTypesAndContributionMap":{"functional-code":{"insertions":1,"deletions":1},"test-code":{"insertions":5,"deletions":6}}},{"hash":"b196f13bcfc83a37b6a5f33cc942fe5b6ed69bf9","messageTitle":"Fix checkstyle discrepancies","messageBody":"","fileTypesAndContributionMap":{"functional-code":{"insertions":29,"deletions":15}}},{"hash":"b3693543e2f6710b05f64c020205977fa2a27e84","messageTitle":"Fix checkstyle discrepancies for tests","messageBody":"","fileTypesAndContributionMap":{"test-code":{"insertions":57,"deletions":42}}}]},{"date":"2021-10-03","commitResults":[{"hash":"f7ac21c4cecb8395a0a47bb636f1caf44e82e8be","messageTitle":"Update test cases based on comments in review","messageBody":"","fileTypesAndContributionMap":{"functional-code":{"insertions":1,"deletions":1},"test-code":{"insertions":51,"deletions":0}}},{"hash":"2a325517b1c1fc4c303927999f4918dc7866f0fd","messageTitle":"Add test cases","messageBody":"","fileTypesAndContributionMap":{"test-code":{"insertions":45,"deletions":1}}}]},{"date":"2021-10-12","commitResults":[{"hash":"936f6b026606e73634d6a52ce2916b4ebccab604","messageTitle":"Fixed bug that caused folders to be cleared when trying to clear contacts","messageBody":"","fileTypesAndContributionMap":{"functional-code":{"insertions":21,"deletions":2},"test-code":{"insertions":17,"deletions":0}}}]},{"date":"2021-10-13","commitResults":[{"hash":"fceadac0d85a356b263389768bcf5b74876837b7","messageTitle":"Abstract copyFolder function to AddressBook","messageBody":"","fileTypesAndContributionMap":{"functional-code":{"insertions":18,"deletions":19},"test-code":{"insertions":13,"deletions":0}}},{"hash":"cfe6211029865a54a55b40d89f0c9115d49ee68f","messageTitle":"Rename copyFolders method to withFolders","messageBody":"","fileTypesAndContributionMap":{"functional-code":{"insertions":2,"deletions":2},"test-code":{"insertions":1,"deletions":1}}}]},{"date":"2021-10-14","commitResults":[{"hash":"28bfc5cf3034d75e9cf0417cd038fa5341d49d34","messageTitle":"Update README contents for v1.3","messageBody":"","fileTypesAndContributionMap":{"docs":{"insertions":7,"deletions":2}}}]},{"date":"2021-10-18","commitResults":[{"hash":"6041295b2094bb983332f304919e35acc5206e4c","messageTitle":"Change location of copyFolders test","messageBody":"","fileTypesAndContributionMap":{"test-code":{"insertions":11,"deletions":14}}}]},{"date":"2021-10-19","commitResults":[{"hash":"16cc48205f8279dfb0f37266bd023e51af05e496","messageTitle":"Update DG to include create folder feature and UML diagrams","messageBody":"","fileTypesAndContributionMap":{"docs":{"insertions":73,"deletions":3}}},{"hash":"d4fa8070bbcc1530d2b944d6c9f26eebc529a600","messageTitle":"Update developer guide","messageBody":"","fileTypesAndContributionMap":{"docs":{"insertions":73,"deletions":1}}},{"hash":"c90619bc317c971b20c6417d330433d34d53ac85","messageTitle":"Add newline at end of file","messageBody":"","fileTypesAndContributionMap":{"docs":{"insertions":3,"deletions":3}}}]}]},"authorFileTypeContributionMap":{"sebbycake":{"docs":73,"functional-code":247,"test-code":32,"other":6},"xlzior":{"docs":168,"functional-code":162,"test-code":251},"jiarong15":{"docs":99,"functional-code":347,"test-code":450},"rehmmann":{"docs":6,"functional-code":306,"test-code":344,"other":1},"itsyme":{"docs":204,"functional-code":545,"test-code":731}},"authorContributionVariance":{"sebbycake":3639.0764,"xlzior":5914.986,"jiarong15":10314.8545,"rehmmann":8692.116,"itsyme":52468.848},"authorDisplayNameMap":{"sebbycake":"CS2103-T16-1 LEE ..TIAN","xlzior":"CS2103-T16-1 LYE .. JUN","jiarong15":"CS2103-T16-1 CHIN..RONG","rehmmann":"CS2103-T16-1 REHM..AJID","itsyme":"CS2103-T16-1 LEE ..AVID"}}
