{"authorDailyContributionsMap":{"Droffilc13":[{"date":"2021-09-22","commitResults":[{"hash":"147174147e6010f791c4ba2223a3ce6cf4f376d8","messageTitle":"Add Clifford\u0027s github, portfolio link and role into AboutUs.md","messageBody":"","fileTypesAndContributionMap":{"docs":{"insertions":52,"deletions":6}}},{"hash":"2a0e729a6e49337b83ba3467daf222a5db99ec33","messageTitle":"Update non-functional requirements in DG","messageBody":"","fileTypesAndContributionMap":{"docs":{"insertions":9,"deletions":3}}},{"hash":"8252e2727c4f25456b6c6e89056a7dc95d587dd7","messageTitle":"Create a dummy list next to person list in mainwindow ui","messageBody":"","fileTypesAndContributionMap":{"functional-code":{"insertions":88,"deletions":17}}}]},{"date":"2021-09-23","commitResults":[{"hash":"595530d7de48a0c1262fda43b2c562ef441bb7b1","messageTitle":"Change spacing between one logical unit within MainWindow.java","messageBody":"","fileTypesAndContributionMap":{"functional-code":{"insertions":1,"deletions":1}}},{"hash":"e50b861ea48e345dd29a2017eb4baf433c7316d7","messageTitle":"Change TA title to bold font","messageBody":"","fileTypesAndContributionMap":{"docs":{"insertions":1,"deletions":1}}},{"hash":"140386bc4f1973c47a529de3b50db255af74acb7","messageTitle":"Change TA to bold in README.md","messageBody":"","fileTypesAndContributionMap":{"docs":{"insertions":1,"deletions":1}}},{"hash":"6f7383c810067ff8e6969cbfd4fe784acf231f73","messageTitle":"Create skeleton of assignment, assignment list model and ui","messageBody":"","fileTypesAndContributionMap":{"functional-code":{"insertions":459,"deletions":12}}},{"hash":"3ce7831b0ab6676cc77ea57aece032f7e4802ac4","messageTitle":"Change relevant stubs in test to fully implement interface","messageBody":"","fileTypesAndContributionMap":{"test-code":{"insertions":14,"deletions":0}}}]},{"date":"2021-09-25","commitResults":[{"hash":"38d2fe80a2cfc3c094d6a08234db025948e0fce7","messageTitle":"Include use case number for p-delete","messageBody":"","fileTypesAndContributionMap":{"docs":{"insertions":1,"deletions":1}}}]},{"date":"2021-09-26","commitResults":[{"hash":"300d88b60004572b0be59196d47e9818e6952374","messageTitle":"Change command prefix of assignments from t to a","messageBody":"","fileTypesAndContributionMap":{"docs":{"insertions":18,"deletions":18}}}]},{"date":"2021-09-27","commitResults":[{"hash":"56ab636af028b6c409e4de6cb4565e0a9440dc59","messageTitle":"Add colors for different status","messageBody":"","fileTypesAndContributionMap":{"functional-code":{"insertions":44,"deletions":2}}},{"hash":"87af47ebb59159856657199316db9b6e907a99d9","messageTitle":"Change completed status color to a darker green","messageBody":"","fileTypesAndContributionMap":{"functional-code":{"insertions":3,"deletions":4}}},{"hash":"ae457a8bfe1710e6dcef15230cc3627424ac00a7","messageTitle":"Add some test files for assignment","messageBody":"","fileTypesAndContributionMap":{"functional-code":{"insertions":1,"deletions":0},"test-code":{"insertions":184,"deletions":0}}},{"hash":"ab63defb729d548bddef15da7a297fb77db2b41e","messageTitle":"Create AssignmentBuilder.java class","messageBody":"","fileTypesAndContributionMap":{"test-code":{"insertions":72,"deletions":84}}}]},{"date":"2021-09-29","commitResults":[{"hash":"a3a4aaaaf2bbb5e0759600c53c0f63dbc53db109","messageTitle":"Add typical assignments","messageBody":"","fileTypesAndContributionMap":{"functional-code":{"insertions":3,"deletions":3},"test-code":{"insertions":66,"deletions":4}}}]},{"date":"2021-10-03","commitResults":[{"hash":"32ac792bd46831ea7f3f05cb15dd6955c7137a53","messageTitle":"Made minor changes to status class","messageBody":"","fileTypesAndContributionMap":{"functional-code":{"insertions":2,"deletions":2}}},{"hash":"06dd95b33c555450b0f61ff334ce9c85f2ccd4dc","messageTitle":"Change AB3 to TA^2 in UserGuide.md","messageBody":"","fileTypesAndContributionMap":{"docs":{"insertions":1,"deletions":1}}}]},{"date":"2021-10-04","commitResults":[{"hash":"bf7d1d8dabd9b24678305ce521bd7b9dd76c2454","messageTitle":"Remove all instance of addressbook in Userguide.md","messageBody":"","fileTypesAndContributionMap":{"docs":{"insertions":26,"deletions":26}}}]},{"date":"2021-10-05","commitResults":[{"hash":"1ebc16cfaddb4758fdd16685cd8b629483069a06","messageTitle":"Include test for all assignment related classes","messageBody":"","fileTypesAndContributionMap":{"functional-code":{"insertions":26,"deletions":22},"test-code":{"insertions":182,"deletions":101}}},{"hash":"ed69b79211160c62c431d7a6768373dc14cf3c5a","messageTitle":"Add a check to prevent program crash when person list is empty","messageBody":"","fileTypesAndContributionMap":{"functional-code":{"insertions":5,"deletions":1}}},{"hash":"0b01613ae4d4dcd761723e64ceaf051110bdc544","messageTitle":"Correct code style of if block","messageBody":"","fileTypesAndContributionMap":{"functional-code":{"insertions":1,"deletions":1}}},{"hash":"efce515e8e43d6204754c96e1f31e6a87d680e7f","messageTitle":"Change null to empty Observable List in getAssignmentList","messageBody":"","fileTypesAndContributionMap":{"functional-code":{"insertions":2,"deletions":1}}},{"hash":"095f7b01f75b1d022b1acc9576817b2711c93c61","messageTitle":"Made further corrections and add additional test case","messageBody":"","fileTypesAndContributionMap":{"functional-code":{"insertions":1,"deletions":1},"test-code":{"insertions":23,"deletions":0}}}]},{"date":"2021-10-06","commitResults":[{"hash":"471301557aa03fc308929843d9290ef82b68c803","messageTitle":"Remove unused import","messageBody":"","fileTypesAndContributionMap":{"functional-code":{"insertions":0,"deletions":1}}}]},{"date":"2021-10-08","commitResults":[{"hash":"958a99abcb2232842ba0890ef70510603bab57f9","messageTitle":"Change field toAdd to assignmentToAdd for clarity","messageBody":"","fileTypesAndContributionMap":{"functional-code":{"insertions":7,"deletions":6}}},{"hash":"92c1610f09297d80ca275102afdcae91546fc565","messageTitle":"Change the commands so that they respond more appropriately","messageBody":"","fileTypesAndContributionMap":{"functional-code":{"insertions":126,"deletions":72},"test-code":{"insertions":5,"deletions":6}}},{"hash":"8ad9c4b514eccfb9799f7df45515c79eea22672f","messageTitle":"Change AddAssignmentCommand assignment name back to toAdd","messageBody":"","fileTypesAndContributionMap":{"functional-code":{"insertions":6,"deletions":6}}},{"hash":"134b5fb430f757a44825818faf6664adc19fd80d","messageTitle":"Correct checkstyle issues and invalid index condition","messageBody":"","fileTypesAndContributionMap":{"functional-code":{"insertions":4,"deletions":3}}}]},{"date":"2021-10-09","commitResults":[{"hash":"630f7b18752ec95e7d754c421c16020d911fcc09","messageTitle":"Create headers for personList and assignmentList in Ui","messageBody":"","fileTypesAndContributionMap":{"functional-code":{"insertions":12,"deletions":1}}},{"hash":"903cad228893e07bcfbc14a71972140b3c65f840","messageTitle":"Correct spacing between different methods","messageBody":"","fileTypesAndContributionMap":{"functional-code":{"insertions":1,"deletions":2}}},{"hash":"483bf86bd4ef4c0e0016c125b83fb6efefd4c679","messageTitle":"Change spacing between methods again","messageBody":"","fileTypesAndContributionMap":{"functional-code":{"insertions":1,"deletions":1}}},{"hash":"12ee52c8593a2474b3cece5c6dcf87343bf97961","messageTitle":"Add style to the headers in the separate list","messageBody":"","fileTypesAndContributionMap":{"functional-code":{"insertions":17,"deletions":4}}},{"hash":"243fd767dffe8ef214e1e822ee6c6a1922116bdb","messageTitle":"Change colour of headers","messageBody":"","fileTypesAndContributionMap":{"functional-code":{"insertions":3,"deletions":3}}},{"hash":"7460568db3363bf1c7fa44cbaed6894c59539eea","messageTitle":"Change java version in fxml file back to 11","messageBody":"","fileTypesAndContributionMap":{"functional-code":{"insertions":1,"deletions":1}}}]},{"date":"2021-10-10","commitResults":[{"hash":"8a5e314cd3ddd89301aa5d94630b9873ee2328e5","messageTitle":"Change hex value to lower case for consistency","messageBody":"","fileTypesAndContributionMap":{"functional-code":{"insertions":1,"deletions":1}}}]},{"date":"2021-10-12","commitResults":[{"hash":"f59a89026aa897e9fc7f4539b8fc55d8db91024d","messageTitle":"Allow panel lists to be scalable","messageBody":"","fileTypesAndContributionMap":{"functional-code":{"insertions":8,"deletions":8}}}]},{"date":"2021-10-13","commitResults":[{"hash":"57dcff1f248ceb8139291bed0fdc6dd1f71cf649","messageTitle":"Change title of application from address app to TA^2","messageBody":"","fileTypesAndContributionMap":{"functional-code":{"insertions":1,"deletions":1}}}]},{"date":"2021-10-17","commitResults":[{"hash":"04b9c7f403d65fc35018dfbb95f4c126a0c2d9e3","messageTitle":"Add delete assignment test cases","messageBody":"","fileTypesAndContributionMap":{"test-code":{"insertions":90,"deletions":133}}},{"hash":"97e2fdb4191184858ec3f7c71320bb8d3b7afdff","messageTitle":"Correct checkstyle issues","messageBody":"","fileTypesAndContributionMap":{"test-code":{"insertions":6,"deletions":17}}}]},{"date":"2021-10-18","commitResults":[{"hash":"06eb36cb489aea599ffeacb37d0bf98abee835cc","messageTitle":"Move clonePerson to CommandTestUtil","messageBody":"","fileTypesAndContributionMap":{"test-code":{"insertions":8,"deletions":7}}},{"hash":"4718d77e9c06e8978453c6ab4104a4e2ee1d971f","messageTitle":"Change according to comments and rename setUpModel methods","messageBody":"","fileTypesAndContributionMap":{"test-code":{"insertions":48,"deletions":39}}},{"hash":"db0d7f97defbaac97fad850d7739044a658a8ea8","messageTitle":"Remove typicalPersonAddressBookStub file and reference","messageBody":"","fileTypesAndContributionMap":{"test-code":{"insertions":0,"deletions":47}}}]},{"date":"2021-10-19","commitResults":[{"hash":"15674dc38eb894bd356b8f7353a20a3e2304c374","messageTitle":"Change method name","messageBody":"","fileTypesAndContributionMap":{"test-code":{"insertions":8,"deletions":8}}},{"hash":"0eafb0192efdb8f4f2c269c2cf955cfd13c9e880","messageTitle":"Correct checkstyle issue","messageBody":"","fileTypesAndContributionMap":{"test-code":{"insertions":1,"deletions":1}}},{"hash":"968037b38732b3a1cd62e164ae7f1c490db3719f","messageTitle":"Update version number and jar file name","messageBody":"","fileTypesAndContributionMap":{"functional-code":{"insertions":1,"deletions":1},"other":{"insertions":1,"deletions":1}}},{"hash":"d7790f843e622218965cbe15fa0c440b55a124fd","messageTitle":"Change command names and update user guide","messageBody":"","fileTypesAndContributionMap":{"functional-code":{"insertions":9,"deletions":9},"docs":{"insertions":56,"deletions":58}}},{"hash":"d2b9cfe4927295c796061336b5b840a0c38bf68c","messageTitle":"Enable assertions for gradle","messageBody":"","fileTypesAndContributionMap":{"other":{"insertions":4,"deletions":0}}}]},{"date":"2021-10-20","commitResults":[{"hash":"7e215696a3450d31e4c18987263cc1d07ba2773d","messageTitle":"Update developer guide model class diagram","messageBody":"","fileTypesAndContributionMap":{"docs":{"insertions":32,"deletions":13}}},{"hash":"33c6f05d542148baef9eeb10c0b54734c6711772","messageTitle":"Update developer guide with current assignment implementation","messageBody":"","fileTypesAndContributionMap":{"docs":{"insertions":63,"deletions":15},"test-code":{"insertions":1,"deletions":1}}},{"hash":"0e295ba57b12d9db5f81a59ce4f0f0a3d827b40a","messageTitle":"Add newline to user guide end","messageBody":"","fileTypesAndContributionMap":{"docs":{"insertions":1,"deletions":1}}}]},{"date":"2021-10-21","commitResults":[{"hash":"a5b00c13f8b61302fd70f56b37d06d1d56ffdf37","messageTitle":"Change add, delete, mark assignment commands user input","messageBody":"","fileTypesAndContributionMap":{"functional-code":{"insertions":124,"deletions":114}}},{"hash":"a684b99c3db9643aec0911de04b7a11ee3dd8eb9","messageTitle":"Change dg according to comments","messageBody":"","fileTypesAndContributionMap":{"docs":{"insertions":1,"deletions":1}}}]},{"date":"2021-10-22","commitResults":[{"hash":"395ee2c72f4347fe54f7d725305e729a4cc94c51","messageTitle":"Fix test cases to match change in add, delete and mark assignments","messageBody":"","fileTypesAndContributionMap":{"functional-code":{"insertions":0,"deletions":24},"test-code":{"insertions":126,"deletions":84}}},{"hash":"e4d07af00e62263504773fcbb025d71d87702499","messageTitle":"Remove late status and update sample data util","messageBody":"","fileTypesAndContributionMap":{"functional-code":{"insertions":12,"deletions":17},"test-code":{"insertions":4,"deletions":1}}},{"hash":"59bbece3e57a393ec7fa26c27d5de8474a1520ca","messageTitle":"Safe delete all late status","messageBody":"","fileTypesAndContributionMap":{"functional-code":{"insertions":12,"deletions":12},"test-code":{"insertions":8,"deletions":55}}},{"hash":"7becc4e94ae7dd2c085da8d510c853d57892862c","messageTitle":"Update dg and ug to reflect changes in command format","messageBody":"","fileTypesAndContributionMap":{"docs":{"insertions":21,"deletions":20}}},{"hash":"8e3dbc6cf93490a4d3d7af851eeec6644f37a080","messageTitle":"Change date and time processing to ignore whitespace between comma","messageBody":"","fileTypesAndContributionMap":{"functional-code":{"insertions":1,"deletions":1},"test-code":{"insertions":1,"deletions":1}}},{"hash":"a0f021c87998042b1117aad00e183da4d0be682e","messageTitle":"Correct checkstyle","messageBody":"","fileTypesAndContributionMap":{"functional-code":{"insertions":3,"deletions":17},"test-code":{"insertions":3,"deletions":20}}},{"hash":"f4c0162496c8fe9ff72b8c71a012ff490daa7381","messageTitle":"Remove one newline","messageBody":"","fileTypesAndContributionMap":{"functional-code":{"insertions":1,"deletions":2}}},{"hash":"55a0aabbcd1c481493aadd3aac43f73fe2711de7","messageTitle":"Correct whitespace problem","messageBody":"","fileTypesAndContributionMap":{"functional-code":{"insertions":2,"deletions":1},"docs":{"insertions":4,"deletions":1}}}]},{"date":"2021-10-23","commitResults":[{"hash":"a9668c3b6ee33ab7d8f5f92627c95d1946bafe90","messageTitle":"Fix undo function bugs","messageBody":"","fileTypesAndContributionMap":{"functional-code":{"insertions":45,"deletions":16},"test-code":{"insertions":6,"deletions":0}}},{"hash":"a4192af24d4cbbf916862e110469186b2e940de9","messageTitle":"Correct AddressBookTest","messageBody":"","fileTypesAndContributionMap":{"test-code":{"insertions":2,"deletions":1}}}]},{"date":"2021-10-24","commitResults":[{"hash":"62417b8b65e5813b49e3ebd4f91972c6a2ec4087","messageTitle":"Remove css of late","messageBody":"","fileTypesAndContributionMap":{"functional-code":{"insertions":0,"deletions":9}}}]},{"date":"2021-10-27","commitResults":[{"hash":"ee8258ee683b4ce3595d307ba8deb82f36bf2723","messageTitle":"Make friendly date case insensitive and change version number","messageBody":"","fileTypesAndContributionMap":{"functional-code":{"insertions":5,"deletions":3}}},{"hash":"3471107c7ed6db44eb5f32c5db29d81111b5c92e","messageTitle":"Correct test case","messageBody":"","fileTypesAndContributionMap":{"test-code":{"insertions":1,"deletions":1}}}]},{"date":"2021-10-28","commitResults":[{"hash":"042be8b5418c37e9b4655484cd30cb05b51fc899","messageTitle":"Change the way active person is obtained with new commits","messageBody":"","fileTypesAndContributionMap":{"functional-code":{"insertions":25,"deletions":7},"test-code":{"insertions":1,"deletions":1}}},{"hash":"752c04617efa21e75abf20146285b3bd6332ec45","messageTitle":"Update javadocs","messageBody":"","fileTypesAndContributionMap":{"functional-code":{"insertions":2,"deletions":2}}},{"hash":"f82d42de9a69e5523b21846b087c5d682ec22ee1","messageTitle":"Fix bugs regarding active person","messageBody":"","fileTypesAndContributionMap":{"functional-code":{"insertions":9,"deletions":13},"test-code":{"insertions":1,"deletions":1}}},{"hash":"bcf7c02bff5646cb8a0c792d6ed407431757a616","messageTitle":"Correct code style","messageBody":"","fileTypesAndContributionMap":{"functional-code":{"insertions":0,"deletions":1}}}]},{"date":"2021-11-01","commitResults":[{"hash":"385addafc9f5e310a39915d5413e61120c09dd77","messageTitle":"Improve code quality and add test cases for some methods","messageBody":"","fileTypesAndContributionMap":{"functional-code":{"insertions":46,"deletions":13},"docs":{"insertions":1,"deletions":1},"test-code":{"insertions":40,"deletions":27}}},{"hash":"e911fd397ec5ec999735207e8ab53aa23f6f50f1","messageTitle":"Improve code quality by separating out methods","messageBody":"","fileTypesAndContributionMap":{"functional-code":{"insertions":16,"deletions":1},"test-code":{"insertions":21,"deletions":2}}},{"hash":"2296a46c93ee465dc16190f44b0c0ba4eb384911","messageTitle":"Update ta^2.jar to ta2.jar for cross platform compatability","messageBody":"","fileTypesAndContributionMap":{"functional-code":{"insertions":1,"deletions":1},"other":{"insertions":1,"deletions":1},"docs":{"insertions":1,"deletions":1}}},{"hash":"bc285f422d74da4ce5ceae44539fee5c1ebcf43b","messageTitle":"Fix code quality of assignments","messageBody":"","fileTypesAndContributionMap":{"functional-code":{"insertions":5,"deletions":4},"test-code":{"insertions":16,"deletions":0}}},{"hash":"1afa526bb97a59f0a89c0e10d9fb173e4639d3d3","messageTitle":"Fix lowercase function","messageBody":"","fileTypesAndContributionMap":{"functional-code":{"insertions":2,"deletions":2}}},{"hash":"79427da78d7e6896f9b6d1a9d4705c2ffa92da88","messageTitle":"Improve naming of method and code quality","messageBody":"","fileTypesAndContributionMap":{"functional-code":{"insertions":33,"deletions":23},"docs":{"insertions":1,"deletions":2},"test-code":{"insertions":31,"deletions":31}}}]},{"date":"2021-11-02","commitResults":[{"hash":"8b18185ad4cd80b4aeecba640488ad08ede6644e","messageTitle":"Rename method","messageBody":"","fileTypesAndContributionMap":{"test-code":{"insertions":1,"deletions":1}}}]}],"yeo-yiheng":[{"date":"2021-09-19","commitResults":[{"hash":"59eb286606a1c5c69b03e6726503882ddee2238d","messageTitle":"Update ReadMe to reflect personal picture and responsibilities","messageBody":"","fileTypesAndContributionMap":{"docs":{"insertions":4,"deletions":4}}},{"hash":"3fb7cbdc1c64c1aaf406263f1ab45d4d10acd184","messageTitle":"Update ReadMe and _config.yml files","messageBody":"","fileTypesAndContributionMap":{"docs":{"insertions":1,"deletions":1}}}]},{"date":"2021-09-25","commitResults":[{"hash":"ae0ca0174c6b721ec6261cb83c749435f0912c94","messageTitle":"Add personal portfolio under team directory and update AboutUs.md to reflect newly added portfolio","messageBody":"","fileTypesAndContributionMap":{"docs":{"insertions":48,"deletions":1}}},{"hash":"d3f3ffedb3c953d0ce7bfec9946d7799fb0628fc","messageTitle":"Update AboutUs to reflect roles and responsibilities","messageBody":"","fileTypesAndContributionMap":{"docs":{"insertions":2,"deletions":2}}}]},{"date":"2021-09-27","commitResults":[{"hash":"7cc27425e0a267bd5d6927c3ca7436b371422df6","messageTitle":"Remove phone field of person class","messageBody":"","fileTypesAndContributionMap":{"functional-code":{"insertions":14,"deletions":126},"test-code":{"insertions":9,"deletions":23}}},{"hash":"11b952977309a635b37ee8e54fe7c21beac75a9e","messageTitle":"Change address field to module field in Person class","messageBody":"","fileTypesAndContributionMap":{"functional-code":{"insertions":82,"deletions":108},"other":{"insertions":12,"deletions":12},"docs":{"insertions":2,"deletions":3},"test-code":{"insertions":237,"deletions":459}}},{"hash":"689c3651f17302ea1353b0f567b4850e1896687a","messageTitle":"Fix checkstyle errors","messageBody":"","fileTypesAndContributionMap":{"functional-code":{"insertions":16,"deletions":16},"other":{"insertions":2,"deletions":0}}}]},{"date":"2021-09-28","commitResults":[{"hash":"63f6f4b7210dac6f327cf00ae79450a7d9f611ce","messageTitle":"Fix regex pattern and naming","messageBody":"","fileTypesAndContributionMap":{"functional-code":{"insertions":14,"deletions":12},"test-code":{"insertions":4,"deletions":3}}}]},{"date":"2021-10-01","commitResults":[{"hash":"593592e458b15621f099788cba36481cec3b8fc4","messageTitle":"Add functionality for find command to work on finding by modules","messageBody":"","fileTypesAndContributionMap":{"functional-code":{"insertions":19,"deletions":12},"test-code":{"insertions":2,"deletions":2}}},{"hash":"626b68ffec7dd7fabb5202067a69c10fbf494136","messageTitle":"Add searching by multiple variable of prefixes and throw error if no prefix detected","messageBody":"","fileTypesAndContributionMap":{"functional-code":{"insertions":44,"deletions":9},"test-code":{"insertions":22,"deletions":5}}},{"hash":"5320ce1107aae862b221b314885d3f03923b2cd6","messageTitle":"Fix regex for detecting valid modules to search for and add tests for new find command","messageBody":"","fileTypesAndContributionMap":{"functional-code":{"insertions":101,"deletions":14},"test-code":{"insertions":21,"deletions":11}}}]},{"date":"2021-10-05","commitResults":[{"hash":"73c325ed403935829a3d2ea61fafead393b37989","messageTitle":"Add enum class to represent various user inputs to be parsed","messageBody":"","fileTypesAndContributionMap":{"functional-code":{"insertions":15,"deletions":8}}}]},{"date":"2021-10-09","commitResults":[{"hash":"8928e7171285c3ff0aba242e6891a54b6c94339b","messageTitle":"Update User Guide and Developer Guide to reflect p-find more accurately","messageBody":"","fileTypesAndContributionMap":{"docs":{"insertions":15,"deletions":5}}}]},{"date":"2021-10-16","commitResults":[{"hash":"52b84beb62ef4f94c76fc4a37e35e06b22074a60","messageTitle":"Standardize module name to follow an all uppercase convention","messageBody":"","fileTypesAndContributionMap":{"functional-code":{"insertions":9,"deletions":4}}},{"hash":"ef6222370f10bbbdc28d0257c266efc04951569b","messageTitle":"Add friendly command format for adding of assignments to aid users","messageBody":"","fileTypesAndContributionMap":{"functional-code":{"insertions":107,"deletions":5}}},{"hash":"3df955c546db58a582859916e43e6578cf54dcf4","messageTitle":"Fix checkstyle for the files changed","messageBody":"","fileTypesAndContributionMap":{"functional-code":{"insertions":36,"deletions":15}}}]},{"date":"2021-10-18","commitResults":[{"hash":"229fe053e7d772c2263648294bf93c0de0e56437","messageTitle":"Fix bugs, optimize code and add flexibility to pair friendly command with specific time","messageBody":"","fileTypesAndContributionMap":{"functional-code":{"insertions":39,"deletions":33}}}]},{"date":"2021-10-20","commitResults":[{"hash":"d365b7be50419f860d965c66c72f8f8592cfc35e","messageTitle":"Fix checkstyle","messageBody":"","fileTypesAndContributionMap":{"functional-code":{"insertions":7,"deletions":7}}},{"hash":"8ff1bce0cc56b71f9a0f8f237d8801373b967bd1","messageTitle":"Add tests for friendly commands","messageBody":"","fileTypesAndContributionMap":{"functional-code":{"insertions":5,"deletions":3},"test-code":{"insertions":120,"deletions":36}}},{"hash":"e4b9c66faf8d8c15f71a2d9dc666f656ebb9511f","messageTitle":"Fix redundancy","messageBody":"","fileTypesAndContributionMap":{"test-code":{"insertions":1,"deletions":1}}},{"hash":"d52390960dc67e50be315c6451c965946b5ed14f","messageTitle":"Fix checkstyle and gradle CI issues","messageBody":"","fileTypesAndContributionMap":{"test-code":{"insertions":1,"deletions":5}}},{"hash":"e77eccdef71a2ba72ca021508b741480971d086d","messageTitle":"Revert isSameAssignment functionality and provide non-sensitive description comparison for assignments","messageBody":"","fileTypesAndContributionMap":{"functional-code":{"insertions":4,"deletions":3},"test-code":{"insertions":4,"deletions":4}}},{"hash":"85ab1ada0364565e0190609e67421f63341c64b4","messageTitle":"Fix checkstyle and integration","messageBody":"","fileTypesAndContributionMap":{"test-code":{"insertions":0,"deletions":5}}}]},{"date":"2021-10-21","commitResults":[{"hash":"7c90c5b3f8bf1cfd0a0d505d1545e9c49a456371","messageTitle":"Update DG for a-add","messageBody":"","fileTypesAndContributionMap":{"docs":{"insertions":149,"deletions":0}}},{"hash":"a7524ae584fad6d95628461c1afb1337e345243c","messageTitle":"Fix some minor issues","messageBody":"","fileTypesAndContributionMap":{"functional-code":{"insertions":1,"deletions":4}}},{"hash":"aa5fc3e62e8edd9d59e882225f287a8d9026bd74","messageTitle":"Fix Checkstyle","messageBody":"","fileTypesAndContributionMap":{"functional-code":{"insertions":1,"deletions":1}}},{"hash":"029b94ab8f3f5b53898808ecfb2d37f5202307bd","messageTitle":"Fix unclosed div tag","messageBody":"","fileTypesAndContributionMap":{"docs":{"insertions":8,"deletions":0}}},{"hash":"1d129be21c65b243f9fa760032529ac7c491e77f","messageTitle":"Fix checkstyle","messageBody":"","fileTypesAndContributionMap":{"docs":{"insertions":1,"deletions":1}}},{"hash":"fdc6138e48021d8a78909c363a6eb3ee5e02cf1e","messageTitle":"Fix minor issues","messageBody":"","fileTypesAndContributionMap":{"functional-code":{"insertions":1,"deletions":9},"test-code":{"insertions":16,"deletions":1}}}]},{"date":"2021-10-24","commitResults":[{"hash":"76c4b31755da1bb635fb4cff6a0d4a16d5d9af0b","messageTitle":"switch","messageBody":"","fileTypesAndContributionMap":{"functional-code":{"insertions":117,"deletions":79}}},{"hash":"7c0f7c5518ea28b56936e6e5c934ce615a8eb698","messageTitle":"Add finding for tags","messageBody":"","fileTypesAndContributionMap":{"functional-code":{"insertions":123,"deletions":124},"test-code":{"insertions":49,"deletions":8}}},{"hash":"40076e7fa23c138a0bed04180a65389f27189455","messageTitle":"Fix checkstyle","messageBody":"","fileTypesAndContributionMap":{"functional-code":{"insertions":13,"deletions":8},"test-code":{"insertions":1,"deletions":1}}},{"hash":"20ee653f35ea6673c021a833170b553f5673f077","messageTitle":"Update developer guide for find command","messageBody":"","fileTypesAndContributionMap":{"docs":{"insertions":241,"deletions":0},"test-code":{"insertions":1,"deletions":0}}},{"hash":"6c31304a706684bd6b8b99d24edd351e1ea9dec2","messageTitle":"Update logic component of developer guide","messageBody":"","fileTypesAndContributionMap":{"docs":{"insertions":62,"deletions":0}}},{"hash":"30352fa447df07bc1f9802cc8a344ae32ff053ae","messageTitle":"Update user guide","messageBody":"","fileTypesAndContributionMap":{"docs":{"insertions":22,"deletions":0}}},{"hash":"c9b421ae584ebcf9d350e4cbd881f267cf5ce2e1","messageTitle":"Fix typo","messageBody":"","fileTypesAndContributionMap":{"docs":{"insertions":1,"deletions":1}}},{"hash":"5b6901cf101a9b9cf57b96aa3d9e0fbc10ddfdaa","messageTitle":"Fix UserGuide","messageBody":"","fileTypesAndContributionMap":{"docs":{"insertions":10,"deletions":26}}}]},{"date":"2021-10-28","commitResults":[{"hash":"e0f46def0cea12d77e9be3e6118e5ff9a9d01425","messageTitle":"Fix edit command to allow for lowercase edits","messageBody":"","fileTypesAndContributionMap":{"functional-code":{"insertions":9,"deletions":5},"test-code":{"insertions":8,"deletions":0}}},{"hash":"da4326820150b2dec5fcb82274f1acc331aadc71","messageTitle":"Fix command case sensitivity","messageBody":"","fileTypesAndContributionMap":{"functional-code":{"insertions":2,"deletions":1},"test-code":{"insertions":78,"deletions":2}}}]},{"date":"2021-10-31","commitResults":[{"hash":"fc82a9ba1f52457b5db7ea9d0d615d1cba24d75f","messageTitle":"Fix PE-D issues","messageBody":"","fileTypesAndContributionMap":{"functional-code":{"insertions":65,"deletions":3},"test-code":{"insertions":104,"deletions":8}}},{"hash":"299b397e83c43819d2534caaa4225f883071b911","messageTitle":"Fix checkstyle","messageBody":"","fileTypesAndContributionMap":{"functional-code":{"insertions":6,"deletions":3},"test-code":{"insertions":1,"deletions":2}}},{"hash":"6a9cea349cbf1bf4ec7805fdca10645de21fc106","messageTitle":"Fix optimization issue","messageBody":"","fileTypesAndContributionMap":{"test-code":{"insertions":3,"deletions":1}}},{"hash":"23458389a0adcb87c5db7a5ebca2a72b1c9046d4","messageTitle":"Fix optimization issue #2","messageBody":"","fileTypesAndContributionMap":{"test-code":{"insertions":7,"deletions":1}}}]},{"date":"2021-11-01","commitResults":[{"hash":"376c1c30a0ff9df5f938a8b0da690590e6c8b444","messageTitle":"Fix command find on empty m/ tag","messageBody":"","fileTypesAndContributionMap":{"functional-code":{"insertions":11,"deletions":1}}}]},{"date":"2021-11-02","commitResults":[{"hash":"ed3135f8391f9005579ca464e778f17b031dac08","messageTitle":"Add test case for empty tags and fix multiple empty tags","messageBody":"","fileTypesAndContributionMap":{"functional-code":{"insertions":28,"deletions":1},"test-code":{"insertions":26,"deletions":0}}}]}],"qinguorui2001":[{"date":"2021-09-18","commitResults":[{"hash":"02c60b58cf52c6040a67659ad7ba0508060d6fbb","messageTitle":"add suppressions to checkstyle","messageBody":"","fileTypesAndContributionMap":{"other":{"insertions":3,"deletions":0}}}]},{"date":"2021-09-19","commitResults":[{"hash":"569cd98faa9dda3488e64d16fa9260cb59c0436e","messageTitle":"Update AboutUs.md","messageBody":"","fileTypesAndContributionMap":{"docs":{"insertions":6,"deletions":6}}}]},{"date":"2021-09-24","commitResults":[{"hash":"32034e874a495b0358e29ee3ed074ce167252324","messageTitle":"Update the user stories and glossary","messageBody":"","fileTypesAndContributionMap":{"docs":{"insertions":23,"deletions":10}}},{"hash":"8feb6708f3a3c8eb9e2dc5218ed3a11e0eb87bec","messageTitle":"Fix some issues related to priority","messageBody":"","fileTypesAndContributionMap":{"docs":{"insertions":11,"deletions":11}}}]},{"date":"2021-09-25","commitResults":[{"hash":"167ab4e3c60d8dc99e8c6f58bd0d10a7a4d51a06","messageTitle":"Update p-add use case","messageBody":"","fileTypesAndContributionMap":{"docs":{"insertions":24,"deletions":0}}},{"hash":"3e4873d8f48a2e9fc8c3be2d8b165236bfbb73ff","messageTitle":"Update portfolio","messageBody":"","fileTypesAndContributionMap":{"docs":{"insertions":46,"deletions":0}}},{"hash":"861d093672e61c995b7e212de07c1f205fae4f34","messageTitle":"fix white spaces","messageBody":"","fileTypesAndContributionMap":{"docs":{"insertions":1,"deletions":1}}}]},{"date":"2021-09-26","commitResults":[{"hash":"e28c675ca80ca4cb86b4c735acd441821be9f62a","messageTitle":"Update t-deadline, t-delete, t-show, t-list in user guide","messageBody":"","fileTypesAndContributionMap":{"docs":{"insertions":47,"deletions":0}}},{"hash":"5224e94551e183122003982e8302cb4cd8c1a20b","messageTitle":"fix white space","messageBody":"","fileTypesAndContributionMap":{"docs":{"insertions":1,"deletions":1}}}]},{"date":"2021-09-27","commitResults":[{"hash":"b0f32f2d8e0e4f24de88b272a3b7ec7fcc3fbcff","messageTitle":"Update the parseDate and DueDate, with test cases","messageBody":"","fileTypesAndContributionMap":{"functional-code":{"insertions":69,"deletions":30},"test-code":{"insertions":72,"deletions":0}}},{"hash":"0d3ab163e070133ff73afb6286615c0e0451d810","messageTitle":"fix checkstyle","messageBody":"","fileTypesAndContributionMap":{"functional-code":{"insertions":3,"deletions":4}}},{"hash":"efdfec0d3d6fde2f6c5ecea0b81ee5ac71f23d6e","messageTitle":"fix checkstyle","messageBody":"","fileTypesAndContributionMap":{"functional-code":{"insertions":2,"deletions":2}}},{"hash":"6d92f99a7020a1f52f0c1cf9844e9382af2c278d","messageTitle":"fix checkstyle","messageBody":"","fileTypesAndContributionMap":{"test-code":{"insertions":0,"deletions":1}}}]},{"date":"2021-09-28","commitResults":[{"hash":"120e2376a769ff3bcd9fa5d0026e2f83357e92bc","messageTitle":"Update add,delete assignment","messageBody":"","fileTypesAndContributionMap":{"functional-code":{"insertions":119,"deletions":4}}},{"hash":"7945605ef1135a3d1c137e984fdf71b74a78f728","messageTitle":"fix DD/MM/YYYY to D/M/YYYY, add comma between date and time","messageBody":"","fileTypesAndContributionMap":{"docs":{"insertions":4,"deletions":4}}},{"hash":"71bccd07ee80cc770ee1520248d677a71fb905a0","messageTitle":"Update parse description","messageBody":"","fileTypesAndContributionMap":{"functional-code":{"insertions":44,"deletions":16}}},{"hash":"d32113f814b2d77c4d74fa8435647478b500531f","messageTitle":"fix checkstyle","messageBody":"","fileTypesAndContributionMap":{"functional-code":{"insertions":10,"deletions":7}}}]},{"date":"2021-09-29","commitResults":[{"hash":"8dff21f83fca97e426a5c26e3d21b95e9562fd31","messageTitle":"Update duedate test and duedate class","messageBody":"","fileTypesAndContributionMap":{"functional-code":{"insertions":36,"deletions":22},"test-code":{"insertions":53,"deletions":5}}},{"hash":"b4cf83251bc25d80af634846179a56c53c2dabfd","messageTitle":"syncronize with yiheng","messageBody":"","fileTypesAndContributionMap":{"test-code":{"insertions":0,"deletions":22}}},{"hash":"e5f4daa2dbe014606b6a03eee33f8167358ad052","messageTitle":"fix errors related to test case of duedate and parseutil and minor change in fields in duedate","messageBody":"","fileTypesAndContributionMap":{"functional-code":{"insertions":1,"deletions":1},"test-code":{"insertions":7,"deletions":16}}},{"hash":"29b6a76309e348719b172cb5bfbb9fe085421514","messageTitle":"fix trailing space","messageBody":"","fileTypesAndContributionMap":{"test-code":{"insertions":0,"deletions":1}}}]},{"date":"2021-09-30","commitResults":[{"hash":"5cec64021f4726b1fb01dacc47370a1c82babf80","messageTitle":"Update p-add use case and glossary","messageBody":"","fileTypesAndContributionMap":{"docs":{"insertions":12,"deletions":10}}},{"hash":"b3613c5b5060a0c4f18d15ab818c9dece24024a0","messageTitle":"fix small grammatical error","messageBody":"","fileTypesAndContributionMap":{"test-code":{"insertions":1,"deletions":1}}}]},{"date":"2021-10-03","commitResults":[{"hash":"ae148134c746e9cf4993fe63796e520e888d2b2f","messageTitle":"Update user guide, add , delete and mark assignment","messageBody":"","fileTypesAndContributionMap":{"docs":{"insertions":66,"deletions":0}}}]},{"date":"2021-10-05","commitResults":[{"hash":"32483b9c161207ffa148303541745ff259d58e31","messageTitle":"Update add delete and mark assignment command","messageBody":"","fileTypesAndContributionMap":{"functional-code":{"insertions":496,"deletions":21},"test-code":{"insertions":40,"deletions":4}}}]},{"date":"2021-10-06","commitResults":[{"hash":"c81b02131fe93b16b9e3a9757fb651cb21cfcad7","messageTitle":"adapt to weichang waiting for decision, some tests in assignment test has been disabled to be compatible, should be changed back later","messageBody":"","fileTypesAndContributionMap":{"functional-code":{"insertions":34,"deletions":28},"docs":{"insertions":0,"deletions":1},"test-code":{"insertions":17,"deletions":15}}}]},{"date":"2021-10-10","commitResults":[{"hash":"c408f376635f09d7777d013aa01f0404fbfaa807","messageTitle":"update assignemnt add test cases","messageBody":"","fileTypesAndContributionMap":{"functional-code":{"insertions":8,"deletions":6},"test-code":{"insertions":568,"deletions":1}}},{"hash":"79a7c6374bc8833c575c67e935f5dc0d45a6ed90","messageTitle":"update parser test","messageBody":"","fileTypesAndContributionMap":{"functional-code":{"insertions":31,"deletions":32},"test-code":{"insertions":77,"deletions":45}}},{"hash":"6c76cd13607d7199ab271ab58276400eed2514b1","messageTitle":"update","messageBody":"","fileTypesAndContributionMap":{"functional-code":{"insertions":31,"deletions":30},"test-code":{"insertions":14,"deletions":76}}},{"hash":"730db77a5f8cc7f70dd539ec1b9212ac49b13646","messageTitle":"fix","messageBody":"","fileTypesAndContributionMap":{"functional-code":{"insertions":296,"deletions":33},"docs":{"insertions":15,"deletions":5},"test-code":{"insertions":818,"deletions":37}}}]},{"date":"2021-10-11","commitResults":[{"hash":"54f5f975badf9c8fa73ffc08b53a57651cc38263","messageTitle":"fix","messageBody":"","fileTypesAndContributionMap":{"functional-code":{"insertions":1,"deletions":1},"test-code":{"insertions":2,"deletions":52}}},{"hash":"0a948c38e8e4a92c4b6c1048b0b428c5d06e5f21","messageTitle":"update english date","messageBody":"","fileTypesAndContributionMap":{"functional-code":{"insertions":3,"deletions":1}}},{"hash":"faf071bb5241a7cb0599a7c5afa977d2527ba1b8","messageTitle":"Update the add assignment itegration testing, unit testing and assignment command parser testing","messageBody":"","fileTypesAndContributionMap":{"test-code":{"insertions":100,"deletions":20}}},{"hash":"aa7f82b27f2a664ee7c4bba9816d2d9be49a7b32","messageTitle":"FIX checkstyle","messageBody":"","fileTypesAndContributionMap":{"functional-code":{"insertions":1,"deletions":1},"test-code":{"insertions":23,"deletions":29}}}]},{"date":"2021-10-16","commitResults":[{"hash":"bf188545544e62c558d1a06e80d18da9649be619","messageTitle":"Initialize undo command","messageBody":"","fileTypesAndContributionMap":{"functional-code":{"insertions":15,"deletions":0}}},{"hash":"77c1dbe1b1fc949dd008eb1378e41a3780717f61","messageTitle":"Update mark assignment and related typical person class","messageBody":"","fileTypesAndContributionMap":{"functional-code":{"insertions":8,"deletions":9},"test-code":{"insertions":107,"deletions":2}}},{"hash":"83c539d1293eb2c2ec15a56cc918d1de33035aa6","messageTitle":"Update in typical person addressbook json","messageBody":"","fileTypesAndContributionMap":{"test-code":{"insertions":10,"deletions":8}}},{"hash":"9b0dbf71efaafe2f59af689766fe2051778cd9b2","messageTitle":"remove unused imports","messageBody":"","fileTypesAndContributionMap":{"test-code":{"insertions":0,"deletions":1}}},{"hash":"41a65db275db892b44f59cf3f4a6dc8ae919ac5c","messageTitle":"Before each test fix, avoding wired issue","messageBody":"","fileTypesAndContributionMap":{"test-code":{"insertions":14,"deletions":5}}},{"hash":"1add459c96c121d078f1468b4700db92e2f62d7d","messageTitle":"remove unused imports","messageBody":"","fileTypesAndContributionMap":{"test-code":{"insertions":0,"deletions":2}}}]},{"date":"2021-10-17","commitResults":[{"hash":"fbbf8b3754f1bc3be0bd41188d3fcc475fe24525","messageTitle":"fix bugs adapted from clifford delete assignment solution","messageBody":"","fileTypesAndContributionMap":{"test-code":{"insertions":90,"deletions":12}}}]},{"date":"2021-10-20","commitResults":[{"hash":"ee03c63a91d8e1a886d0f7117d0409028ffcf4dd","messageTitle":"rough plan for undo","messageBody":"","fileTypesAndContributionMap":{"functional-code":{"insertions":305,"deletions":27},"test-code":{"insertions":127,"deletions":4}}},{"hash":"ac9afea44c52912008136e10fd0893ce910bd5de","messageTitle":"Update Undo command","messageBody":"","fileTypesAndContributionMap":{"functional-code":{"insertions":25,"deletions":105},"test-code":{"insertions":15,"deletions":51}}},{"hash":"98be59efc93e70db7000fa8f9a176c0921f0d0ee","messageTitle":"fix","messageBody":"","fileTypesAndContributionMap":{"functional-code":{"insertions":9,"deletions":14}}},{"hash":"7d74839ad7271e636108dbfc1007c61c0e5640b5","messageTitle":"fix some tests according to master branch","messageBody":"","fileTypesAndContributionMap":{"test-code":{"insertions":16,"deletions":0}}},{"hash":"253f30a73830497a9e46ba258149ed3ed4b188b1","messageTitle":"fix add all assignment test case","messageBody":"","fileTypesAndContributionMap":{"test-code":{"insertions":5,"deletions":0}}}]},{"date":"2021-10-21","commitResults":[{"hash":"0dd135cbbd5078ffd8e5cddad4d17a5e8283366d","messageTitle":"update a-add and a-mark DG without diagram","messageBody":"","fileTypesAndContributionMap":{"docs":{"insertions":100,"deletions":2}}},{"hash":"81b0eb5fdffb2f9acae73fcbf498e912fda8202b","messageTitle":"update mark without diagram","messageBody":"","fileTypesAndContributionMap":{"other":{"insertions":4,"deletions":0},"docs":{"insertions":50,"deletions":7}}}]},{"date":"2021-10-22","commitResults":[{"hash":"66622bbed721ee2e43d0fbd516501c189d73c01d","messageTitle":"update undo with some bugs","messageBody":"","fileTypesAndContributionMap":{"functional-code":{"insertions":155,"deletions":177},"test-code":{"insertions":77,"deletions":26}}},{"hash":"213dcd1c7020e3d54905d9364dfde9bdf8a876e3","messageTitle":"Update mark, add and delete assignment activity and sequence diagram,RemoveactivityDiagram.puml can\u0027t be named as RemoveActivityDiagram.puml, see whether you can modify it and make it work on your end","messageBody":"","fileTypesAndContributionMap":{"docs":{"insertions":224,"deletions":43}}},{"hash":"f94fb1bc8dcaf8e10d970e5b8868f060d9928fd0","messageTitle":"fix EOF","messageBody":"","fileTypesAndContributionMap":{"docs":{"insertions":2,"deletions":2}}},{"hash":"f582c6081d1cb2d9c37a5cda51be80674c7dd0d5","messageTitle":"Update better view of undo and redo","messageBody":"","fileTypesAndContributionMap":{"functional-code":{"insertions":100,"deletions":55},"test-code":{"insertions":25,"deletions":28}}},{"hash":"696f27d747eff89e0917b247ec5e82945d8fc1cd","messageTitle":"fix EOF","messageBody":"","fileTypesAndContributionMap":{"test-code":{"insertions":1,"deletions":1}}}]},{"date":"2021-10-23","commitResults":[{"hash":"6c784ab188a6ed1d50b8725312354c4f35afee6f","messageTitle":"fix checkstyle, use guard clause and change method name in verb form","messageBody":"","fileTypesAndContributionMap":{"functional-code":{"insertions":37,"deletions":40},"test-code":{"insertions":20,"deletions":8}}}]},{"date":"2021-10-25","commitResults":[{"hash":"401cd563756b93ef4a674ac6c9bc86bd046227e9","messageTitle":"Update undo,redo command test","messageBody":"","fileTypesAndContributionMap":{"test-code":{"insertions":171,"deletions":17}}}]},{"date":"2021-10-26","commitResults":[{"hash":"69a14401bdb70d96ca37e5a0bf96bcc0f10df62f","messageTitle":"Fix bug in method names","messageBody":"","fileTypesAndContributionMap":{"test-code":{"insertions":10,"deletions":10}}}]},{"date":"2021-10-28","commitResults":[{"hash":"5c19ebe9d07db53a8cc42d29d5df63370fc406b2","messageTitle":"Update user guide with less bugs","messageBody":"","fileTypesAndContributionMap":{"docs":{"insertions":86,"deletions":59}}},{"hash":"7d2557bdb1fe8c822aa690eca1b2c6e4cdd0f66e","messageTitle":"change format of expression of find","messageBody":"","fileTypesAndContributionMap":{"docs":{"insertions":3,"deletions":3}}},{"hash":"d01f61e5d444ff6575b97b74b193964237c795ea","messageTitle":"fix displayed assignment list and clear command description","messageBody":"","fileTypesAndContributionMap":{"docs":{"insertions":12,"deletions":12}}},{"hash":"52554eb673a6b8077cb4040fde85f2bf2794697d","messageTitle":"bug fix","messageBody":"","fileTypesAndContributionMap":{"docs":{"insertions":2,"deletions":2}}}]},{"date":"2021-10-30","commitResults":[{"hash":"a407dbef829ef32a24118ebb3be39e19938725f1","messageTitle":"ped fix bug","messageBody":"","fileTypesAndContributionMap":{"docs":{"insertions":26,"deletions":26}}}]},{"date":"2021-10-31","commitResults":[{"hash":"829c9295cddf17cc8e3aee0a21cda94ade63ad7b","messageTitle":"fix bug","messageBody":"","fileTypesAndContributionMap":{"docs":{"insertions":30,"deletions":31}}},{"hash":"5202269d6510c8abe3d6b64b0ba25c63f35d0853","messageTitle":"fix bug","messageBody":"","fileTypesAndContributionMap":{"docs":{"insertions":25,"deletions":19}}},{"hash":"5cb2e57f90432887586c9d2cc06f3d3de15a7cc4","messageTitle":"update message of done on a completed assignment","messageBody":"","fileTypesAndContributionMap":{"functional-code":{"insertions":33,"deletions":0},"test-code":{"insertions":38,"deletions":0}}},{"hash":"f0ef26e6995df0e311405a570a20b99c95810059","messageTitle":"Improve the format of user guide tip and note","messageBody":"","fileTypesAndContributionMap":{"docs":{"insertions":79,"deletions":23}}}]},{"date":"2021-11-01","commitResults":[{"hash":"2f06d411e6f16e3b261c9da15d10351a0b682ab4","messageTitle":"Fix caution format","messageBody":"","fileTypesAndContributionMap":{"docs":{"insertions":11,"deletions":7}}},{"hash":"d330e286b419145802cab0c873aa76dc0a567168","messageTitle":"fix caution bug","messageBody":"","fileTypesAndContributionMap":{"docs":{"insertions":12,"deletions":8}}},{"hash":"15d50d8c28606464c243cd50814b85fb1dd3d14a","messageTitle":"fix consistent format for caution","messageBody":"","fileTypesAndContributionMap":{"docs":{"insertions":2,"deletions":2}}},{"hash":"3482e72d7a3e019be8219ea543b0243b3842167f","messageTitle":"fix ug bugs","messageBody":"","fileTypesAndContributionMap":{"docs":{"insertions":10,"deletions":8}}},{"hash":"a3f07a0fe983ef861f1d399dbf2f9a13f2f5c473","messageTitle":"user guide assignment list window -\u003e panel","messageBody":"","fileTypesAndContributionMap":{"docs":{"insertions":1,"deletions":1}}},{"hash":"feb068a5dce3819fba41c513ccee3aea028f4144","messageTitle":"fix small bugs","messageBody":"","fileTypesAndContributionMap":{"docs":{"insertions":5,"deletions":6}}},{"hash":"c0ebb4073eccfad2d867e87858da9b1740fd534a","messageTitle":"delete coming feature archive","messageBody":"","fileTypesAndContributionMap":{"docs":{"insertions":0,"deletions":4}}},{"hash":"eef77dfdb9ff46a8bde6de3e2e7a36b2263c3b5a","messageTitle":"??github","messageBody":"","fileTypesAndContributionMap":{"docs":{"insertions":1,"deletions":1}}}]},{"date":"2021-11-02","commitResults":[{"hash":"41ae662100ad364d0ad5701dee09f3ad9eaac8a8","messageTitle":"fix tag and show command link","messageBody":"","fileTypesAndContributionMap":{"docs":{"insertions":6,"deletions":12}}},{"hash":"23f3e59612a95bbfb4d931ba756990fd20b5b3ec","messageTitle":"fix dg","messageBody":"","fileTypesAndContributionMap":{"docs":{"insertions":4,"deletions":9}}},{"hash":"66f65220ca079181289d4161c3a49146eb81b37c","messageTitle":"improve undo quality","messageBody":"","fileTypesAndContributionMap":{"functional-code":{"insertions":7,"deletions":13},"test-code":{"insertions":20,"deletions":40}}},{"hash":"1109b0630e1eb25736859adb23facadfefe9be80","messageTitle":"fix check style","messageBody":"","fileTypesAndContributionMap":{"test-code":{"insertions":0,"deletions":3}}},{"hash":"f38183e6f0307cbdb403c480763259bed896bfc5","messageTitle":"improve","messageBody":"","fileTypesAndContributionMap":{"docs":{"insertions":2,"deletions":2}}}]}],"TaoJun99":[{"date":"2021-09-22","commitResults":[{"hash":"5e9b81eba579b8c910cbee367e46da3d524f9a12","messageTitle":"Update personal details in AboutUs.md","messageBody":"","fileTypesAndContributionMap":{"docs":{"insertions":4,"deletions":4}}},{"hash":"2f64fc6e562c8797781da615b9d48b0b6ff67feb","messageTitle":"Update target user profile and value proposition in DG","messageBody":"","fileTypesAndContributionMap":{"docs":{"insertions":16,"deletions":7}}},{"hash":"3a68ac32f2faf5c03e0857f70aaf6cdbbc2142cd","messageTitle":"Update UserGuide.md to include prefix in command name","messageBody":"","fileTypesAndContributionMap":{"docs":{"insertions":24,"deletions":35}}}]},{"date":"2021-09-24","commitResults":[{"hash":"93070ccac6e076eb3584d5f4b8ef17558b355b05","messageTitle":"Remove dummy data in AboutUs.md","messageBody":"","fileTypesAndContributionMap":{"docs":{"insertions":48,"deletions":15}}},{"hash":"85215f53023d75d922b41be944158357be39ae4c","messageTitle":"Add use case for p-find","messageBody":"","fileTypesAndContributionMap":{"docs":{"insertions":22,"deletions":3}}}]},{"date":"2021-09-25","commitResults":[{"hash":"eba0bc4a634b3ab4c1399810ff7040b3e2124ca3","messageTitle":"Update AboutUs.md","messageBody":"","fileTypesAndContributionMap":{"docs":{"insertions":3,"deletions":0}}},{"hash":"35e6bd42d6f3b4ce48e96a24a202bdc5aa802e26","messageTitle":"Update AboutUs.md","messageBody":"","fileTypesAndContributionMap":{"docs":{"insertions":1,"deletions":1}}}]},{"date":"2021-09-28","commitResults":[{"hash":"10c660a59dfb80f4868e8c0b57c2dd0551ab1dc0","messageTitle":"Add command prefix for command name","messageBody":"","fileTypesAndContributionMap":{"functional-code":{"insertions":4,"deletions":4}}},{"hash":"a208687c118e8af9f919ebb98026687af2878d41","messageTitle":"Change command names and update json property to accommodate module field","messageBody":"","fileTypesAndContributionMap":{"functional-code":{"insertions":16,"deletions":16},"other":{"insertions":102,"deletions":102},"test-code":{"insertions":64,"deletions":64}}},{"hash":"4db397338c9fd91dac06cbaa119ddaf229f7008f","messageTitle":"Fix some checkstyle issues","messageBody":"","fileTypesAndContributionMap":{"functional-code":{"insertions":2,"deletions":1},"test-code":{"insertions":6,"deletions":3}}},{"hash":"82eb2001f2bdc00f75deec3c819cbf006de5c6ee","messageTitle":"Fix test issues","messageBody":"","fileTypesAndContributionMap":{"test-code":{"insertions":1,"deletions":1}}}]},{"date":"2021-10-01","commitResults":[{"hash":"dbe569aba7191e15b3839f57a8503b110100748b","messageTitle":"Update storage to save and load assignment list","messageBody":"","fileTypesAndContributionMap":{"functional-code":{"insertions":215,"deletions":23},"test-code":{"insertions":78,"deletions":27}}},{"hash":"e9a31a7d315d7237a0e9155e142b47160ba89ea2","messageTitle":"Fix checkstyle issues","messageBody":"","fileTypesAndContributionMap":{"functional-code":{"insertions":20,"deletions":11},"test-code":{"insertions":0,"deletions":1}}}]},{"date":"2021-10-04","commitResults":[{"hash":"c49054c2f55ba0276f9d49142e195787413792bc","messageTitle":"Update header comments to reflect command name changes","messageBody":"","fileTypesAndContributionMap":{"functional-code":{"insertions":12,"deletions":12},"other":{"insertions":2,"deletions":2},"test-code":{"insertions":4,"deletions":4}}}]},{"date":"2021-10-05","commitResults":[{"hash":"4332349e81ae16da808b548d5e64144c39306478","messageTitle":"Add tests and tidy up code","messageBody":"","fileTypesAndContributionMap":{"functional-code":{"insertions":2,"deletions":3},"other":{"insertions":0,"deletions":2},"test-code":{"insertions":57,"deletions":4}}}]},{"date":"2021-10-06","commitResults":[{"hash":"1bca639702736d91a62b5f57830386178d569711","messageTitle":"Fix checkstyle issues","messageBody":"","fileTypesAndContributionMap":{"functional-code":{"insertions":2,"deletions":6},"test-code":{"insertions":1,"deletions":1}}},{"hash":"b73efbbfa37ffa4c928cac7b09144862d8091ca1","messageTitle":"Fix checkstyle issue","messageBody":"","fileTypesAndContributionMap":{"functional-code":{"insertions":2,"deletions":2}}},{"hash":"655495a89d1aed740789e0f56ce0feb3c97e3b31","messageTitle":"Fix value of Status to be uppercase and adjust .css accordingly","messageBody":"","fileTypesAndContributionMap":{"functional-code":{"insertions":4,"deletions":4}}}]},{"date":"2021-10-07","commitResults":[{"hash":"4b5be28052e7ff4953adfd9cc7c6ff0d02667faa","messageTitle":"Update command name in parser","messageBody":"","fileTypesAndContributionMap":{"other":{"insertions":3,"deletions":3}}}]},{"date":"2021-10-18","commitResults":[{"hash":"9262d584f94d69c33303cdc6da8e692b84711b52","messageTitle":"Add command: giveall","messageBody":"Command allows users to add an assignment to all persons in the specified module.\n","fileTypesAndContributionMap":{"functional-code":{"insertions":142,"deletions":3},"docs":{"insertions":14,"deletions":4},"test-code":{"insertions":482,"deletions":16}}}]},{"date":"2021-10-20","commitResults":[{"hash":"37247c7d8db0be5c3020d0c898febd1386299643","messageTitle":"Update user stories in DeveloperGuide.md","messageBody":"","fileTypesAndContributionMap":{"docs":{"insertions":18,"deletions":17}}},{"hash":"bb4d5c48266d2df0b3b1f478135bc759f1c55378","messageTitle":"Update DG with design details of giveall and removeall command","messageBody":"","fileTypesAndContributionMap":{"docs":{"insertions":269,"deletions":26}}}]},{"date":"2021-10-23","commitResults":[{"hash":"2f469321967fd1102c98451bf6ce1c0d10d91386","messageTitle":"Update UserGuide.md","messageBody":"","fileTypesAndContributionMap":{"docs":{"insertions":2,"deletions":2}}},{"hash":"213b55e0db72b0676d3cc50296c038467fbbb52a","messageTitle":"Add feature to remove assignments from all persons if completed","messageBody":"","fileTypesAndContributionMap":{"functional-code":{"insertions":90,"deletions":13},"docs":{"insertions":6,"deletions":0},"test-code":{"insertions":312,"deletions":27}}},{"hash":"09b9fc09f48148b94839f6c9a1838adf5b1d1717","messageTitle":"Update giveall and clean command in UG and DG","messageBody":"","fileTypesAndContributionMap":{"docs":{"insertions":92,"deletions":106}}}]},{"date":"2021-10-25","commitResults":[{"hash":"e573f4e642ec74ad68ac716776b4ae888a722db9","messageTitle":"Improve code quality for test case","messageBody":"","fileTypesAndContributionMap":{"test-code":{"insertions":7,"deletions":8}}},{"hash":"4ac18339f624884bd9fbde59aef9a629979fc3c3","messageTitle":"Update README.md and index.md Change name of data file to ta2.json","messageBody":"","fileTypesAndContributionMap":{"functional-code":{"insertions":1,"deletions":1},"docs":{"insertions":26,"deletions":7}}},{"hash":"01c8e9869b4e4b872e7c6361845fc2be41296303","messageTitle":"Fix format of headers","messageBody":"","fileTypesAndContributionMap":{"docs":{"insertions":4,"deletions":0}}},{"hash":"79af89544c19d722b30de33a918d717c85da5756","messageTitle":"Fix header format","messageBody":"","fileTypesAndContributionMap":{"docs":{"insertions":4,"deletions":4}}}]},{"date":"2021-10-26","commitResults":[{"hash":"56ca1b8cba1a3fe24607efae53ca353c1eec1695","messageTitle":"Add details for ReadMe.md","messageBody":"","fileTypesAndContributionMap":{"docs":{"insertions":3,"deletions":2}}}]},{"date":"2021-10-30","commitResults":[{"hash":"8519a80580d10d9b32838016743a31c019192028","messageTitle":"Fix bug where giveall does not produce error message when all persons have the specified assignment already","messageBody":"","fileTypesAndContributionMap":{"functional-code":{"insertions":7,"deletions":0}}},{"hash":"8a1d9313a99dde906b05aeeb68efedc4caa5375e","messageTitle":"Fix test cases in AddAssignmentToAllCommandIntegrationTest","messageBody":"","fileTypesAndContributionMap":{"test-code":{"insertions":12,"deletions":7}}}]},{"date":"2021-10-31","commitResults":[{"hash":"e212dc890b469ec281128d5a458216fc1854658c","messageTitle":"Update DeveloperGuide.md","messageBody":"","fileTypesAndContributionMap":{"docs":{"insertions":8,"deletions":7}}},{"hash":"b6ca2711e265f72c2c23c4beface2f678d374fa3","messageTitle":"Update DeveloperGuide.md","messageBody":"","fileTypesAndContributionMap":{"docs":{"insertions":16,"deletions":7}}},{"hash":"e79ff1f3cd7f811d56435bb71f224cab1e7f2562","messageTitle":"Update DeveloperGuide.md","messageBody":"","tags":["v1.4"],"fileTypesAndContributionMap":{"docs":{"insertions":4,"deletions":3}}}]},{"date":"2021-11-01","commitResults":[{"hash":"675878730edb970872d5c4f06ff396f021a27ce1","messageTitle":"Fix bug of giveall command","messageBody":"Currently, giveall allows users to add an assignment with same description but with a different due date from the existing in the data, resulting in different persons having same assignments but with different due dates.\n\nFix the giveall command to check if the input due date is same as the existing one.\n","fileTypesAndContributionMap":{"functional-code":{"insertions":51,"deletions":8}}},{"hash":"2e800b1e139ba6b3c40a16e7ce7b441157c68733","messageTitle":"Fix minor bug in giveall command and add test case","messageBody":"Currently, users are able to input assignments with same descriptions of different letter case from existing assignments, resulting in inconsistencies.\n","fileTypesAndContributionMap":{"functional-code":{"insertions":5,"deletions":4},"test-code":{"insertions":27,"deletions":5}}},{"hash":"ba93170cec91cedf5b4a36c8948fe2fe0adecbd0","messageTitle":"Fix checkstyle issues","messageBody":"","fileTypesAndContributionMap":{"functional-code":{"insertions":5,"deletions":5}}},{"hash":"c899fc00327da691853d4cbaed3cbfc84119627d","messageTitle":"Improve code quality of AddAssignmentToAllCommand","messageBody":"","fileTypesAndContributionMap":{"functional-code":{"insertions":32,"deletions":12}}},{"hash":"b0045787619eebdeebe36012f91cca8158240d6f","messageTitle":"Remove trim() to fit the latest master version","messageBody":"","fileTypesAndContributionMap":{"functional-code":{"insertions":2,"deletions":2}}}]},{"date":"2021-11-02","commitResults":[{"hash":"f216737707519f286804efc18d736c715794d242","messageTitle":"Fix issue of spacing difference between two descriptions resulting in different assignments","messageBody":"","fileTypesAndContributionMap":{"functional-code":{"insertions":3,"deletions":2}}},{"hash":"b106d9e9e3bce522403f45a6e98dc80671f8b200","messageTitle":"Update UG to make the description of the usage of giveall command clearer","messageBody":"","fileTypesAndContributionMap":{"docs":{"insertions":9,"deletions":0}}},{"hash":"e2005250451ce54a0efe3b07a1595dbd82c8ca4e","messageTitle":"Update giveall in UG and AddAssignmentToAllCommand","messageBody":"","fileTypesAndContributionMap":{"functional-code":{"insertions":2,"deletions":2},"docs":{"insertions":2,"deletions":2}}}]}],"weichang18":[{"date":"2021-09-21","commitResults":[{"hash":"d946cbce7914a37e6e830307db5a8d2a098c8e69","messageTitle":"Add personal picture and update role and responsibility","messageBody":"","fileTypesAndContributionMap":{"docs":{"insertions":4,"deletions":4}}},{"hash":"550413c82263ce6f5ecbb212d6f042e24b116493","messageTitle":"Update README.md with relevant information and added UI mockup","messageBody":"","fileTypesAndContributionMap":{"docs":{"insertions":12,"deletions":9}}}]},{"date":"2021-09-22","commitResults":[{"hash":"d4e833ee4e46a88c74039e1e05f1e2b3fdfaa59d","messageTitle":"Removed Ui Mockup","messageBody":"","fileTypesAndContributionMap":{"docs":{"insertions":3,"deletions":2}}},{"hash":"b17e8079ae4fa8d64551ca7dc450c0034f51c33f","messageTitle":"Minor fixes to grammar and removed UiMockUp.png from docs/images","messageBody":"","fileTypesAndContributionMap":{"docs":{"insertions":3,"deletions":3}}},{"hash":"4abbe4ec98ccce628aec7248df6c6b82b43e754c","messageTitle":"Minor changes to README.md","messageBody":"","fileTypesAndContributionMap":{"docs":{"insertions":1,"deletions":1}}},{"hash":"084b815280474992af4246b1718bfe74beefb45b","messageTitle":"Minor changes to README.md","messageBody":"","fileTypesAndContributionMap":{"docs":{"insertions":1,"deletions":1}}}]},{"date":"2021-09-25","commitResults":[{"hash":"06332c3bcaa0d3c64683380cb2c8aea38ce3936b","messageTitle":"Update AboutUs.md with personal portfolio. Update README.md title.","messageBody":"","fileTypesAndContributionMap":{"docs":{"insertions":49,"deletions":3}}},{"hash":"f05ff6dddc55ba77ad63b59062ac4ff483531c6e","messageTitle":"Update UC03 in DG","messageBody":"","fileTypesAndContributionMap":{"docs":{"insertions":23,"deletions":13}}}]},{"date":"2021-09-27","commitResults":[{"hash":"68d1ca3717e8cdd00298bd6c59ae0c61a78a2905","messageTitle":"Update the constructor of DueDate.java","messageBody":"","fileTypesAndContributionMap":{"functional-code":{"insertions":46,"deletions":8}}},{"hash":"e791ca522c77202586613958c664948588370074","messageTitle":"Fix checkstyle errors in DueDate.java and Person.java","messageBody":"","fileTypesAndContributionMap":{"functional-code":{"insertions":1,"deletions":4}}},{"hash":"2dfba209f1e92f80eae4ec2221b0e89e745b26df","messageTitle":"More fixes to checkstyle on DueDate.java","messageBody":"","fileTypesAndContributionMap":{"functional-code":{"insertions":3,"deletions":1}}},{"hash":"2e2b219e21d8ee982dcfc44c26fa5a474c2ad37c","messageTitle":"Fix checkstyle error","messageBody":"","fileTypesAndContributionMap":{"functional-code":{"insertions":2,"deletions":1}}}]},{"date":"2021-09-29","commitResults":[{"hash":"d9486dfe54b766ef1e68ef7c99d1e9f4fe823636","messageTitle":"Update DueDate.java with validation regex for date and time Add DueDateTest.java","messageBody":"","fileTypesAndContributionMap":{"functional-code":{"insertions":18,"deletions":15},"test-code":{"insertions":66,"deletions":3}}},{"hash":"dee3079614fa0e079c49c5cbbca67c0311cac83c","messageTitle":"Fix missing newline at EOF","messageBody":"","fileTypesAndContributionMap":{"test-code":{"insertions":2,"deletions":3}}},{"hash":"ff19b8afabcba07252d40eca96da45f4c82aa6ca","messageTitle":"Fix check style issues","messageBody":"","fileTypesAndContributionMap":{"test-code":{"insertions":1,"deletions":1}}},{"hash":"e888d0556705b6cd668a0ad0c6aabfaeaa3c620f","messageTitle":"Fix check style issue","messageBody":"","fileTypesAndContributionMap":{"functional-code":{"insertions":7,"deletions":4}}},{"hash":"a777c2e085fd70e64982248c605defb211db1b7c","messageTitle":"Fix check style issue","messageBody":"","fileTypesAndContributionMap":{"functional-code":{"insertions":2,"deletions":2}}},{"hash":"d769d11e16b0e54eff7eb5a324024257d7975ea7","messageTitle":"Update areas that were commented","messageBody":"","fileTypesAndContributionMap":{"functional-code":{"insertions":3,"deletions":3},"test-code":{"insertions":5,"deletions":3}}}]},{"date":"2021-10-05","commitResults":[{"hash":"7e252bd25660078bc626d505bfc6053c82b25763","messageTitle":"Add ShowCommand and ShowCommandParser class","messageBody":"","fileTypesAndContributionMap":{"functional-code":{"insertions":98,"deletions":22},"test-code":{"insertions":3,"deletions":2}}},{"hash":"046f1628bec6d6253c09585de8c297299d71dd85","messageTitle":"Made modifications to some methods to keep consistency","messageBody":"","fileTypesAndContributionMap":{"functional-code":{"insertions":17,"deletions":11},"test-code":{"insertions":6,"deletions":1}}},{"hash":"ef68f0962a3e064133a65181c05f26206d879a59","messageTitle":"Fix checkstyle issues","messageBody":"","fileTypesAndContributionMap":{"functional-code":{"insertions":1,"deletions":7}}},{"hash":"f421d3880a4e07255145e12bb9664e6650c00064","messageTitle":"Fix checkstyle issues","messageBody":"","fileTypesAndContributionMap":{"test-code":{"insertions":0,"deletions":2}}},{"hash":"90a7f8062124bd9ad05e16b87ec444582fd27aae","messageTitle":"Made modifications to fix to start with an empty assignment list","messageBody":"","fileTypesAndContributionMap":{"functional-code":{"insertions":10,"deletions":5}}},{"hash":"20fbb8aa60e6ac571e2ce82a6361b13001c9853f","messageTitle":"Fix imports","messageBody":"","fileTypesAndContributionMap":{"functional-code":{"insertions":10,"deletions":1}}}]},{"date":"2021-10-06","commitResults":[{"hash":"dbd461a53808e80cee694c54f11fbbb85c8feaaa","messageTitle":"Fix display of assignment list","messageBody":"","fileTypesAndContributionMap":{"functional-code":{"insertions":1,"deletions":0}}}]},{"date":"2021-10-07","commitResults":[{"hash":"0e81db68becf5c4e274f8c6ecb3f6e7f7961f495","messageTitle":"Integrate WeiChang and Guorui portions. Kept most of Guorui\u0027s methods and edits.","messageBody":"","fileTypesAndContributionMap":{"functional-code":{"insertions":34,"deletions":43},"test-code":{"insertions":8,"deletions":2}}}]},{"date":"2021-10-08","commitResults":[{"hash":"35224a8c1f2d1c62c6c5b9225b55df08413e51ab","messageTitle":"Fully integrated Weichang\u0027s and Guorui\u0027s portion Fixed UI display for assignment list","messageBody":"","fileTypesAndContributionMap":{"functional-code":{"insertions":49,"deletions":60},"other":{"insertions":21,"deletions":15},"test-code":{"insertions":18,"deletions":15}}},{"hash":"977f7e668adf85f59fbe2231ec9b09db07e45e10","messageTitle":"Removed unused imports","messageBody":"","fileTypesAndContributionMap":{"functional-code":{"insertions":0,"deletions":3}}},{"hash":"b6688304dceddb48c27667709fafcd9374ba13dd","messageTitle":"Fix chechstyle","messageBody":"","fileTypesAndContributionMap":{"test-code":{"insertions":1,"deletions":1}}}]},{"date":"2021-10-09","commitResults":[{"hash":"ac93453fd2a60cc1052d81ce1ebbf8272c3c3f50","messageTitle":"Add testcases for ShowAssignmentCommnad and ShowAssignmentCommandParser","messageBody":"","fileTypesAndContributionMap":{"test-code":{"insertions":97,"deletions":0}}},{"hash":"03fb24905ce10468e1089d0da2c1988bcc8c5865","messageTitle":"Removed usage or PREFIX_INDEX","messageBody":"","fileTypesAndContributionMap":{"functional-code":{"insertions":10,"deletions":9}}},{"hash":"cdfdcdce44deac6a5d0a6217ad374300766b50d6","messageTitle":"Fix checkstyle","messageBody":"","fileTypesAndContributionMap":{"test-code":{"insertions":3,"deletions":2}}},{"hash":"b3d156fc31d90922e71f4e64a1a4f181551fffba","messageTitle":"Update naming of methods and variables","messageBody":"","fileTypesAndContributionMap":{"functional-code":{"insertions":4,"deletions":4},"test-code":{"insertions":3,"deletions":3}}}]},{"date":"2021-10-15","commitResults":[{"hash":"dd895b347d2c129f628f091c1287cf7816014c3f","messageTitle":"Fix invalid command format message for p-add Fix clear command does not remove assignment list","messageBody":"","fileTypesAndContributionMap":{"functional-code":{"insertions":1,"deletions":2}}},{"hash":"49b26a37e7f857d01d21650249ee32f9735b1ab0","messageTitle":"Update assignment list to auto sort by date","messageBody":"","fileTypesAndContributionMap":{"functional-code":{"insertions":29,"deletions":3}}},{"hash":"8e1a28fd3f9517498d998d9395950edfa2ce9919","messageTitle":"Update assignment sort to sort by status","messageBody":"","fileTypesAndContributionMap":{"functional-code":{"insertions":25,"deletions":3}}},{"hash":"bf045aee19da657728a6a862f1ad4b7fb77fae66","messageTitle":"fix bug to always capitalise name","messageBody":"","fileTypesAndContributionMap":{"functional-code":{"insertions":10,"deletions":1}}},{"hash":"565a119fc8a20dfe0777436f3600a15ec6d1446e","messageTitle":"Added test case and comments to capitalise method","messageBody":"","fileTypesAndContributionMap":{"functional-code":{"insertions":13,"deletions":10},"test-code":{"insertions":15,"deletions":2}}}]},{"date":"2021-10-16","commitResults":[{"hash":"5925592a1d972739717e91868cc68579db48d177","messageTitle":"Fix checkstyle","messageBody":"","fileTypesAndContributionMap":{"functional-code":{"insertions":1,"deletions":1}}},{"hash":"52d7262a781c3498de0bb5fa0cd5ecb0383351ff","messageTitle":"Commented out some testcase the may have to be removed","messageBody":"","fileTypesAndContributionMap":{"test-code":{"insertions":3,"deletions":0}}},{"hash":"d586d556962c314369b6b6b2f2af1af66ff4b52b","messageTitle":"Make changes based on comments","messageBody":"","fileTypesAndContributionMap":{"functional-code":{"insertions":1,"deletions":0},"test-code":{"insertions":5,"deletions":1}}}]},{"date":"2021-10-17","commitResults":[{"hash":"6646f268b5433da353f29fa8c618c5f8316acddf","messageTitle":"Amend changes based on comments","messageBody":"","fileTypesAndContributionMap":{"functional-code":{"insertions":1,"deletions":1},"test-code":{"insertions":0,"deletions":12}}}]},{"date":"2021-10-18","commitResults":[{"hash":"84ec35d84a30d596bf1816a7a91bde2e37d6126c","messageTitle":"Add testcases and comments","messageBody":"","fileTypesAndContributionMap":{"functional-code":{"insertions":3,"deletions":0},"test-code":{"insertions":63,"deletions":5}}},{"hash":"f8a4002a187b9c4e657622f9bc97e7a74d8cf37b","messageTitle":"Fix checkstyle","messageBody":"","fileTypesAndContributionMap":{"functional-code":{"insertions":4,"deletions":4}}}]},{"date":"2021-10-19","commitResults":[{"hash":"9e86deca6de3fa40dd9e9d42d7a8f308871dfd6a","messageTitle":"Added testcase for unique assignment list","messageBody":"","fileTypesAndContributionMap":{"functional-code":{"insertions":7,"deletions":6},"test-code":{"insertions":292,"deletions":1}}},{"hash":"7534fc5714418dc24c189949e0ea917833d98a32","messageTitle":"Fix checkstyle","messageBody":"","fileTypesAndContributionMap":{"test-code":{"insertions":10,"deletions":10}}},{"hash":"91128b2b4059f3873767eb8df8927c6cc9485f8b","messageTitle":"Fix checkstyle","messageBody":"","fileTypesAndContributionMap":{"test-code":{"insertions":14,"deletions":14}}},{"hash":"1d6c4e97f3ac1bf4bd88cc4a1ed4e47b049afe48","messageTitle":"Update DeveloperGuide with show feature","messageBody":"","fileTypesAndContributionMap":{"docs":{"insertions":30,"deletions":0}}}]},{"date":"2021-10-20","commitResults":[{"hash":"083a55034976e6a8becb2475cc8e6b36ef349415","messageTitle":"Update UserGuide.md","messageBody":"","fileTypesAndContributionMap":{"docs":{"insertions":16,"deletions":1}}},{"hash":"133b06f619666c1bf2718cefc93395caef439d08","messageTitle":"Update UserGuide.md","messageBody":"","fileTypesAndContributionMap":{"docs":{"insertions":25,"deletions":0}}}]},{"date":"2021-10-21","commitResults":[{"hash":"c76d5ec4a47e5e40a4e7ba5ebf36104be008df24","messageTitle":"Update AssignmentState images and fix some spelling and formatting mistakes","messageBody":"","fileTypesAndContributionMap":{"docs":{"insertions":83,"deletions":7}}},{"hash":"333ed18b239a844459897c3f5fe1ffdf42d4ffdd","messageTitle":"Add empty line to end of file","messageBody":"","fileTypesAndContributionMap":{"docs":{"insertions":1,"deletions":1}}}]},{"date":"2021-10-22","commitResults":[{"hash":"8b32f0bb2162a562cc060927235ab434920a5d3a","messageTitle":"Fix naming","messageBody":"","fileTypesAndContributionMap":{"docs":{"insertions":5,"deletions":5}}},{"hash":"375e98df7d403f2fec22fa7487e23aec9cc9b86d","messageTitle":"Update sample data","messageBody":"","fileTypesAndContributionMap":{"functional-code":{"insertions":26,"deletions":17}}},{"hash":"af15037406b19a2932aef52aaa841c2e0327eee3","messageTitle":"Update userguide URL link","messageBody":"","fileTypesAndContributionMap":{"functional-code":{"insertions":1,"deletions":1}}}]},{"date":"2021-10-23","commitResults":[{"hash":"7845a04ebe29b815045ca1a2ecd4799be305e51c","messageTitle":"Update UG based on comments from peer review","messageBody":"","fileTypesAndContributionMap":{"docs":{"insertions":39,"deletions":34}}},{"hash":"7db2955c0fb535ffe312c2d14d87782628142915","messageTitle":"Update certain information to improve clarity of userguide","messageBody":"","fileTypesAndContributionMap":{"docs":{"insertions":14,"deletions":10}}},{"hash":"2927d849a1f7e8904ded7a83242e26ecbac83115","messageTitle":"Update certain parts for better clarity in userguide","messageBody":"","fileTypesAndContributionMap":{"docs":{"insertions":18,"deletions":15}}},{"hash":"603a5967c0f5e0e7029c1519706da8cbca095d39","messageTitle":"Made small changes","messageBody":"","fileTypesAndContributionMap":{"docs":{"insertions":2,"deletions":2}}}]},{"date":"2021-10-24","commitResults":[{"hash":"a2c59d5e5a78cda9554e6dae29fbab14aa3f45c9","messageTitle":"Update screenshots","messageBody":"","fileTypesAndContributionMap":{"functional-code":{"insertions":8,"deletions":8}}}]},{"date":"2021-10-31","commitResults":[{"hash":"3617bf4da62d0a11f7ce24dabac705f83c8753c7","messageTitle":"Fix bug in add command where name has more than 1 space","messageBody":"","fileTypesAndContributionMap":{"functional-code":{"insertions":4,"deletions":2}}}]},{"date":"2021-11-01","commitResults":[{"hash":"11237758a232a7b9945638b63b02778f8f06cfd6","messageTitle":"Amended date validation regex to consider leap years and reject 00/00/0000","messageBody":"","fileTypesAndContributionMap":{"functional-code":{"insertions":12,"deletions":2},"test-code":{"insertions":0,"deletions":1}}},{"hash":"433592b623104a738c7e8501423e514661ef8d88","messageTitle":"Added new method to check for length of email Updated testcases for duedate, email and name Updated regex for year to accept from 0001-9999 Updated email message constraint","messageBody":"","fileTypesAndContributionMap":{"functional-code":{"insertions":24,"deletions":5},"test-code":{"insertions":55,"deletions":1}}},{"hash":"700ba6252beba66e1d3b0a70aae153802c87a8e4","messageTitle":"Update valid email length method","messageBody":"","fileTypesAndContributionMap":{"functional-code":{"insertions":4,"deletions":4}}},{"hash":"9759d171edccd1877a1740307b4a1fc6ea248472","messageTitle":"Fix checkstyle","messageBody":"","fileTypesAndContributionMap":{"functional-code":{"insertions":14,"deletions":8}}}]},{"date":"2021-11-02","commitResults":[{"hash":"5aa52da9f40c691212bb1374799f897de9cdffdf","messageTitle":"Update testcase in duedate test","messageBody":"","fileTypesAndContributionMap":{"test-code":{"insertions":1,"deletions":1}}}]}]},"authorFileTypeContributionMap":{"Droffilc13":{"docs":192,"functional-code":837,"test-code":574,"other":5},"yeo-yiheng":{"docs":507,"functional-code":519,"test-code":601,"other":2},"qinguorui2001":{"docs":640,"functional-code":833,"test-code":971,"other":3},"TaoJun99":{"docs":384,"functional-code":553,"test-code":1041},"weichang18":{"docs":239,"functional-code":290,"test-code":581}},"authorContributionVariance":{"Droffilc13":17718.256,"yeo-yiheng":43362.29,"qinguorui2001":118388.234,"TaoJun99":23750.76,"weichang18":5504.3154},"authorDisplayNameMap":{"Droffilc13":"CS2103T-T13-2 CLIF.. ZHE","yeo-yiheng":"CS2103T-T13-2 YEO ..HENG","qinguorui2001":"CS2103T-T13-2 QIN ..ORUI","TaoJun99":"CS2103T-T13-2 ZHEN.. JUN","weichang18":"CS2103T-T13-2 LIM ..HANG"}}
