{"authorDailyContributionsMap":{"Anonymxtrix":[{"date":"2021-09-28","commitResults":[{"hash":"d3c66b386406d9f8ed55a1b9c9d23b66ca73dec3","messageTitle":"Add personal details to AboutUs page","messageBody":"","fileTypesAndContributionMap":{"docs":{"insertions":9,"deletions":0}}},{"hash":"e8511df3b9586af2cddddc65564b9c2da44fe3d5","messageTitle":"Add command format to User Guide","messageBody":"","fileTypesAndContributionMap":{"docs":{"insertions":16,"deletions":19}}},{"hash":"2a4d9d5eed3fc4470beaf5c724dac00cb7c9cd56","messageTitle":"Update user guide edit command","messageBody":"","fileTypesAndContributionMap":{"docs":{"insertions":9,"deletions":8}}},{"hash":"5e8d7dce2a07a8f09e0f51f737a93ea54fdc4320","messageTitle":"Fix inconsistencies in user guide","messageBody":"","fileTypesAndContributionMap":{"docs":{"insertions":12,"deletions":13}}}]},{"date":"2021-10-07","commitResults":[{"hash":"c4d708aec6da9a92689eb7988ae8524ac1493758","messageTitle":"Update docs app name from AB3 to NUSpam","messageBody":"","fileTypesAndContributionMap":{"docs":{"insertions":4,"deletions":4}}},{"hash":"0af5a044bd00e6b322d6312dc18043d29ae60bc6","messageTitle":"Update developer guide to NUSpam","messageBody":"","fileTypesAndContributionMap":{"docs":{"insertions":1,"deletions":1}}},{"hash":"77b41a4d0151e45ee367f5431313658cb9574a54","messageTitle":"Add acknowlegements to address book level-3 in docs index.md","messageBody":"","fileTypesAndContributionMap":{"docs":{"insertions":3,"deletions":1}}}]},{"date":"2021-10-12","commitResults":[{"hash":"d33910dd0f13c5fd57a9b69b4c7b0b14f7714b2f","messageTitle":"Add Copyable to represent duplicatable classes","messageBody":"","fileTypesAndContributionMap":{"functional-code":{"insertions":12,"deletions":0}}},{"hash":"fda4c2e81833f6e77b257305a4ae7474be5687d6","messageTitle":"Add History class and Historyable interface","messageBody":"","fileTypesAndContributionMap":{"functional-code":{"insertions":261,"deletions":0}}},{"hash":"cdcce504a59e3e8f4ecd14541e4d7f802fb0c171","messageTitle":"Add listener for up and down key press in input box","messageBody":"","fileTypesAndContributionMap":{"functional-code":{"insertions":28,"deletions":2}}},{"hash":"71eee45811510d8f89fbfd0eed5a05470816bcc8","messageTitle":"Add nagivating input history function to UI textfield","messageBody":"","fileTypesAndContributionMap":{"functional-code":{"insertions":72,"deletions":5}}},{"hash":"2eedae853abce32257c5f490b045b80c3603e102","messageTitle":"Fix bugs with history implementation","messageBody":"","fileTypesAndContributionMap":{"functional-code":{"insertions":6,"deletions":3}}},{"hash":"a8c7f0c272e591d73e26efbaa755a4c6a84becca","messageTitle":"Fix checkstyle errors","messageBody":"","fileTypesAndContributionMap":{"functional-code":{"insertions":108,"deletions":103}}},{"hash":"36c656db7ccdaa2ae575e082774fbbf46212007f","messageTitle":"Fix CRLF line endings to LF","messageBody":"","fileTypesAndContributionMap":{"functional-code":{"insertions":213,"deletions":213}}},{"hash":"9bbb70710d88ca424ca877f1253ae923b7c0399d","messageTitle":"Add requireNonNull to Snapshot edit method","messageBody":"","fileTypesAndContributionMap":{"functional-code":{"insertions":2,"deletions":0}}},{"hash":"a8915dc888842d736bdc7a456c4ca9286b8e3d64","messageTitle":"Add tests for Snapshot and EditedSnapshot","messageBody":"","fileTypesAndContributionMap":{"test-code":{"insertions":94,"deletions":0}}},{"hash":"ea168fb97dc059b280151f82e076473453a9af7a","messageTitle":"Fix checkstyle problems with SnapshotTest","messageBody":"","fileTypesAndContributionMap":{"test-code":{"insertions":1,"deletions":3}}},{"hash":"bd7221fdc47968ee2b5a9618b70e145085af119e","messageTitle":"Add tests for History class","messageBody":"","fileTypesAndContributionMap":{"test-code":{"insertions":83,"deletions":0}}},{"hash":"c78d73c0486489c79aafd9b3825f3949b677caf8","messageTitle":"Fix tests based on PR comments","messageBody":"","fileTypesAndContributionMap":{"other":{"insertions":3,"deletions":5},"test-code":{"insertions":9,"deletions":5}}},{"hash":"57168c09b72c727c0df91c67da33750fe63b635e","messageTitle":"Add input history navigation to user guide","messageBody":"","fileTypesAndContributionMap":{"docs":{"insertions":12,"deletions":0}}}]},{"date":"2021-10-15","commitResults":[{"hash":"3d03a7c56fc39516d7463292361d25debad2a3dc","messageTitle":"Refactor user input history logic","messageBody":"","fileTypesAndContributionMap":{"functional-code":{"insertions":347,"deletions":322},"test-code":{"insertions":0,"deletions":140}}},{"hash":"305d616b870098d0e2569518deabdb404bdfa4bb","messageTitle":"Add test cases for utils.history package","messageBody":"","fileTypesAndContributionMap":{"functional-code":{"insertions":2,"deletions":2},"test-code":{"insertions":140,"deletions":37}}},{"hash":"747e2fae312e66a06a52646d6c042125955ddc4f","messageTitle":"Add tests for ui CommandInput class","messageBody":"","fileTypesAndContributionMap":{"test-code":{"insertions":68,"deletions":0}}},{"hash":"0d8333d2527b82953a7bc728a06b45b8c797e7a3","messageTitle":"Change all line endings from CRLF to LF","messageBody":"","fileTypesAndContributionMap":{"functional-code":{"insertions":229,"deletions":229},"test-code":{"insertions":208,"deletions":208}}}]},{"date":"2021-10-22","commitResults":[{"hash":"dc07d9a86f06705387a11809a537b9490dbf7c74","messageTitle":"Add commons colour palatte for PlantUML","messageBody":"","fileTypesAndContributionMap":{"docs":{"insertions":8,"deletions":2}}},{"hash":"98d8633886792a0ef57e0f7f38fd092f232df1e3","messageTitle":"Add Common class History to developer guide","messageBody":"","fileTypesAndContributionMap":{"docs":{"insertions":37,"deletions":0}}},{"hash":"e330337b4592ee51d2e5dd133376993f859654ce","messageTitle":"Add design considerations for Command Input History to Developer Guide","messageBody":"","fileTypesAndContributionMap":{"docs":{"insertions":101,"deletions":1}}},{"hash":"872060400507bd701fcb4b294e4ec50668458de7","messageTitle":"Add implementation for Command Input History usage in UI","messageBody":"","fileTypesAndContributionMap":{"docs":{"insertions":179,"deletions":0}}},{"hash":"41d19500a42d1be2863fdcb0d8d167a02582aa71","messageTitle":"Fix CI warnings for trailing whitespace and no newline at EOF","messageBody":"","fileTypesAndContributionMap":{"docs":{"insertions":34,"deletions":34}}}]},{"date":"2021-10-26","commitResults":[{"hash":"499eaebfc99b240355a7c40871f69d35b6a846e1","messageTitle":"Update user guide based on feedback from CS2101 consultation","messageBody":"","fileTypesAndContributionMap":{"docs":{"insertions":306,"deletions":114}}}]}],"huizhuansam":[{"date":"2021-09-20","commitResults":[{"hash":"027b7ef1c5c02087cfb696dc691cb1cf0bb84fd4","messageTitle":"Update personal information","messageBody":"","fileTypesAndContributionMap":{"docs":{"insertions":6,"deletions":46}}},{"hash":"88047d431257505ff2d83b2a403b5e315e140f8f","messageTitle":"Fix CI newline issue","messageBody":"","fileTypesAndContributionMap":{"docs":{"insertions":1,"deletions":1}}}]},{"date":"2021-09-22","commitResults":[{"hash":"b47a5a059737765a38b1766630ef404b0d6033d9","messageTitle":"Add help command documentation","messageBody":"","fileTypesAndContributionMap":{"docs":{"insertions":7,"deletions":3}}},{"hash":"4d4c7cea2dd3bb3e0b4689775fa1a028bfed2a47","messageTitle":"Add add command documentation","messageBody":"","fileTypesAndContributionMap":{"docs":{"insertions":9,"deletions":11}}}]},{"date":"2021-09-23","commitResults":[{"hash":"58de568b14eb000dcbcc4873eb880648722074e7","messageTitle":"Add blank line to separate paragraphs","messageBody":"","fileTypesAndContributionMap":{"docs":{"insertions":1,"deletions":0}}}]},{"date":"2021-10-07","commitResults":[{"hash":"95d8c4b89795a1cfa9d018aae4a7175ff0c17387","messageTitle":"Add portfolio page for huizhuansam","messageBody":"","fileTypesAndContributionMap":{"docs":{"insertions":8,"deletions":0}}},{"hash":"891761dc5ea85f78d17538a91f91a1818f6615ab","messageTitle":"Change portfolio link","messageBody":"","fileTypesAndContributionMap":{"docs":{"insertions":1,"deletions":1}}},{"hash":"2682067106965f08bfebae80d4aef06e8884d436","messageTitle":"Fix CI newline","messageBody":"","fileTypesAndContributionMap":{"docs":{"insertions":1,"deletions":1}}},{"hash":"3d9907e59b03ea363a5090c787c52af748958ccf","messageTitle":"Add portfolio markdown documents","messageBody":"","fileTypesAndContributionMap":{"docs":{"insertions":32,"deletions":0}}},{"hash":"86148f1391f73b8cb44ee8b822eb3fe913598902","messageTitle":"Update AboutUs","messageBody":"","fileTypesAndContributionMap":{"docs":{"insertions":7,"deletions":3}}}]},{"date":"2021-10-12","commitResults":[{"hash":"030171c772be531895c4595644f0c89b90c72576","messageTitle":"Fix AddCommand usage string","messageBody":"","fileTypesAndContributionMap":{"functional-code":{"insertions":11,"deletions":12}}},{"hash":"b6dfd97f9c96aca1623c278f512e69497835f84e","messageTitle":"Refactor CLI argument prefix","messageBody":"","fileTypesAndContributionMap":{"functional-code":{"insertions":5,"deletions":5}}},{"hash":"94004419a2da060ec304c85458a66f06346304fc","messageTitle":"Fix EditCommand usage string","messageBody":"","fileTypesAndContributionMap":{"functional-code":{"insertions":5,"deletions":5}}},{"hash":"5f80a5ab4cd991f775077369a5b122ee960f3f33","messageTitle":"Fix JavaDocs","messageBody":"","fileTypesAndContributionMap":{"functional-code":{"insertions":1,"deletions":1}}},{"hash":"0574e95f6b5c89be442d76f666cb00ce70aa4776","messageTitle":"Remove whitespace after prefix","messageBody":"","fileTypesAndContributionMap":{"functional-code":{"insertions":5,"deletions":5}}},{"hash":"185ea13188720f20d37590b65555c6fb9070ef13","messageTitle":"Add parser argument sanitation","messageBody":"","fileTypesAndContributionMap":{"functional-code":{"insertions":17,"deletions":16}}},{"hash":"9f82c5582188a7c9650b99a3a2683343601578e3","messageTitle":"Make phone, email, address field optional for Add Command","messageBody":"","fileTypesAndContributionMap":{"functional-code":{"insertions":12,"deletions":10}}},{"hash":"88f4573afa24707b287164a20f5e653598abfbfa","messageTitle":"Make command word case insensitive","messageBody":"","fileTypesAndContributionMap":{"functional-code":{"insertions":1,"deletions":1}}},{"hash":"acdae810c6eab77febefed4b2b72dfaed0249a32","messageTitle":"Add support for long form prefixes","messageBody":"","fileTypesAndContributionMap":{"functional-code":{"insertions":50,"deletions":4}}},{"hash":"c5263ed5a8fd6447bf3fec89989cabdcd3cd9d8d","messageTitle":"Add case insensitive prefix","messageBody":"","fileTypesAndContributionMap":{"functional-code":{"insertions":2,"deletions":2}}},{"hash":"6dada1cf495b39bb0641ebc52c905006ee31f7c1","messageTitle":"Update test cases for address, email, and phone","messageBody":"","fileTypesAndContributionMap":{"test-code":{"insertions":6,"deletions":6}}},{"hash":"ea0d1eae18192a43ed1e6eec228444af9284491e","messageTitle":"Fix test cases","messageBody":"","fileTypesAndContributionMap":{"functional-code":{"insertions":5,"deletions":6},"test-code":{"insertions":50,"deletions":41}}},{"hash":"2efded5b8eb43a1f2bdeb4df7a1fb54ef29505e5","messageTitle":"Modify tag argument syntax","messageBody":"","fileTypesAndContributionMap":{"functional-code":{"insertions":18,"deletions":14}}},{"hash":"58fdbad5c45cbf6badaa5d91614f88fd55791ab2","messageTitle":"Fix code style issue","messageBody":"","fileTypesAndContributionMap":{"test-code":{"insertions":2,"deletions":1}}},{"hash":"850663558efec9613253513584007a6f403b53d2","messageTitle":"Fix Javadocs","messageBody":"","fileTypesAndContributionMap":{"functional-code":{"insertions":3,"deletions":3}}},{"hash":"c8da9dd040a0e8914bfb59b9329ab6f218289270","messageTitle":"Fix naming convention for methods","messageBody":"","fileTypesAndContributionMap":{"functional-code":{"insertions":3,"deletions":3}}}]},{"date":"2021-10-20","commitResults":[{"hash":"3a9386b17be7ff39b94d7fe36b198223ca178b9c","messageTitle":"Add acknowledgement","messageBody":"","fileTypesAndContributionMap":{"docs":{"insertions":2,"deletions":1}}},{"hash":"64c1d28fb73eb85e43ab5fb624a8e11dc1ec6d91","messageTitle":"Add encryption architecture write up","messageBody":"","fileTypesAndContributionMap":{"docs":{"insertions":13,"deletions":2}}},{"hash":"762cd9838239b79fe9447ecfd95afcb978e9e157","messageTitle":"Add class diagram for Encryption package","messageBody":"","fileTypesAndContributionMap":{"docs":{"insertions":18,"deletions":0}}},{"hash":"1558d33c1342d42d5ed62b647640301f449e43d9","messageTitle":"Embed class diagram image","messageBody":"","fileTypesAndContributionMap":{"docs":{"insertions":3,"deletions":1}}},{"hash":"9f7d3b341547f1592170f0c221abd9a071cedc9e","messageTitle":"Remove unavailable hyperlinks","messageBody":"","fileTypesAndContributionMap":{"docs":{"insertions":2,"deletions":2}}},{"hash":"654418bca9cba021b876f250fab887fdca9ea66b","messageTitle":"Fix color hex code","messageBody":"","fileTypesAndContributionMap":{"docs":{"insertions":6,"deletions":6}}}]},{"date":"2021-10-21","commitResults":[{"hash":"4019d281b80211654aabfe8ad22351867412a6bb","messageTitle":"Add encryption sequence diagram","messageBody":"","fileTypesAndContributionMap":{"docs":{"insertions":47,"deletions":0}}},{"hash":"44e05fe469fee6eaf10030cf7c725e562ecc763b","messageTitle":"Add implementation doc for encryption","messageBody":"","fileTypesAndContributionMap":{"docs":{"insertions":42,"deletions":2}}},{"hash":"eb348989438be57dc0f3440910c5e250931fc61b","messageTitle":"Remove unnecessary detail","messageBody":"","fileTypesAndContributionMap":{"docs":{"insertions":1,"deletions":1}}},{"hash":"9d0767589eb2a3cf840d8e9d8ecc70b75d8f26a2","messageTitle":"Fix minor detail","messageBody":"","fileTypesAndContributionMap":{"docs":{"insertions":1,"deletions":1}}},{"hash":"6edac4c10ad68aa151688928a4c97af83c605199","messageTitle":"Fix another minor detail","messageBody":"","fileTypesAndContributionMap":{"docs":{"insertions":2,"deletions":2}}},{"hash":"4874b056230691bd5d3d630f9425be3b30fabc27","messageTitle":"Grammar fix","messageBody":"","fileTypesAndContributionMap":{"docs":{"insertions":1,"deletions":1}}},{"hash":"b2769c100cc66c44ab5496cf8d19e1f333980fc0","messageTitle":"Rename Cryptable to Encryption","messageBody":"","fileTypesAndContributionMap":{"docs":{"insertions":5,"deletions":5}}},{"hash":"8096cb54ea3a536def4fde53da9177506663511a","messageTitle":"Fix typo","messageBody":"","fileTypesAndContributionMap":{"docs":{"insertions":1,"deletions":1}}},{"hash":"8951ea4b2b9f5263cab466cb6cd8517224754314","messageTitle":"Fix typo","messageBody":"","fileTypesAndContributionMap":{"docs":{"insertions":3,"deletions":3}}},{"hash":"ac7cd099a50f84cd6fabbb1776836961e0c66a43","messageTitle":"Fix AES cipher from 128 to 256 bit","messageBody":"","fileTypesAndContributionMap":{"docs":{"insertions":3,"deletions":3}}},{"hash":"9796f1988485c726ce6f6ba9850cc5bc246c3b04","messageTitle":"Rename Cryptor to EncryptionManager","messageBody":"","fileTypesAndContributionMap":{"docs":{"insertions":13,"deletions":13}}},{"hash":"0e14f9fdd5e6840416ec096e6b4f1c47b048675e","messageTitle":"Add encryption classes","messageBody":"","fileTypesAndContributionMap":{"functional-code":{"insertions":106,"deletions":0}}},{"hash":"378b958673bc99644a5a26f0480375abbd6ce64f","messageTitle":"Add tests","messageBody":"","fileTypesAndContributionMap":{"test-code":{"insertions":164,"deletions":0}}},{"hash":"feb028d89b11426117cc5ee27f1fe72d13057357","messageTitle":"Fix code convention issues","messageBody":"","fileTypesAndContributionMap":{"functional-code":{"insertions":3,"deletions":2}}},{"hash":"25b0b05a0db65cddb3cad945cc7d47996e5d5b42","messageTitle":"Fix checkstyle issues","messageBody":"","fileTypesAndContributionMap":{"test-code":{"insertions":7,"deletions":7}}},{"hash":"bd0b07849ee318516687126ed2c05f1935be75ab","messageTitle":"Fix Windows CI build fail issue","messageBody":"","fileTypesAndContributionMap":{"functional-code":{"insertions":11,"deletions":9},"test-code":{"insertions":21,"deletions":20}}},{"hash":"227cb7abc57c48aa2463bc1cec9843bfa65611bc","messageTitle":"Fix windows test case error","messageBody":"","fileTypesAndContributionMap":{"functional-code":{"insertions":3,"deletions":3},"test-code":{"insertions":1,"deletions":1}}},{"hash":"e04e244c302d5f9e1254acf7a427e518f52f9fbf","messageTitle":"Enable assertions to gradle run","messageBody":"","fileTypesAndContributionMap":{"other":{"insertions":4,"deletions":0}}},{"hash":"00af97cd56c272b60f0ff5dfcb58ebc8eac43682","messageTitle":"Fix code convention issue","messageBody":"","fileTypesAndContributionMap":{"functional-code":{"insertions":3,"deletions":3}}},{"hash":"9a0b637f46e6030d1aa47adec61a743c15692153","messageTitle":"Add assertions","messageBody":"","fileTypesAndContributionMap":{"functional-code":{"insertions":5,"deletions":0}}},{"hash":"e658d4b166d11160c9b628815646d766592c341f","messageTitle":"Add logging","messageBody":"","fileTypesAndContributionMap":{"functional-code":{"insertions":7,"deletions":0}}},{"hash":"c9d3e1196f1c35c474c2347f44d69de6824dcde6","messageTitle":"Refactor Cryptable","messageBody":"","fileTypesAndContributionMap":{"functional-code":{"insertions":40,"deletions":19},"test-code":{"insertions":11,"deletions":32}}},{"hash":"d95bc30903e3af5d3c9f07630d8f1900c0cdab5b","messageTitle":"Add delete method to File Utility","messageBody":"","fileTypesAndContributionMap":{"functional-code":{"insertions":9,"deletions":1}}},{"hash":"f7e63dbecbd33e8c53255b9db903419af6ece2b4","messageTitle":"Add utility key generator","messageBody":"","fileTypesAndContributionMap":{"functional-code":{"insertions":20,"deletions":0}}},{"hash":"c8be2d4981405f55b0632bb4a7863305c3526674","messageTitle":"Add path to encrypted folder","messageBody":"","fileTypesAndContributionMap":{"functional-code":{"insertions":7,"deletions":0}}},{"hash":"47a2d146bd3acc0978f343f8538803b7c82192a4","messageTitle":"Add exception class","messageBody":"","fileTypesAndContributionMap":{"functional-code":{"insertions":12,"deletions":0}}},{"hash":"415c2724af777c32a464e5b768e6ccc79f308607","messageTitle":"Refactor Cryptable","messageBody":"","fileTypesAndContributionMap":{"functional-code":{"insertions":18,"deletions":6}}},{"hash":"a8ac8f686df1a41406ab65c38999aebfab1fe800","messageTitle":"Add exception handling to key generator","messageBody":"","fileTypesAndContributionMap":{"functional-code":{"insertions":23,"deletions":6}}},{"hash":"1eb959c7342b6aa4661888c6befd16f910526890","messageTitle":"Update encryption test cases","messageBody":"","fileTypesAndContributionMap":{"test-code":{"insertions":50,"deletions":12}}},{"hash":"da7f158ef77f99c2a94f407f78c2e261aaf4d429","messageTitle":"Add file encryption lifecycle","messageBody":"","fileTypesAndContributionMap":{"functional-code":{"insertions":39,"deletions":7}}},{"hash":"9299b84b3876e8571535f1c7334ad3d72f1dfe02","messageTitle":"Update testcases for logic manager","messageBody":"","fileTypesAndContributionMap":{"test-code":{"insertions":20,"deletions":4}}},{"hash":"152bf75a4d829c590f0a288169e45f09bb50a656","messageTitle":"Fix checkstyle","messageBody":"","fileTypesAndContributionMap":{"functional-code":{"insertions":2,"deletions":0}}},{"hash":"aaa3a0e09bd58b3eac4e240ac2973ad7c06810d7","messageTitle":"Fix windows CI issue","messageBody":"","fileTypesAndContributionMap":{"test-code":{"insertions":40,"deletions":23}}},{"hash":"22101457b251b0cae200dfdebd4e26bbae21f390","messageTitle":"Fix codestyle","messageBody":"","fileTypesAndContributionMap":{"test-code":{"insertions":4,"deletions":2}}},{"hash":"c29a70ce28074fbe7f61b08d105620e3f64dfc4c","messageTitle":"Fix first time start up bug","messageBody":"","fileTypesAndContributionMap":{"functional-code":{"insertions":14,"deletions":9}}},{"hash":"cec5e9901796d9a5c671e44b1ab194bc319cb670","messageTitle":"Add test case for Unsupported Password","messageBody":"","fileTypesAndContributionMap":{"test-code":{"insertions":8,"deletions":0}}},{"hash":"eedceaefafcdfe3a1e30671d15c63e32f03e8430","messageTitle":"Rename Cryptable to Encryption","messageBody":"","fileTypesAndContributionMap":{"functional-code":{"insertions":7,"deletions":7},"other":{"insertions":4,"deletions":4},"test-code":{"insertions":11,"deletions":11}}},{"hash":"c0fa9a436c6069d1c284efaafb067387ff02c1b5","messageTitle":"Fix assertion","messageBody":"","fileTypesAndContributionMap":{"functional-code":{"insertions":6,"deletions":4}}},{"hash":"07b2e94a56fcdb64e5f4c35b3769d18c917d4b93","messageTitle":"Fix deleteFile method","messageBody":"","fileTypesAndContributionMap":{"functional-code":{"insertions":2,"deletions":3}}},{"hash":"fdc800d3d3996f4e056f74bfb443397a339ec3e2","messageTitle":"Fix assertion","messageBody":"","fileTypesAndContributionMap":{"functional-code":{"insertions":1,"deletions":2}}},{"hash":"ca6fbb33c61a84bd5c5e65dbb55b7e9130205427","messageTitle":"Improve code organisation","messageBody":"","fileTypesAndContributionMap":{"functional-code":{"insertions":1,"deletions":1}}},{"hash":"b3c556e5a23006537603d32fae9aa7004ff8e242","messageTitle":"Fix comment","messageBody":"","fileTypesAndContributionMap":{"functional-code":{"insertions":2,"deletions":4}}},{"hash":"bb98376eaa5b688b356ecde50925bdc556e96feb","messageTitle":"Fix import order","messageBody":"","fileTypesAndContributionMap":{"functional-code":{"insertions":1,"deletions":1}}}]},{"date":"2021-10-22","commitResults":[{"hash":"e6b32d5304794ae9eb7559b69fcf52b7800e1e1f","messageTitle":"Fix UG","messageBody":"","fileTypesAndContributionMap":{"docs":{"insertions":7,"deletions":13}}}]},{"date":"2021-10-23","commitResults":[{"hash":"7128a1d1dd1cd01b8b707117083cbb10521a99d2","messageTitle":"Update App name","messageBody":"","fileTypesAndContributionMap":{"functional-code":{"insertions":1,"deletions":1}}},{"hash":"41f80c92f7cda42a50cadbb6a0a2632fad9c1a05","messageTitle":"Add acknowledgement","messageBody":"","fileTypesAndContributionMap":{"functional-code":{"insertions":3,"deletions":1}}},{"hash":"0419c0ce2993eac52781aeac59625bfa839d665a","messageTitle":"Change variable name","messageBody":"","fileTypesAndContributionMap":{"functional-code":{"insertions":5,"deletions":5}}},{"hash":"58f31adb53de546c6d57e7719121747d138020af","messageTitle":"Refactor decryption methods","messageBody":"","fileTypesAndContributionMap":{"functional-code":{"insertions":25,"deletions":16}}}]},{"date":"2021-10-26","commitResults":[{"hash":"ee3f11812d7de38513fcae4351d8b06315996e51","messageTitle":"Change TextField to PasswordField","messageBody":"","fileTypesAndContributionMap":{"functional-code":{"insertions":4,"deletions":2}}},{"hash":"4db969f15f3c025df75012ed0fb2e26ae32d7d8a","messageTitle":"Update UG","messageBody":"","fileTypesAndContributionMap":{"docs":{"insertions":6,"deletions":0}}},{"hash":"bce99758f8d53c0e3d38ac29b4f06c516dcf673f","messageTitle":"Add faq for forget password","messageBody":"","fileTypesAndContributionMap":{"docs":{"insertions":11,"deletions":0}}},{"hash":"01c23ce22a8d1a38b74e1d3d7818046b58a9a12e","messageTitle":"Add link to search bar","messageBody":"","fileTypesAndContributionMap":{"docs":{"insertions":1,"deletions":1}}},{"hash":"5df5dcb54f672e781193b190b9e67f2647255666","messageTitle":"Improve phrasing","messageBody":"","fileTypesAndContributionMap":{"docs":{"insertions":1,"deletions":2}}},{"hash":"6a8aef6e7030c89ecf99e8ea8b3b7fac1c6e156b","messageTitle":"Improve grammar","messageBody":"","fileTypesAndContributionMap":{"docs":{"insertions":1,"deletions":1}}}]},{"date":"2021-10-27","commitResults":[{"hash":"e8c81ff3d680b239b36ad22547b438414be5e43d","messageTitle":"Fix CI","messageBody":"","fileTypesAndContributionMap":{"docs":{"insertions":1,"deletions":1}}},{"hash":"b7d2efed86202156464e62b848856ce4cac788f2","messageTitle":"Update docs/UserGuide.md","messageBody":"Co-authored-by: Bryan Loh \u003clamofacade@gmail.com\u003e","fileTypesAndContributionMap":{"docs":{"insertions":1,"deletions":1}}},{"hash":"0ff6a731233a92dabee3ec1d980915056bb7b76a","messageTitle":"Fix style","messageBody":"","fileTypesAndContributionMap":{"docs":{"insertions":3,"deletions":3}}},{"hash":"561d9b2a4aebc5ab0b2c2e2b330a807a5dc81cda","messageTitle":"Fix formatting","messageBody":"","fileTypesAndContributionMap":{"docs":{"insertions":1,"deletions":0}}}]},{"date":"2021-10-28","commitResults":[{"hash":"f545c8242412fe7521c01f7e45f4bf4e69ca26ee","messageTitle":"Change shadowJar archiveName to SPAM.jar","messageBody":"","fileTypesAndContributionMap":{"other":{"insertions":1,"deletions":1}}}]},{"date":"2021-10-30","commitResults":[{"hash":"ce06edecc7d1d405752481aa794e3f03b00f3652","messageTitle":"Fix documentation","messageBody":"","fileTypesAndContributionMap":{"docs":{"insertions":2,"deletions":1}}}]},{"date":"2021-10-31","commitResults":[{"hash":"5669ad7e5d36a79d61fa5e87b89964352531556d","messageTitle":"Add PPP","messageBody":"","fileTypesAndContributionMap":{"docs":{"insertions":36,"deletions":2}}},{"hash":"e4d0cc5e0227df97b64858a0a5062e4a11b40b5d","messageTitle":"Add more contribution examples","messageBody":"","fileTypesAndContributionMap":{"docs":{"insertions":2,"deletions":2}}}]},{"date":"2021-11-01","commitResults":[{"hash":"7b9b41938c54dd3da55c2e014006069a03b487ed","messageTitle":"Add better error message","messageBody":"","fileTypesAndContributionMap":{"functional-code":{"insertions":1,"deletions":1}}}]},{"date":"2021-11-02","commitResults":[{"hash":"76a666f2935742ee7d8101bb6e730ba2f46d3843","messageTitle":"Refactor password validation method","messageBody":"","fileTypesAndContributionMap":{"functional-code":{"insertions":19,"deletions":22},"test-code":{"insertions":12,"deletions":12}}},{"hash":"90e100659a8a053eb737708618b2f349feead002","messageTitle":"Improve error message handling","messageBody":"","fileTypesAndContributionMap":{"functional-code":{"insertions":22,"deletions":16},"test-code":{"insertions":9,"deletions":17}}},{"hash":"eb74b260a1d3432eea8fa32365a4c70dfbeea176","messageTitle":"Fix String templating issue","messageBody":"","fileTypesAndContributionMap":{"functional-code":{"insertions":4,"deletions":16},"test-code":{"insertions":3,"deletions":6}}},{"hash":"7cf1695f9ee4122ebe4748fc982dd2920fab84ec","messageTitle":"Add support for international phone numbers","messageBody":"","fileTypesAndContributionMap":{"functional-code":{"insertions":8,"deletions":2},"test-code":{"insertions":12,"deletions":0}}},{"hash":"19fc46b2d1f8daf0154d448e526aef58c3431029","messageTitle":"Add more accepted patterns","messageBody":"","fileTypesAndContributionMap":{"functional-code":{"insertions":2,"deletions":1},"test-code":{"insertions":1,"deletions":0}}},{"hash":"4ec99f4ce94d632cb78b167a2cef579dfe933596","messageTitle":"Fix testcases","messageBody":"","fileTypesAndContributionMap":{"functional-code":{"insertions":1,"deletions":1},"test-code":{"insertions":2,"deletions":2}}}]}],"KishendranVendarKon":[{"date":"2021-09-22","commitResults":[{"hash":"957f77bd88ebb64fa2b1657377ef927e2ff7006e","messageTitle":"Update Personal Information","messageBody":"","fileTypesAndContributionMap":{"docs":{"insertions":10,"deletions":0}}},{"hash":"7716a79f036aa3899614183e50e468cd34767e13","messageTitle":"Edit responsibilities","messageBody":"","fileTypesAndContributionMap":{"docs":{"insertions":1,"deletions":2}}},{"hash":"7adefcb58a78f2788853ed5a258fe5acba72242d","messageTitle":"Update role and responsibilities","messageBody":"","fileTypesAndContributionMap":{"docs":{"insertions":2,"deletions":2}}},{"hash":"8604ca9e76cda937cc87df1335a19241dac1c605","messageTitle":"Add UG sections: TOC, Quick start, Import","messageBody":"","fileTypesAndContributionMap":{"docs":{"insertions":38,"deletions":13}}},{"hash":"4c26b4d2f2f416fe534b689d376292141fa4bab1","messageTitle":"Edit hyperlinks","messageBody":"","fileTypesAndContributionMap":{"docs":{"insertions":15,"deletions":15}}},{"hash":"4363834a7314e2cc5ce59303c2b79b6cd98f81f9","messageTitle":"Further refine hyperlinks","messageBody":"","fileTypesAndContributionMap":{"docs":{"insertions":1,"deletions":1}}}]},{"date":"2021-09-23","commitResults":[{"hash":"c45fec4b5dbd9188488e4511c86fca14f8d9a36a","messageTitle":"Edit quick start guide","messageBody":"","fileTypesAndContributionMap":{"docs":{"insertions":1,"deletions":1}}}]},{"date":"2021-10-07","commitResults":[{"hash":"337ee4520ee7dccf2e379c6c9c3df4d6d4e95893","messageTitle":"Update rules of import function","messageBody":"","fileTypesAndContributionMap":{"docs":{"insertions":17,"deletions":3}}},{"hash":"b7d6c340d4854055d06b4b8f3625a11388262b31","messageTitle":"Add images to UG","messageBody":"","fileTypesAndContributionMap":{"docs":{"insertions":4,"deletions":0}}},{"hash":"0a93e12d3d995441088b53431fbb01774b54b7e4","messageTitle":"Minor changes","messageBody":"","fileTypesAndContributionMap":{"docs":{"insertions":1,"deletions":1}}},{"hash":"8b62ac9c59c60ca4fb58207ced57c2ad2bc2a0e7","messageTitle":"Update with requested changes","messageBody":"","fileTypesAndContributionMap":{"docs":{"insertions":7,"deletions":9}}}]},{"date":"2021-10-08","commitResults":[{"hash":"2c980a14655cd82bfd1d6162e92332b3ca65ae59","messageTitle":"Add import function","messageBody":"","fileTypesAndContributionMap":{"functional-code":{"insertions":129,"deletions":9}}},{"hash":"f63f56910da24239f947409be48ded53d70a6db6","messageTitle":"Import command only add person to list if all persons are correctly formatted","messageBody":"","fileTypesAndContributionMap":{"functional-code":{"insertions":43,"deletions":34}}},{"hash":"512fcf5c9e0ba646f8efb244f818a872a6b86ddf","messageTitle":"Improve code quality","messageBody":"","fileTypesAndContributionMap":{"functional-code":{"insertions":95,"deletions":64}}},{"hash":"ad05695b009597ab453a159fe7ad787a57d1ae85","messageTitle":"Handle commas in addresses","messageBody":"","fileTypesAndContributionMap":{"functional-code":{"insertions":52,"deletions":12}}},{"hash":"93adf2faa9ec1c91f684995a2182e08a04cf90be","messageTitle":"Add JUnit tests for Import Command","messageBody":"","fileTypesAndContributionMap":{"test-code":{"insertions":117,"deletions":0}}},{"hash":"c9d47c24ace4e664129811aef683f92967d21967","messageTitle":"Remove print statement","messageBody":"","fileTypesAndContributionMap":{"functional-code":{"insertions":1,"deletions":3}}},{"hash":"46c935366b5d905f3f5bc3f9ad447fec5caeff19","messageTitle":"Abstract out CsvParser and allow columns to be in any order","messageBody":"","fileTypesAndContributionMap":{"functional-code":{"insertions":233,"deletions":127}}},{"hash":"f07bf513b4868adc747639141bd6398010b591a1","messageTitle":"Refactor test cases","messageBody":"","fileTypesAndContributionMap":{"test-code":{"insertions":93,"deletions":117}}},{"hash":"269e5b3e41bd1bad30a551e1e86a4cf4d339f41d","messageTitle":"Further abstract import function","messageBody":"","fileTypesAndContributionMap":{"functional-code":{"insertions":248,"deletions":209}}},{"hash":"52d383cb5bc46252c0a7d53baed3979aee334d15","messageTitle":"Temporarily remove test cases","messageBody":"","fileTypesAndContributionMap":{"test-code":{"insertions":0,"deletions":92}}},{"hash":"b9eb65896c4cf82384281fb2ed0c00b7e6174a24","messageTitle":"Remove import statement from addressBookParserTest","messageBody":"","fileTypesAndContributionMap":{"test-code":{"insertions":0,"deletions":1}}}]},{"date":"2021-10-11","commitResults":[{"hash":"68fcfbdfc40dc4426c15298f170221f8d8010846","messageTitle":"Add ability for dependency injection","messageBody":"","fileTypesAndContributionMap":{"functional-code":{"insertions":12,"deletions":17}}},{"hash":"9f71fbf45637f481206523fc702fd40a9a511044","messageTitle":"Add minor ammendments","messageBody":"","fileTypesAndContributionMap":{"functional-code":{"insertions":0,"deletions":1}}}]},{"date":"2021-10-12","commitResults":[{"hash":"04655837a8ef62e2004dca4011f24bfc748a7c1f","messageTitle":"Make paths OS agnostic","messageBody":"","fileTypesAndContributionMap":{"functional-code":{"insertions":15,"deletions":23}}},{"hash":"6fe1d234b06b993f9ba1dce45d265b29ab76c477","messageTitle":"Convert from java.swing.JFileChooser to javafx.stage.FileChooser","messageBody":"","fileTypesAndContributionMap":{"functional-code":{"insertions":45,"deletions":46},"other":{"insertions":2,"deletions":2}}}]},{"date":"2021-10-13","commitResults":[{"hash":"3ed89bfacc57007e4cde5114991d49a5e1622351","messageTitle":"Add CsvParser test","messageBody":"","fileTypesAndContributionMap":{"functional-code":{"insertions":34,"deletions":14},"test-code":{"insertions":92,"deletions":0}}},{"hash":"fb5a03bb12cc8586516ec343dcc688de841c984e","messageTitle":"Add ImportCommandParser Tests","messageBody":"","fileTypesAndContributionMap":{"functional-code":{"insertions":22,"deletions":15},"test-code":{"insertions":151,"deletions":14}}}]},{"date":"2021-10-19","commitResults":[{"hash":"f367ec853300fc1b3b3ee4e33c5f91a899e9b392","messageTitle":"Add import command test","messageBody":"","fileTypesAndContributionMap":{"functional-code":{"insertions":42,"deletions":23},"test-code":{"insertions":275,"deletions":150}}},{"hash":"3ff2050bc758841e4fba0b02b01bed6e06296234","messageTitle":"Edit importCommandParser to only ensure existence of name column","messageBody":"","fileTypesAndContributionMap":{"functional-code":{"insertions":5,"deletions":1}}},{"hash":"0c2323a51be51219e870440e59f93271f574a4f8","messageTitle":"Make use of optional instead of null checks","messageBody":"","fileTypesAndContributionMap":{"functional-code":{"insertions":27,"deletions":56}}},{"hash":"1a39536ace030a4386193c08e7f37a778273295f","messageTitle":"Add handling and test of csv files with blank headers","messageBody":"","fileTypesAndContributionMap":{"functional-code":{"insertions":7,"deletions":2},"test-code":{"insertions":8,"deletions":0}}},{"hash":"9d461d47bfece986fefab2ddbff6624f6e317222","messageTitle":"Enhance import command\u0027s command result","messageBody":"","fileTypesAndContributionMap":{"functional-code":{"insertions":1,"deletions":1},"test-code":{"insertions":6,"deletions":2}}},{"hash":"97211fd5b287eb531b1e736c9a180d1a702d168a","messageTitle":"Add more extensive testing for import parser","messageBody":"","fileTypesAndContributionMap":{"functional-code":{"insertions":6,"deletions":6},"test-code":{"insertions":61,"deletions":1}}}]},{"date":"2021-10-20","commitResults":[{"hash":"cb455973bbcd650ee699fbe35052cbfaca3f132f","messageTitle":"Add implementation details of import function","messageBody":"","fileTypesAndContributionMap":{"docs":{"insertions":34,"deletions":0}}},{"hash":"f14ac4c2d3470758e0e508f3d63c4bba4aff0027","messageTitle":"Create sequence diagram for import command and add it to DG","messageBody":"","fileTypesAndContributionMap":{"docs":{"insertions":103,"deletions":1}}},{"hash":"c47238dd99b06168258b3cdfaa0a918cbd425926","messageTitle":"Make minor improvements to DG","messageBody":"","fileTypesAndContributionMap":{"docs":{"insertions":1,"deletions":1}}},{"hash":"aad6b36a85e25d325e40822b275e5fd87bc67a4f","messageTitle":"Remove trailing whitespace and backup file","messageBody":"","fileTypesAndContributionMap":{"docs":{"insertions":10,"deletions":10}}},{"hash":"ea13ff565b441709893769a5c766d369b5e75a09","messageTitle":"Make import function create \u0027imports\u0027 directory in project folder","messageBody":"","fileTypesAndContributionMap":{"functional-code":{"insertions":38,"deletions":1}}},{"hash":"0569eba5a18e5b1fd870ddb77bad936a1ceb72e8","messageTitle":"Remove print statements","messageBody":"","fileTypesAndContributionMap":{"test-code":{"insertions":0,"deletions":2}}},{"hash":"338e08813071f4b1a54a43005a5db9c43269cb2c","messageTitle":"Edit javadoc comment","messageBody":"","fileTypesAndContributionMap":{"functional-code":{"insertions":1,"deletions":1}}},{"hash":"659f607b7e3f6d4ba2f4877fd9b9a59e78518b82","messageTitle":"Add export feature and relevant classes","messageBody":"","fileTypesAndContributionMap":{"functional-code":{"insertions":184,"deletions":0}}},{"hash":"5d3edc94b9af89eff8971a6fc51935ac481788bc","messageTitle":"Fix checkstyle issues","messageBody":"","fileTypesAndContributionMap":{"functional-code":{"insertions":38,"deletions":22}}},{"hash":"e55c89355dd9b9f79bab569ce1c03c790eaa6a01","messageTitle":"Change tag delimiter to be a semicolon instead of whitespace.","messageBody":"","fileTypesAndContributionMap":{"functional-code":{"insertions":1,"deletions":1}}},{"hash":"cc0abd54d40b20ea2260d6909ae0b8c548784c78","messageTitle":"Update UG to reflect changes","messageBody":"","fileTypesAndContributionMap":{"docs":{"insertions":5,"deletions":5}}},{"hash":"39014ac9a390979b41e94f26c2c41a5ebd356e20","messageTitle":"Edit testutil to reflect changes in import command","messageBody":"","fileTypesAndContributionMap":{"test-code":{"insertions":1,"deletions":1}}},{"hash":"526fc55fbcc2174deab2db67478b447ad8a218a5","messageTitle":"Add javadoc comments and rename methods","messageBody":"","fileTypesAndContributionMap":{"functional-code":{"insertions":6,"deletions":3}}},{"hash":"6e01a63ecb1d70823e8c2c6d07b57d58bc7d2467","messageTitle":"Remove unused constants","messageBody":"","fileTypesAndContributionMap":{"functional-code":{"insertions":0,"deletions":3}}}]},{"date":"2021-10-21","commitResults":[{"hash":"e0cfda87176cb52e5bc200f9ec589d9f0cbf2e35","messageTitle":"Add exportCommandParser tests","messageBody":"","fileTypesAndContributionMap":{"functional-code":{"insertions":13,"deletions":4},"test-code":{"insertions":41,"deletions":0}}},{"hash":"56589b05e019f062af77df49c049d0c7f390cd61","messageTitle":"Change some methods to allow dependency injection","messageBody":"","fileTypesAndContributionMap":{"functional-code":{"insertions":19,"deletions":22},"test-code":{"insertions":4,"deletions":1}}},{"hash":"8e1d2d35de37d6bf55165593481f38a6d27cc326","messageTitle":"Add test for ExportCommand, ExportCommandParser, and CsvWriter","messageBody":"","fileTypesAndContributionMap":{"functional-code":{"insertions":29,"deletions":2},"test-code":{"insertions":133,"deletions":8}}},{"hash":"908ee744830c4c793879ab6358a1bc705f41f135","messageTitle":"Update DeveloperGuide.md","messageBody":"Include suggestion that using filepath is more troublesome for user","fileTypesAndContributionMap":{"docs":{"insertions":2,"deletions":2}}}]},{"date":"2021-10-22","commitResults":[{"hash":"a8bc4ab63d54f80483c8895901379c92b4b1ae71","messageTitle":"Add CsvWriter tests","messageBody":"","fileTypesAndContributionMap":{"functional-code":{"insertions":2,"deletions":2},"test-code":{"insertions":104,"deletions":24}}},{"hash":"5f68b41b2a8d0bed0f720f0d787ba12a29a0af44","messageTitle":"Fix ci issue","messageBody":"","fileTypesAndContributionMap":{"test-code":{"insertions":1,"deletions":1}}}]},{"date":"2021-10-23","commitResults":[{"hash":"b9e608b5ab302ccc4087edcaece7cb705096d26f","messageTitle":"Update UG based on peer review","messageBody":"","fileTypesAndContributionMap":{"docs":{"insertions":12,"deletions":19}}}]},{"date":"2021-10-24","commitResults":[{"hash":"7d3c5d92af09047e0b30117677a5b63c216545c3","messageTitle":"Disable encryption test for debugging","messageBody":"","fileTypesAndContributionMap":{"test-code":{"insertions":3,"deletions":0}}},{"hash":"c7a681ee9f4029c30f75949a9e1d2c6c20cf4670","messageTitle":"Re-enable encryption tests and disabled export command test to debug","messageBody":"","fileTypesAndContributionMap":{"test-code":{"insertions":5,"deletions":3}}},{"hash":"43dc7cd2a546f33ffab057d39650e2879ce0e5ee","messageTitle":"Fix checkstyle issue","messageBody":"","fileTypesAndContributionMap":{"test-code":{"insertions":0,"deletions":10}}},{"hash":"19f7ed591cc27178cafdb2fd6eb2ab3b3f4ad78d","messageTitle":"Remove use of afterEach and beforEach","messageBody":"","fileTypesAndContributionMap":{"test-code":{"insertions":5,"deletions":14}}},{"hash":"7f64334ca3e6fafcaa554d7293295ae5239382c6","messageTitle":"Add data directory for Export Command Test","messageBody":"","fileTypesAndContributionMap":{"test-code":{"insertions":38,"deletions":19}}},{"hash":"29bac31b95357ceb40f7c39e05c84a0f2d678fb6","messageTitle":"Use FileUtil delete instead","messageBody":"","fileTypesAndContributionMap":{"test-code":{"insertions":2,"deletions":3}}},{"hash":"a831e0af3ddc719c2f72ff66509dc0002e46c90a","messageTitle":"Remove test scenario that was already tested by other class","messageBody":"","fileTypesAndContributionMap":{"test-code":{"insertions":1,"deletions":11}}},{"hash":"c8e81abd2e4d141e60a558104b72c00a5424f65a","messageTitle":"Fix checkstyle issues","messageBody":"","fileTypesAndContributionMap":{"test-code":{"insertions":1,"deletions":12}}}]},{"date":"2021-10-25","commitResults":[{"hash":"2223742cfbe5b09a246562a38f904fb427ceab27","messageTitle":"Change export to work on selected list instead","messageBody":"","fileTypesAndContributionMap":{"functional-code":{"insertions":17,"deletions":3},"other":{"insertions":14,"deletions":4},"test-code":{"insertions":35,"deletions":5}}},{"hash":"3ce593ab57fd32349f1a42263876abe47571bd6b","messageTitle":"Improve code quality","messageBody":"","fileTypesAndContributionMap":{"functional-code":{"insertions":1,"deletions":1}}},{"hash":"cf1659b9a58074efdcbeeb199d8b270245a88740","messageTitle":"Add export to UG","messageBody":"","fileTypesAndContributionMap":{"docs":{"insertions":10,"deletions":0}}},{"hash":"97f05de3b55d79f2aede5ed7d6ce8d45d07138ca","messageTitle":"Update UserGuide.md","messageBody":"Fix hyperlink","fileTypesAndContributionMap":{"docs":{"insertions":1,"deletions":1}}},{"hash":"8db2fa78b24445149ad4f4bb591547020842e601","messageTitle":"Export command parser automatically appends .csv extension to filename","messageBody":"","fileTypesAndContributionMap":{"functional-code":{"insertions":3,"deletions":2},"test-code":{"insertions":2,"deletions":10}}},{"hash":"c81c2a076c50d69fbefd81a6d5431c4a12dc83c9","messageTitle":"Fix access modifier","messageBody":"","fileTypesAndContributionMap":{"functional-code":{"insertions":1,"deletions":1}}},{"hash":"301ef4658ff485ac3fb73b298bf24856e1782cf4","messageTitle":"Add export segment to DG","messageBody":"","fileTypesAndContributionMap":{"docs":{"insertions":97,"deletions":0}}}]},{"date":"2021-10-26","commitResults":[{"hash":"c7f82a8cc4b869c5f2141897fa7ae81f0e24e6ff","messageTitle":"Standardise use of italics for file extension and improve description of import command","messageBody":"","fileTypesAndContributionMap":{"docs":{"insertions":18,"deletions":14}}}]},{"date":"2021-10-28","commitResults":[{"hash":"21c4f3cfb270d03699e888bd1e0a9c8f2e93e2af","messageTitle":"Make export use filtered person list if not contacts are selected","messageBody":"","fileTypesAndContributionMap":{"functional-code":{"insertions":1,"deletions":1},"test-code":{"insertions":0,"deletions":9}}}]},{"date":"2021-10-30","commitResults":[{"hash":"7ad141224dcf6fd7db34eee4254dfefabb39b0c9","messageTitle":"Fix issue of empty column causing import to fail","messageBody":"","fileTypesAndContributionMap":{"functional-code":{"insertions":4,"deletions":3}}},{"hash":"bd51536d2af398b720238ae1ca2c681a6f2d97ad","messageTitle":"Make changes so that person is only treated as duplicate if all fields are the same","messageBody":"","fileTypesAndContributionMap":{"functional-code":{"insertions":1,"deletions":6},"test-code":{"insertions":8,"deletions":11}}},{"hash":"258ee83259ae3d9704ca78804e56ef1bd08f8e69","messageTitle":"Fix number of contacts added in import command success message","messageBody":"","fileTypesAndContributionMap":{"functional-code":{"insertions":3,"deletions":1},"test-code":{"insertions":1,"deletions":1}}},{"hash":"e5be572726cf98c03cd832bed6dc8e1bc56c0f0b","messageTitle":"Add line to command result to notify user if there was a duplicate during import","messageBody":"","fileTypesAndContributionMap":{"functional-code":{"insertions":6,"deletions":0},"test-code":{"insertions":3,"deletions":1}}},{"hash":"2155e14bd855f6a673504e0360f0006f423dc036","messageTitle":"Enhance command result for import and export","messageBody":"","fileTypesAndContributionMap":{"functional-code":{"insertions":6,"deletions":6},"test-code":{"insertions":0,"deletions":2}}},{"hash":"8e2902ac85bcd2c9b5b33329f3ae0e6055d6d31a","messageTitle":"Fix UG grammatical issue","messageBody":"","fileTypesAndContributionMap":{"docs":{"insertions":1,"deletions":1}}}]},{"date":"2021-11-02","commitResults":[{"hash":"0458ebedefe310ffdf3c78dfb0082902fe416d6b","messageTitle":"Fix issue#178","messageBody":"","fileTypesAndContributionMap":{"functional-code":{"insertions":6,"deletions":4}}}]}],"Zhou-Jiahao-1998":[{"date":"2021-09-27","commitResults":[{"hash":"c7bd07de82768e596d45d8d5ba07bce601ca0205","messageTitle":"Add UG DG photo","messageBody":"","fileTypesAndContributionMap":{"docs":{"insertions":26,"deletions":16}}},{"hash":"95a03499dbf88dde5550a864221b057fc4c870bb","messageTitle":"Edit DG","messageBody":"","fileTypesAndContributionMap":{"docs":{"insertions":18,"deletions":10}}}]},{"date":"2021-09-29","commitResults":[{"hash":"81a616e24ddc77b4b20d1227a3c5f2c87454d3ac","messageTitle":"Update NFR","messageBody":"","fileTypesAndContributionMap":{"docs":{"insertions":4,"deletions":3}}},{"hash":"b6f0da8893226211d031e2501cc6209b888974a8","messageTitle":"Add roles","messageBody":"","fileTypesAndContributionMap":{"docs":{"insertions":9,"deletions":0}}},{"hash":"6d4ccbb2539bb1e77df73e3acf0201e6d148d52a","messageTitle":"Add newline at EOF","messageBody":"","fileTypesAndContributionMap":{"docs":{"insertions":2,"deletions":2}}}]},{"date":"2021-10-07","commitResults":[{"hash":"ed321ee9ca1f473aac73b735562fcd5c130e1dd1","messageTitle":"Add tags to find","messageBody":"","fileTypesAndContributionMap":{"functional-code":{"insertions":14,"deletions":3}}},{"hash":"1e0378acf8455fe1f32991d08815860a7d39cd48","messageTitle":"Add test cases for find tags","messageBody":"","fileTypesAndContributionMap":{"test-code":{"insertions":28,"deletions":0}}},{"hash":"8dc20627e58f2401c323301b53a13b99e32005bb","messageTitle":"Add blank line","messageBody":"","fileTypesAndContributionMap":{"functional-code":{"insertions":1,"deletions":0}}},{"hash":"01854fa0f00beacd170c7018932bd84466938f3a","messageTitle":"Relocate logic of combining tag Strings","messageBody":"","fileTypesAndContributionMap":{"functional-code":{"insertions":1,"deletions":9}}}]},{"date":"2021-10-12","commitResults":[{"hash":"7a590e59ddfe94530337a9bb908b4c74d572bcbf","messageTitle":"Add find choices","messageBody":"","fileTypesAndContributionMap":{"functional-code":{"insertions":44,"deletions":11},"test-code":{"insertions":11,"deletions":9}}}]},{"date":"2021-10-21","commitResults":[{"hash":"6945b60e65288323a073debc1eed432c4320eb68","messageTitle":"Add order and number of fields in find","messageBody":"","fileTypesAndContributionMap":{"docs":{"insertions":8,"deletions":6}}},{"hash":"6acd55565eb7761179d8d414f084012179e04bd8","messageTitle":"Add encrytion case when no data","messageBody":"","fileTypesAndContributionMap":{"docs":{"insertions":9,"deletions":1}}},{"hash":"d28e0950c636f3767a0c518f1f0ea2ac0528a921","messageTitle":"Fix typo","messageBody":"","fileTypesAndContributionMap":{"docs":{"insertions":1,"deletions":1}}},{"hash":"9ada658005ac863bb922a10c791028a4f5874242","messageTitle":"Command result should not be empty","messageBody":"","fileTypesAndContributionMap":{"functional-code":{"insertions":1,"deletions":0}}}]},{"date":"2021-10-22","commitResults":[{"hash":"c36298a3cda428de5f2e9ede4112f73a2e3d4411","messageTitle":"Add support for double quotation in find","messageBody":"","fileTypesAndContributionMap":{"functional-code":{"insertions":2,"deletions":1}}},{"hash":"ecb0d5c37c8e5240e11136f5f19f9e160e2ae852","messageTitle":"Change \\n to lineSeparator","messageBody":"","fileTypesAndContributionMap":{"functional-code":{"insertions":12,"deletions":4}}},{"hash":"1014362701408232371627bc7498d91a46a96dc2","messageTitle":"Fix typo in DG","messageBody":"","fileTypesAndContributionMap":{"docs":{"insertions":1,"deletions":1}}}]},{"date":"2021-10-23","commitResults":[{"hash":"10af10cd3369a4c23a7a572d09c4758cfd71553e","messageTitle":"Add basic login screen","messageBody":"","fileTypesAndContributionMap":{"functional-code":{"insertions":124,"deletions":2}}},{"hash":"3c6f8cb9bc4a35526456284d61c5df9dd415ae0d","messageTitle":"Remove hard coded password","messageBody":"","fileTypesAndContributionMap":{"functional-code":{"insertions":16,"deletions":11}}},{"hash":"1d1b6166b1bd4e6e5989f2ea8c9724dfc3e46e3b","messageTitle":"Set up password login","messageBody":"","fileTypesAndContributionMap":{"functional-code":{"insertions":28,"deletions":22}}},{"hash":"5d29b54179d3d12ec30d013f498ddb02668adfa3","messageTitle":"Fix style","messageBody":"","fileTypesAndContributionMap":{"functional-code":{"insertions":35,"deletions":22}}},{"hash":"a5c91ecd07b06d44cb1078865f5742819ade24e8","messageTitle":"Remove extra code","messageBody":"","fileTypesAndContributionMap":{"functional-code":{"insertions":1,"deletions":16}}},{"hash":"65f380812a37552b1c9d4bea2f9f72c305d1f9a8","messageTitle":"Add support for changing password","messageBody":"","fileTypesAndContributionMap":{"functional-code":{"insertions":93,"deletions":14}}},{"hash":"b5de4342c142e2a45d4866f2dcaa4da77fa01cd4","messageTitle":"Fix style","messageBody":"","fileTypesAndContributionMap":{"functional-code":{"insertions":39,"deletions":21}}},{"hash":"c019be4e0c9e9be4aea61f28a2727c14d55fc5eb","messageTitle":"Move cryptor to Logic","messageBody":"","fileTypesAndContributionMap":{"functional-code":{"insertions":5,"deletions":6}}},{"hash":"7f6b91b3037a40d8d9ed15acd109ae225a860d63","messageTitle":"Remove extra method","messageBody":"","fileTypesAndContributionMap":{"functional-code":{"insertions":4,"deletions":16}}}]},{"date":"2021-10-24","commitResults":[{"hash":"1ae6c10e0d8521f642cbdae1a08074dbda5ae8b6","messageTitle":"Add password formatting checks","messageBody":"","fileTypesAndContributionMap":{"functional-code":{"insertions":79,"deletions":17}}},{"hash":"51c5742d3b25896c63176b261a8ec7509bdbb044","messageTitle":"Fix style","messageBody":"","fileTypesAndContributionMap":{"functional-code":{"insertions":17,"deletions":10}}},{"hash":"cd8f20911318d0fe90f2d97ac13f85d3ad153030","messageTitle":"Add testing for password","messageBody":"","fileTypesAndContributionMap":{"functional-code":{"insertions":19,"deletions":7},"test-code":{"insertions":164,"deletions":0}}},{"hash":"9ca8ca0061a87027a54879bd7fa392a6046dcd5c","messageTitle":"Add testing to LogicManager","messageBody":"","fileTypesAndContributionMap":{"test-code":{"insertions":26,"deletions":0}}},{"hash":"3f7bd65f9cd3bc19ea8b2ac9955e6cb34bcc527f","messageTitle":"Extract execute passwordCommand out","messageBody":"","fileTypesAndContributionMap":{"functional-code":{"insertions":23,"deletions":9},"test-code":{"insertions":10,"deletions":8}}},{"hash":"f74d888e20fed07633ff001e880caf310d54d380","messageTitle":"Revert encrytion test","messageBody":"","fileTypesAndContributionMap":{"test-code":{"insertions":6,"deletions":8}}},{"hash":"2c0458400b5ed4849a740211d0ccc8eba9b9e347","messageTitle":"Disable two EncrytionTest tests","messageBody":"","fileTypesAndContributionMap":{"test-code":{"insertions":5,"deletions":2}}},{"hash":"70acfcc66c9d62381ba9b2541362833821e0c166","messageTitle":"Fix style","messageBody":"","fileTypesAndContributionMap":{"test-code":{"insertions":1,"deletions":1}}}]},{"date":"2021-10-25","commitResults":[{"hash":"ebf152a8b432a0708818501650bddc1a10b2a4a8","messageTitle":"Add test for Password logic","messageBody":"","fileTypesAndContributionMap":{"functional-code":{"insertions":11,"deletions":0},"test-code":{"insertions":19,"deletions":0}}},{"hash":"ab9203644e9c4745c811f9a7bc2c4b351dc14a04","messageTitle":"Add Login UI wrong password","messageBody":"","fileTypesAndContributionMap":{"functional-code":{"insertions":3,"deletions":1}}},{"hash":"9aa421b56d3afa19ff45b9921d28f25aaf98d334","messageTitle":"Fix GuiSettings construtors in test cases","messageBody":"","fileTypesAndContributionMap":{"test-code":{"insertions":6,"deletions":6}}}]},{"date":"2021-10-26","commitResults":[{"hash":"8a7d8fb28a12606af62e230cbb2a22a25656c44a","messageTitle":"Update Login UI","messageBody":"","fileTypesAndContributionMap":{"functional-code":{"insertions":60,"deletions":25}}}]},{"date":"2021-10-28","commitResults":[{"hash":"bc8f52d5d598ff1f80a072d08231e628306cbb03","messageTitle":"Add double confirm for password setup","messageBody":"","fileTypesAndContributionMap":{"functional-code":{"insertions":157,"deletions":34}}},{"hash":"2006bf70fce154d5baccbf45b6c7b7e1da2c998a","messageTitle":"Better naming","messageBody":"","fileTypesAndContributionMap":{"functional-code":{"insertions":21,"deletions":17}}},{"hash":"f7032d73776e89205ea899bebe6ef29fab0d5236","messageTitle":"Jiahao update password in UG","messageBody":"","fileTypesAndContributionMap":{"docs":{"insertions":25,"deletions":6}}},{"hash":"ef57f9656354da23eac5c02af9a6ed6da4721f80","messageTitle":"Fix symbol issue","messageBody":"","fileTypesAndContributionMap":{"docs":{"insertions":1,"deletions":1}}}]},{"date":"2021-11-01","commitResults":[{"hash":"31c6b6e28daf9a2614eafaf4f9be6fcac392e6b9","messageTitle":"Add full flag support for find and optimize password error message","messageBody":"","fileTypesAndContributionMap":{"functional-code":{"insertions":55,"deletions":22},"test-code":{"insertions":13,"deletions":12}}},{"hash":"b504a1859d3b62c5d088509d9b6a73d7dce1f32a","messageTitle":"Update password symbol list","messageBody":"","fileTypesAndContributionMap":{"docs":{"insertions":1,"deletions":1}}},{"hash":"49c1c4ac1e5325f6b86f7f01acd28f6638f8fddf","messageTitle":"Add prohibited symbol to UG","messageBody":"","fileTypesAndContributionMap":{"docs":{"insertions":2,"deletions":0}}}]},{"date":"2021-11-02","commitResults":[{"hash":"320074645d7b617dde265135e415a711bd05e1f9","messageTitle":"Fix UG typo","messageBody":"","fileTypesAndContributionMap":{"docs":{"insertions":1,"deletions":1}}},{"hash":"ec44f2d006eb33e6dd9c6186e4e5765088b4e40a","messageTitle":"Fix grammatical error in UG","messageBody":"","fileTypesAndContributionMap":{"functional-code":{"insertions":5,"deletions":5},"docs":{"insertions":1,"deletions":1}}},{"hash":"887d8a18641f5588c5eba2311e8542abebb6bbc5","messageTitle":"Fix style and test cases","messageBody":"","fileTypesAndContributionMap":{"test-code":{"insertions":18,"deletions":5}}},{"hash":"2dc259f35efc697359c01334580d387af01cc45f","messageTitle":"Add test case","messageBody":"","fileTypesAndContributionMap":{"functional-code":{"insertions":4,"deletions":4},"test-code":{"insertions":12,"deletions":3}}},{"hash":"354a840c4533621114c435a935867af0b031f34f","messageTitle":"Fix test cases","messageBody":"","fileTypesAndContributionMap":{"functional-code":{"insertions":2,"deletions":2},"test-code":{"insertions":1,"deletions":1}}},{"hash":"491b2fa0e3ea9db49d721063cc89e083cb60cb1f","messageTitle":"Add comment on checking validity on login","messageBody":"","fileTypesAndContributionMap":{"functional-code":{"insertions":1,"deletions":1}}}]}],"zhenghanlee":[{"date":"2021-09-27","commitResults":[{"hash":"3ce70fb849dfa3ddfee541ae870a09369c61b90a","messageTitle":"Add Zheng Han\u0027s personal information, replace * with - for unordered lists","messageBody":"","fileTypesAndContributionMap":{"docs":{"insertions":13,"deletions":4}}},{"hash":"94dc6e9643ff5eb638b83619f0fe43072390b2d3","messageTitle":"Add Deliverables and Deadlines to huizhuan\u0027s role","messageBody":"","fileTypesAndContributionMap":{"docs":{"insertions":1,"deletions":1}}}]},{"date":"2021-09-28","commitResults":[{"hash":"f6bd4a80d0920e52df1084fec5aebe2986e45c44","messageTitle":"Format user guide markdown","messageBody":"","fileTypesAndContributionMap":{"docs":{"insertions":79,"deletions":71}}},{"hash":"c32396bfc3ab1486b35f8743a69687cf69fc8bce","messageTitle":"Update find command in UG","messageBody":"","fileTypesAndContributionMap":{"docs":{"insertions":5,"deletions":5}}},{"hash":"ae4d7accf6f051b79633b33402744d49bd228841","messageTitle":"Update find command summary and command label to lower case","messageBody":"","fileTypesAndContributionMap":{"docs":{"insertions":3,"deletions":3}}},{"hash":"99e56c75b31dd629415b6cc810a196a8208675c6","messageTitle":"Arrange command in summary in lexicographical order and update new command formats","messageBody":"","fileTypesAndContributionMap":{"docs":{"insertions":3,"deletions":1}}},{"hash":"79d75406d18f9e82d566386cd930627448f39582","messageTitle":"Add example to help summary","messageBody":"","fileTypesAndContributionMap":{"docs":{"insertions":2,"deletions":2}}},{"hash":"cc6ac0264b326c4ba5b93a5dd85c1b6a3a92500f","messageTitle":"Update add delete edit commands summary to new syntax","messageBody":"","fileTypesAndContributionMap":{"docs":{"insertions":11,"deletions":11}}}]},{"date":"2021-09-29","commitResults":[{"hash":"6fc55f7c57dc17ef07888be3b4d75f4d3838b728","messageTitle":"Update markdown format and CI Status badge for README","messageBody":"","fileTypesAndContributionMap":{"docs":{"insertions":11,"deletions":11}}},{"hash":"205d76e1b5df22632f58fb974b60d5674f74602a","messageTitle":"Add acknowledgement for AB3 code source","messageBody":"","fileTypesAndContributionMap":{"docs":{"insertions":4,"deletions":0}}},{"hash":"95a4e8a3700300dab0f9fa1b40fe000a830f1785","messageTitle":"Add codecov badge to README","messageBody":"","fileTypesAndContributionMap":{"docs":{"insertions":1,"deletions":0}}},{"hash":"70d715df405909fd9a616560437cf84c61e24639","messageTitle":"Remove traces of AB3 in README","messageBody":"","fileTypesAndContributionMap":{"docs":{"insertions":10,"deletions":11}}},{"hash":"4b0c559b4559a2523af4fb595a538e4377f1a233","messageTitle":"Change AB3 description to NUSpam for README","messageBody":"","fileTypesAndContributionMap":{"docs":{"insertions":3,"deletions":3}}}]},{"date":"2021-10-06","commitResults":[{"hash":"f4ceaa5cfea6c5799a1eb49451762804b7e54991","messageTitle":"Add search page for gh page","messageBody":"","fileTypesAndContributionMap":{"other":{"insertions":712,"deletions":0}}},{"hash":"0a7ce3ddd8dfa6aab52b85f4307c49d54e9ebb6c","messageTitle":"Fix trailing whitespaces","messageBody":"","fileTypesAndContributionMap":{"other":{"insertions":184,"deletions":225}}},{"hash":"0b63bcde2f6192381b842d30352125bae0195170","messageTitle":"Extend find command to find with given phone, email or address","messageBody":"","fileTypesAndContributionMap":{"functional-code":{"insertions":130,"deletions":19}}},{"hash":"08b7f78fa6ee1eb82f637a22a47980f39157c6c3","messageTitle":"Remove trailing whitespaces in FindCommandParser","messageBody":"","fileTypesAndContributionMap":{"functional-code":{"insertions":1,"deletions":1}}},{"hash":"eb65a96e8d0543bb45f90dbb2449cba2f2cd42f5","messageTitle":"Remove author tags","messageBody":"","fileTypesAndContributionMap":{"functional-code":{"insertions":0,"deletions":4}}},{"hash":"6b25a1d0622b43604be3d37ef56608cdddfec3ec","messageTitle":"Fix checkstyle for new classes","messageBody":"","fileTypesAndContributionMap":{"functional-code":{"insertions":7,"deletions":1}}}]},{"date":"2021-10-07","commitResults":[{"hash":"a70e0b9470fe795d095b575f110cc91da9a36aa7","messageTitle":"Update tests and add invalid argument handler for FindCommandParser","messageBody":"","fileTypesAndContributionMap":{"functional-code":{"insertions":8,"deletions":0},"other":{"insertions":19,"deletions":13},"test-code":{"insertions":52,"deletions":34}}}]},{"date":"2021-10-12","commitResults":[{"hash":"0d997c657d486a6138c1b97c4d671b044b0ebe22","messageTitle":"Embed user guide into help page","messageBody":"","fileTypesAndContributionMap":{"functional-code":{"insertions":11,"deletions":47},"other":{"insertions":6,"deletions":0}}},{"hash":"80883210b5650c0a9d74cf39382ee82adbc58983","messageTitle":"Add EOF line to HelpWindow.fxml","messageBody":"","fileTypesAndContributionMap":{"functional-code":{"insertions":1,"deletions":1}}}]},{"date":"2021-10-13","commitResults":[{"hash":"5371da239ebd7bafe6e28637d2a8ec7f84eec47b","messageTitle":"Improve find command code quality and throw exception for non-empty preamble","messageBody":"","fileTypesAndContributionMap":{"functional-code":{"insertions":91,"deletions":73}}},{"hash":"48edf4cdd0a79462df36198fb6a8e0264ffdf671","messageTitle":"Refractor test cases, temporarily disabled two tests","messageBody":"","fileTypesAndContributionMap":{"test-code":{"insertions":17,"deletions":8}}}]},{"date":"2021-10-19","commitResults":[{"hash":"1e1ccbb1783a634fb852fb62c52aecfbf97d05bf","messageTitle":"Add selectedlist to Model and relevant methods","messageBody":"","fileTypesAndContributionMap":{"functional-code":{"insertions":40,"deletions":1},"test-code":{"insertions":16,"deletions":0}}},{"hash":"7dd07d15e17e51433cef6a4afea5ea025bec767b","messageTitle":"Add selection display and visibility logic","messageBody":"","fileTypesAndContributionMap":{"functional-code":{"insertions":39,"deletions":6}}}]},{"date":"2021-10-21","commitResults":[{"hash":"244d33a3c353797ab579071307ae279cd9bba5fd","messageTitle":"Add non null assertion","messageBody":"","fileTypesAndContributionMap":{"functional-code":{"insertions":3,"deletions":0}}},{"hash":"4da57f7c578b4e6d9b3d3da3416eabd5b69e54a0","messageTitle":"Fix extra blank line for static import group","messageBody":"","fileTypesAndContributionMap":{"functional-code":{"insertions":0,"deletions":1}}},{"hash":"29f6334c1ac060fe38f15312276abfe8dcd16674","messageTitle":"Update UserGuide","messageBody":"","fileTypesAndContributionMap":{"docs":{"insertions":25,"deletions":9}}},{"hash":"d716306b7feda6d8bb7ef541710601f171ebbad7","messageTitle":"Change all occurences of NUSpam to Spam","messageBody":"","fileTypesAndContributionMap":{"docs":{"insertions":14,"deletions":14}}},{"hash":"9b94986ef9dc58976dc8652267edf4fb2e02efd6","messageTitle":"Add find feature implementation description","messageBody":"","fileTypesAndContributionMap":{"docs":{"insertions":115,"deletions":95}}},{"hash":"cc7ae0915cfd830269a663de4f977235d7015bf7","messageTitle":"Add find class diagram into DG","messageBody":"","fileTypesAndContributionMap":{"docs":{"insertions":28,"deletions":0}}},{"hash":"1eae3ed95728477e046ca3cd2bd3b9fc3745e68d","messageTitle":"Add EOF line for puml","messageBody":"","fileTypesAndContributionMap":{"docs":{"insertions":1,"deletions":1}}},{"hash":"cbb3c005e769081451d1e2098d72ec502e9ae191","messageTitle":"Add TOC back","messageBody":"","fileTypesAndContributionMap":{"docs":{"insertions":1,"deletions":1}}}]},{"date":"2021-10-22","commitResults":[{"hash":"3f863ffd93e5c762b6081192b3ab25628bc1fada","messageTitle":"Add SelectCommand and SelectCommandParser","messageBody":"","fileTypesAndContributionMap":{"functional-code":{"insertions":180,"deletions":4}}}]},{"date":"2021-10-23","commitResults":[{"hash":"b0cde018507bb951761daa8d3617cf22c61825cc","messageTitle":"Fix add duplicates for addSelected","messageBody":"","fileTypesAndContributionMap":{"functional-code":{"insertions":18,"deletions":4},"other":{"insertions":5,"deletions":5}}},{"hash":"f7422abea41fcd9847113a9089af6e4341161435","messageTitle":"Add SelectCommand tests and improve select panel ui","messageBody":"","fileTypesAndContributionMap":{"functional-code":{"insertions":10,"deletions":6},"other":{"insertions":5,"deletions":5},"test-code":{"insertions":126,"deletions":0}}},{"hash":"2350c9a2da6257584dbaa1d8b9fc32f68c914602","messageTitle":"Add unselect command and parser","messageBody":"","fileTypesAndContributionMap":{"functional-code":{"insertions":184,"deletions":0}}},{"hash":"ec8c430670661fb2f22981b2cf442a5cfd03566d","messageTitle":"Add tests for unselect command and parser","messageBody":"","fileTypesAndContributionMap":{"test-code":{"insertions":116,"deletions":0}}},{"hash":"d6e10c53412ea1e3bb083e088da9ac6a9553beb0","messageTitle":"Remove hyperlink to se-edu AB3","messageBody":"","fileTypesAndContributionMap":{"docs":{"insertions":7,"deletions":7}}},{"hash":"fad87a47631ae9f5dc32e0690a62b4d0f20f3e41","messageTitle":"Update UG summary delete command format","messageBody":"","fileTypesAndContributionMap":{"docs":{"insertions":1,"deletions":1}}},{"hash":"0ad6563d6c248dff6f95a36be2e6fbb8472e7736","messageTitle":"Add hyperlink to encryption java file in DG","messageBody":"","fileTypesAndContributionMap":{"docs":{"insertions":1,"deletions":1}}}]},{"date":"2021-10-25","commitResults":[{"hash":"128ae6c15f1ba7f1e8936aab7965ee2d7eabd720","messageTitle":"Add light theme","messageBody":"","fileTypesAndContributionMap":{"functional-code":{"insertions":592,"deletions":11}}},{"hash":"8d7f56b1df5883a9786f091e8f13efc6175364df","messageTitle":"Refractor SettingsWindow class javadoc","messageBody":"","fileTypesAndContributionMap":{"functional-code":{"insertions":6,"deletions":6}}},{"hash":"f2aa1fe6843b5e400d9a49c63f271b8e230002dc","messageTitle":"Remove trailing whitespace","messageBody":"","fileTypesAndContributionMap":{"functional-code":{"insertions":1,"deletions":1}}},{"hash":"b8eff2c277395394e0c51334b65ec06baffe98ea","messageTitle":"Use system\u0027s line separator for ConfigTest","messageBody":"","fileTypesAndContributionMap":{"test-code":{"insertions":1,"deletions":1}}}]},{"date":"2021-10-26","commitResults":[{"hash":"0d4afb6ee88a4a848158a07deb0eea01841b3cb0","messageTitle":"Move ui elements of LoginScreen to fxml","messageBody":"","fileTypesAndContributionMap":{"functional-code":{"insertions":93,"deletions":74}}},{"hash":"8f42d2180c8fbeb41ba8299017e18a99b99a6da5","messageTitle":"Add EOF line to LoginWindow.fxml","messageBody":"","fileTypesAndContributionMap":{"functional-code":{"insertions":1,"deletions":1}}},{"hash":"5786f23f954aa9c8319c0c028d7d98560290d958","messageTitle":"Improve code quality and handle exception closing log in page","messageBody":"","fileTypesAndContributionMap":{"functional-code":{"insertions":54,"deletions":28},"other":{"insertions":2,"deletions":2}}},{"hash":"4bcbb39e282f80e2d3561639353b1e4c08364060","messageTitle":"Fix wrong password giving incorrect password format response","messageBody":"","fileTypesAndContributionMap":{"functional-code":{"insertions":68,"deletions":48}}},{"hash":"9501fa5d1caba69d51a29cd67826ffaaa70c5a7e","messageTitle":"Remove login button and re-adjust login window css","messageBody":"","fileTypesAndContributionMap":{"functional-code":{"insertions":34,"deletions":32}}},{"hash":"3f14564d19debf6f02af8f982cff735d44224fe0","messageTitle":"Revert source compatibility version to 11","messageBody":"","fileTypesAndContributionMap":{"other":{"insertions":2,"deletions":2}}},{"hash":"b702c9e3f2a53aecea6e0b93fec20a20b0994582","messageTitle":"Make MainWindow resizeable again","messageBody":"","fileTypesAndContributionMap":{"functional-code":{"insertions":1,"deletions":1}}},{"hash":"ebc9d5e3289d704249f29b6a55459c5ccea100f4","messageTitle":"Set default theme for guisettings","messageBody":"","fileTypesAndContributionMap":{"functional-code":{"insertions":2,"deletions":1}}}]},{"date":"2021-10-28","commitResults":[{"hash":"177a7a4ee2bbd7ff1e28489d957215a7df4a9e61","messageTitle":"Fix user preferences not saved","messageBody":"","fileTypesAndContributionMap":{"functional-code":{"insertions":1,"deletions":1}}},{"hash":"0d9b70833a69156aa248402370528548799c0201","messageTitle":"Change build jar filename to SPAM.jar","messageBody":"","fileTypesAndContributionMap":{"other":{"insertions":1,"deletions":1}}},{"hash":"08b2db7d130a8d9cc0b79aeb37a791307b45b2df","messageTitle":"Update UG on select, unselect and password","messageBody":"","fileTypesAndContributionMap":{"docs":{"insertions":219,"deletions":63}}}]},{"date":"2021-11-02","commitResults":[{"hash":"10cd78a8026dd2d526e4e62989365d1a12ad064e","messageTitle":"Address #190 on selection upon deletion of original contacts","messageBody":"","fileTypesAndContributionMap":{"docs":{"insertions":1,"deletions":1}}},{"hash":"8bacbd38814401b148c8b8d6c21ed821beea1944","messageTitle":"Fix #215 on spelling error","messageBody":"","fileTypesAndContributionMap":{"docs":{"insertions":2,"deletions":2}}},{"hash":"97e0d3bb88d01e5ccf29381ababe387db767f5ac","messageTitle":"Resolve #166 on java hyperlink","messageBody":"","fileTypesAndContributionMap":{"docs":{"insertions":1,"deletions":1}}},{"hash":"23cd26ffe6e63352b8914c39a1a900ece4b6f634","messageTitle":"Exclude tutorials from tipue search","messageBody":"","fileTypesAndContributionMap":{"docs":{"insertions":3,"deletions":0}}},{"hash":"06b2e9f57586507339769f6b9e2808fd311881ca","messageTitle":"Fix #206 grammatical error","messageBody":"","fileTypesAndContributionMap":{"docs":{"insertions":1,"deletions":1}}}]}]},"authorFileTypeContributionMap":{"Anonymxtrix":{"docs":599,"functional-code":406,"test-code":208,"other":6673},"huizhuansam":{"docs":199,"functional-code":402,"test-code":276,"other":3},"KishendranVendarKon":{"docs":269,"functional-code":644,"test-code":813},"Zhou-Jiahao-1998":{"docs":70,"functional-code":485,"test-code":251},"zhenghanlee":{"docs":393,"functional-code":1361,"test-code":339,"other":721}},"authorContributionVariance":{"Anonymxtrix":111965.76,"huizhuansam":24827.674,"KishendranVendarKon":72482.55,"Zhou-Jiahao-1998":9388.949,"zhenghanlee":50865.516},"authorDisplayNameMap":{"Anonymxtrix":"CS2103T-W13-2 LOH ..RYAN","huizhuansam":"CS2103T-W13-2 SIEW..HUAN","KishendranVendarKon":"CS2103T-W13-2 KISH.. KON","Zhou-Jiahao-1998":"CS2103T-W13-2 ZHOU..AHAO","zhenghanlee":"CS2103T-W13-2 LEE .. HAN"}}
