{"authorDailyContributionsMap":{"rgbpokka":[{"date":"2021-09-30","commitResults":[{"hash":"84b1805cfe608db3ca51390e7146fd005495dfef","messageTitle":"Update Edit Command to include format for Staff","messageBody":"","fileTypesAndContributionMap":{"docs":{"insertions":5,"deletions":2}}},{"hash":"46657ea2fd27334546cc860fd5fb92b09c788690","messageTitle":"Update Edit Command description","messageBody":"","fileTypesAndContributionMap":{"docs":{"insertions":1,"deletions":1}}},{"hash":"717367efb88b6aca8e2e3524c5ef5f2a1899805e","messageTitle":"Rename profile photo filename to follow required format","messageBody":"","fileTypesAndContributionMap":{"docs":{"insertions":3,"deletions":43}}},{"hash":"1fa6d01183409042ad37f61259ade1fbc2be943e","messageTitle":"Update AboutUs.md page","messageBody":"","fileTypesAndContributionMap":{"docs":{"insertions":0,"deletions":1}}},{"hash":"0633586b73b65b660304869dc2ed9b3f1938810d","messageTitle":"Update DG with use case for Edit Command","messageBody":"","fileTypesAndContributionMap":{"docs":{"insertions":21,"deletions":0}}},{"hash":"e3617df7655388b36acf0e64692e9edba312d461","messageTitle":"Fix numbering typo for Edit Command Use Case","messageBody":"","fileTypesAndContributionMap":{"docs":{"insertions":1,"deletions":1}}}]},{"date":"2021-10-07","commitResults":[{"hash":"c39191eb23d34e5ed67b4de5357f6bc3ad40c153","messageTitle":"Modify EditCommand and EditCommandParser to work with Staff and Guest","messageBody":"","fileTypesAndContributionMap":{"functional-code":{"insertions":136,"deletions":30},"test-code":{"insertions":17,"deletions":2}}}]},{"date":"2021-10-08","commitResults":[{"hash":"6d0c427fd0606a5cb25b7f7d97f39aba150d4785","messageTitle":"Remove outdated code and unused imports","messageBody":"","fileTypesAndContributionMap":{"functional-code":{"insertions":0,"deletions":21}}},{"hash":"94479c9b6ee2df6e3857a768279cb21e08f73e6a","messageTitle":"Throw ParseException for invalid unique identifier","messageBody":"","fileTypesAndContributionMap":{"functional-code":{"insertions":1,"deletions":2}}},{"hash":"b410757509bbcf0c1fdcfcd5af16b16e1bbca0d5","messageTitle":"Minor changes to DG","messageBody":"","fileTypesAndContributionMap":{"docs":{"insertions":3,"deletions":1}}}]},{"date":"2021-10-12","commitResults":[{"hash":"ef5465cda33938856cb13f0462ce1cf4c49024c4","messageTitle":"Add EditCommand Tests for Staff and Guest","messageBody":"","fileTypesAndContributionMap":{"test-code":{"insertions":633,"deletions":229}}}]},{"date":"2021-10-15","commitResults":[{"hash":"e6ab50ea3c0617bbca61fc895b06d58a6a857989","messageTitle":"Fix EditCommand Tests","messageBody":"","fileTypesAndContributionMap":{"test-code":{"insertions":3,"deletions":5}}},{"hash":"e0c81208b2cff9c9babb633b3db9babcc22655ae","messageTitle":"Create new classes for Guest and Staff","messageBody":"","fileTypesAndContributionMap":{"functional-code":{"insertions":192,"deletions":85},"other":{"insertions":35,"deletions":40},"test-code":{"insertions":436,"deletions":54}}},{"hash":"5d7cfd2cff8239a0ed2e110227018bbb9f4d1759","messageTitle":"Fix Edit Command Tests","messageBody":"","fileTypesAndContributionMap":{"test-code":{"insertions":117,"deletions":240}}},{"hash":"7e4825a832bdcdfa1b702d7a2bc35dffcedc7e35","messageTitle":"Fix more EditCommand Tests","messageBody":"","fileTypesAndContributionMap":{"functional-code":{"insertions":6,"deletions":4},"test-code":{"insertions":14,"deletions":2}}},{"hash":"c18a07b1f61841e0f858e6ca34515b90b78ecc5d","messageTitle":"Fix checkstyle for Edit Tests","messageBody":"","fileTypesAndContributionMap":{"test-code":{"insertions":139,"deletions":136}}}]},{"date":"2021-10-19","commitResults":[{"hash":"7e2b2d12a934785195bb1bc0c26859ff4ddbd132","messageTitle":"Fix majority of Edit related tests","messageBody":"","fileTypesAndContributionMap":{"functional-code":{"insertions":37,"deletions":7},"test-code":{"insertions":320,"deletions":146}}},{"hash":"3158cb300fe2ec0523dd048cb851883309a7e98a","messageTitle":"Remove debugging statements and fix formatting","messageBody":"","fileTypesAndContributionMap":{"functional-code":{"insertions":5,"deletions":10},"test-code":{"insertions":3,"deletions":2}}}]},{"date":"2021-10-20","commitResults":[{"hash":"eb376928e9dce7671df43505bc13492174a6ca1e","messageTitle":"Update UG Edit Command","messageBody":"","fileTypesAndContributionMap":{"docs":{"insertions":3,"deletions":2}}},{"hash":"86e4c1b38426a0e4e94a07b03587d25ad8864129","messageTitle":"Fix description for Edit Command","messageBody":"","fileTypesAndContributionMap":{"docs":{"insertions":1,"deletions":1}}}]},{"date":"2021-10-22","commitResults":[{"hash":"01ca888f570d1ae4a94695dee06e462c931d8138","messageTitle":"Fix DG formatting","messageBody":"","fileTypesAndContributionMap":{"functional-code":{"insertions":3,"deletions":2},"docs":{"insertions":11,"deletions":0}}}]},{"date":"2021-10-23","commitResults":[{"hash":"4cc56d48da8a87751ca47e305be2157205c345f3","messageTitle":"Amend DG for Edit, Checkout and Delete Commands","messageBody":"","fileTypesAndContributionMap":{"docs":{"insertions":21,"deletions":54}}}]},{"date":"2021-10-24","commitResults":[{"hash":"e5afd8fd0637022a33a64cc33d489243aceebe62","messageTitle":"Modify implementation of Archive","messageBody":"","fileTypesAndContributionMap":{"functional-code":{"insertions":122,"deletions":27}}},{"hash":"2a9cfca30d9663e8cc24135571d8353b5479403b","messageTitle":"Minor changes to CheckOutCommand","messageBody":"","fileTypesAndContributionMap":{"functional-code":{"insertions":1,"deletions":1}}}]},{"date":"2021-10-25","commitResults":[{"hash":"927cd0b634184c6a99d26b086797d149c5e40b39","messageTitle":"Amend EditGuestCommand","messageBody":"","fileTypesAndContributionMap":{"functional-code":{"insertions":6,"deletions":2}}},{"hash":"fbb064b238a58c1d51288dbfb520eb9dcaff2591","messageTitle":"Fixed tests","messageBody":"","fileTypesAndContributionMap":{"test-code":{"insertions":136,"deletions":34}}}]},{"date":"2021-10-26","commitResults":[{"hash":"3f2fe7c1bcb4eaaa0934d413f1d34e6134b1d75d","messageTitle":"Implement Archive Storage","messageBody":"","fileTypesAndContributionMap":{"functional-code":{"insertions":249,"deletions":8}}}]},{"date":"2021-10-27","commitResults":[{"hash":"a1147e426f18bc5b7f25103d569cfdf0a3fa8c93","messageTitle":"Amend UG for Edit and Checkout Commands","messageBody":"","fileTypesAndContributionMap":{"docs":{"insertions":41,"deletions":20}}}]},{"date":"2021-10-28","commitResults":[{"hash":"24c41889388d7d30c2d4947596eea4f007d419dd","messageTitle":"Fix bugs for EditGuest and EditVendor Commands","messageBody":"","fileTypesAndContributionMap":{"functional-code":{"insertions":23,"deletions":6}}},{"hash":"bbb1936f6872819b8bc6eabaf825ac200fb952da","messageTitle":"Amend notes for editGuest and editVendor","messageBody":"","fileTypesAndContributionMap":{"docs":{"insertions":13,"deletions":4}}},{"hash":"7857f7e673cddbd525e52d3ee700e4efa390ea7c","messageTitle":"Amend EditGuestDescriptor","messageBody":"","fileTypesAndContributionMap":{"functional-code":{"insertions":2,"deletions":13}}},{"hash":"1a9d0931e28409c81428b1d1e0053e61d1e2dd5f","messageTitle":"Fix tests","messageBody":"","fileTypesAndContributionMap":{"functional-code":{"insertions":25,"deletions":23},"test-code":{"insertions":278,"deletions":36}}}]},{"date":"2021-10-29","commitResults":[{"hash":"ab5537b1cd6fe95eb42a77c6b871a79eba7f0b4b","messageTitle":"Add Manual Testing Instructions for Edit and Checkout Commands to DG","messageBody":"","fileTypesAndContributionMap":{"docs":{"insertions":51,"deletions":3}}}]},{"date":"2021-10-31","commitResults":[{"hash":"c570ff00b5cb8ced1dc584e27c4790757e7b049d","messageTitle":"Resolves #264","messageBody":"","fileTypesAndContributionMap":{"docs":{"insertions":3,"deletions":1}}},{"hash":"78375ad5a7c80d56b6b4f4ab0e76ffd842a10c9c","messageTitle":"Resolve #233","messageBody":"","fileTypesAndContributionMap":{"docs":{"insertions":1,"deletions":1}}},{"hash":"636163c237e368b0b081c99b43a3ca71709dbe73","messageTitle":"Resolve #231","messageBody":"","fileTypesAndContributionMap":{"docs":{"insertions":1,"deletions":1}}},{"hash":"fca158c74d4d23cc819745049173dc6c215ac065","messageTitle":"Resolve #215","messageBody":"","fileTypesAndContributionMap":{"docs":{"insertions":2,"deletions":0}}}]}],"calvintanwj":[{"date":"2021-09-25","commitResults":[{"hash":"5a7b2fec443474a23308cd94228f1aad2a414e70","messageTitle":"Update About Us","messageBody":"","fileTypesAndContributionMap":{"docs":{"insertions":52,"deletions":6}}},{"hash":"96e4678613756ceb005e0b01591c5d5e474a026b","messageTitle":"Update UG","messageBody":"","fileTypesAndContributionMap":{"docs":{"insertions":156,"deletions":95}}},{"hash":"5d3ae765c813c30c693b000e6e688a5a58a16533","messageTitle":"Bold headings","messageBody":"","fileTypesAndContributionMap":{"docs":{"insertions":7,"deletions":7}}},{"hash":"303cbfc0be63197807edfff671c33470d62e5cfd","messageTitle":"Update DG","messageBody":"","fileTypesAndContributionMap":{"docs":{"insertions":193,"deletions":86}}},{"hash":"3a537e794eccadbf21a83f4a1d1cecd93bbddf8b","messageTitle":"Fix tables","messageBody":"","fileTypesAndContributionMap":{"docs":{"insertions":7,"deletions":16}}},{"hash":"e8e50c579983aeea48dda9d97bd125bc1fff7ba9","messageTitle":"Fix table","messageBody":"","fileTypesAndContributionMap":{"docs":{"insertions":1,"deletions":0}}},{"hash":"361edeb316f45d5fd75e9dd9978bc355ccdfcb95","messageTitle":"Update README.md","messageBody":"","fileTypesAndContributionMap":{"docs":{"insertions":5,"deletions":10}}},{"hash":"1f9460cbb932720b2d9e997d1a66fb87d9de66bf","messageTitle":"Update index.md","messageBody":"","fileTypesAndContributionMap":{"docs":{"insertions":4,"deletions":4}}}]},{"date":"2021-09-29","commitResults":[{"hash":"50acef737638b5e913a4ecfe5037be37049c0050","messageTitle":"Change portfolio page title","messageBody":"","fileTypesAndContributionMap":{"docs":{"insertions":2,"deletions":2}}},{"hash":"25611aba5936ae5b122dfd138c1a919e3fcd12ee","messageTitle":"Update portfolio page","messageBody":"","fileTypesAndContributionMap":{"docs":{"insertions":4,"deletions":33}}}]},{"date":"2021-09-30","commitResults":[{"hash":"e38b04ba9eb7fb7a33a2ee9e91523374885b2933","messageTitle":"Fix names and add portfolios for members","messageBody":"","fileTypesAndContributionMap":{"docs":{"insertions":35,"deletions":12}}},{"hash":"3f128469955b65d5b39301eaaaaed3a383f690c5","messageTitle":"Edit AboutUs","messageBody":"","fileTypesAndContributionMap":{"docs":{"insertions":2,"deletions":2}}}]},{"date":"2021-10-01","commitResults":[{"hash":"5ebf861239bf039174fbef82f06c917e7f270df2","messageTitle":"Update DeveloperGuide.md","messageBody":"","fileTypesAndContributionMap":{"docs":{"insertions":2,"deletions":1}}},{"hash":"c13605ccf41beee86abccdd0719b2efdbcb946b4","messageTitle":"Fix Table of Contents","messageBody":"","fileTypesAndContributionMap":{"docs":{"insertions":2,"deletions":1}}},{"hash":"b22912435c13282666de49781bfa6043d1984edb","messageTitle":"Update UserGuide.md","messageBody":"","fileTypesAndContributionMap":{"docs":{"insertions":11,"deletions":11}}},{"hash":"4c0424dc54909d3f2c02a5edf566d358c2ceb7ac","messageTitle":"Update Use Cases","messageBody":"","fileTypesAndContributionMap":{"docs":{"insertions":69,"deletions":39}}}]},{"date":"2021-10-05","commitResults":[{"hash":"033d76f6df0c8aab21867a97f31f58eed545e24a","messageTitle":"Refactor components","messageBody":"","fileTypesAndContributionMap":{"functional-code":{"insertions":424,"deletions":77}}}]},{"date":"2021-10-08","commitResults":[{"hash":"dc61ad2ae6c22293a1632092922c8328147d5eb7","messageTitle":"Remove duplicate user stories","messageBody":"","fileTypesAndContributionMap":{"docs":{"insertions":0,"deletions":4}}},{"hash":"a0cff8448a3cccb391a48d8382079519456f3c2a","messageTitle":"Update List and View Commands, and Add Tag List","messageBody":"","fileTypesAndContributionMap":{"functional-code":{"insertions":299,"deletions":5},"other":{"insertions":27,"deletions":27},"test-code":{"insertions":4,"deletions":4}}},{"hash":"3a72fef588bd9bdcb0e763b74ad789eb6929e361","messageTitle":"Alter conditions for predicate","messageBody":"","fileTypesAndContributionMap":{"functional-code":{"insertions":1,"deletions":1}}}]},{"date":"2021-10-09","commitResults":[{"hash":"97559d45f1efb3a3dab7fc1de700dc590f26d72a","messageTitle":"Fix warnings","messageBody":"","fileTypesAndContributionMap":{"functional-code":{"insertions":131,"deletions":167}}},{"hash":"cad6159204aa821e27ad914d4a8b65fef0efc27e","messageTitle":"Change identifier for duplicate elements","messageBody":"","fileTypesAndContributionMap":{"functional-code":{"insertions":32,"deletions":11}}}]},{"date":"2021-10-12","commitResults":[{"hash":"7ab25a17a03acc4cbb9077759d42eb5466600538","messageTitle":"Update GUI, and update Tag List","messageBody":"","fileTypesAndContributionMap":{"functional-code":{"insertions":570,"deletions":101},"other":{"insertions":32,"deletions":34}}},{"hash":"d7a622728da042f3fb3f966354ce21813b28eb0d","messageTitle":"Touch up Tag List","messageBody":"","fileTypesAndContributionMap":{"functional-code":{"insertions":9,"deletions":21}}},{"hash":"3053c65112fa223a5ced200eb407113b7d229e68","messageTitle":"Fix Tag List operations","messageBody":"","fileTypesAndContributionMap":{"functional-code":{"insertions":111,"deletions":5}}}]},{"date":"2021-10-14","commitResults":[{"hash":"0117cb574bd027d5a3c5b2e78a30896ff8d62408","messageTitle":"Fix tests","messageBody":"","fileTypesAndContributionMap":{"functional-code":{"insertions":5,"deletions":5},"other":{"insertions":5,"deletions":5},"test-code":{"insertions":246,"deletions":203}}},{"hash":"195a8e93706ccd3c8fb0b621d96f024b461396ed","messageTitle":"Fix EditDescriptor Tests","messageBody":"","fileTypesAndContributionMap":{"test-code":{"insertions":74,"deletions":31}}},{"hash":"80129306950443617c1190ca0fb05b1cce54258b","messageTitle":"Fix checkstyle and Add Tests","messageBody":"","fileTypesAndContributionMap":{"functional-code":{"insertions":244,"deletions":173},"test-code":{"insertions":87,"deletions":14}}}]},{"date":"2021-10-15","commitResults":[{"hash":"ef2c11ef51654aa85d9c7c02a2f81fd7e5c2c6ab","messageTitle":"Fix typical ab","messageBody":"","fileTypesAndContributionMap":{"functional-code":{"insertions":1,"deletions":1},"test-code":{"insertions":11,"deletions":1}}},{"hash":"3be11c7e2472b79bc6a1b6ff874ff102fc8e9157","messageTitle":"Fix Tests","messageBody":"","fileTypesAndContributionMap":{"functional-code":{"insertions":9,"deletions":8},"test-code":{"insertions":154,"deletions":168}}},{"hash":"76e10c02c1e9cda8dc31b1b41f0476dce42da2e5","messageTitle":"Fix merging conflicts","messageBody":"","fileTypesAndContributionMap":{"test-code":{"insertions":27,"deletions":38}}},{"hash":"dfe023f8924ac9b415d70fa4a4a47da2f73044d5","messageTitle":"Fix checkstyle for Tests","messageBody":"","fileTypesAndContributionMap":{"test-code":{"insertions":25,"deletions":29}}},{"hash":"3bfd404621ac4384d9c0f7a98fb0e1e7b9e70be9","messageTitle":"Fix checkstyle","messageBody":"","fileTypesAndContributionMap":{"functional-code":{"insertions":28,"deletions":17},"test-code":{"insertions":1,"deletions":2}}}]},{"date":"2021-10-16","commitResults":[{"hash":"168f715042bda6c1e8a1632d4821d84d31393e02","messageTitle":"Comment out failing tests","messageBody":"","fileTypesAndContributionMap":{"test-code":{"insertions":1360,"deletions":1359}}},{"hash":"ab13bf6e095ccb1b63e04b3df3df936b8fc8a2ec","messageTitle":"Fix whitespace","messageBody":"","fileTypesAndContributionMap":{"functional-code":{"insertions":0,"deletions":1},"docs":{"insertions":101,"deletions":87}}},{"hash":"05a86b8e68cff3a015a77b298fadc08fbb959066","messageTitle":"Fix checkstyle","messageBody":"","fileTypesAndContributionMap":{"docs":{"insertions":2,"deletions":2}}},{"hash":"b2c31251e870f50be7e47f88003cffe7cbfb2b46","messageTitle":"Touch up UI","messageBody":"","fileTypesAndContributionMap":{"docs":{"insertions":53,"deletions":56}}},{"hash":"d151036060fd7d6bbd56208283570f70796e59c1","messageTitle":"Update DG","messageBody":"","fileTypesAndContributionMap":{"docs":{"insertions":8,"deletions":6}}}]},{"date":"2021-10-18","commitResults":[{"hash":"4a1a6ffdbbb2a81d11463329d8cfaeebb1075f9b","messageTitle":"Fix view command","messageBody":"","fileTypesAndContributionMap":{"functional-code":{"insertions":37,"deletions":5}}},{"hash":"fb8e9ded29f23b985fa90f3e2de75f5bbda13d34","messageTitle":"Add and fix view tests","messageBody":"","fileTypesAndContributionMap":{"functional-code":{"insertions":61,"deletions":69},"other":{"insertions":5,"deletions":9},"test-code":{"insertions":136,"deletions":33}}}]},{"date":"2021-10-19","commitResults":[{"hash":"59956ef70393b0e962480ce102831517aff5994f","messageTitle":"Add Tests","messageBody":"","fileTypesAndContributionMap":{"functional-code":{"insertions":70,"deletions":72},"other":{"insertions":1,"deletions":1},"test-code":{"insertions":169,"deletions":0}}},{"hash":"97842aafbd81f0cb14ffbfe2598693f187c22f04","messageTitle":"Fix bug in edit test","messageBody":"","fileTypesAndContributionMap":{"test-code":{"insertions":18,"deletions":34}}}]},{"date":"2021-10-20","commitResults":[{"hash":"60eea858f6dedd7b8c9b309fa86f6cca601f948b","messageTitle":"Implements filter command","messageBody":"","fileTypesAndContributionMap":{"functional-code":{"insertions":160,"deletions":1},"test-code":{"insertions":234,"deletions":2}}}]},{"date":"2021-10-22","commitResults":[{"hash":"611038ee00dfa9ad491e5c97fb89c9da12afd83e","messageTitle":"Comment out failing test","messageBody":"","fileTypesAndContributionMap":{"test-code":{"insertions":27,"deletions":27}}},{"hash":"6f6f957481bc836a95e018438d3ed8fdff7565db","messageTitle":"Fix checkstyle","messageBody":"","fileTypesAndContributionMap":{"functional-code":{"insertions":25,"deletions":31},"docs":{"insertions":11,"deletions":11},"test-code":{"insertions":190,"deletions":174}}},{"hash":"329c3f71267ec979e59053a9b383a1d0d4e92494","messageTitle":"Change version number","messageBody":"","fileTypesAndContributionMap":{"functional-code":{"insertions":1,"deletions":1}}},{"hash":"3fff86e9ddcfd9da6d3ed47c7c5a6c4c82e80d1a","messageTitle":"Fix javaFX version","messageBody":"","fileTypesAndContributionMap":{"functional-code":{"insertions":1,"deletions":2}}}]},{"date":"2021-10-23","commitResults":[{"hash":"bf2a5c1d33a2717519ba31f2cdbdef9d8ed779d5","messageTitle":"Add minor changes to PH","messageBody":"","fileTypesAndContributionMap":{"functional-code":{"insertions":3791,"deletions":3083},"other":{"insertions":208,"deletions":163},"docs":{"insertions":2,"deletions":2},"test-code":{"insertions":144,"deletions":169}}},{"hash":"fd28656f445ef16ae8a989f38b9adcecdef0a36f","messageTitle":"Make moderate changes","messageBody":"","fileTypesAndContributionMap":{"functional-code":{"insertions":701,"deletions":510},"other":{"insertions":100,"deletions":79},"test-code":{"insertions":1,"deletions":3}}},{"hash":"a3aab205a35f9d94b6498158801243dcc5a87259","messageTitle":"Enable assertions","messageBody":"","fileTypesAndContributionMap":{"other":{"insertions":4,"deletions":0}}},{"hash":"08e9d4e5471dffa775a6f7622893a0625b2d4beb","messageTitle":"Touch up Tests","messageBody":"","fileTypesAndContributionMap":{"functional-code":{"insertions":163,"deletions":26},"other":{"insertions":125,"deletions":122},"test-code":{"insertions":1054,"deletions":1075}}},{"hash":"60e36636ea6a9e3247097be23043c965ca480742","messageTitle":"Add more test","messageBody":"","fileTypesAndContributionMap":{"test-code":{"insertions":176,"deletions":85}}}]},{"date":"2021-10-24","commitResults":[{"hash":"5dd18d93a7f4e357e7abbabb9ed28d2827709be5","messageTitle":"Touch up more tests","messageBody":"","fileTypesAndContributionMap":{"functional-code":{"insertions":7,"deletions":11},"test-code":{"insertions":1076,"deletions":503}}},{"hash":"0f227bc4b532871575c38bfb2f831c897a07e10c","messageTitle":"Touch up tests","messageBody":"","fileTypesAndContributionMap":{"other":{"insertions":127,"deletions":108},"test-code":{"insertions":2277,"deletions":1727}}}]},{"date":"2021-10-25","commitResults":[{"hash":"7a5568764dfe41226e31d87a42a6440f08d0ea61","messageTitle":"Fix up remaining tests and implement filter commands","messageBody":"","fileTypesAndContributionMap":{"functional-code":{"insertions":646,"deletions":153},"test-code":{"insertions":229,"deletions":248}}}]},{"date":"2021-10-26","commitResults":[{"hash":"abe0471579193f963d5b8f2f25e7b62a026d50da","messageTitle":"Fix merge conflicts","messageBody":"","fileTypesAndContributionMap":{"functional-code":{"insertions":12,"deletions":11},"docs":{"insertions":0,"deletions":5},"test-code":{"insertions":68,"deletions":54}}}]},{"date":"2021-10-27","commitResults":[{"hash":"94640d6fd53e84e67a22e9b1bcce5d269525cd85","messageTitle":"Touch up filter commands","messageBody":"","fileTypesAndContributionMap":{"functional-code":{"insertions":141,"deletions":145}}},{"hash":"6077caf0169e264bde562df7b5325820773168ae","messageTitle":"Finish up filtervendor","messageBody":"","fileTypesAndContributionMap":{"functional-code":{"insertions":151,"deletions":20}}},{"hash":"409043e28e68262a843e7732cd60bf5d1a5c6944","messageTitle":"Remove taggable","messageBody":"","fileTypesAndContributionMap":{"functional-code":{"insertions":2,"deletions":27}}}]},{"date":"2021-10-28","commitResults":[{"hash":"a17c4e177c6f9c1e334a71602803459a734777e3","messageTitle":"Update filter commands documentation","messageBody":"","fileTypesAndContributionMap":{"docs":{"insertions":103,"deletions":13}}}]},{"date":"2021-10-30","commitResults":[{"hash":"8c5d264372d2468f5221e52080ba2832fbdec5f2","messageTitle":"Update README.md","messageBody":"","fileTypesAndContributionMap":{"docs":{"insertions":1,"deletions":1}}},{"hash":"e45a49091897375dbc82ccf2086d52e877164eaa","messageTitle":"Fix remaining tests","messageBody":"","fileTypesAndContributionMap":{"functional-code":{"insertions":25,"deletions":52},"test-code":{"insertions":102,"deletions":109}}},{"hash":"bf108316817e7e67134422a844d6c8d6577f7bd5","messageTitle":"Finish up filter tests","messageBody":"","fileTypesAndContributionMap":{"functional-code":{"insertions":35,"deletions":40},"test-code":{"insertions":1306,"deletions":243}}},{"hash":"2d19eac14fd42aa2d438ea3678f715e1d2f89afc","messageTitle":"Clean up tests","messageBody":"","fileTypesAndContributionMap":{"test-code":{"insertions":519,"deletions":479}}}]},{"date":"2021-10-31","commitResults":[{"hash":"ba8b6f9df3200372a11cb746a16c36c8a80353cc","messageTitle":"Fix tags in sample data","messageBody":"","fileTypesAndContributionMap":{"functional-code":{"insertions":3,"deletions":3}}}]},{"date":"2021-11-01","commitResults":[{"hash":"1d64a1aaa26afa5f4beb066c190ccec165bc3a5f","messageTitle":"Resolve #221","messageBody":"","fileTypesAndContributionMap":{"functional-code":{"insertions":1,"deletions":1}}},{"hash":"341c5e8da857f4d0e05cbe9d1d6985d25ae06574","messageTitle":"Resolve #228","messageBody":"","fileTypesAndContributionMap":{"functional-code":{"insertions":4,"deletions":0}}},{"hash":"63c047092d13dd972c0c74465ab69cd09e49a154","messageTitle":"Resolve #236","messageBody":"","fileTypesAndContributionMap":{"docs":{"insertions":23,"deletions":22}}},{"hash":"d5d43b300c0e4d3d425bb50defe493a408e48d21","messageTitle":"Resolve #239","messageBody":"","fileTypesAndContributionMap":{"docs":{"insertions":2,"deletions":2}}},{"hash":"0ad252913f53864c1767ebae6fa957f76a04df12","messageTitle":"Resolve #249","messageBody":"","fileTypesAndContributionMap":{"functional-code":{"insertions":1,"deletions":1}}},{"hash":"44866ada1c91b22de4bdd28d690e97ade8326852","messageTitle":"Resolve #256","messageBody":"","fileTypesAndContributionMap":{"functional-code":{"insertions":3,"deletions":2}}},{"hash":"1fbda4d14bddd4c1a9bfb3b0b0bfa09d7faf58d4","messageTitle":"Resolve #202","messageBody":"","fileTypesAndContributionMap":{"functional-code":{"insertions":76,"deletions":73}}},{"hash":"7cf1b4b74832fdffcf8f15fc3d49e8bc2985adec","messageTitle":"Resolve #262","messageBody":"","fileTypesAndContributionMap":{"functional-code":{"insertions":1,"deletions":0}}},{"hash":"3c85ca5d5fc09607430066c2982451101303b094","messageTitle":"Resolve #199","messageBody":"","fileTypesAndContributionMap":{"docs":{"insertions":1,"deletions":1}}},{"hash":"7482c99420a74fe7d7e2208f3be7cde01c88e95b","messageTitle":"Update screenshots","messageBody":"","fileTypesAndContributionMap":{"docs":{"insertions":2,"deletions":3}}},{"hash":"6505356d341011fbd34f7dcb2c007eb0c6491b49","messageTitle":"Resolve #197","messageBody":"","fileTypesAndContributionMap":{"functional-code":{"insertions":1,"deletions":1}}},{"hash":"134e68924bfb0c69da0a577ef4c7c2a2c1b1737f","messageTitle":"Resolve #220","messageBody":"","fileTypesAndContributionMap":{"functional-code":{"insertions":6,"deletions":5}}},{"hash":"a5130d14a4c34fe6c4728453f6829d9cd69d8bec","messageTitle":"Standardize help messages for commands","messageBody":"","fileTypesAndContributionMap":{"functional-code":{"insertions":60,"deletions":58}}},{"hash":"acd2c56293011d92f9c20df9956a380946199a6a","messageTitle":"Resolve #230","messageBody":"","fileTypesAndContributionMap":{"docs":{"insertions":2,"deletions":0}}}]},{"date":"2021-11-02","commitResults":[{"hash":"c0ada35594b255fc243ec49be964bd5499c5f04e","messageTitle":"Fix checkstyle","messageBody":"","fileTypesAndContributionMap":{"functional-code":{"insertions":510,"deletions":438},"other":{"insertions":19,"deletions":11}}},{"hash":"b8ee1904edc5d81052db4eb4fae445d276661e66","messageTitle":"Fix trailing whitespace","messageBody":"","fileTypesAndContributionMap":{"docs":{"insertions":39,"deletions":39}}},{"hash":"4a2050b46ef5c1109b1120e64c15fad408d68732","messageTitle":"Fix whitespace","messageBody":"","fileTypesAndContributionMap":{"functional-code":{"insertions":2,"deletions":2}}},{"hash":"3e7f4786b70e637848626a58b07049d9f1d528e7","messageTitle":"Touch up UG","messageBody":"","fileTypesAndContributionMap":{"docs":{"insertions":102,"deletions":60}}},{"hash":"850c425c528650dbf67c7f6a5e69b2946e4b6485","messageTitle":"Fix hyperlinks","messageBody":"","fileTypesAndContributionMap":{"docs":{"insertions":3,"deletions":3}}},{"hash":"f40f62afad1c547887db2a62a19344d7a84400d8","messageTitle":"Update Design section of DG","messageBody":"","fileTypesAndContributionMap":{"docs":{"insertions":119,"deletions":107}}},{"hash":"13d5773bfe10a5e031507438bdb3616d266ed21f","messageTitle":"Fix checkstyle","messageBody":"","fileTypesAndContributionMap":{"docs":{"insertions":64,"deletions":66}}},{"hash":"8719addfb2bbe86b2804b877ef483a9b945c54f3","messageTitle":"Fix checkstyle","messageBody":"","fileTypesAndContributionMap":{"docs":{"insertions":4,"deletions":4}}},{"hash":"03e7b5c21a6fc6fc692ede615cb8799a6f7b4dba","messageTitle":"Touch up design section","messageBody":"","fileTypesAndContributionMap":{"docs":{"insertions":21,"deletions":16}}},{"hash":"1051cb1bceb5b3c27065205a98c2bce063b93e06","messageTitle":"Redo user stories","messageBody":"","fileTypesAndContributionMap":{"docs":{"insertions":27,"deletions":18}}},{"hash":"8313200256d3adc69c784ec1a3b92f69c19c653a","messageTitle":"Fix checkstyle","messageBody":"","fileTypesAndContributionMap":{"docs":{"insertions":5,"deletions":5}}},{"hash":"958d8bbf855b7f51e24ad6fa08562deb2824f049","messageTitle":"Fix bolded text","messageBody":"","fileTypesAndContributionMap":{"docs":{"insertions":1,"deletions":2}}}]}],"alyssa-savier":[{"date":"2021-09-30","commitResults":[{"hash":"2c1ebe4a82264e22403982abb4ab42fa1a600059","messageTitle":"Add Profile Pic for Alyssa Savier to AboutUs (Corrected)","messageBody":"","fileTypesAndContributionMap":{"docs":{"insertions":3,"deletions":5}}},{"hash":"cc4c3e47dd88b13dd3a8ac449c17ad40ea441eab","messageTitle":"Update UG, Add Command, Command Summary, Constraints","messageBody":"","fileTypesAndContributionMap":{"docs":{"insertions":10,"deletions":3}}}]},{"date":"2021-10-01","commitResults":[{"hash":"6da932a53eccbc41225dc54bc380c7713c6c493b","messageTitle":"Update Developer Guide Usecases for Add","messageBody":"","fileTypesAndContributionMap":{"docs":{"insertions":18,"deletions":0}}}]},{"date":"2021-10-07","commitResults":[{"hash":"0fdf9242c7b44219b8c0ccdd2e82135fa7241776","messageTitle":"Implement New Add Command","messageBody":"","fileTypesAndContributionMap":{"functional-code":{"insertions":60,"deletions":12}}}]},{"date":"2021-10-08","commitResults":[{"hash":"612ec5f0c500910d801045965eb164ac541c075f","messageTitle":"Alter import statement with * to individual imports","messageBody":"","fileTypesAndContributionMap":{"functional-code":{"insertions":9,"deletions":1}}},{"hash":"e4958c333372f6ee48b47462abc9071838464ae8","messageTitle":"Remove large comment block","messageBody":"","fileTypesAndContributionMap":{"functional-code":{"insertions":1,"deletions":11}}}]},{"date":"2021-10-12","commitResults":[{"hash":"67cc4534e9f5845ba8101deec969892870c1d42a","messageTitle":"Ammend AddCommand Error Params message","messageBody":"","fileTypesAndContributionMap":{"functional-code":{"insertions":19,"deletions":9}}}]},{"date":"2021-10-14","commitResults":[{"hash":"541652d3b644104fb6a1d3e764b35cc2fc92503c","messageTitle":"Implement AddCommand Tests w/ Staff \u0026 Guest Builder 1. Add AddCommandGuestTest.java 2. Add AddCommandStaffTest.java","messageBody":"","fileTypesAndContributionMap":{"test-code":{"insertions":392,"deletions":0}}},{"hash":"957a9d5cb43580e392867d00ab5071240a03e8de","messageTitle":"Remove AddCommandTest.java","messageBody":"","fileTypesAndContributionMap":{"test-code":{"insertions":0,"deletions":194}}}]},{"date":"2021-10-15","commitResults":[{"hash":"d2ab274d72fdcbc1aafe0b75e210eb5f357c8607","messageTitle":"Ammend AddCommandParserTest Draft","messageBody":"","fileTypesAndContributionMap":{"functional-code":{"insertions":2,"deletions":2},"other":{"insertions":2,"deletions":0},"test-code":{"insertions":42,"deletions":71}}},{"hash":"7327d9b9d8ca9c10d75b649f7d7f33150278faae","messageTitle":"Edit AddCommandParserTest","messageBody":"","fileTypesAndContributionMap":{"functional-code":{"insertions":1,"deletions":1},"test-code":{"insertions":3,"deletions":3}}}]},{"date":"2021-10-18","commitResults":[{"hash":"22253c21d40aefd645bce6f9102f886b5b1425a9","messageTitle":"Implement AddCommandParserTest Test cases","messageBody":"","fileTypesAndContributionMap":{"functional-code":{"insertions":1,"deletions":4},"test-code":{"insertions":23,"deletions":71}}}]},{"date":"2021-10-21","commitResults":[{"hash":"1cd9ebbb4bf1a41331e05744644dc193bbee4acf","messageTitle":"Remove Wildcard for TypicalPersons","messageBody":"","fileTypesAndContributionMap":{"test-code":{"insertions":40,"deletions":4}}}]},{"date":"2021-10-22","commitResults":[{"hash":"736874382c3b8294c468db0f15f4a09cce1342e3","messageTitle":"Update UG","messageBody":"","fileTypesAndContributionMap":{"docs":{"insertions":4,"deletions":4}}}]},{"date":"2021-10-24","commitResults":[{"hash":"5a2a7b46777e599af7faa11bb4ba1bced6161af7","messageTitle":"Implement Archive","messageBody":"","fileTypesAndContributionMap":{"functional-code":{"insertions":109,"deletions":0}}},{"hash":"c43a878a48aa985e3e25fc3270648a8e95fe62c2","messageTitle":"Fix merge conflict","messageBody":"","fileTypesAndContributionMap":{"test-code":{"insertions":0,"deletions":7}}},{"hash":"d5de3190106dec88ea866b9d9e72001ca198c495","messageTitle":"Implement CheckInNewGuest \u0026 CheckInReturningGuest","messageBody":"","fileTypesAndContributionMap":{"functional-code":{"insertions":140,"deletions":9},"other":{"insertions":26,"deletions":25},"test-code":{"insertions":29,"deletions":30}}},{"hash":"5a31d6e5b0644ce6e2205e815f629a81501b33f6","messageTitle":"Fixed error messages returning to users","messageBody":"","fileTypesAndContributionMap":{"functional-code":{"insertions":3,"deletions":3}}}]},{"date":"2021-10-25","commitResults":[{"hash":"a4313f70a588ba2f4b27d4eccd5e6b5a1f750850","messageTitle":"Remove redundant lines","messageBody":"","fileTypesAndContributionMap":{"functional-code":{"insertions":0,"deletions":7},"docs":{"insertions":6,"deletions":5}}},{"hash":"3fc9ec53f525d78163fbee393e562f55d6563177","messageTitle":"Remove redundant lines","messageBody":"","fileTypesAndContributionMap":{"functional-code":{"insertions":0,"deletions":1}}}]},{"date":"2021-10-26","commitResults":[{"hash":"930103ca4da5a200436df33e4f1bbceb6c51fb6e","messageTitle":"Modify toCheckIn to take in the new Guest","messageBody":"","fileTypesAndContributionMap":{"functional-code":{"insertions":2,"deletions":1}}}]},{"date":"2021-10-27","commitResults":[{"hash":"5d41481903f6ea0af2dcd659bff8b143c255d6fa","messageTitle":"Fix Issue Where Duplicate Rooms Are Allowed","messageBody":"","fileTypesAndContributionMap":{"functional-code":{"insertions":18,"deletions":0}}}]},{"date":"2021-11-03","commitResults":[{"hash":"1b3b38161c1e0d4e6a0f2072044a5a3dba0de5fd","messageTitle":"Add CheckInReturningGuestCommands","messageBody":"","fileTypesAndContributionMap":{"other":{"insertions":1,"deletions":1},"test-code":{"insertions":169,"deletions":0}}},{"hash":"044fd9daacfb46d4e2d8ca41881de9ef0c99f060","messageTitle":"Rename CheckInCommand tests to CheckInNewGuestCommand","messageBody":"","fileTypesAndContributionMap":{"other":{"insertions":1,"deletions":1}}},{"hash":"bb9708d464ea924fa66c8bf9c43f2042dab0963a","messageTitle":"Fix execute_guestAcceptedByModel_addSuccessful \u0026 checkstyle","messageBody":"","fileTypesAndContributionMap":{"test-code":{"insertions":73,"deletions":22}}}]}],"bingcheng45":[{"date":"2021-09-27","commitResults":[{"hash":"a66f64f46942592b49b30a2f696c9cb0398abce2","messageTitle":"Add Remark functionality","messageBody":"","fileTypesAndContributionMap":{"functional-code":{"insertions":232,"deletions":71},"test-code":{"insertions":189,"deletions":6}}}]},{"date":"2021-09-30","commitResults":[{"hash":"6363c1a71ea761e107f9b1ca908ccdf57a777798","messageTitle":"Update About me page for Bing Cheng","messageBody":"","fileTypesAndContributionMap":{"docs":{"insertions":19,"deletions":49}}},{"hash":"7a34a591d63d32dcd99b7b906b549fc0998b281d","messageTitle":"Revert \"Add Remark functionality\"","messageBody":"This reverts commit a66f64f46942592b49b30a2f696c9cb0398abce2.\n","fileTypesAndContributionMap":{"functional-code":{"insertions":71,"deletions":232},"test-code":{"insertions":6,"deletions":189}}}]},{"date":"2021-10-01","commitResults":[{"hash":"4e1c090918505e6f026df216ff74a4e61d505ea4","messageTitle":"Update manual testing for saving data.","messageBody":"","fileTypesAndContributionMap":{"docs":{"insertions":3,"deletions":3}}}]},{"date":"2021-10-05","commitResults":[{"hash":"32976d1658db07b26eff45a1083a7c5018ca62de","messageTitle":"testing","messageBody":"","fileTypesAndContributionMap":{"functional-code":{"insertions":1,"deletions":1}}}]},{"date":"2021-10-09","commitResults":[{"hash":"0e110b4fe827d936f3615f5430410965afb8853b","messageTitle":"Json read and write for guest and staff works","messageBody":"","fileTypesAndContributionMap":{"functional-code":{"insertions":330,"deletions":13}}}]},{"date":"2021-10-13","commitResults":[{"hash":"ebc059257ae1089b105034f15ac5ff8c9bcd75aa","messageTitle":"Fix read and write for json","messageBody":"","fileTypesAndContributionMap":{"functional-code":{"insertions":134,"deletions":41}}},{"hash":"3ee2607244ea5ff1f8ce6210ed3f35d8c3b5ae94","messageTitle":"Clean up code","messageBody":"","fileTypesAndContributionMap":{"functional-code":{"insertions":0,"deletions":77}}}]},{"date":"2021-10-14","commitResults":[{"hash":"4df9d243805361dd9e6dfd2d5089f06df9d665f5","messageTitle":"Fix test cases for storage","messageBody":"","fileTypesAndContributionMap":{"test-code":{"insertions":235,"deletions":112}}}]},{"date":"2021-10-15","commitResults":[{"hash":"322441db6f0d2b698fbbe51a67fd99cc801f32da","messageTitle":"Fix storage test cases","messageBody":"","fileTypesAndContributionMap":{"test-code":{"insertions":106,"deletions":0}}},{"hash":"ef32854df625809b4b3f6dd9606c22eb267317f2","messageTitle":"Fix Tag issue for test case","messageBody":"","fileTypesAndContributionMap":{"functional-code":{"insertions":3,"deletions":3},"test-code":{"insertions":5,"deletions":5}}},{"hash":"e657ea0890d2e5615a2ae3d92fae4072dbc9abc2","messageTitle":"Fix json related test cases","messageBody":"","fileTypesAndContributionMap":{"functional-code":{"insertions":1,"deletions":1},"test-code":{"insertions":4,"deletions":4}}},{"hash":"9607f6aebc1fcee73e08b814fa71f1d8eabb25b4","messageTitle":"Add more test case for json file","messageBody":"","fileTypesAndContributionMap":{"test-code":{"insertions":2,"deletions":2}}},{"hash":"265157baa47d0f91909481166483b3a744bdd78f","messageTitle":"Fix checkstyle","messageBody":"","fileTypesAndContributionMap":{"test-code":{"insertions":30,"deletions":19}}},{"hash":"540f6d6feb5af5dae85477583587ee1c11430c21","messageTitle":"Fix checkstyle","messageBody":"","fileTypesAndContributionMap":{"test-code":{"insertions":5,"deletions":1}}},{"hash":"0ba209d0245ceb6b19a3bed6b544c86440350b31","messageTitle":"Fix checkstyle","messageBody":"","fileTypesAndContributionMap":{"functional-code":{"insertions":0,"deletions":18}}}]},{"date":"2021-10-16","commitResults":[{"hash":"c55d898f42f804a3c56f9874423ef59517bbe9f1","messageTitle":"Update AboutUs.md","messageBody":"fix Checkstyle","fileTypesAndContributionMap":{"docs":{"insertions":11,"deletions":11}}}]},{"date":"2021-10-18","commitResults":[{"hash":"24525ec19840e15334375e9013a0c6d2019c60f7","messageTitle":"Fix test cases and add JsonTag save compatability","messageBody":"","fileTypesAndContributionMap":{"functional-code":{"insertions":32,"deletions":7},"test-code":{"insertions":28,"deletions":13}}},{"hash":"004f5e8c9df3a3baae7713b8ed09235ff0174aa1","messageTitle":"resolve merge","messageBody":"","fileTypesAndContributionMap":{"test-code":{"insertions":0,"deletions":2}}}]},{"date":"2021-10-19","commitResults":[{"hash":"71f69e26cb9977ff4ba246ac14f35c27209138af","messageTitle":"Update docs/AboutUs.md","messageBody":"Co-authored-by: Calvin Tan \u003c61271749+calvintanwj@users.noreply.github.com\u003e","fileTypesAndContributionMap":{"docs":{"insertions":2,"deletions":1}}},{"hash":"6b9d35699ff574eab299a331276f64710b91f9e7","messageTitle":"Update docs/UserGuide.md","messageBody":"Co-authored-by: Calvin Tan \u003c61271749+calvintanwj@users.noreply.github.com\u003e","fileTypesAndContributionMap":{"docs":{"insertions":2,"deletions":1}}},{"hash":"11c15079d7080ff5dbef58ca8a93c688bec391ad","messageTitle":"Adjusted test cases","messageBody":"","fileTypesAndContributionMap":{"test-code":{"insertions":109,"deletions":109}}},{"hash":"bf9f54086785965429e4edca6bdc0931df87aac6","messageTitle":"Fix changes to merge with playground branch","messageBody":"","fileTypesAndContributionMap":{"functional-code":{"insertions":6,"deletions":1},"test-code":{"insertions":168,"deletions":167}}},{"hash":"d0aa6e2a72d10ac5c08368370b153257ee3a2d8c","messageTitle":"Remove comments","messageBody":"","fileTypesAndContributionMap":{"functional-code":{"insertions":0,"deletions":2}}},{"hash":"85ae8212ae4cb4a9353853d83008c89f36456eb6","messageTitle":"Fix imports","messageBody":"","fileTypesAndContributionMap":{"test-code":{"insertions":2,"deletions":1}}}]},{"date":"2021-10-22","commitResults":[{"hash":"9a709336d75941aad2e2c2310bd6cc222f9012d7","messageTitle":"fix DG and add assert","messageBody":"","fileTypesAndContributionMap":{"docs":{"insertions":6,"deletions":0},"test-code":{"insertions":1,"deletions":0}}}]},{"date":"2021-10-23","commitResults":[{"hash":"45e72d13b99eeab46d2a9ca9d6a56f3ec365daee","messageTitle":"Fix UG","messageBody":"","fileTypesAndContributionMap":{"docs":{"insertions":2,"deletions":2}}},{"hash":"6dbf60e0df5fead7d9947ed718c2335de792c093","messageTitle":"Preview image","messageBody":"","fileTypesAndContributionMap":{"docs":{"insertions":2,"deletions":0}}},{"hash":"7abc45b2b0a53abc1b7bed83eca30c6ad6dd8c96","messageTitle":"Preview image","messageBody":"","fileTypesAndContributionMap":{"docs":{"insertions":2,"deletions":0}}},{"hash":"bdfce0db0dddbffa3f3b088103331541a05118d0","messageTitle":"Preview image","messageBody":"","fileTypesAndContributionMap":{"docs":{"insertions":1,"deletions":5}}},{"hash":"65b212776009b0b1feb94bc31d1b4a52ad6e341b","messageTitle":"Preview image","messageBody":"","fileTypesAndContributionMap":{"docs":{"insertions":3,"deletions":2}}}]},{"date":"2021-10-24","commitResults":[{"hash":"c9aa3131448383bd5e9dcbe8462425dd7631e26d","messageTitle":"Update UG","messageBody":"","fileTypesAndContributionMap":{"docs":{"insertions":10,"deletions":11}}},{"hash":"48126da9cad0b7d93c8ae661465da2a9b6ff2df4","messageTitle":"Update UG","messageBody":"","fileTypesAndContributionMap":{"docs":{"insertions":260,"deletions":113}}}]},{"date":"2021-10-26","commitResults":[{"hash":"003c6e1c967cde15a07d6eb20df1ecd93b43d78f","messageTitle":"Add Chargeable class and modify the fields","messageBody":"","fileTypesAndContributionMap":{"functional-code":{"insertions":199,"deletions":32},"test-code":{"insertions":12,"deletions":12}}},{"hash":"0148203da0f885c6cec35defd07ea921ab1999aa","messageTitle":"Fix spacing issue with UG","messageBody":"","fileTypesAndContributionMap":{"docs":{"insertions":8,"deletions":6}}},{"hash":"169fcc0f84f6cff60eebeedbd2b8235d30a42c43","messageTitle":"Add assertions","messageBody":"","fileTypesAndContributionMap":{"test-code":{"insertions":1,"deletions":0}}},{"hash":"f7a1172ebeca4b55b18db415a2910ec1ea317ef1","messageTitle":"Add quantity into chargeable","messageBody":"","fileTypesAndContributionMap":{"functional-code":{"insertions":115,"deletions":32}}},{"hash":"37284f7522ca86aa48966e97e432158dfdc5adf0","messageTitle":"Fix typo and spelling","messageBody":"","fileTypesAndContributionMap":{"functional-code":{"insertions":16,"deletions":16},"other":{"insertions":6,"deletions":6},"test-code":{"insertions":12,"deletions":12}}},{"hash":"bf21805e524a636f143b102a52c6d6c8e69cb898","messageTitle":"Protect from nullpointerexceptions","messageBody":"","fileTypesAndContributionMap":{"functional-code":{"insertions":42,"deletions":3}}}]},{"date":"2021-10-27","commitResults":[{"hash":"d55d7d8f7067c7c81ac87c99a67e17f754a8e3fe","messageTitle":"Add VID to chargeable","messageBody":"","fileTypesAndContributionMap":{"functional-code":{"insertions":35,"deletions":7}}}]},{"date":"2021-10-28","commitResults":[{"hash":"b6bb1a72c7a58ee863fe31f9dd1fe33ff244d97c","messageTitle":"Modify Chargeguest and json for the UG","messageBody":"","fileTypesAndContributionMap":{"docs":{"insertions":134,"deletions":126}}},{"hash":"dd4cf2d53ac142cf0b2546c3e8034eb75f4dd32a","messageTitle":"Fix formatting","messageBody":"","fileTypesAndContributionMap":{"docs":{"insertions":169,"deletions":147}}},{"hash":"769ea1c7fb922e29f0a1bd2d5c96f88356ecd5c3","messageTitle":"Fix formatting","messageBody":"","fileTypesAndContributionMap":{"docs":{"insertions":1,"deletions":1}}},{"hash":"a900e6100492577d7157c4003760d3fc157d8d4e","messageTitle":"Fix styling issues","messageBody":"","fileTypesAndContributionMap":{"docs":{"insertions":23,"deletions":3}}},{"hash":"089ab2bd613bd7b2bb8d473e2d6051220cb2005e","messageTitle":"Fix Json in UG","messageBody":"","fileTypesAndContributionMap":{"docs":{"insertions":11,"deletions":6}}},{"hash":"935d90eefae27c197a5f986bf6680276edbc0499","messageTitle":"Add more description","messageBody":"","fileTypesAndContributionMap":{"docs":{"insertions":2,"deletions":1}}}]},{"date":"2021-11-03","commitResults":[{"hash":"b10854d084feb46ceaf831569de5d97539f5aaa1","messageTitle":"Remove image for json file as it is not needed","messageBody":"","fileTypesAndContributionMap":{"docs":{"insertions":0,"deletions":1}}},{"hash":"4f94991d47e4b8a4393e441a8d93d6a1b50961b9","messageTitle":"Fix UG for chargeGuest","messageBody":"","fileTypesAndContributionMap":{"docs":{"insertions":1,"deletions":1}}}]}],"NicolasCwy":[{"date":"2021-09-25","commitResults":[{"hash":"10e07577a5d50d139e44eb7003a2216e84d4e43b","messageTitle":"Add Nicolas\u0027 picture to AboutUs","messageBody":"","fileTypesAndContributionMap":{"docs":{"insertions":3,"deletions":7}}},{"hash":"484c828f6f0c86c6c9e663373e602136b146c8dc","messageTitle":"Add Nicolas\u0027 portfolio","messageBody":"Portfolio includes contributions to tp.\n","fileTypesAndContributionMap":{"docs":{"insertions":16,"deletions":0}}},{"hash":"b96b0e252b96023ef5e7cece7ba54bae082e45f9","messageTitle":"Add newline at EOF","messageBody":"Not having the new line causes GitHub CI \"build (ubuntu-latest)\", \"Run repository wide tests\" to fail\n","fileTypesAndContributionMap":{"docs":{"insertions":1,"deletions":1}}}]},{"date":"2021-09-26","commitResults":[{"hash":"c20d0e0d88959fa448890f023cba3f2c37d50357","messageTitle":"Add back roles and responsibilities section","messageBody":"","fileTypesAndContributionMap":{"docs":{"insertions":3,"deletions":0}}}]},{"date":"2021-09-28","commitResults":[{"hash":"5cc456a59a9381739779c81e6fbf72f1c749bddf","messageTitle":"Amend delete command documentation","messageBody":"","fileTypesAndContributionMap":{"docs":{"insertions":13,"deletions":6}}},{"hash":"5fd88c6834bb9682ee236dea142d9d911367b066","messageTitle":"Fix error in view command documentation","messageBody":"","fileTypesAndContributionMap":{"docs":{"insertions":1,"deletions":1}}},{"hash":"62459c60203350befc9d32ac803a4dfde66e7cef","messageTitle":"Add use case for delete command","messageBody":"","fileTypesAndContributionMap":{"docs":{"insertions":13,"deletions":0}}}]},{"date":"2021-09-29","commitResults":[{"hash":"7017280ad6acc0fa68b63e91bcdbf272c039a948","messageTitle":"Change delete use case format to match tutorial expectation","messageBody":"","fileTypesAndContributionMap":{"docs":{"insertions":6,"deletions":5}}}]},{"date":"2021-09-30","commitResults":[{"hash":"7fb439adce80dd6f46ec76e301fa6151096b2673","messageTitle":"Add viewing staff to UG","messageBody":"","fileTypesAndContributionMap":{"docs":{"insertions":8,"deletions":3}}},{"hash":"1e7f44bb83ad0801b882e4630c68cbd6a5796b64","messageTitle":"Amend quickstart section","messageBody":"Change commands in quickstart guide to match the format used by our teams implementation\n","fileTypesAndContributionMap":{"docs":{"insertions":2,"deletions":2}}},{"hash":"61b83febffbe1651ad209ab0a6e6cf25569e00d8","messageTitle":"Amend command summary section for delete command","messageBody":"","fileTypesAndContributionMap":{"docs":{"insertions":2,"deletions":2}}},{"hash":"3d2df3cd980628926e784570326ac67862afec58","messageTitle":"Add terms to glossary","messageBody":"","fileTypesAndContributionMap":{"docs":{"insertions":2,"deletions":0}}},{"hash":"e8ddb6484e7b07158092cf03a9181ae69a7eb010","messageTitle":"Add header to differentiate guests and staff","messageBody":"","fileTypesAndContributionMap":{"docs":{"insertions":9,"deletions":4}}},{"hash":"d31eecdd928450eddb30824affb094d02c139f04","messageTitle":"Amend typo in summary table view command","messageBody":"","fileTypesAndContributionMap":{"docs":{"insertions":1,"deletions":1}}}]},{"date":"2021-10-01","commitResults":[{"hash":"31b78a4f78370178f8f85003bf8cfe68644dc33f","messageTitle":"Make formatting changes for overall UG","messageBody":"","fileTypesAndContributionMap":{"docs":{"insertions":36,"deletions":39}}},{"hash":"47fb15529bdb98900a533094cb130c93c6f6f74a","messageTitle":"Bold instances of PH","messageBody":"","fileTypesAndContributionMap":{"docs":{"insertions":6,"deletions":6}}}]},{"date":"2021-10-07","commitResults":[{"hash":"00043e737e07d0a1ea4eea9cbb7aefc28838a4bd","messageTitle":"Amend delete command","messageBody":"Amend delete command to use a unique identifier like a staff ID or guest passport number to delete person from PH\n","fileTypesAndContributionMap":{"functional-code":{"insertions":63,"deletions":18}}}]},{"date":"2021-10-09","commitResults":[{"hash":"79925fd3d1bb3e1f853ea937ae8cad988a104f20","messageTitle":"Remove additional asterisk","messageBody":"","fileTypesAndContributionMap":{"functional-code":{"insertions":1,"deletions":1}}},{"hash":"d7114feaaf15fa3613a23939a461b0a92829b983","messageTitle":"Italicising and bolding text in UG","messageBody":"","fileTypesAndContributionMap":{"docs":{"insertions":9,"deletions":7}}},{"hash":"85f2245427e81a0160f3387ff6a9b111675e7d1f","messageTitle":"Change example to match diagram","messageBody":"","fileTypesAndContributionMap":{"docs":{"insertions":1,"deletions":1}}}]},{"date":"2021-10-10","commitResults":[{"hash":"632797119e7a19ce8c1925c70bc7348f9dd9fb55","messageTitle":"Add clear and help command","messageBody":"","fileTypesAndContributionMap":{"docs":{"insertions":17,"deletions":1}}},{"hash":"228b99bca11273f7b55e411848ce710a519775ff","messageTitle":"Amend add and edit command","messageBody":"Amended to fit the new fields that a guest must have. Removed optional fields for all parameters except for tags\n","fileTypesAndContributionMap":{"docs":{"insertions":4,"deletions":4}}},{"hash":"dc8b07a3e86a7b01cbcf88005e80d96520681901","messageTitle":"Separate Guest and Staff parameter constraint table","messageBody":"","fileTypesAndContributionMap":{"docs":{"insertions":14,"deletions":4}}},{"hash":"080ddd557f15524ec7f4e4563f0f4fe05e4b679a","messageTitle":"Minor changes to formatting","messageBody":"","fileTypesAndContributionMap":{"docs":{"insertions":4,"deletions":2}}},{"hash":"3b143c1c3e158d23abd89236c43ac3e82a7ca5cc","messageTitle":"Amend layout header for UG and DG","messageBody":"Fix the layout and title header for the UG and DG website pages as the website does not display them in the nav bar\n","fileTypesAndContributionMap":{"docs":{"insertions":4,"deletions":2}}},{"hash":"8d528144fe1da7baa45a25dcf29b88ed38328f97","messageTitle":"Change help page url","messageBody":"","fileTypesAndContributionMap":{"functional-code":{"insertions":1,"deletions":1}}}]},{"date":"2021-10-11","commitResults":[{"hash":"6c0f7dfc44dbeab866efd1b438bfde68d97219fd","messageTitle":"Amend tests for delete","messageBody":"","fileTypesAndContributionMap":{"test-code":{"insertions":224,"deletions":126}}}]},{"date":"2021-10-12","commitResults":[{"hash":"a69d22559869bc57f676a8529aad7456ef20b1fe","messageTitle":"Amend DeleteCommandParser test typo","messageBody":"","fileTypesAndContributionMap":{"test-code":{"insertions":2,"deletions":1}}}]},{"date":"2021-10-15","commitResults":[{"hash":"8e446a389089df1be04c0b334481ca3b04dac62f","messageTitle":"Fix delete command tests","messageBody":"","fileTypesAndContributionMap":{"functional-code":{"insertions":33,"deletions":22},"test-code":{"insertions":29,"deletions":21}}},{"hash":"c48e2d524653740c235f7dd87563a1d47a412162","messageTitle":"Fix AddressBookParser and IdentifierContainsKeywordsPredicateTest","messageBody":"","fileTypesAndContributionMap":{"test-code":{"insertions":65,"deletions":37}}},{"hash":"692ce1e3e18542cbf0c04c2fa54bc454aeadfaa0","messageTitle":"Fix checkstyle","messageBody":"","fileTypesAndContributionMap":{"test-code":{"insertions":32,"deletions":29}}}]},{"date":"2021-10-17","commitResults":[{"hash":"6ed7dd999ee485e624740eb224a060a061df487f","messageTitle":"Consolidate people in address book","messageBody":"CommandTestUtil and TypicalPersons used 2 different groups of people for different tests in the test suite, making it hard to keep track of the details of the people used and can cause some regressions when changes are made.\n\nConsolidating this group into CommandTestUtil would allow for a single source of information. Staff IDs and passport numbers of these people are taken from TypicalStaffIds and TypicalPassportNumbers\n","fileTypesAndContributionMap":{"test-code":{"insertions":151,"deletions":74}}},{"hash":"4327f8c8a493a7acbfe812f22bdfb0cd4f57eae4","messageTitle":"Add missing tag_desc","messageBody":"","fileTypesAndContributionMap":{"test-code":{"insertions":10,"deletions":2}}},{"hash":"9947be2963b8c70ed0e39b17388d23a77e9b0cae","messageTitle":"Fix checkstyle errors","messageBody":"","fileTypesAndContributionMap":{"test-code":{"insertions":0,"deletions":4}}},{"hash":"c4ee58d105c0face7ddcd9c8111aa61a90906d15","messageTitle":"Rename instances of changed fields","messageBody":"","fileTypesAndContributionMap":{"test-code":{"insertions":179,"deletions":180}}}]},{"date":"2021-10-18","commitResults":[{"hash":"451193b0df8efa712f03890be709fca72470a290","messageTitle":"Add unit test for DeleteParser","messageBody":"Unit tests checks that delete parser is not able to process a user input that contains multiple unique identifiers\n","fileTypesAndContributionMap":{"functional-code":{"insertions":2,"deletions":0},"test-code":{"insertions":10,"deletions":0}}}]},{"date":"2021-10-20","commitResults":[{"hash":"c6bdadfe247ade25ebd26af7f904a06f509c97d2","messageTitle":"Verify that one unique identifier is used in delete command","messageBody":"","fileTypesAndContributionMap":{"functional-code":{"insertions":7,"deletions":2},"test-code":{"insertions":14,"deletions":3}}},{"hash":"6e06f228e59e7e01f23fe7d443d07a429ae87c01","messageTitle":"Uncomment logic manager and remove deleteTest","messageBody":"delete command does not need to be tested in the LogicManager and is tested directly in the deleteCommandParser, deleteCommandStaff and deleteCommandGuest tests\n","fileTypesAndContributionMap":{"test-code":{"insertions":179,"deletions":175}}},{"hash":"1d234f9c55ec5c5414ce660882152b4d42f6f944","messageTitle":"Change UG","messageBody":"","fileTypesAndContributionMap":{"docs":{"insertions":26,"deletions":18}}},{"hash":"742ec16b2e8454ef47d9cb941355301ed508fbfc","messageTitle":"Amend DeleteSequnceDiagram","messageBody":"Delete sequence diagram now uses uniqueIdentifiers instead of index to delete contacts\n","fileTypesAndContributionMap":{"docs":{"insertions":4,"deletions":4}}},{"hash":"b988bbfff686de0973cef54bb8873e17bc55e0f5","messageTitle":"Change some instances of delete index","messageBody":"Replace old delete syntax which used index to the new syntax of using unique identifier\n","fileTypesAndContributionMap":{"docs":{"insertions":2,"deletions":2}}},{"hash":"77cfea06387ebadaece88bbd3c660fb87748864d","messageTitle":"Change use cases and fix numbering","messageBody":"Split use cases to handle a single entity. For example, one use case for editing a staff and one for a guest.\n\nAlso fixed the numbering for extensions in use cases. Extensions should be the same number as the situation that occurs prior to it happening.\nFor example if a and b occur in MSS (numbered 1 and 2). Instead of b occuring, c can occurs (c is the extension). c should be numbered 1 instead of 2\n","fileTypesAndContributionMap":{"docs":{"insertions":59,"deletions":20}}}]},{"date":"2021-10-22","commitResults":[{"hash":"a86940e758e3ecb40af88d016ea6c7c555a2a655","messageTitle":"Rename typo in file name","messageBody":"","fileTypesAndContributionMap":{"docs":{"insertions":1,"deletions":1}}}]},{"date":"2021-10-23","commitResults":[{"hash":"1873e9007e452ed4e5ba1647c32ae63a03e76a5e","messageTitle":"Update most parts of UG for v1.3","messageBody":"","fileTypesAndContributionMap":{"docs":{"insertions":287,"deletions":104}}}]},{"date":"2021-10-24","commitResults":[{"hash":"bbf656c9f2d9cde9c563ee1b9b925f72f775f1ba","messageTitle":"Add screenshot for examples and remove todo","messageBody":"","fileTypesAndContributionMap":{"docs":{"insertions":4,"deletions":12}}},{"hash":"033d221e94dd0853a4fc9deac79bd8803c59bfb6","messageTitle":"Update UG from playground","messageBody":"","fileTypesAndContributionMap":{"docs":{"insertions":260,"deletions":113}}},{"hash":"9a164c5d1d4819f79d3099d4e5c8851db3dcb556","messageTitle":"Fix missing pictures","messageBody":"","fileTypesAndContributionMap":{"docs":{"insertions":4,"deletions":1}}},{"hash":"a4982c8237c74f0a8ac46e3c809e9f348fe54ec2","messageTitle":"Fix missing pictures","messageBody":"","fileTypesAndContributionMap":{"docs":{"insertions":5,"deletions":5}}},{"hash":"085658f5827af996bcfe1fd450690495ca5a822d","messageTitle":"Fix heading for command summary","messageBody":"","fileTypesAndContributionMap":{"docs":{"insertions":3,"deletions":1}}},{"hash":"5aa7ff7d757cb9c228e74f43bf3eb223d226c61f","messageTitle":"Update header tags","messageBody":"","fileTypesAndContributionMap":{"docs":{"insertions":7,"deletions":8}}}]},{"date":"2021-10-25","commitResults":[{"hash":"c40b2c9f43d902110ab1ae4732d81963ff2db22a","messageTitle":"Refactor DeleteGuest and DeleteCommand","messageBody":"Used getGuest and getVendor instead of getFilteredGuestList and getFilteredVendorList as deleting a person who is not currently shown on the list would throw an error when the filter command is implemented.\n\nTo cater for this new feature, I have decoupled DeleteGuestCommand and DeleteVendorCommand from getFilteredVendorList and getFilteredGuestList\n","fileTypesAndContributionMap":{"functional-code":{"insertions":39,"deletions":17}}},{"hash":"ad7fbc1b3b133f8bc037934bc8f25a5270d91d13","messageTitle":"Fix bug in deleteGuest","messageBody":"","fileTypesAndContributionMap":{"functional-code":{"insertions":14,"deletions":9}}},{"hash":"5fea10f2ec0c212f3b4f7573d9e9177e81b3bddc","messageTitle":"Fix checkstyle issues","messageBody":"","fileTypesAndContributionMap":{"functional-code":{"insertions":27,"deletions":23}}},{"hash":"166909e07874dda6e2a51d8e8fe5c1172e118a07","messageTitle":"Add IText7 dependency","messageBody":"Module that is used for creating and writing to PDFs\n","fileTypesAndContributionMap":{"other":{"insertions":1,"deletions":0}}},{"hash":"f88701832b3ffe7cad5f004b4ad9790d0e5215dd","messageTitle":"Basic invoice generation using dummy data","messageBody":"Adapted solution form iText7 tutorial\n","fileTypesAndContributionMap":{"functional-code":{"insertions":103,"deletions":0}}},{"hash":"74e768f356703231cbc700846350cd79de55219e","messageTitle":"Add page number, invoice header and placeholder guest details","messageBody":"","fileTypesAndContributionMap":{"functional-code":{"insertions":90,"deletions":13}}}]},{"date":"2021-10-26","commitResults":[{"hash":"5e6a4417ed2a679df0de29057b1d818ae1eb39b8","messageTitle":"Fix checkstyle and delete unused code","messageBody":"","fileTypesAndContributionMap":{"functional-code":{"insertions":91,"deletions":64},"other":{"insertions":10,"deletions":2}}},{"hash":"b946dcb54f543b6ee96de631bbfefdaacde9ce21","messageTitle":"Move files to logic.Invoice","messageBody":"","fileTypesAndContributionMap":{"other":{"insertions":2,"deletions":2}}},{"hash":"31f296a2b0d496773d00b64bd4e73ae1d39cf371","messageTitle":"Add generate invoice to CheckOutCommand","messageBody":"","fileTypesAndContributionMap":{"functional-code":{"insertions":9,"deletions":1}}}]},{"date":"2021-10-27","commitResults":[{"hash":"78b19717d2d3f62c4dbcf8513412fe2805175ca2","messageTitle":"Add vendor ID to invoice","messageBody":"","fileTypesAndContributionMap":{"functional-code":{"insertions":2,"deletions":5}}},{"hash":"fa58e3c34c281c553d64bba9d3b6e0ed18678f4b","messageTitle":"Change invoice generation to include guest name and time","messageBody":"","fileTypesAndContributionMap":{"functional-code":{"insertions":12,"deletions":3}}},{"hash":"49c3fdb06a81513cfa0b34eff9fe7a151f901fa6","messageTitle":"Format PDf","messageBody":"Center elements in PDF and rename PDF to passport number and current time.\n","fileTypesAndContributionMap":{"functional-code":{"insertions":1,"deletions":1},"other":{"insertions":48,"deletions":44}}},{"hash":"3c0fe3bc24524e5923f0273048b9151dd62c3831","messageTitle":"Add thank you text to invoice","messageBody":"","fileTypesAndContributionMap":{"functional-code":{"insertions":4,"deletions":1}}},{"hash":"d3bca8686b40ca94cf710d5af2cee699a7330bb5","messageTitle":"Add comments and javadoc to code","messageBody":"","fileTypesAndContributionMap":{"functional-code":{"insertions":38,"deletions":13}}}]},{"date":"2021-10-28","commitResults":[{"hash":"8f9062cd7d17e61c1e00c871b5b4575ececbbdbb","messageTitle":"Fix table of contents and reformat headers","messageBody":"","fileTypesAndContributionMap":{"docs":{"insertions":31,"deletions":47}}},{"hash":"92ab49e4bba1bfeeb72ac44db87271f18fc1e0aa","messageTitle":"Remove deprecated multipleUniqueIdentifier tests and add more positive test cases","messageBody":"multipleUniqueIdentifier test was meant to test for 2 different unique identifiers. For example, passport number and vendor ID being used in a single command. Since the commands for vendor and guest have been seperated out there is no need for this test.\n","fileTypesAndContributionMap":{"test-code":{"insertions":10,"deletions":27}}},{"hash":"53f3ab7d22a4a4053d1d2bbc2408406fbb13343e","messageTitle":"Remove unused helper function","messageBody":"","fileTypesAndContributionMap":{"test-code":{"insertions":0,"deletions":9}}},{"hash":"40e476bd829c4da828ce6af306769f4c11d8e64c","messageTitle":"Remove preamble condition","messageBody":"","fileTypesAndContributionMap":{"functional-code":{"insertions":9,"deletions":13}}},{"hash":"07f35f5eed2f35206f67c74f9dc1262250297271","messageTitle":"Format UG and write things to edit based on consult","messageBody":"","fileTypesAndContributionMap":{"docs":{"insertions":89,"deletions":53}}},{"hash":"98ecf264a28033b83367125227fc61267ba0165d","messageTitle":"Edit overall UG and add pictures","messageBody":"","fileTypesAndContributionMap":{"docs":{"insertions":52,"deletions":31}}},{"hash":"49d296390b65c71a3d2f101b01ac8962be178b06","messageTitle":"Fix chargeguest anchor tag","messageBody":"","fileTypesAndContributionMap":{"docs":{"insertions":1,"deletions":3}}},{"hash":"13ef77a6d174e34a081306813c6bc7ab564dd9c3","messageTitle":"Bold CLI and GUI","messageBody":"","fileTypesAndContributionMap":{"docs":{"insertions":1,"deletions":1}}}]},{"date":"2021-10-29","commitResults":[{"hash":"328bcc65c4cb7456be91dfdb348aa16545dd7715","messageTitle":"Round invoice total cost to 2 d.p","messageBody":"","fileTypesAndContributionMap":{"functional-code":{"insertions":3,"deletions":0}}},{"hash":"6be2c5957d486b6985e69d2e8f8c9a58a80ec6f7","messageTitle":"Reformat table not rendered properly on website","messageBody":"","fileTypesAndContributionMap":{"docs":{"insertions":4,"deletions":1}}},{"hash":"e0b71cfef503be3423ec0769f019da2d83c19662","messageTitle":"Add itext7 attribution","messageBody":"","fileTypesAndContributionMap":{"docs":{"insertions":1,"deletions":1}}},{"hash":"80287a58ed854eab68c14cc0546d14cb963f243e","messageTitle":"Add test cases for all commands","messageBody":"","fileTypesAndContributionMap":{"docs":{"insertions":105,"deletions":18}}},{"hash":"cc752eb62bbd5ca6a8f88cb86da11e9ddf13f771","messageTitle":"Fix some typos","messageBody":"","fileTypesAndContributionMap":{"docs":{"insertions":1,"deletions":1}}}]},{"date":"2021-10-30","commitResults":[{"hash":"5ee7ba417b09d6a25cb1c5c144af643dce30beb5","messageTitle":"Change vendorID regex to allow single digit VID","messageBody":"","fileTypesAndContributionMap":{"functional-code":{"insertions":1,"deletions":1}}},{"hash":"905af9e5d850d468b8f335e1bcc777182d0ae00c","messageTitle":"Fix checkstyle for VendorId","messageBody":"","fileTypesAndContributionMap":{"functional-code":{"insertions":0,"deletions":1}}},{"hash":"e49b9bef0084a282831260a1f3e4c143116b7327","messageTitle":"Add test for single character vendor ID","messageBody":"","fileTypesAndContributionMap":{"test-code":{"insertions":1,"deletions":0}}}]},{"date":"2021-10-31","commitResults":[{"hash":"99a0322b4852830e7cb86c746494a779a910efe8","messageTitle":"Create font object for every invoice","messageBody":"Fonts cannot be reused in multiple PDFs else an error is thrown upon creating the second invoice.\n","fileTypesAndContributionMap":{"functional-code":{"insertions":32,"deletions":76}}}]},{"date":"2021-11-02","commitResults":[{"hash":"8cbcbe00553f39b4c2ead99105e7aa63b5d9de58","messageTitle":"Create a folder for invoices","messageBody":"","fileTypesAndContributionMap":{"functional-code":{"insertions":6,"deletions":1}}},{"hash":"1241b3f566a27141d59b404800a1987603b55da6","messageTitle":"Fix links and layout in UG","messageBody":"","fileTypesAndContributionMap":{"docs":{"insertions":17,"deletions":3}}},{"hash":"976540e9c94c31e82f95ded91e73ffc54a2e3b57","messageTitle":"Remove fixed hotel cost from invoice","messageBody":"","fileTypesAndContributionMap":{"functional-code":{"insertions":0,"deletions":8}}},{"hash":"df20ce431dd622e5a8411fbed3640b199b7a47df","messageTitle":"Remove lines for hotel cost","messageBody":"","fileTypesAndContributionMap":{"functional-code":{"insertions":2,"deletions":5}}},{"hash":"965641daa37a68853f0960db6d96359810417ec5","messageTitle":"Remove fixed cost from invoice in UG","messageBody":"","fileTypesAndContributionMap":{"docs":{"insertions":3,"deletions":3}}}]}]},"authorFileTypeContributionMap":{"rgbpokka":{"docs":77,"functional-code":367,"test-code":698},"calvintanwj":{"docs":631,"functional-code":5421,"test-code":5943,"other":5},"alyssa-savier":{"docs":13,"functional-code":153,"test-code":220,"other":2},"bingcheng45":{"docs":88,"functional-code":509,"test-code":193,"other":1},"NicolasCwy":{"docs":498,"functional-code":273,"test-code":154,"other":1}},"authorContributionVariance":{"rgbpokka":67575.88,"calvintanwj":3656756.2,"alyssa-savier":11146.208,"bingcheng45":34364.965,"NicolasCwy":23753.889},"authorDisplayNameMap":{"rgbpokka":"CS2103T-W12-3 JERE..CHEN","calvintanwj":"CS2103T-W12-3 CALV.. JIE","alyssa-savier":"CS2103T-W12-3 ALYS..VIER","bingcheng45":"CS2103T-W12-3 TOH ..HENG","NicolasCwy":"CS2103T-W12-3 CHAN..OLAS"}}
