{"authorDailyContributionsMap":{"justintanyf":[{"date":"2021-09-20","commitResults":[{"hash":"adea05bbe8c7a4ca60ccb8b3e37593b071a405ef","messageTitle":"Create tanyanfeng.md","messageBody":"","fileTypesAndContributionMap":{"docs":{"insertions":46,"deletions":0}}},{"hash":"c072f6e5685698c7b22321c43d03d3adf4d51fbc","messageTitle":"Update AboutUs.md","messageBody":"","fileTypesAndContributionMap":{"docs":{"insertions":11,"deletions":1}}},{"hash":"71669295e02853a8c364450bf654ee7355a41492","messageTitle":"Update AboutUs.md","messageBody":"","fileTypesAndContributionMap":{"docs":{"insertions":1,"deletions":1}}},{"hash":"66c794aaf3677b1801c1f443a8301adc3f1cc583","messageTitle":"Update AboutUs.md","messageBody":"","fileTypesAndContributionMap":{"docs":{"insertions":2,"deletions":2}}},{"hash":"095b2ce7d1d726a638568878d38984a15114b350","messageTitle":"Update AboutUs.md","messageBody":"","fileTypesAndContributionMap":{"docs":{"insertions":1,"deletions":1}}}]},{"date":"2021-09-21","commitResults":[{"hash":"314b87d21f37e6d98358a8e03072c3efd9e52b88","messageTitle":"Added blank line at EOF","messageBody":"Checkstyle issue resolved by adding blank line at EOF","fileTypesAndContributionMap":{"docs":{"insertions":2,"deletions":1}}},{"hash":"8133b89b78505e8cb8a97ed25b8b5c998b384b74","messageTitle":"Resolved trailing whitespace issue","messageBody":"Resolved trailing whitespace checkstyle issue","fileTypesAndContributionMap":{"docs":{"insertions":1,"deletions":1}}}]},{"date":"2021-09-27","commitResults":[{"hash":"71efc94e83d0fed79be5d09412e2e74dbb9b8722","messageTitle":"Amended and added content User Guide","messageBody":"","fileTypesAndContributionMap":{"docs":{"insertions":61,"deletions":1}}}]},{"date":"2021-09-28","commitResults":[{"hash":"5f7b983250d9212553d7027eda266b64b84bea5a","messageTitle":"Added additional use cases","messageBody":"","fileTypesAndContributionMap":{"docs":{"insertions":45,"deletions":0}}},{"hash":"b7fc3668d54299a265b8ef4e6913464c9e3f26c8","messageTitle":"Added additional use cases","messageBody":"","fileTypesAndContributionMap":{"docs":{"insertions":1,"deletions":1}}}]},{"date":"2021-09-30","commitResults":[{"hash":"a82070903b9d9d0f18276af7d3b0c7b71f5c6adf","messageTitle":"Update ReadME.md","messageBody":"Changed the CI link to the correct one","fileTypesAndContributionMap":{"docs":{"insertions":1,"deletions":1}}},{"hash":"b159234e9b672b8a884abbe96d88ac3a322ef541","messageTitle":"Update AboutUs.md","messageBody":"Removed non-member","tags":["v1.1"],"fileTypesAndContributionMap":{"docs":{"insertions":0,"deletions":10}}}]},{"date":"2021-10-07","commitResults":[{"hash":"cc07accbd75903ba273d4da94f59cb453e660813","messageTitle":"Added enroling functionality","messageBody":"Now accepts enrol cid/ pid/ command with the appropriate error messages\n\nHowever, does not actually enrol yet as there are missing implementations for pid and cid values\n","fileTypesAndContributionMap":{"functional-code":{"insertions":250,"deletions":1}}},{"hash":"c3dcd837a11113b880c451cb9161b382a40fd763","messageTitle":"Solved trailing whitespace issue","messageBody":"","fileTypesAndContributionMap":{"functional-code":{"insertions":1,"deletions":1}}},{"hash":"c6e6f3bb4929d5ed71a1be6c2294abeb9477a033","messageTitle":"Updated imports in CcaEnrolCommand","messageBody":"","fileTypesAndContributionMap":{"functional-code":{"insertions":4,"deletions":4}}},{"hash":"f6936854aff2b682b22d167ffe2cd47d5a3e09ca","messageTitle":"Updated ParserUtil.java","messageBody":"","fileTypesAndContributionMap":{"functional-code":{"insertions":4,"deletions":8}}},{"hash":"73f6db9f5aca9bea7f64a063fd3d17c3973f19e9","messageTitle":"Updated CcaEnrolCommandParser","messageBody":"","fileTypesAndContributionMap":{"functional-code":{"insertions":6,"deletions":17}}},{"hash":"5f579df75883ad0b74abf6c4a688b213202f4373","messageTitle":"Updated imports for Cca.java","messageBody":"","fileTypesAndContributionMap":{"functional-code":{"insertions":3,"deletions":3}}},{"hash":"17eceff65d6cda6da013228a4e00ac5b5b793137","messageTitle":"Updated tests","messageBody":"","fileTypesAndContributionMap":{"test-code":{"insertions":32,"deletions":0}}}]},{"date":"2021-10-08","commitResults":[{"hash":"18118a8253e124f8e6e1bc4f20377d9b60ffd046","messageTitle":"Added the functionality to enrol a person into a CCA","messageBody":"However, no way to save PID and CID yet, and pid and cid are not displayed in UI\n","fileTypesAndContributionMap":{"functional-code":{"insertions":111,"deletions":17},"test-code":{"insertions":7,"deletions":8}}},{"hash":"677eea1275e6486eaf6f75647fcd4e804ae98b75","messageTitle":"Added CCA expel functionality","messageBody":"","fileTypesAndContributionMap":{"functional-code":{"insertions":161,"deletions":15}}},{"hash":"920566c0465458a7a2120863ed1e9362c7b3367c","messageTitle":"Fixed checkstyle in CcaExpelCommand","messageBody":"","fileTypesAndContributionMap":{"functional-code":{"insertions":1,"deletions":1}}},{"hash":"1f444fd1229f386d6e29da255925aa681a080038","messageTitle":"Fixed checkstyle in CcaExpelCommand","messageBody":"","fileTypesAndContributionMap":{"functional-code":{"insertions":4,"deletions":4}}},{"hash":"e282603020b3fbeeba58fa54d89d0c54346ba15a","messageTitle":"Fixed checkstyles","messageBody":"","fileTypesAndContributionMap":{"functional-code":{"insertions":6,"deletions":7}}},{"hash":"43aa36991bd736c2a891054504ae1270dbaba2b2","messageTitle":"Fixed unit tests","messageBody":"","fileTypesAndContributionMap":{"test-code":{"insertions":12,"deletions":1}}},{"hash":"80828a2308f79b3ba7e6803e672ab55731ce335e","messageTitle":"Fixed unit tests","messageBody":"","fileTypesAndContributionMap":{"functional-code":{"insertions":3,"deletions":3},"test-code":{"insertions":6,"deletions":6}}}]},{"date":"2021-10-11","commitResults":[{"hash":"095999e229f224ee78a8363efe151daeb2857f01","messageTitle":"Solved the bug where getCurrentIndex() in UniqueCcaList and UniquePersonList returned 0 everytime.","messageBody":"","fileTypesAndContributionMap":{"functional-code":{"insertions":15,"deletions":2}}},{"hash":"2812bfbfbf2abbf2caf543d32f8332c7b7cb4a39","messageTitle":"Created Cid and Pid classes to better facilitate storing to local storage","messageBody":"","fileTypesAndContributionMap":{"functional-code":{"insertions":123,"deletions":6}}}]},{"date":"2021-10-17","commitResults":[{"hash":"56278181c49c4d5be153fd64b3b8146804379eea","messageTitle":"Modified enrol and expel and added findc commands","messageBody":"Using Index.java instead of Pid and Cid allows for better integration of code, and less repeated code\n\nAdded findc command\n\nWhen local storage is completed, delete all uses of cid and pid instances\n","fileTypesAndContributionMap":{"functional-code":{"insertions":185,"deletions":53}}},{"hash":"c335cd4981c308fdb1291d9776305ce9146aadd0","messageTitle":"Fixed checkstyle problems","messageBody":"","fileTypesAndContributionMap":{"functional-code":{"insertions":4,"deletions":7}}}]},{"date":"2021-10-18","commitResults":[{"hash":"879d9792e902adedbde867f0612d4595ce30817a","messageTitle":"Changed the add command keyword to addp","messageBody":"This better follows the UG and DG, and aligns with the usage of addc\n","fileTypesAndContributionMap":{"functional-code":{"insertions":1,"deletions":1}}},{"hash":"9d93eccb6f29ec9ae25333d976308790cfd3203b","messageTitle":"Refactored code to remove Cid and Pid classes","messageBody":"Removed redundant code\n","fileTypesAndContributionMap":{"functional-code":{"insertions":0,"deletions":298},"test-code":{"insertions":0,"deletions":20}}},{"hash":"bf1e1f8f2a8a40333e09c92b4b93de9e893fd668","messageTitle":"Added tag functionality to addc","messageBody":"Tags are now more unique and uses descriptors to function as reminders about the CCA\n","fileTypesAndContributionMap":{"functional-code":{"insertions":78,"deletions":31}}}]},{"date":"2021-10-19","commitResults":[{"hash":"5e47d2b9835b80768a2c5f9be9c369f7d4b0878a","messageTitle":"Added the editc command to edit CCAs","messageBody":" Now CCA names and tags can be edited, and the PersonArrayList is not lost when editing\n","fileTypesAndContributionMap":{"functional-code":{"insertions":272,"deletions":8}}},{"hash":"afd1e1f79f930c2ef68f0b321db04fccfc100486","messageTitle":"Fixed checkstyles","messageBody":"","fileTypesAndContributionMap":{"functional-code":{"insertions":2,"deletions":2}}},{"hash":"683484be01106a563ecf770448728df98345936b","messageTitle":"Fixed testing bugs","messageBody":"","fileTypesAndContributionMap":{"functional-code":{"insertions":8,"deletions":0}}},{"hash":"bb96a5c0c250ee6ff251c41a56e8ddf400f224da","messageTitle":"Adding logging and enabled assertions","messageBody":"","fileTypesAndContributionMap":{"functional-code":{"insertions":7,"deletions":0},"other":{"insertions":5,"deletions":1}}},{"hash":"446b0443d55fc30ff37fa0d928bd9dd1ef8c9dca","messageTitle":"Fixed checkstyle","messageBody":"","fileTypesAndContributionMap":{"functional-code":{"insertions":9,"deletions":5}}},{"hash":"c59e43bae182f93908f651759e92fcce3db8a518","messageTitle":"Fixed checkstyle","messageBody":"","fileTypesAndContributionMap":{"test-code":{"insertions":11,"deletions":0}}}]},{"date":"2021-10-21","commitResults":[{"hash":"97fbca7e5b7ba3036eb68637d9b16d7270896e2b","messageTitle":"Added enrol and expel implementations to Developer Guide","messageBody":"","fileTypesAndContributionMap":{"docs":{"insertions":18,"deletions":1}}},{"hash":"ff813491f2a28c44abac344fe712a1dec84ea256","messageTitle":"Updated build.gradle","messageBody":"toolVersion \u003d \u00278.29\u0027 was repeated","fileTypesAndContributionMap":{"other":{"insertions":0,"deletions":1}}}]},{"date":"2021-10-26","commitResults":[{"hash":"5de5047dc9c6524dbe5bdecadb3ab44656ae1cdb","messageTitle":"Checked UserGuide.md, and updated accurately","messageBody":"In updating to more accurately align with our product, I have removed the section on archiving data files.\n","fileTypesAndContributionMap":{"docs":{"insertions":1,"deletions":5}}},{"hash":"4aa5cf7e34a257b5eaf5e42b27fb4017bc7d8036","messageTitle":"Augmented the PersonEditCommand.java","messageBody":"Now PersonEditCommand.java also accurately modifies the Person enrolled into CCAs\n","fileTypesAndContributionMap":{"functional-code":{"insertions":12,"deletions":3}}},{"hash":"d15b59addf6770ed7d544cb5ec0e0635a5f3f1cc","messageTitle":"Fixed checkstyle","messageBody":"","fileTypesAndContributionMap":{"functional-code":{"insertions":1,"deletions":0}}}]},{"date":"2021-11-01","commitResults":[{"hash":"26fd1a0087439a206d3ce0924bdecb9837fef1b5","messageTitle":"Amended ReminderAddCommand to function correctly","messageBody":"Previously the same CCA was being edited in AddressBook\n","fileTypesAndContributionMap":{"functional-code":{"insertions":6,"deletions":5}}},{"hash":"89adde6bc664957d2ae463047f3c358fe8736c00","messageTitle":"Update UniqueReminderList.java","messageBody":"","fileTypesAndContributionMap":{"functional-code":{"insertions":0,"deletions":2}}},{"hash":"c1d412e59d85c58fb7da9a979eb5a11f5c960612","messageTitle":"Augmented PersonDeleteCommand","messageBody":"PersonDeleteCommand now makes use of parallel streams to refresh all the CCAs\n","fileTypesAndContributionMap":{"functional-code":{"insertions":2,"deletions":5}}},{"hash":"713c9b7a52b2fe915f9e61be6268fca12a5ffbe2","messageTitle":"Checkstyle corrected","messageBody":"","fileTypesAndContributionMap":{"functional-code":{"insertions":0,"deletions":1}}}]}],"jivesh":[{"date":"2021-09-20","commitResults":[{"hash":"cba153bac3597ccea133b14fce0411557ed17f90","messageTitle":"Add my details to the Developer page","messageBody":"","fileTypesAndContributionMap":{"docs":{"insertions":4,"deletions":4}}},{"hash":"5dd1151896f58ca6d6eade658545a8e3e5ab44f6","messageTitle":"Add my portfolio","messageBody":"","fileTypesAndContributionMap":{"docs":{"insertions":46,"deletions":0}}}]},{"date":"2021-09-27","commitResults":[{"hash":"1231d7fbb483d60316c3c3963c8c73af87a8f783","messageTitle":"Add user guide","messageBody":"","fileTypesAndContributionMap":{"docs":{"insertions":13,"deletions":160}}}]},{"date":"2021-09-29","commitResults":[{"hash":"dbce0af3cab58be150fe2983a7a19ffc6a5d475f","messageTitle":"Finish use cases in developer guide","messageBody":"","fileTypesAndContributionMap":{"docs":{"insertions":94,"deletions":1}}}]},{"date":"2021-10-07","commitResults":[{"hash":"f6d128f2f32fd70ec5a0c4f4fd306e1de52d7c43","messageTitle":"Add support for deleting CCAs","messageBody":"","fileTypesAndContributionMap":{"functional-code":{"insertions":86,"deletions":0}}},{"hash":"bd5fa4f022e5ed0d494e5aae2e601752408f6b9c","messageTitle":"Edit delete person command to better specify its scope","messageBody":"","fileTypesAndContributionMap":{"functional-code":{"insertions":1,"deletions":1}}},{"hash":"70743812e03d081166162601233ff0347c4265be","messageTitle":"Fix checkstyle errors","messageBody":"","fileTypesAndContributionMap":{"functional-code":{"insertions":2,"deletions":5}}}]},{"date":"2021-10-08","commitResults":[{"hash":"9dd571afa61b97e1fb7a1d4ada95dca685094954","messageTitle":"Fix checkstyle errors","messageBody":"","fileTypesAndContributionMap":{"functional-code":{"insertions":1,"deletions":2}}},{"hash":"fc04db27a17f1f52a7a6865cc44500d57378a404","messageTitle":"Fix more checkstyle errors","messageBody":"","fileTypesAndContributionMap":{"functional-code":{"insertions":3,"deletions":2}}},{"hash":"a0669f44f6dc5ffda5db6ce96df39c7417b64b4e","messageTitle":"Change few instances of delete to deletep","messageBody":"","fileTypesAndContributionMap":{"docs":{"insertions":8,"deletions":8},"test-code":{"insertions":1,"deletions":1}}}]},{"date":"2021-10-24","commitResults":[{"hash":"90cfc9c6ea57f122d68c8110498106343842a21a","messageTitle":"Add reminder edit command logic","messageBody":"","fileTypesAndContributionMap":{"functional-code":{"insertions":256,"deletions":0}}},{"hash":"83ca7539fb0829f722ed1dca2324ef205aae43d0","messageTitle":"Support parsing for edit reminder command","messageBody":"","fileTypesAndContributionMap":{"functional-code":{"insertions":74,"deletions":0}}},{"hash":"6e56ababb5929605365be88fa5dcf526230fa34a","messageTitle":"Integrate other classes with reminder edit command","messageBody":"","fileTypesAndContributionMap":{"functional-code":{"insertions":25,"deletions":0},"test-code":{"insertions":5,"deletions":0}}},{"hash":"82e926e54d9b27088b8832b25f513aad3d8b2fca","messageTitle":"Fix model bug","messageBody":"","fileTypesAndContributionMap":{"functional-code":{"insertions":0,"deletions":7}}}]},{"date":"2021-10-25","commitResults":[{"hash":"f959dea251391e2f537ec9bba0bc983617d31d05","messageTitle":"Finding cca also shows associated people and reminders","messageBody":"","fileTypesAndContributionMap":{"functional-code":{"insertions":41,"deletions":0}}},{"hash":"c12d80e80b6714d426d73c0dde9d32379f58b798","messageTitle":"Show associated CCAs and reminders when finding for person","messageBody":"","fileTypesAndContributionMap":{"functional-code":{"insertions":45,"deletions":1}}},{"hash":"d5aa45fa3bf6ef427c39fdce41d07be010d96ae4","messageTitle":"Show associated CCAs when finding reminders","messageBody":"","fileTypesAndContributionMap":{"functional-code":{"insertions":24,"deletions":0}}},{"hash":"12924da074dd671430d12ce143b285e954c78ef6","messageTitle":"Fix checkstyle issues","messageBody":"","fileTypesAndContributionMap":{"functional-code":{"insertions":5,"deletions":5}}}]},{"date":"2021-10-26","commitResults":[{"hash":"6566388e763b6ef360d7e084723166d264179d32","messageTitle":"Add helper commands in Model class to reset filters on lists","messageBody":"","fileTypesAndContributionMap":{"functional-code":{"insertions":44,"deletions":0}}},{"hash":"4fdc204a2e8250f037ac1b687185b894d1b9bc1b","messageTitle":"Refactor ListCommand to use the helper function","messageBody":"","fileTypesAndContributionMap":{"functional-code":{"insertions":1,"deletions":3}}},{"hash":"c84cd10830a3a5bb743ad52d5627f9e87dcbafd4","messageTitle":"Fix bug in find commands by resetting filters on list","messageBody":"","fileTypesAndContributionMap":{"functional-code":{"insertions":6,"deletions":0}}},{"hash":"d7292e4319811b7466a248160086c0b04cf9ae1f","messageTitle":"Fix checkstyle issue","messageBody":"","fileTypesAndContributionMap":{"functional-code":{"insertions":0,"deletions":3}}},{"hash":"9a6ef80727b0200b9bbc5864aee0178234c94a74","messageTitle":"Fix incomplete model stub","messageBody":"","fileTypesAndContributionMap":{"test-code":{"insertions":20,"deletions":0}}},{"hash":"73a8cac891ea9aacbe02e480ceaaf59508a3771e","messageTitle":"Make sure finding reminders only affects CCAs and Reminders","messageBody":"","fileTypesAndContributionMap":{"functional-code":{"insertions":2,"deletions":1}}}]},{"date":"2021-10-27","commitResults":[{"hash":"7086b31f3735979d7b96ea72807196f6bc241e8c","messageTitle":"Update docs with editr","messageBody":"","fileTypesAndContributionMap":{"docs":{"insertions":10,"deletions":0}}}]},{"date":"2021-10-28","commitResults":[{"hash":"4fb8ab64f5d4c8daad45d15d221b14b600e64cd3","messageTitle":"Update code to work with new changes","messageBody":"","fileTypesAndContributionMap":{"functional-code":{"insertions":5,"deletions":5}}},{"hash":"2271f06e533827d49dcdd5444c8e761ed040a107","messageTitle":"Remove unused imports","messageBody":"","fileTypesAndContributionMap":{"functional-code":{"insertions":0,"deletions":3}}}]},{"date":"2021-10-29","commitResults":[{"hash":"9974a4e99800513cc1e2f64d1644351b0650378c","messageTitle":"Update User Guide for person commands","messageBody":"","fileTypesAndContributionMap":{"docs":{"insertions":20,"deletions":20}}}]},{"date":"2021-11-01","commitResults":[{"hash":"4c3713014165572ad4918b66c1e0666fe91a5189","messageTitle":"Fix reminder bug when cca is edited","messageBody":"","fileTypesAndContributionMap":{"functional-code":{"insertions":15,"deletions":0}}},{"hash":"9d142d8c0c90b6fe63765040dddb1b3dbdb77065","messageTitle":"Fix editr bug so CCA\u0027s reminder list is updated","messageBody":"","fileTypesAndContributionMap":{"functional-code":{"insertions":15,"deletions":0}}},{"hash":"2ddd794e59f4de427f115585a711a3908b35a7bc","messageTitle":"Add separate predicates to filter for persons and reminders","messageBody":"","fileTypesAndContributionMap":{"functional-code":{"insertions":66,"deletions":26}}},{"hash":"b1ae820a1a0b497a08be911d6efd93c62b754553","messageTitle":"Refactor person find command to fit in","messageBody":"","fileTypesAndContributionMap":{"functional-code":{"insertions":6,"deletions":13}}}]}],"weiquu":[{"date":"2021-09-20","commitResults":[{"hash":"8b8c85af786da79848a8bab2dbab6b01c38d9db3","messageTitle":"Create weiqing.md","messageBody":"","fileTypesAndContributionMap":{"docs":{"insertions":46,"deletions":0}}},{"hash":"de38390ef9b526131a759e295d81d1a8c8a1de43","messageTitle":"Update weiqing.md","messageBody":"","fileTypesAndContributionMap":{"docs":{"insertions":1,"deletions":1}}},{"hash":"4eaeb0cfd64264e5672b06bca4b16df3b6754b0c","messageTitle":"Update AboutUs.md","messageBody":"","fileTypesAndContributionMap":{"docs":{"insertions":7,"deletions":6}}},{"hash":"4675be1e61bcd7e7c4aafc65eaaaa99ac2a92bd2","messageTitle":"Change image URL of project advisor","messageBody":"","fileTypesAndContributionMap":{"docs":{"insertions":1,"deletions":1}}}]},{"date":"2021-09-27","commitResults":[{"hash":"5987e7d7b39dd45b7f40016ef36f84c6fc7123d3","messageTitle":"Update file path","messageBody":"","fileTypesAndContributionMap":{"docs":{"insertions":1,"deletions":1}}},{"hash":"0b0d8f6d9b6941cb7d26cf820f473701565a6bd9","messageTitle":"Update User Guide","messageBody":"","fileTypesAndContributionMap":{"docs":{"insertions":53,"deletions":0}}},{"hash":"bb66fb3c882c9d1b5de85224f57ca70df6375333","messageTitle":"Update User Guide","messageBody":"","fileTypesAndContributionMap":{"docs":{"insertions":2,"deletions":1}}}]},{"date":"2021-09-29","commitResults":[{"hash":"4db357eb70681595b311d031111720e5343a007b","messageTitle":"Update Developer Guide with extensions and NFRs","messageBody":"","fileTypesAndContributionMap":{"docs":{"insertions":47,"deletions":0}}}]},{"date":"2021-10-07","commitResults":[{"hash":"80aad39d898b3254b3fc5cc8e22f5453243dc0dd","messageTitle":"Add Reminders and adjust UI","messageBody":"Reminders have not been added to the model and logic of ePoch. The UI is\nalso using the old design and has not yet been updated to factor in the\n3 columns needed.\n\nLet\u0027s add Reminders to the overall logic of ePoch so that the UI can be\nproperly formatted and tested. Let\u0027s also update the UI to include the\ncolumns needed to display Persons, CCAs, and Reminders.\n","fileTypesAndContributionMap":{"functional-code":{"insertions":496,"deletions":14}}},{"hash":"c6f82262c54b2d720de2f3a6dbeb4be95662b265","messageTitle":"Update UI with more fields","messageBody":"Add more fields to the UI for CCAs and Reminders. For the tags in each,\ntest out functionality to change the colour of the tags to override the\ndefault.\n","fileTypesAndContributionMap":{"functional-code":{"insertions":58,"deletions":0}}},{"hash":"fdcdb8e44616babb38d089e71b64752d0484c698","messageTitle":"Fix checkstyle errors","messageBody":"","fileTypesAndContributionMap":{"functional-code":{"insertions":9,"deletions":11}}},{"hash":"b453bddc1d99beb06d09d61ff483368d1b7ae01a","messageTitle":"Fix compile errors","messageBody":"","fileTypesAndContributionMap":{"test-code":{"insertions":13,"deletions":0}}},{"hash":"a67d0ddc9e6712c332f8393f2dba80caad3b827a","messageTitle":"Update UI mockup image","messageBody":"","fileTypesAndContributionMap":{"functional-code":{"insertions":2,"deletions":2}}}]},{"date":"2021-10-13","commitResults":[{"hash":"f8bfd88053d06305c9abed08dcd79d759e8cc9b7","messageTitle":"Update help message and User Guide","messageBody":"","fileTypesAndContributionMap":{"functional-code":{"insertions":3,"deletions":2}}},{"hash":"7494cbb98cff1b460fda2c86a7dd486822736169","messageTitle":"Fix checkstyle error","messageBody":"","fileTypesAndContributionMap":{"functional-code":{"insertions":2,"deletions":2}}},{"hash":"a238c27c3d561ca5f3f478fba51f0ac6d604a020","messageTitle":"Add basic add reminder command (parsing not done)","messageBody":"","fileTypesAndContributionMap":{"functional-code":{"insertions":231,"deletions":7}}},{"hash":"c587d8baa962ca2c4b03708518b9237fa5afd251","messageTitle":"Fix checkstyle errors","messageBody":"","fileTypesAndContributionMap":{"functional-code":{"insertions":6,"deletions":3}}},{"hash":"ba38c4b11f60720f9e1b744df7e8741ccda5890d","messageTitle":"Update ParserUtil.java","messageBody":"","fileTypesAndContributionMap":{"functional-code":{"insertions":0,"deletions":1}}},{"hash":"1fa05abe05414e83a43a8c0d468ea552a27ed8f3","messageTitle":"Update ParserUtil.java","messageBody":"","fileTypesAndContributionMap":{"functional-code":{"insertions":1,"deletions":0}}},{"hash":"6868e96b1bfba344b8009921010a24863f3b8b2a","messageTitle":"Update ParserUtil.java","messageBody":"","fileTypesAndContributionMap":{"functional-code":{"insertions":1,"deletions":1}}},{"hash":"88cd9c84fa1da34db1e0e7e5e29dafcd31995a52","messageTitle":"Fix checkstyle errors","messageBody":"","fileTypesAndContributionMap":{"test-code":{"insertions":15,"deletions":0}}}]},{"date":"2021-10-21","commitResults":[{"hash":"b06a69e8802ec2e987951a0e2ba6ba33565833dc","messageTitle":"Add basic setup for frequency and occurrences","messageBody":"Set up skeleton for frequency and occurrences. To reflect it in the UI\nlater on.\n","fileTypesAndContributionMap":{"functional-code":{"insertions":215,"deletions":8}}},{"hash":"789575c4f103e9ea16e68dd0df1d240c16c72025","messageTitle":"Fix edge case","messageBody":"","fileTypesAndContributionMap":{"functional-code":{"insertions":8,"deletions":0},"other":{"insertions":5,"deletions":0}}},{"hash":"1efc3b4f08adbfdf4bbe7432c165323bafaa0d6b","messageTitle":"Fix errors","messageBody":"","fileTypesAndContributionMap":{"test-code":{"insertions":4,"deletions":4}}},{"hash":"17919d1d8d79de54691c77df1fbd39c440769f86","messageTitle":"Fix checkstyle errors","messageBody":"","fileTypesAndContributionMap":{"test-code":{"insertions":0,"deletions":5}}}]},{"date":"2021-10-22","commitResults":[{"hash":"ea40ede16fed0db8f6a19635cae42359bf5dccbc","messageTitle":"Update frequency and occurrences","messageBody":"","fileTypesAndContributionMap":{"functional-code":{"insertions":22,"deletions":4}}},{"hash":"4ebf4928146f9cd54d2278e15127c148a1c2a8b6","messageTitle":"Fix checkstyle errors","messageBody":"","fileTypesAndContributionMap":{"functional-code":{"insertions":4,"deletions":9}}},{"hash":"0f2345f8d60312b0a9a10cb66f961ddf02fb409d","messageTitle":"Update Developer Guide and fix UI issues","messageBody":"","fileTypesAndContributionMap":{"functional-code":{"insertions":13,"deletions":3},"docs":{"insertions":30,"deletions":6}}},{"hash":"8d3889496c19c160e32add038f2e80ffdfb80956","messageTitle":"Add generation of subsequent reminder dates","messageBody":"","fileTypesAndContributionMap":{"functional-code":{"insertions":67,"deletions":2}}},{"hash":"54ad2ac6c02ae98df81fc249666f1248a514a429","messageTitle":"Implement snooze command","messageBody":"","fileTypesAndContributionMap":{"functional-code":{"insertions":136,"deletions":5}}},{"hash":"cfeba82e5dceb8a1cda85fb62028b576eb2c0018","messageTitle":"Fix data formatting and UI updating for Snooze","messageBody":"","fileTypesAndContributionMap":{"functional-code":{"insertions":53,"deletions":31}}},{"hash":"dff6b64ebd8d5b7c678f65a35e0c79f6fbbaafd1","messageTitle":"Fix testing errors","messageBody":"","fileTypesAndContributionMap":{"test-code":{"insertions":10,"deletions":0}}}]},{"date":"2021-10-27","commitResults":[{"hash":"5f8936994f8469d1e1b270e0a9054b1ba86d9584","messageTitle":"Update Reminders to use CCA name instead of CCA","messageBody":"","fileTypesAndContributionMap":{"functional-code":{"insertions":25,"deletions":15}}},{"hash":"53251e0c331296ddcc2211d8f4ff83811cfecb57","messageTitle":"Fix UI portion of CCA tags.","messageBody":"","fileTypesAndContributionMap":{"functional-code":{"insertions":60,"deletions":0}}},{"hash":"eea45e55f4f407de872bdd61f53bf9bca212abb8","messageTitle":"Update tag UI for Reminders","messageBody":"","fileTypesAndContributionMap":{"functional-code":{"insertions":54,"deletions":26}}},{"hash":"cfb38b25bca09ac974573a434818029a2c16df4c","messageTitle":"Reminders on today\u0027s date now show up as red.","messageBody":"","fileTypesAndContributionMap":{"functional-code":{"insertions":40,"deletions":14}}},{"hash":"6b4d51a3cfa3241c84222dc954585f747bb7d11a","messageTitle":"Add command to change the colour of tags","messageBody":"","fileTypesAndContributionMap":{"functional-code":{"insertions":174,"deletions":9}}}]},{"date":"2021-10-28","commitResults":[{"hash":"1f634a662d68782e60a2843944ad46f92f229fa3","messageTitle":"Add command to change CCA tags colour","messageBody":"","fileTypesAndContributionMap":{"functional-code":{"insertions":111,"deletions":3}}},{"hash":"da3ce106ddd4cabfad5bd313982375059bb6ff0d","messageTitle":"Update tag colour commands to enable refreshing","messageBody":"","fileTypesAndContributionMap":{"functional-code":{"insertions":42,"deletions":2}}},{"hash":"557abb388ecf3fccb46d76dfd2b1d6100df9812a","messageTitle":"Update Developer Guide","messageBody":"","fileTypesAndContributionMap":{"docs":{"insertions":46,"deletions":65}}},{"hash":"9d1a04bfe619adbf64a5c9efb3eaa8895ce43aac","messageTitle":"Update User Guide","messageBody":"","fileTypesAndContributionMap":{"docs":{"insertions":29,"deletions":14}}},{"hash":"ef7991e3a96c7524b6d24d9b62d29d8c1c24f2be","messageTitle":"Fix compile issues","messageBody":"","fileTypesAndContributionMap":{"functional-code":{"insertions":1,"deletions":1}}}]},{"date":"2021-11-01","commitResults":[{"hash":"b807d3d3c9d545190951647b554b5843140dc837","messageTitle":"Fix UG for Snooze command","messageBody":"","fileTypesAndContributionMap":{"docs":{"insertions":12,"deletions":2}}},{"hash":"85ad16ecabc916bf01ac714da2104f348b4adacf","messageTitle":"Update UG and commands for editr and addr","messageBody":"","fileTypesAndContributionMap":{"functional-code":{"insertions":13,"deletions":13},"docs":{"insertions":11,"deletions":7}}},{"hash":"f8a3ae3b43159443ca04b5ed055b43ce3173ca7e","messageTitle":"Various bug fixes","messageBody":"","fileTypesAndContributionMap":{"functional-code":{"insertions":19,"deletions":4}}}]}],"jovyntls":[{"date":"2021-09-17","commitResults":[{"hash":"49a8ec645383fdec89ea04a1ec15689f247971e0","messageTitle":"Add checkstyle exception for command imports","messageBody":"","fileTypesAndContributionMap":{"other":{"insertions":3,"deletions":1}}}]},{"date":"2021-09-20","commitResults":[{"hash":"9ae483753c19164049e962173d35df7ab5619e6a","messageTitle":"Update AboutUs with team member details [Jovyn]","messageBody":"","fileTypesAndContributionMap":{"docs":{"insertions":5,"deletions":5}}},{"hash":"04ddbef13a4c6e7287928fde41dce92e20961220","messageTitle":"Add portfolio page (Jovyn)","messageBody":"","fileTypesAndContributionMap":{"docs":{"insertions":10,"deletions":0}}},{"hash":"29d9836a27503fc643844b11466ec260f181a761","messageTitle":"Update project advisor Github","messageBody":"","fileTypesAndContributionMap":{"docs":{"insertions":1,"deletions":1}}}]},{"date":"2021-09-22","commitResults":[{"hash":"fafc181ab79b8618109e60f884951e78136e8c66","messageTitle":"Update FAQ and Command Summary of UG","messageBody":"","fileTypesAndContributionMap":{"docs":{"insertions":13,"deletions":5}}}]},{"date":"2021-09-27","commitResults":[{"hash":"39130fcc7c0b1f2a935dcefe0ee842f0b150fa4e","messageTitle":"Fix checkstyle imports","messageBody":"","fileTypesAndContributionMap":{"other":{"insertions":1,"deletions":3}}},{"hash":"aa16840b87747dddfac3179e529ff222b7039b7f","messageTitle":"Add person features to User Guide","messageBody":"","fileTypesAndContributionMap":{"docs":{"insertions":53,"deletions":0}}},{"hash":"e91932c7df5d3376c5ba6b051ae327eff06bb047","messageTitle":"Fix imports on AddressBookParser","messageBody":"","fileTypesAndContributionMap":{"functional-code":{"insertions":13,"deletions":4}}},{"hash":"2e4230a789daf9ba07c0cba4e8c78146b29ba3c0","messageTitle":"Reorder imports","messageBody":"","fileTypesAndContributionMap":{"functional-code":{"insertions":3,"deletions":3}}},{"hash":"e49d82a491e8fdfefcadc546f6f41c4ee2e38a9a","messageTitle":"Reorder imports","messageBody":"","fileTypesAndContributionMap":{"functional-code":{"insertions":3,"deletions":2}}},{"hash":"bba46fc4ba2e2ede83abc24d14a607e318533145","messageTitle":"Reorder imports","messageBody":"","fileTypesAndContributionMap":{"functional-code":{"insertions":3,"deletions":3}}},{"hash":"61189b2101aff114fbbfe16eaad94f10862dfd1b","messageTitle":"Delete outdated Developer Guide","messageBody":"","fileTypesAndContributionMap":{"docs":{"insertions":0,"deletions":377}}},{"hash":"797b4d9ee28df0b43fef6b39aa3124afebdcff62","messageTitle":"Update product scope section of developer guide","messageBody":"","fileTypesAndContributionMap":{"docs":{"insertions":290,"deletions":0}}},{"hash":"0c37c7e9020c6dfe107ebd46f85d18358f9cd91a","messageTitle":"Add newline at EOF","messageBody":"","fileTypesAndContributionMap":{"docs":{"insertions":1,"deletions":1}}},{"hash":"1851cbd86063a8d2e299fb18174a9daf4cc2c9e9","messageTitle":"Add newline at EOF","messageBody":"","fileTypesAndContributionMap":{"docs":{"insertions":1,"deletions":0}}},{"hash":"26dcbd6812dcbd67a720b38891329740873a9567","messageTitle":"Update UserGuide","messageBody":"","fileTypesAndContributionMap":{"docs":{"insertions":57,"deletions":8}}}]},{"date":"2021-09-28","commitResults":[{"hash":"136f5c6449844ee0dfa8a57b541d2d6bbe2f05f4","messageTitle":"Add user stories for developer guide","messageBody":"","fileTypesAndContributionMap":{"docs":{"insertions":20,"deletions":0}}}]},{"date":"2021-09-29","commitResults":[{"hash":"bde59d44395c96f8ffc695ca972b24840e5dc2cc","messageTitle":"Fix broken image link","messageBody":"","fileTypesAndContributionMap":{"docs":{"insertions":1,"deletions":1}}},{"hash":"9b52c981b877c4ed838867d3a30fe604bfb495d3","messageTitle":"Add newline","messageBody":"","fileTypesAndContributionMap":{"docs":{"insertions":1,"deletions":0}}}]},{"date":"2021-09-30","commitResults":[{"hash":"798f29eccebe02e631593b6017e434bea7bef6e4","messageTitle":"Update AboutUs.md","messageBody":"","fileTypesAndContributionMap":{"docs":{"insertions":1,"deletions":1}}}]},{"date":"2021-10-04","commitResults":[{"hash":"429faa07fd95a46f3c8af84bedcecd147fb6a94c","messageTitle":"Set up skeleton for CCAs","messageBody":"","fileTypesAndContributionMap":{"functional-code":{"insertions":918,"deletions":7},"other":{"insertions":42,"deletions":21},"docs":{"insertions":1,"deletions":1},"test-code":{"insertions":34,"deletions":30}}},{"hash":"8e16cea1f3addcfa708737f69a31bb17b9529d66","messageTitle":"Add logic and commands for CCAs","messageBody":"","fileTypesAndContributionMap":{"functional-code":{"insertions":218,"deletions":429},"other":{"insertions":19,"deletions":10},"test-code":{"insertions":4,"deletions":6}}},{"hash":"57009efde0e1f2c7a611d5ea89b34a580c2d13bd","messageTitle":"Fix error in README","messageBody":"","fileTypesAndContributionMap":{"docs":{"insertions":1,"deletions":1}}}]},{"date":"2021-10-05","commitResults":[{"hash":"2c9679218f4c51eccee7927d2bf9ea2e654cdb6c","messageTitle":"Fix wrongly named variables","messageBody":"","fileTypesAndContributionMap":{"functional-code":{"insertions":6,"deletions":6}}},{"hash":"95caf5715870f4653401ec7a57b4e9f4f480a4ce","messageTitle":"Fix checkstyle errors","messageBody":"","fileTypesAndContributionMap":{"functional-code":{"insertions":15,"deletions":9}}},{"hash":"38d175ca97d520fda3eb3ba7f29f6568dfdc2454","messageTitle":"Fix tests","messageBody":"","fileTypesAndContributionMap":{"test-code":{"insertions":42,"deletions":7}}},{"hash":"4d14fdf02ef0c0557a5869403a652023016cec1f","messageTitle":"Fix checkstyle errors in Test","messageBody":"","fileTypesAndContributionMap":{"test-code":{"insertions":23,"deletions":11}}},{"hash":"722ed949131471355cdc3cfe440adf14f9c06f5c","messageTitle":"Rename generically-named files with Person prefix","messageBody":"","fileTypesAndContributionMap":{"functional-code":{"insertions":16,"deletions":16},"other":{"insertions":171,"deletions":167},"test-code":{"insertions":25,"deletions":25}}}]},{"date":"2021-10-06","commitResults":[{"hash":"597b6e92041379ddb7b979d5c199e59c0dedb4e9","messageTitle":"Fix wrongly named comments","messageBody":"","fileTypesAndContributionMap":{"functional-code":{"insertions":22,"deletions":23}}}]},{"date":"2021-10-11","commitResults":[{"hash":"06b49149e66260aba305f78ab5fd87a2b54a23a6","messageTitle":"Fix wrong types for Cid/Pid and deletec command","messageBody":"","fileTypesAndContributionMap":{"functional-code":{"insertions":55,"deletions":38}}}]},{"date":"2021-10-12","commitResults":[{"hash":"e62d920f8296c45c1ef207313d06f7f73b1f082a","messageTitle":"Fix checkstyle","messageBody":"","fileTypesAndContributionMap":{"functional-code":{"insertions":7,"deletions":2}}}]},{"date":"2021-10-18","commitResults":[{"hash":"895cdfce5c9803cf84613086011a63b3e3201e58","messageTitle":"Add startDate field for reminders","messageBody":"","fileTypesAndContributionMap":{"functional-code":{"insertions":100,"deletions":20}}},{"hash":"469800c1bda3640e4ee3b602e055cc7e257d64b1","messageTitle":"Fix checkstyle","messageBody":"","fileTypesAndContributionMap":{"functional-code":{"insertions":14,"deletions":8}}},{"hash":"f3b5cd113b7be1a4b508ad47a2096beb2853b3e4","messageTitle":"Fix wrong date format","messageBody":"","fileTypesAndContributionMap":{"functional-code":{"insertions":1,"deletions":1}}},{"hash":"3aa45e85ad202b261f857bf0c6776f1b4ec859f4","messageTitle":"Implement delete command for reminders","messageBody":"","fileTypesAndContributionMap":{"functional-code":{"insertions":86,"deletions":1}}},{"hash":"02469c1b559dcdde44cc87916bf2e6cd9ed8a758","messageTitle":"Fix checkstyle","messageBody":"","fileTypesAndContributionMap":{"functional-code":{"insertions":1,"deletions":0}}},{"hash":"8d29ea86dcdeb2236cd60cba959d315989f9b5f3","messageTitle":"Remove Rid from Reminders","messageBody":"","fileTypesAndContributionMap":{"functional-code":{"insertions":0,"deletions":22}}},{"hash":"d48e0663aca84460d912d95a8addf05c4dcea690","messageTitle":"Fix number of CCA members not updating","messageBody":"","fileTypesAndContributionMap":{"functional-code":{"insertions":17,"deletions":1}}},{"hash":"3a1eea595b85253f7a5e2129f66ce8cfd0d90fa3","messageTitle":"Add reminder find command","messageBody":"","fileTypesAndContributionMap":{"functional-code":{"insertions":131,"deletions":5}}},{"hash":"0a4446fe83cf07ba1733391cc1ee8b611d27a959","messageTitle":"Extend CcaExpelCommandParser and CcaEnrolCommandParser from Parser","messageBody":"","fileTypesAndContributionMap":{"functional-code":{"insertions":4,"deletions":4}}},{"hash":"0fc99d38beaa13fa329b34f06e434b9ac1b1e2af","messageTitle":"Fix checkstyle","messageBody":"","fileTypesAndContributionMap":{"functional-code":{"insertions":2,"deletions":0}}}]},{"date":"2021-10-20","commitResults":[{"hash":"e7ae2e8a1b00878ec5020a67bb5544d16480093c","messageTitle":"Fix checkstyle","messageBody":"","fileTypesAndContributionMap":{"functional-code":{"insertions":6,"deletions":2}}},{"hash":"035b5091dd02258eee9765515577c745706ae688","messageTitle":"Fix checkstyle for tests","messageBody":"","fileTypesAndContributionMap":{"test-code":{"insertions":5,"deletions":0}}},{"hash":"ee516b75a7352ad1af24bd9fd10579c6bae004cf","messageTitle":"Add CCA commands to developer guide","messageBody":"","fileTypesAndContributionMap":{"docs":{"insertions":34,"deletions":0}}},{"hash":"dfd212d4b2699f10dacf56034ef97432b9a25bcd","messageTitle":"Update UML diagram","messageBody":"","fileTypesAndContributionMap":{"docs":{"insertions":13,"deletions":0}}},{"hash":"5694af779b80785df34f1c47f440f9c00a810018","messageTitle":"Remove trailing whitespace","messageBody":"","fileTypesAndContributionMap":{"docs":{"insertions":13,"deletions":13}}},{"hash":"44d5ac070aa9f3f5e994620d08645131d858936f","messageTitle":"Remove trailing whitespace","messageBody":"","fileTypesAndContributionMap":{"docs":{"insertions":3,"deletions":3}}},{"hash":"48b2043877c6bab054512c4a730147262e8d91b7","messageTitle":"Fix User Guide typos","messageBody":"","fileTypesAndContributionMap":{"docs":{"insertions":0,"deletions":8}}}]},{"date":"2021-10-26","commitResults":[{"hash":"f47d98f15b7e74b537e5812cfd8a9bc44009fbe5","messageTitle":"Standardise case of CCA","messageBody":"","fileTypesAndContributionMap":{"functional-code":{"insertions":25,"deletions":25},"test-code":{"insertions":1,"deletions":1}}},{"hash":"dcdb9b45c88497b76825950935a8c1037274b6c7","messageTitle":"Fix more capitalisations","messageBody":"","fileTypesAndContributionMap":{"functional-code":{"insertions":5,"deletions":5}}},{"hash":"87746c1bc1b3229caa73a672d783f1eb8641fc98","messageTitle":"Change \u0027the address book\u0027 to \u0027ePoch\u0027","messageBody":"","fileTypesAndContributionMap":{"functional-code":{"insertions":68,"deletions":68}}},{"hash":"14bb36c982ab4b3846b1961882b6861845aee8d5","messageTitle":"Order reminders in ascending order of start date","messageBody":"","fileTypesAndContributionMap":{"functional-code":{"insertions":23,"deletions":3}}},{"hash":"7771c02cd0be89bc82fde514ae1c7e6bd730bedc","messageTitle":"Fix wording for reminders and CCA comment mistakes","messageBody":"","fileTypesAndContributionMap":{"functional-code":{"insertions":47,"deletions":32}}},{"hash":"6498e5d49c397769dc5177708b84e7676dbe7e9e","messageTitle":"Fix newlines for reminderEditCommand","messageBody":"","fileTypesAndContributionMap":{"functional-code":{"insertions":3,"deletions":3}}},{"hash":"03a63ae6cb33b07ee232ae2fb31a67c0bd8150db","messageTitle":"Fix CCA in userGuide","messageBody":"","fileTypesAndContributionMap":{"docs":{"insertions":5,"deletions":5}}}]},{"date":"2021-10-27","commitResults":[{"hash":"722e1981951ff97ef0b62383b4e86c0b8ed073d0","messageTitle":"Update DG and UG","messageBody":"","fileTypesAndContributionMap":{"docs":{"insertions":25,"deletions":33}}}]},{"date":"2021-10-28","commitResults":[{"hash":"c2fca2f290d5bb61ac80c204ef564a896e6deb92","messageTitle":"Guard against integer overflow errors","messageBody":"","fileTypesAndContributionMap":{"functional-code":{"insertions":83,"deletions":8}}},{"hash":"bfd60f1676a94bc6188ad9dc2455b59b751fc01e","messageTitle":"Add methods for counting entries","messageBody":"","fileTypesAndContributionMap":{"functional-code":{"insertions":36,"deletions":1}}},{"hash":"f2e313895d2edbda428d86288aee317acf4431ec","messageTitle":"Check for exceeding max index","messageBody":"","fileTypesAndContributionMap":{"functional-code":{"insertions":44,"deletions":37},"other":{"insertions":3,"deletions":3}}},{"hash":"ac32b100db378b165174cf91e86846ddb7d9671c","messageTitle":"Add checks for exceeding maximum capacity","messageBody":"","fileTypesAndContributionMap":{"functional-code":{"insertions":23,"deletions":1}}},{"hash":"5dea188eb137b7cdd04afadbda9f9265244dd356","messageTitle":"Fix typo in CCA edit error message","messageBody":"","fileTypesAndContributionMap":{"functional-code":{"insertions":1,"deletions":1}}},{"hash":"bceb6fec8d72f73fd3bb05303da7fb62d56d2ca7","messageTitle":"Add counter methods to ModelStub","messageBody":"","fileTypesAndContributionMap":{"test-code":{"insertions":15,"deletions":0}}},{"hash":"76155030b8376bdbde68b399569e01b5e2ade071","messageTitle":"Fix tests","messageBody":"","fileTypesAndContributionMap":{"test-code":{"insertions":2,"deletions":3}}},{"hash":"ee84e6736d00c86b6623a5be57c749f6d3b940cc","messageTitle":"Fix checkstyle","messageBody":"","fileTypesAndContributionMap":{"test-code":{"insertions":1,"deletions":0}}},{"hash":"b9bcbfca487e735fd5f1ba7c6de555a498ff48e8","messageTitle":"Check that long strings are numbers","messageBody":"","fileTypesAndContributionMap":{"functional-code":{"insertions":2,"deletions":1}}},{"hash":"3fe0d48e4c6a1a37d0a7ab464600c6001fb79511","messageTitle":"Fix tests to IndexExceedsCapacityException","messageBody":"","fileTypesAndContributionMap":{"test-code":{"insertions":2,"deletions":1}}},{"hash":"8fe2b7540ebee1697e6c235bbf5f4750a420f4a0","messageTitle":"Fix ModelStub","messageBody":"","fileTypesAndContributionMap":{"test-code":{"insertions":5,"deletions":0}}},{"hash":"eb02be304898ab05c972026e3863743d02e110b4","messageTitle":"Fix parseIndex_outOfRangeInput_throwsParseException","messageBody":"","fileTypesAndContributionMap":{"test-code":{"insertions":2,"deletions":4}}},{"hash":"cd9cac2dd44b56250ba9768f2e7ae378e8a68b51","messageTitle":"Fix checkstyle","messageBody":"","fileTypesAndContributionMap":{"test-code":{"insertions":1,"deletions":0}}}]},{"date":"2021-10-29","commitResults":[{"hash":"8013deb2652dcf9551da503d030aff518381da12","messageTitle":"Add tests for CCA model fields","messageBody":"","fileTypesAndContributionMap":{"functional-code":{"insertions":4,"deletions":4},"test-code":{"insertions":295,"deletions":0}}},{"hash":"9f94dc0ce8f1a122fc24dd43dd09827092473ff2","messageTitle":"Add tests for CCA add and delete commands","messageBody":"","fileTypesAndContributionMap":{"test-code":{"insertions":450,"deletions":0}}},{"hash":"e00b068cb34a5e95ef2bb1018f3c79d980209341","messageTitle":"CCA add command parser test","messageBody":"","fileTypesAndContributionMap":{"test-code":{"insertions":108,"deletions":1}}},{"hash":"7ae1bd44dc88659bc142e89b9821a3ce0730ab80","messageTitle":"CCA delete command parser tests","messageBody":"","fileTypesAndContributionMap":{"test-code":{"insertions":34,"deletions":0}}},{"hash":"6d1171ecf98fcf2971d488026241d083afefad01","messageTitle":"Fix checkstyle","messageBody":"","fileTypesAndContributionMap":{"test-code":{"insertions":22,"deletions":7}}},{"hash":"edb316d0e4a3b8f1e919e9bc368fa96a10b1c40d","messageTitle":"Fix test","messageBody":"","fileTypesAndContributionMap":{"test-code":{"insertions":1,"deletions":2}}}]},{"date":"2021-10-30","commitResults":[{"hash":"12b8b35c616992fa898cbd0923b1f0477455cff7","messageTitle":"Fix CCA command syntax","messageBody":"","fileTypesAndContributionMap":{"docs":{"insertions":2,"deletions":2}}},{"hash":"803123f30303e9be340423388a5b0dadf8f62506","messageTitle":"Add attributes table","messageBody":"","fileTypesAndContributionMap":{"docs":{"insertions":22,"deletions":0}}},{"hash":"3f852dee51326a47d4d33c38441ea76f3bc0175e","messageTitle":"Enforce non-zero values for frequency and occurrence","messageBody":"","fileTypesAndContributionMap":{"functional-code":{"insertions":3,"deletions":3},"docs":{"insertions":3,"deletions":3}}},{"hash":"9f5c70e66adc62c1a50ba5b12b4734c35cfe3889","messageTitle":"Rebase","messageBody":"","fileTypesAndContributionMap":{"docs":{"insertions":1,"deletions":1}}},{"hash":"ef63723d86fdbf041db63a68fa9b1777ce3f8075","messageTitle":"Fix issues","messageBody":"","fileTypesAndContributionMap":{"functional-code":{"insertions":8,"deletions":6},"docs":{"insertions":7,"deletions":4}}}]},{"date":"2021-10-31","commitResults":[{"hash":"2201511ed2da1ffe42efbf41141b0a61f9ff9f89","messageTitle":"Fix checkstyle","messageBody":"","fileTypesAndContributionMap":{"functional-code":{"insertions":4,"deletions":3}}},{"hash":"a4e20426a17b477b9506070d9e9e5d56dc4d30ab","messageTitle":"Rename find commands from string to keyword","messageBody":"","fileTypesAndContributionMap":{"docs":{"insertions":6,"deletions":6}}},{"hash":"9699df1e6673cae9d60ab2078da33f9fe26217dd","messageTitle":"Rename app to ePoch","messageBody":"","fileTypesAndContributionMap":{"functional-code":{"insertions":1,"deletions":1}}},{"hash":"eb27ecc661b64de1a24c0d60cad16acd0c54bd48","messageTitle":"Fix wording in UG","messageBody":"","fileTypesAndContributionMap":{"docs":{"insertions":10,"deletions":9}}},{"hash":"54d61c2e96236a61420cda6d6a4eb7943f4170f2","messageTitle":"Add tags to CCAs in UG","messageBody":"","fileTypesAndContributionMap":{"docs":{"insertions":6,"deletions":5}}}]},{"date":"2021-11-01","commitResults":[{"hash":"ccdf88ad254d54c54c275d2b8473836883268a70","messageTitle":"Add light theme","messageBody":"","fileTypesAndContributionMap":{"functional-code":{"insertions":355,"deletions":3}}},{"hash":"5ea37703386f47509649a5508ba229dc8931b524","messageTitle":"Fix missing panels","messageBody":"","fileTypesAndContributionMap":{"functional-code":{"insertions":4,"deletions":0}}},{"hash":"26c9458b344b07d123589791ef9754550ec3d115","messageTitle":"Add validation for dates","messageBody":"","fileTypesAndContributionMap":{"functional-code":{"insertions":51,"deletions":1},"docs":{"insertions":1,"deletions":0}}},{"hash":"df5b938d4bf98dc978e1179f5cc0288f134cb4f5","messageTitle":"Fix checkstyle","messageBody":"","fileTypesAndContributionMap":{"functional-code":{"insertions":3,"deletions":1}}},{"hash":"e03904b79270dbb38e60ad3ea84ba19c9654172e","messageTitle":"Fix tests TODOs","messageBody":"","fileTypesAndContributionMap":{"functional-code":{"insertions":0,"deletions":1},"test-code":{"insertions":3,"deletions":5}}},{"hash":"1b74530467c2b655daf20c45b3b2228e6a2742c9","messageTitle":"Build CCAs with tags","messageBody":"","fileTypesAndContributionMap":{"functional-code":{"insertions":0,"deletions":2},"test-code":{"insertions":1,"deletions":4}}}]},{"date":"2021-11-02","commitResults":[{"hash":"f016550b207132d80240960851b834cfb043de1c","messageTitle":"Update PPP","messageBody":"","fileTypesAndContributionMap":{"docs":{"insertions":16,"deletions":1}}},{"hash":"78a9daced89b270f2da65d2421b375cc80fb4db6","messageTitle":"Fix DG","messageBody":"","fileTypesAndContributionMap":{"docs":{"insertions":3,"deletions":5}}},{"hash":"813b21c5dcaa9a7948581d978d02b1f6c32af704","messageTitle":"Fix UML diagram","messageBody":"","fileTypesAndContributionMap":{"docs":{"insertions":2,"deletions":2}}},{"hash":"c8c96322277bb168b675f98140f586004604964a","messageTitle":"Rename PPP","messageBody":"","fileTypesAndContributionMap":{"docs":{"insertions":11,"deletions":0}}}]}],"okyntary":[{"date":"2021-09-20","commitResults":[{"hash":"6698d90c1dde83d13c90e6cbfbfd3efd12456e9d","messageTitle":"Update and rename johndoe.md to teokeane.md","messageBody":"","fileTypesAndContributionMap":{"docs":{"insertions":1,"deletions":1}}},{"hash":"b8723204e7f0f5366165a9ef0526a59edaf00e69","messageTitle":"Update AboutUs.md","messageBody":"","fileTypesAndContributionMap":{"docs":{"insertions":5,"deletions":5}}},{"hash":"9117b3d34ed03104d992050fe193af8e51e66bc0","messageTitle":"Rename teokeane.md to okyntary.md","messageBody":"","fileTypesAndContributionMap":{"docs":{"insertions":0,"deletions":0}}},{"hash":"8ed7cf9c42411f3982d51f58c1bc7b8c841764c6","messageTitle":"Update AboutUs.md","messageBody":"","fileTypesAndContributionMap":{"docs":{"insertions":1,"deletions":1}}},{"hash":"668b607a1a680e8042e1a111ab7806c93b58cad1","messageTitle":"Update AboutUs.md","messageBody":"","fileTypesAndContributionMap":{"docs":{"insertions":1,"deletions":1}}},{"hash":"141ab1cf9d3603ab72d245c6f8fdaac1b6627c0a","messageTitle":"Update /docs/AboutUs.md","messageBody":"","fileTypesAndContributionMap":{"docs":{"insertions":2,"deletions":0}}},{"hash":"5c525147dc9e84f53a49c4476dfe456e7101a4d0","messageTitle":"Update /docs/images/okyntary.png","messageBody":"","fileTypesAndContributionMap":{"docs":{"insertions":1,"deletions":1}}},{"hash":"ad799a3d2a1cef1d22e5a121844acea8f143f77d","messageTitle":"Update README.md","messageBody":"","fileTypesAndContributionMap":{"docs":{"insertions":7,"deletions":10}}},{"hash":"f6c6fcdd4033fcfaeb596f38abc40cbaa8ebed56","messageTitle":"Update README.md","messageBody":"","fileTypesAndContributionMap":{"docs":{"insertions":2,"deletions":2}}}]},{"date":"2021-09-22","commitResults":[{"hash":"0fdd85b3ad7c93213e17c270b81bc5a5292fc009","messageTitle":"Update /docs/UserGuide.md","messageBody":"","fileTypesAndContributionMap":{"docs":{"insertions":4,"deletions":5}}},{"hash":"8c25c5649271c57f8016cd9cd2ea96108ee402d7","messageTitle":"Update UserGuide.md","messageBody":"","fileTypesAndContributionMap":{"docs":{"insertions":7,"deletions":8}}},{"hash":"11a4a4f045995b5d34f8036a40f0ab813bf21526","messageTitle":"Update UserGuide.md","messageBody":"","fileTypesAndContributionMap":{"docs":{"insertions":3,"deletions":2}}}]},{"date":"2021-09-27","commitResults":[{"hash":"a727e75ddf0a4e912a3575c9a9ee3ddf1fb52786","messageTitle":"Update UserGuide.md","messageBody":"","fileTypesAndContributionMap":{"docs":{"insertions":46,"deletions":0}}}]},{"date":"2021-09-28","commitResults":[{"hash":"34ffc2b7ecebec36b057d9b971a31279cef3e2eb","messageTitle":"Update DG","messageBody":"","fileTypesAndContributionMap":{"docs":{"insertions":36,"deletions":0}}}]},{"date":"2021-10-07","commitResults":[{"hash":"64d9c73cf4ab3221df49168856168a5c70a25b4a","messageTitle":"Create JsonAdaptedCca class","messageBody":"","fileTypesAndContributionMap":{"functional-code":{"insertions":56,"deletions":0}}},{"hash":"08f8394a75f8924b88676db64deb5d5190878a9c","messageTitle":"Modify JsonSerializableAddressBook class","messageBody":"","fileTypesAndContributionMap":{"functional-code":{"insertions":18,"deletions":9}}},{"hash":"8b969b6c14d043aac09f958e4c9a0a0af9eb1423","messageTitle":"Complete basic .json storage functionality, including for CCAs","messageBody":"","fileTypesAndContributionMap":{"functional-code":{"insertions":14,"deletions":1}}}]},{"date":"2021-10-08","commitResults":[{"hash":"280795a9ffdbe08d0f0b0929fed84d00aef08752","messageTitle":"Add basic unit tests for Cca storage methods","messageBody":"","fileTypesAndContributionMap":{"functional-code":{"insertions":5,"deletions":10},"test-code":{"insertions":156,"deletions":3}}},{"hash":"832b41397954eb351b3abab9020e1fbb352ad886","messageTitle":"Fix some checkstyle violations","messageBody":"","fileTypesAndContributionMap":{"test-code":{"insertions":7,"deletions":30}}},{"hash":"44ce8d33d68642b910738c86234dfa66f72449b4","messageTitle":"Fix more checkstyle violations","messageBody":"","fileTypesAndContributionMap":{"test-code":{"insertions":2,"deletions":13}}}]},{"date":"2021-10-17","commitResults":[{"hash":"288677b47180c4a322c9d9cb9d2a2af31feabbcf","messageTitle":"Implement storage to store personArrayList","messageBody":"","fileTypesAndContributionMap":{"functional-code":{"insertions":32,"deletions":5}}},{"hash":"cc53da835066c7d3620c937f6faa707b4c7f3025","messageTitle":"Fix checkstyle","messageBody":"","fileTypesAndContributionMap":{"functional-code":{"insertions":8,"deletions":7}}}]},{"date":"2021-10-20","commitResults":[{"hash":"85d03a04fba3bbf9a3ac756f3d5d67225e0a9b91","messageTitle":"Update DG","messageBody":"","fileTypesAndContributionMap":{"functional-code":{"insertions":4,"deletions":90},"docs":{"insertions":19,"deletions":0}}}]},{"date":"2021-10-21","commitResults":[{"hash":"95a78927f95750a4f21f5c12bc1defabb90e0ef8","messageTitle":"Link Ccas and Reminders","messageBody":"","fileTypesAndContributionMap":{"functional-code":{"insertions":145,"deletions":16},"test-code":{"insertions":3,"deletions":18}}},{"hash":"16cadb36fef865b1214bc0869d2df4ff6b883c10","messageTitle":"Update storage to save address book","messageBody":"","fileTypesAndContributionMap":{"functional-code":{"insertions":5,"deletions":1}}},{"hash":"8aa7fae7caa01765ad8f21941621b117e3f1897d","messageTitle":"Update storage to read address book","messageBody":"","fileTypesAndContributionMap":{"functional-code":{"insertions":25,"deletions":19}}},{"hash":"f99a96306cdb5d53ece14155856eb9373afca8b9","messageTitle":"Resolving more merge conflicts","messageBody":"","fileTypesAndContributionMap":{"functional-code":{"insertions":30,"deletions":8}}},{"hash":"8ff7dd270893d4d7de1035dd630303ddee3d1179","messageTitle":"Fix checkstyle issues","messageBody":"","fileTypesAndContributionMap":{"functional-code":{"insertions":35,"deletions":7}}},{"hash":"7394ead8dcafa141fba8a2e21922b7d9e03afe55","messageTitle":"Fix more checkstyle errors","messageBody":"","fileTypesAndContributionMap":{"functional-code":{"insertions":3,"deletions":4}}},{"hash":"9ea8ff8c3da4f21f7e3d94865396105b8a286944","messageTitle":"Fix more checkstyle violations","messageBody":"","fileTypesAndContributionMap":{"functional-code":{"insertions":1,"deletions":1}}}]},{"date":"2021-10-22","commitResults":[{"hash":"3e8d46789f2d78599008aca6be9c5edb84827808","messageTitle":"Fix more checkstyle issues","messageBody":"","fileTypesAndContributionMap":{"test-code":{"insertions":9,"deletions":0}}}]},{"date":"2021-10-26","commitResults":[{"hash":"15f08280a0faff766d7b83d2315ab26e6f22301b","messageTitle":"Update User Guide","messageBody":"","fileTypesAndContributionMap":{"docs":{"insertions":10,"deletions":10}}}]},{"date":"2021-10-27","commitResults":[{"hash":"5f52fd16fad11534d041f139108460292a2a64dc","messageTitle":"Update Developer Guide","messageBody":"","fileTypesAndContributionMap":{"docs":{"insertions":177,"deletions":71}}},{"hash":"183690c4d3586573e548fc59c8d1a371b48367fd","messageTitle":"Mid-work commit","messageBody":"","fileTypesAndContributionMap":{"functional-code":{"insertions":89,"deletions":44},"docs":{"insertions":2,"deletions":2}}},{"hash":"2fb474706d989f6d612e8cd7d86f11565bdb3c22","messageTitle":"Update deletep command","messageBody":"","fileTypesAndContributionMap":{"functional-code":{"insertions":7,"deletions":0}}},{"hash":"3cefcdb63e4c3412b80458c81c32c5868ea0aaf9","messageTitle":"Update deleter command","messageBody":"","fileTypesAndContributionMap":{"functional-code":{"insertions":6,"deletions":1}}},{"hash":"989b77d039b17bc8011d69d37c1d8012ca0e50c2","messageTitle":"Fix bugs in delete commands","messageBody":"","fileTypesAndContributionMap":{"functional-code":{"insertions":5,"deletions":8}}},{"hash":"668becfc9397e0208dee0679082696d734fc790b","messageTitle":"Apply suggestions from code review","messageBody":"Co-authored-by: Jovyn Tan \u003c61113575+jovyntls@users.noreply.github.com\u003e","fileTypesAndContributionMap":{"docs":{"insertions":8,"deletions":8}}},{"hash":"4c06913296411d88d3bab52ccf3a35474f3217d7","messageTitle":"Update UserGuide.md","messageBody":"","fileTypesAndContributionMap":{"docs":{"insertions":1,"deletions":1}}}]},{"date":"2021-10-31","commitResults":[{"hash":"96b4db0a065ceebb3c4e90947dd3abc6e8188a1d","messageTitle":"Add updated download link","messageBody":"","fileTypesAndContributionMap":{"docs":{"insertions":1,"deletions":1}}},{"hash":"608d3341ba4823a3e39852e8559aaab528aae6ad","messageTitle":"UG: Update documentation for addc and editc commands","messageBody":"","fileTypesAndContributionMap":{"docs":{"insertions":7,"deletions":7}}}]},{"date":"2021-11-01","commitResults":[{"hash":"6c97347565e0daa1d188a8b9b64227068aa0363d","messageTitle":"Fix ccaName for reminders being not being set properly","messageBody":"","fileTypesAndContributionMap":{"functional-code":{"insertions":0,"deletions":4}}}]}]},"authorFileTypeContributionMap":{"justintanyf":{"docs":122,"functional-code":768,"test-code":26,"other":5},"jivesh":{"docs":89,"functional-code":596,"test-code":21},"weiquu":{"docs":137,"functional-code":1621,"test-code":35,"other":4},"jovyntls":{"docs":191,"functional-code":1800,"test-code":1079},"okyntary":{"docs":234,"functional-code":387,"test-code":131}},"authorContributionVariance":{"justintanyf":11565.558,"jivesh":4205.148,"weiquu":17337.432,"jovyntls":99492.21,"okyntary":6948.947},"authorDisplayNameMap":{"justintanyf":"CS2103-T14-2 TAN ..FENG","jivesh":"CS2103-T14-2 JIVE..OHAN","weiquu":"CS2103-T14-2 NEO ..QING","jovyntls":"CS2103-T14-2 JOVY..HYAN","okyntary":"CS2103-T14-2 TEO ..EANE"}}
