{"authorDailyContributionsMap":{"kleonang":[{"date":"2021-09-21","commitResults":[{"hash":"85a05f8576e249e66ee5c6f435c744a933d0cd64","messageTitle":"Add UC01 to UC05","messageBody":"","fileTypesAndContributionMap":{"docs":{"insertions":74,"deletions":0}}}]},{"date":"2021-09-25","commitResults":[{"hash":"aaa2e5180c04698232a392c6d7c0800be09e07ac","messageTitle":"Add MSS to UC01 to UC04","messageBody":"","fileTypesAndContributionMap":{"docs":{"insertions":8,"deletions":0}}}]},{"date":"2021-09-30","commitResults":[{"hash":"72503edeefb2e4224ed53f72ad321ec9ec040c96","messageTitle":"Remove Email and Address, Add Gender","messageBody":"","fileTypesAndContributionMap":{"functional-code":{"insertions":129,"deletions":279},"test-code":{"insertions":126,"deletions":386}}},{"hash":"10dfb223221d561c45bac0561a0dd0f55fcdc82d","messageTitle":"Create Student, Tutor and Qualification classes","messageBody":"","fileTypesAndContributionMap":{"functional-code":{"insertions":165,"deletions":1}}}]},{"date":"2021-10-01","commitResults":[{"hash":"32aa76fe38bbe61a2059e850fa2507087bbf1e01","messageTitle":"Split Person-related classes into Tutors and Students","messageBody":"","fileTypesAndContributionMap":{"functional-code":{"insertions":826,"deletions":295},"other":{"insertions":44,"deletions":23},"test-code":{"insertions":833,"deletions":334}}},{"hash":"95e0f5c461df4c587139d755be7ab8021fb845ae","messageTitle":"Replace wildcard imports","messageBody":"","fileTypesAndContributionMap":{"functional-code":{"insertions":9,"deletions":2},"test-code":{"insertions":51,"deletions":6}}},{"hash":"8784e647b2f5cf25460cd9ef7a65a2e5bfa9ac15","messageTitle":"Fix tests that fail due to split Person-related classes","messageBody":"","fileTypesAndContributionMap":{"functional-code":{"insertions":8,"deletions":6},"test-code":{"insertions":246,"deletions":191}}}]},{"date":"2021-10-06","commitResults":[{"hash":"15faa4584101521d77ab9a4baf2908373606c843","messageTitle":"Make StudentUtil and TutorUtil inherit from PersonUtil","messageBody":"","fileTypesAndContributionMap":{"functional-code":{"insertions":13,"deletions":2},"test-code":{"insertions":81,"deletions":8}}}]},{"date":"2021-10-07","commitResults":[{"hash":"9e940e03bd0d0565bb3917ec5efb59e3f17468fb","messageTitle":"Integrate edit functionality and make application compile","messageBody":"","fileTypesAndContributionMap":{"functional-code":{"insertions":255,"deletions":74},"other":{"insertions":9,"deletions":9},"test-code":{"insertions":600,"deletions":216}}},{"hash":"62e0e673d1190fa5ee9d6663132a11e68c3e4884","messageTitle":"Abstract out long methods in EditCommand and EditCommandParser","messageBody":"","fileTypesAndContributionMap":{"functional-code":{"insertions":138,"deletions":89}}}]},{"date":"2021-10-21","commitResults":[{"hash":"ee24ea8c57f26bcd1cbc3d2890fd72d99cbc85a2","messageTitle":"Modify Model UML diagrams","messageBody":"","fileTypesAndContributionMap":{"docs":{"insertions":45,"deletions":24}}},{"hash":"54d00d78412d8ed0929d9ff3c5118b0acf966b73","messageTitle":"Add Model description to DG","messageBody":"","fileTypesAndContributionMap":{"docs":{"insertions":16,"deletions":0}}},{"hash":"5f03f866fd926f755900789cb0ed6845a6d241ec","messageTitle":"Add remark prefix","messageBody":"","fileTypesAndContributionMap":{"functional-code":{"insertions":2,"deletions":1}}},{"hash":"a76f3df5eb9849226998c4d4336ebaa68412dde5","messageTitle":"Fix broken links","messageBody":"","fileTypesAndContributionMap":{"docs":{"insertions":8,"deletions":8}}},{"hash":"6393208d08d13ccd47ac00f6819142a0f2fd64a7","messageTitle":"Fix grammar","messageBody":"","fileTypesAndContributionMap":{"docs":{"insertions":24,"deletions":24}}},{"hash":"76d69ca8362634df3859158eb24535bda5a45f74","messageTitle":"Fix extension header","messageBody":"","fileTypesAndContributionMap":{"docs":{"insertions":1,"deletions":1}}},{"hash":"992b23fad6887708ced478a2a67b59c209557877","messageTitle":"Update DeveloperGuide.md","messageBody":"","fileTypesAndContributionMap":{"docs":{"insertions":3,"deletions":3}}}]},{"date":"2021-10-22","commitResults":[{"hash":"9af8cf59416f8b8fbde3777ba4ffe1ed9024798d","messageTitle":"Add Remark field to Person","messageBody":"","fileTypesAndContributionMap":{"functional-code":{"insertions":197,"deletions":54},"test-code":{"insertions":325,"deletions":132}}},{"hash":"b668fd4a05f0e2131622748fafaf96097fbcc7ed","messageTitle":"Fix failing tests due to new Remark field","messageBody":"","fileTypesAndContributionMap":{"functional-code":{"insertions":18,"deletions":11},"test-code":{"insertions":11,"deletions":13}}},{"hash":"6ac98dc5c7096a5dd617c21b4f473e209e206842","messageTitle":"Update UG with Remark details","messageBody":"","fileTypesAndContributionMap":{"functional-code":{"insertions":3,"deletions":1},"docs":{"insertions":13,"deletions":11}}},{"hash":"ad41d78d3fb9f12e0330b7a24c244bcf425a7ff9","messageTitle":"Update DG Model diagrams with Remark","messageBody":"","fileTypesAndContributionMap":{"docs":{"insertions":5,"deletions":0}}},{"hash":"589dd0f5814109c38974f9ee51f0a97461ac4271","messageTitle":"Integrate Remark into UI","messageBody":"","fileTypesAndContributionMap":{"functional-code":{"insertions":10,"deletions":2}}},{"hash":"0de6c5138e9f8d128b5eb0d824e626d53b42b879","messageTitle":"Add implementation for EditCommand in DG","messageBody":"","fileTypesAndContributionMap":{"docs":{"insertions":128,"deletions":0}}},{"hash":"c872887e4bbb416b355e1cf7d0a313feb0322c1f","messageTitle":"Standardise header","messageBody":"","fileTypesAndContributionMap":{"docs":{"insertions":1,"deletions":1}}},{"hash":"6685f503648c521833ab77ab53e7fea90efcaf59","messageTitle":"Standardise spacing","messageBody":"","fileTypesAndContributionMap":{"docs":{"insertions":1,"deletions":0}}}]},{"date":"2021-10-23","commitResults":[{"hash":"c192d3bb4a40edb508f7938ac091ed3379cd64c4","messageTitle":"Modify DG for EditCommand based on meeting discussion points","messageBody":"","fileTypesAndContributionMap":{"docs":{"insertions":22,"deletions":31}}},{"hash":"cf2816a8cd268550d479b74963436d1f1b60ce9c","messageTitle":"Modify wording in Edit feature","messageBody":"","fileTypesAndContributionMap":{"docs":{"insertions":1,"deletions":1}}}]},{"date":"2021-10-26","commitResults":[{"hash":"aaa09ae617d6c6a6a0614a5f4202403d37236898","messageTitle":"Modify code based on PR comments","messageBody":"","fileTypesAndContributionMap":{"functional-code":{"insertions":5,"deletions":5},"docs":{"insertions":0,"deletions":3}}},{"hash":"50f673e43ce8589b5dca11740887ae8284d240ae","messageTitle":"Make phone number be exactly 8 digits","messageBody":"","fileTypesAndContributionMap":{"functional-code":{"insertions":1,"deletions":1},"test-code":{"insertions":16,"deletions":15}}}]},{"date":"2021-10-29","commitResults":[{"hash":"9d744a336887611fa4f644883caa8f15d96660c5","messageTitle":"Fix help text","messageBody":"","fileTypesAndContributionMap":{"functional-code":{"insertions":13,"deletions":10}}},{"hash":"bfcc722708c8d91d13d97dd8b3ae19cab88e8ca8","messageTitle":"Update UserGuide.md","messageBody":"","fileTypesAndContributionMap":{"docs":{"insertions":1,"deletions":1}}}]},{"date":"2021-11-01","commitResults":[{"hash":"7149bbff61a83badb77668ea1e786d3533e106c8","messageTitle":"Update UG screenshots","messageBody":"","fileTypesAndContributionMap":{"docs":{"insertions":9,"deletions":9}}},{"hash":"431c2a021690113e67629e36181d7e6b9972405a","messageTitle":"Fix error messages for edit for missing/wrong fields","messageBody":"","fileTypesAndContributionMap":{"functional-code":{"insertions":28,"deletions":36},"test-code":{"insertions":2,"deletions":6}}},{"hash":"9c58c0b64851bfae09c54e424a01b2f13709a877","messageTitle":"Fix error messages for invalid indices","messageBody":"","fileTypesAndContributionMap":{"functional-code":{"insertions":17,"deletions":5},"test-code":{"insertions":24,"deletions":2}}},{"hash":"9a1ad24075d79b6d95710a8be0a6ab3579323982","messageTitle":"Update error message for unchanged edited persons","messageBody":"","fileTypesAndContributionMap":{"functional-code":{"insertions":8,"deletions":0},"test-code":{"insertions":5,"deletions":15}}}]},{"date":"2021-11-02","commitResults":[{"hash":"2c9a82c726ad4aae81835f45730919052e9fc8c6","messageTitle":"Remove mentions of \u0027Level 3\u0027 from previous refactoring","messageBody":"","fileTypesAndContributionMap":{"docs":{"insertions":15,"deletions":15}}},{"hash":"860f50685fb2fa35765f650e2c84d6584a21bff9","messageTitle":"Rename PPP files","messageBody":"","fileTypesAndContributionMap":{"docs":{"insertions":5,"deletions":5}}},{"hash":"0596785b99a07caaaadc406334d0630644e22879","messageTitle":"Update Edit usage message","messageBody":"","fileTypesAndContributionMap":{"functional-code":{"insertions":1,"deletions":1}}}]},{"date":"2021-11-03","commitResults":[{"hash":"4955efba913f608adabe03e54116d7812b23b2ee","messageTitle":"Abstract out method from parsePerson","messageBody":"","fileTypesAndContributionMap":{"functional-code":{"insertions":25,"deletions":12}}},{"hash":"347552e4c0668bec50ac4736e36ff486bdc348be","messageTitle":"Remove trailing whitespaces","messageBody":"","fileTypesAndContributionMap":{"docs":{"insertions":3,"deletions":3}}},{"hash":"07d6d59ead3089b11fd6baa04be42628575cfba6","messageTitle":"Impose 100-character limit for Remark","messageBody":"","fileTypesAndContributionMap":{"functional-code":{"insertions":2,"deletions":2},"test-code":{"insertions":34,"deletions":19}}},{"hash":"21c5dd9923518966218521b28ce4a5f0f713ac6f","messageTitle":"Update UG with Remark character limit","messageBody":"","fileTypesAndContributionMap":{"docs":{"insertions":3,"deletions":3}}},{"hash":"00daffff84cbab63d33293d779a26043a34f7703","messageTitle":"Remove extraneous newlines","messageBody":"","fileTypesAndContributionMap":{"test-code":{"insertions":0,"deletions":2}}},{"hash":"fe64d806b355aae4bae57e57f98dfe84182acc79","messageTitle":"Remove duplicate code and trailing whitespaces","messageBody":"","fileTypesAndContributionMap":{"docs":{"insertions":11,"deletions":11},"test-code":{"insertions":0,"deletions":5}}}]},{"date":"2021-11-04","commitResults":[{"hash":"8c11a6d3a6469050a04efc66921965be1fa2a834","messageTitle":"Add description to PPP","messageBody":"","fileTypesAndContributionMap":{"docs":{"insertions":28,"deletions":31}}},{"hash":"04d8c8869eedce39fac58c04c0c9993224261429","messageTitle":"Add EOF and remove whitespaces","messageBody":"","fileTypesAndContributionMap":{"docs":{"insertions":4,"deletions":4}}},{"hash":"374b57477917b51cc209f2d972af792b9a17ef73","messageTitle":"Delete johndoe.md","messageBody":"","fileTypesAndContributionMap":{"docs":{"insertions":0,"deletions":46}}},{"hash":"1aad04d8e584ee3335d8d8ece488ea68bfb5a1f0","messageTitle":"Update AboutUs.md","messageBody":"","fileTypesAndContributionMap":{"docs":{"insertions":6,"deletions":6}}},{"hash":"2c0f71f7a4ab1194abc67b269596ece946707d99","messageTitle":"Correct typo","messageBody":"","fileTypesAndContributionMap":{"docs":{"insertions":1,"deletions":1}}},{"hash":"959fb0a8086916a7ed77d0ef4266364c59247438","messageTitle":"Update DG with manual testing for Edit","messageBody":"","fileTypesAndContributionMap":{"docs":{"insertions":54,"deletions":34}}},{"hash":"577f192c702e8f8a57ddd3ee130ab24e0860ac78","messageTitle":"Improve formatting","messageBody":"","fileTypesAndContributionMap":{"docs":{"insertions":6,"deletions":7}}}]},{"date":"2021-11-05","commitResults":[{"hash":"6213decb6e2f452eb5b84d080f94e032e98c8201","messageTitle":"Fix documentation","messageBody":"","fileTypesAndContributionMap":{"docs":{"insertions":74,"deletions":77}}},{"hash":"48e2fa47602b29f10341b159d7eb92a6ae5da1c7","messageTitle":"Fix formatting for match","messageBody":"","fileTypesAndContributionMap":{"docs":{"insertions":2,"deletions":2}}},{"hash":"7b11a265d1fa2c4ba99716555940e94f467c2e2f","messageTitle":"Improve invalid index error message for edit","messageBody":"","fileTypesAndContributionMap":{"functional-code":{"insertions":9,"deletions":4}}},{"hash":"41b0d56b0111be152e3dcfde07affe2a158b3438","messageTitle":"Fix edit test cases","messageBody":"","fileTypesAndContributionMap":{"functional-code":{"insertions":0,"deletions":3},"test-code":{"insertions":3,"deletions":8}}},{"hash":"b9692f07381dbcfe6fe085b993057bd7f0c815f2","messageTitle":"Add tests for unchanged persons after edit","messageBody":"","fileTypesAndContributionMap":{"test-code":{"insertions":18,"deletions":0}}}]}],"knotstoks":[{"date":"2021-09-20","commitResults":[{"hash":"d6c9946926753d841191f3664ac438b08f96d313","messageTitle":"Add About Us page.","messageBody":"","fileTypesAndContributionMap":{"docs":{"insertions":257,"deletions":29}}},{"hash":"7eecebcf003a97bdde56b0fb56b280e006bff736","messageTitle":"Add white line at the end of About Us.","messageBody":"","fileTypesAndContributionMap":{"docs":{"insertions":1,"deletions":1}}},{"hash":"e2a95a2e98c183934926642ede4051fe96f33191","messageTitle":"Fix file path","messageBody":"","fileTypesAndContributionMap":{"docs":{"insertions":3,"deletions":8}}},{"hash":"35efe35acdbf2df6de0f76903af1488e37d9af2d","messageTitle":"Fix profile picture name path","messageBody":"","fileTypesAndContributionMap":{"docs":{"insertions":2,"deletions":2}}},{"hash":"adacdbddb196f8b444320fd694e94dce490a48d0","messageTitle":"Fix Kleon.md","messageBody":"","fileTypesAndContributionMap":{"docs":{"insertions":0,"deletions":0}}},{"hash":"2eea4fd932258e0cc3017d15da9096d39856b389","messageTitle":"Reformat the About Us","messageBody":"","fileTypesAndContributionMap":{"docs":{"insertions":6,"deletions":6}}},{"hash":"f3b09bab96f1e1ee390b435aba294285e34010b5","messageTitle":"Update README.md","messageBody":"","fileTypesAndContributionMap":{"docs":{"insertions":2,"deletions":2}}},{"hash":"e076f0814dc2981fedbdc65b41e2036638d87d0c","messageTitle":"Update UserGuide.md","messageBody":"","fileTypesAndContributionMap":{"docs":{"insertions":8,"deletions":8}}},{"hash":"6cb455da8b55301b282231b9d89c49029f317be5","messageTitle":"Add Use Cases to Developer\u0027s Guide","messageBody":"","fileTypesAndContributionMap":{"docs":{"insertions":37,"deletions":354}}}]},{"date":"2021-10-05","commitResults":[{"hash":"0f24ad927caff6933524f7b871c018e01e529415","messageTitle":"Split Person into Tutor and Student for AddCommand and AddCommandParser and added a static method in ParserUtil to get the person\u0027s type","messageBody":"","fileTypesAndContributionMap":{"functional-code":{"insertions":97,"deletions":35}}},{"hash":"7c57be1be9ddfa1ca4cb0f99584022b701d3d72a","messageTitle":"Edited tests in AddCommandParserTest to match the implementation of CLITutors","messageBody":"","fileTypesAndContributionMap":{"test-code":{"insertions":89,"deletions":63}}},{"hash":"6086b8ccabd48925ac9faf3289f6a98ab644b393","messageTitle":"Edit tests in AddCommand to match the implementation of CLITutors","messageBody":"","fileTypesAndContributionMap":{"test-code":{"insertions":147,"deletions":46}}},{"hash":"458e1cea7ff40f3b39c7bef85ad7b530bf78cd89","messageTitle":"Replace * imports with specific classes and change implementation of AddCommand to accept a Person and PersonType","messageBody":"","fileTypesAndContributionMap":{"functional-code":{"insertions":45,"deletions":29},"test-code":{"insertions":84,"deletions":48}}},{"hash":"f6178b22c176b43d02e59ea08eaafa4d1c376f28","messageTitle":"Edit LogicManagerTest from * import to specific imports","messageBody":"","fileTypesAndContributionMap":{"test-code":{"insertions":11,"deletions":1}}}]},{"date":"2021-10-10","commitResults":[{"hash":"f01cb35f515cdfc539fa9e583586a7e228dcc8b6","messageTitle":"Edit some of the tests in order for them to pass: JsonAdpatedStudentTest and JsonAdpatedTutorTest","messageBody":"","fileTypesAndContributionMap":{"functional-code":{"insertions":10,"deletions":2},"test-code":{"insertions":29,"deletions":5}}}]},{"date":"2021-10-11","commitResults":[{"hash":"3d23f6d09cebe59263319847456ba90bd6bba940","messageTitle":"Fix all tests by changing it to fit CLITutors instead of AB3","messageBody":"","fileTypesAndContributionMap":{"functional-code":{"insertions":21,"deletions":10},"test-code":{"insertions":20,"deletions":8}}},{"hash":"f6543ff0c9d31dbfb92d608b461c65669319e4f1","messageTitle":"Fix checkstyle of the test cases","messageBody":"","fileTypesAndContributionMap":{"functional-code":{"insertions":2,"deletions":5},"test-code":{"insertions":4,"deletions":4}}},{"hash":"71660a1bbdf55cc2059cef2016cd257d1d5113cf","messageTitle":"Fix failing test cases after merge which edits the implementation of the Tag","messageBody":"","fileTypesAndContributionMap":{"functional-code":{"insertions":1,"deletions":12},"test-code":{"insertions":2,"deletions":2}}},{"hash":"2cb4f014b002f5ec5bbb9cffede6bd13d73fee1c","messageTitle":"Fix checkstyle violations","messageBody":"","fileTypesAndContributionMap":{"functional-code":{"insertions":0,"deletions":1},"test-code":{"insertions":4,"deletions":4}}},{"hash":"3ee868cf39f1b689d6fd3acc3771e52267d4018a","messageTitle":"Uncomment lines in AddCommandParserTest","messageBody":"","fileTypesAndContributionMap":{"test-code":{"insertions":3,"deletions":28}}},{"hash":"4c8327eb8a1acd4e23f8c1b3baefa7c2879cc932","messageTitle":"Fix Checkstyle errors","messageBody":"","fileTypesAndContributionMap":{"test-code":{"insertions":27,"deletions":2}}},{"hash":"8817cdd8a3ff9bf3871495c3dc6f6e34fc274c2f","messageTitle":"Add aliases for some commands","messageBody":"","fileTypesAndContributionMap":{"functional-code":{"insertions":12,"deletions":0}}}]},{"date":"2021-10-14","commitResults":[{"hash":"cde67477e64e3c20c90eeb0309f5dd7a2aed6ccc","messageTitle":"Update the usage of the edit command","messageBody":"","fileTypesAndContributionMap":{"docs":{"insertions":2,"deletions":2}}},{"hash":"766aff750fb8ad6c7e92a2980aef9776d0f2626c","messageTitle":"Update the user guide to reflect how many files CLITutors uses","messageBody":"","fileTypesAndContributionMap":{"docs":{"insertions":1,"deletions":1}}}]},{"date":"2021-10-18","commitResults":[{"hash":"2d9a9cb68dcb02d132ddecfe43bb89a2e13f37a0","messageTitle":"Change Gender to be case insensitive and added test cases to test for the validity of Gender and Qualification","messageBody":"","fileTypesAndContributionMap":{"functional-code":{"insertions":1,"deletions":1},"test-code":{"insertions":76,"deletions":0}}},{"hash":"3220e8a51667c12135a9bb8fe2eb5195e413352e","messageTitle":"Change files to adhere to the Java coding style","messageBody":"","fileTypesAndContributionMap":{"test-code":{"insertions":4,"deletions":4}}},{"hash":"9ae7f3f49984c7cf37f1f5a361e6476de5f4aeb2","messageTitle":"Delete QualificationTest to prevent conflict","messageBody":"","fileTypesAndContributionMap":{"test-code":{"insertions":0,"deletions":36}}},{"hash":"6acfbce335090ac31a997846516eecd7c2d6a00e","messageTitle":"Change User Guide to be in line with CLITutors\u0027 current implementation","messageBody":"","fileTypesAndContributionMap":{"docs":{"insertions":169,"deletions":136}}},{"hash":"06055bc2413ec5efa32dcbc37fc087af5ec04145","messageTitle":"Add new line to pass check style","messageBody":"","fileTypesAndContributionMap":{"docs":{"insertions":1,"deletions":1}}}]},{"date":"2021-10-20","commitResults":[{"hash":"f158e7fb6448be21301d90f6a603c887361a9c59","messageTitle":"Edit Developer Guide","messageBody":"","fileTypesAndContributionMap":{"docs":{"insertions":96,"deletions":9}}}]},{"date":"2021-10-21","commitResults":[{"hash":"f53ebbbaaca73b12ea494aca98d8652eed24a36b","messageTitle":"Fix incorrect picture for one of the diagrams","messageBody":"","fileTypesAndContributionMap":{"docs":{"insertions":3,"deletions":3}}},{"hash":"dc93383f9a03376c0d44b42df8fe453cde43aca2","messageTitle":"Fix Table of Contents","messageBody":"","fileTypesAndContributionMap":{"docs":{"insertions":2,"deletions":2}}},{"hash":"1079572f4fc932f24c17112f5294c8cbe67e1d82","messageTitle":"Change comma to colon","messageBody":"","fileTypesAndContributionMap":{"docs":{"insertions":1,"deletions":1}}},{"hash":"731c3ee65fc8fa4416781b8ff0fae16fe5a5ae57","messageTitle":"Add FilterCommand and FilterCommandParser","messageBody":"","fileTypesAndContributionMap":{"functional-code":{"insertions":187,"deletions":0}}}]},{"date":"2021-10-22","commitResults":[{"hash":"8e5cd96602f9e00b7a98490a25249f7390f8234c","messageTitle":"Try to solve problems but the problems are solving me","messageBody":"","fileTypesAndContributionMap":{"functional-code":{"insertions":28,"deletions":1}}},{"hash":"7f9e302320dadd43519b37e48e3d5a8111323dae","messageTitle":"Add documentation for Add and List Command implementations","messageBody":"","fileTypesAndContributionMap":{"docs":{"insertions":234,"deletions":0}}},{"hash":"b9e8e0438031a311862a7ef0acf46a0aa84e12e4","messageTitle":"Implement CheckStyle Fixes","messageBody":"","fileTypesAndContributionMap":{"docs":{"insertions":1,"deletions":1}}},{"hash":"59045bfa684e8b0bc473a9794f70fbeac9d88f5c","messageTitle":"Fix CheckStyle part 2","messageBody":"","fileTypesAndContributionMap":{"docs":{"insertions":4,"deletions":4}}},{"hash":"5bdd831f1d92b23dfd1d4c429264d1c3a7ba4a8c","messageTitle":"Fix underlining for sequence diagrams","messageBody":"","fileTypesAndContributionMap":{"docs":{"insertions":12,"deletions":12}}},{"hash":"9a3e4743e316c3d03753067ed3cba51e0f7de2e6","messageTitle":"Continue to work on Filter","messageBody":"","fileTypesAndContributionMap":{"functional-code":{"insertions":28,"deletions":7}}},{"hash":"3f6c55811b4ddf25f9b94b22d6717a6c2b66c9b2","messageTitle":"Edit based on comments on the PR","messageBody":"","fileTypesAndContributionMap":{"docs":{"insertions":1,"deletions":3}}}]},{"date":"2021-10-23","commitResults":[{"hash":"3a29c075dd60b4c937710cd5e9f134308b6beb3c","messageTitle":"Edit Guides","messageBody":"","fileTypesAndContributionMap":{"docs":{"insertions":26,"deletions":12}}},{"hash":"2afc4d223554cc2c64ea71ada3dab780dec3ae06","messageTitle":"Edit Add and Find Commands","messageBody":"","fileTypesAndContributionMap":{"docs":{"insertions":42,"deletions":39}}},{"hash":"e81f5bb8f7fc64aace31a36d036e6bd0ae1c47ef","messageTitle":"Implement the FIlter Command","messageBody":"","fileTypesAndContributionMap":{"functional-code":{"insertions":1,"deletions":22}}}]},{"date":"2021-10-24","commitResults":[{"hash":"6a621d645a4d6b043662fcdf91a612b582446980","messageTitle":"Edit based on comments in the PR","messageBody":"","fileTypesAndContributionMap":{"docs":{"insertions":8,"deletions":8}}},{"hash":"15ba323a48e14822bc515e8c31e45fc35eeee44b","messageTitle":"Implement FilterCommand correctly until PE people exploit it","messageBody":"","fileTypesAndContributionMap":{"functional-code":{"insertions":8,"deletions":10}}},{"hash":"5597b39664f1b8acb64d6a02baf4f0fcc56327e5","messageTitle":"Update Diagrams","messageBody":"","fileTypesAndContributionMap":{"docs":{"insertions":1,"deletions":1}}},{"hash":"b5410be01a54dfdd91ba043fd91bb7a965d10291","messageTitle":"Edit documentation to add FilterCommand","messageBody":"","fileTypesAndContributionMap":{"docs":{"insertions":153,"deletions":0},"test-code":{"insertions":9,"deletions":0}}}]},{"date":"2021-10-25","commitResults":[{"hash":"53229893bd17613c1fa5bba11ad37f415bed2447","messageTitle":"Fix CheckStyle","messageBody":"","fileTypesAndContributionMap":{"functional-code":{"insertions":1,"deletions":1}}},{"hash":"b428f022d2fc3f42abc27601448ea15339deede9","messageTitle":"Fix more CheckStyle","messageBody":"","fileTypesAndContributionMap":{"test-code":{"insertions":5,"deletions":0}}},{"hash":"a32360b60239ab547718416d6e8cddaf97223e2e","messageTitle":"Edit FilterCommandParser","messageBody":"","fileTypesAndContributionMap":{"functional-code":{"insertions":3,"deletions":1}}}]},{"date":"2021-10-26","commitResults":[{"hash":"ca3b7e2ba049ef557216c94ae431f9dd1d46b734","messageTitle":"Fix CheckStyle again","messageBody":"","fileTypesAndContributionMap":{"functional-code":{"insertions":2,"deletions":2}}},{"hash":"335de683c95bca20aaf4d41e26b288d099b38dfb","messageTitle":"Add FilterCommand Tests","messageBody":"","fileTypesAndContributionMap":{"test-code":{"insertions":122,"deletions":2}}}]},{"date":"2021-10-27","commitResults":[{"hash":"7a49290566fa98298a434ec897a7b6c6c848da8a","messageTitle":"Fix Checkstyle","messageBody":"","fileTypesAndContributionMap":{"test-code":{"insertions":6,"deletions":30}}},{"hash":"a1efa609d647944416152181f7fd0651b4ec27c9","messageTitle":"Edit based on GitHub comments and removed tag from filter","messageBody":"","fileTypesAndContributionMap":{"functional-code":{"insertions":25,"deletions":43},"docs":{"insertions":7,"deletions":7}}},{"hash":"c53eb72e74d0d85c4904bf17477348a08537fa90","messageTitle":"Finish implementing tests and checkstyle","messageBody":"","fileTypesAndContributionMap":{"functional-code":{"insertions":4,"deletions":6},"test-code":{"insertions":205,"deletions":12}}}]},{"date":"2021-10-28","commitResults":[{"hash":"3cbdcbc45e67836938bce33d34667d45dd86e532","messageTitle":"Resolve issues from GitHub from big boss Yan Dao","messageBody":"","fileTypesAndContributionMap":{"functional-code":{"insertions":0,"deletions":3},"docs":{"insertions":6,"deletions":6}}}]},{"date":"2021-10-29","commitResults":[{"hash":"0ba7c8c67c10ea2bf814ab5a34ea153d61c4cd95","messageTitle":"Fix UG before it fixes me","messageBody":"","fileTypesAndContributionMap":{"docs":{"insertions":1,"deletions":2}}},{"hash":"a296ac0623eb31d8d990d3527dc32d0263114437","messageTitle":"Fix changes from GitHub reviews","messageBody":"","fileTypesAndContributionMap":{"functional-code":{"insertions":5,"deletions":4},"docs":{"insertions":0,"deletions":124},"test-code":{"insertions":19,"deletions":16}}}]},{"date":"2021-11-01","commitResults":[{"hash":"aef438ca323debe1ebb98ab70bf70307a499dc51","messageTitle":"Edit error messages","messageBody":"","fileTypesAndContributionMap":{"functional-code":{"insertions":11,"deletions":11}}},{"hash":"97fbef4dce2f174d9e18bea593a61710914fb41a","messageTitle":"Fix error message for Add Command when students have Qualification field","messageBody":"","fileTypesAndContributionMap":{"functional-code":{"insertions":15,"deletions":2}}},{"hash":"9da856187ad5eae6a1b5391c4d14495558eff363","messageTitle":"Edit UG based on changes to the FilterCommand","messageBody":"","fileTypesAndContributionMap":{"docs":{"insertions":4,"deletions":4}}}]},{"date":"2021-11-02","commitResults":[{"hash":"30d52b7b631e3bb63d01b43e88efba63b409674d","messageTitle":"Add positive test cases for FilterCommand and FilterCommandParser","messageBody":"","fileTypesAndContributionMap":{"functional-code":{"insertions":4,"deletions":1},"test-code":{"insertions":56,"deletions":17}}},{"hash":"08c041619289f07fd85b01c0def2775a8687056a","messageTitle":"Fix CheckStyle","messageBody":"","fileTypesAndContributionMap":{"test-code":{"insertions":25,"deletions":21}}}]},{"date":"2021-11-04","commitResults":[{"hash":"dfef894f724d1c86fa8837b6558baecebd594a24","messageTitle":"Edit based on PR on GitHub","messageBody":"","fileTypesAndContributionMap":{"functional-code":{"insertions":2,"deletions":2}}},{"hash":"5b22c9e423d390801a82fed144d7b46830f03645","messageTitle":"Change some in PPP","messageBody":"","fileTypesAndContributionMap":{"docs":{"insertions":3,"deletions":3}}},{"hash":"d3816b7ce98fb8338cbcc80d691464e876fb1254","messageTitle":"Remove duplicated String.format() method","messageBody":"","fileTypesAndContributionMap":{"test-code":{"insertions":1,"deletions":1}}},{"hash":"1c9c925fa708d96de063b7108d47d45b4beeaf79","messageTitle":"Add example for filter","messageBody":"","fileTypesAndContributionMap":{"docs":{"insertions":1,"deletions":0}}},{"hash":"d2471219fe7dec8f7b702ff4acdabac47f3cb217","messageTitle":"Continue to improve on PPP","messageBody":"","fileTypesAndContributionMap":{"docs":{"insertions":4,"deletions":6}}},{"hash":"94cf9ff26e4bd64f452972966e1afd2fd0f04513","messageTitle":"Split parse method in AddCommandParser into two smaller methods to improve readibility","messageBody":"","fileTypesAndContributionMap":{"functional-code":{"insertions":61,"deletions":51}}},{"hash":"031afb7b5002c486e46577223a08beb7c889d5ef","messageTitle":"Edit AddCommandParser changed because of the great and mighty Xin Yan, allowing me to make the command more succinct, by turning my guard clauses into a switch case statement. Thank you Xin Yan! This will be reflected in the next TEAMMATES evaluation!","messageBody":"","fileTypesAndContributionMap":{"functional-code":{"insertions":5,"deletions":6}}},{"hash":"644c5298314901e329c4a78fa6680ab0e50d659a","messageTitle":"Edit my PPP in order to conform to the standards of my great team. In this iteration, the PPP of knotstoks.md was a copy of johndoe.md, which was an incorrect implementation of the PPP. During the course of writing my PPP, I have included many different contributions that I have made to CliTutors. This included the documentation, functional code as well as my test code.","messageBody":"In the next TEAMMATES evaluation I would like to thank every single one of my group members for a wonderful time during the project.\n","fileTypesAndContributionMap":{"docs":{"insertions":7,"deletions":16}}},{"hash":"a0729472aa02ebd6573ea8df6862db7307c29d0e","messageTitle":"Add manual testing for add and filter","messageBody":"","fileTypesAndContributionMap":{"docs":{"insertions":34,"deletions":3}}},{"hash":"9f88fc48302a07f5436c65d0947aaeeae9b698d7","messageTitle":"Fix Filter breaks","messageBody":"","fileTypesAndContributionMap":{"docs":{"insertions":4,"deletions":3}}},{"hash":"5a6bf5a04f0a6736d22fc0dbe68829aed8d25223","messageTitle":"Add tags","messageBody":"","fileTypesAndContributionMap":{"docs":{"insertions":3,"deletions":3}}}]},{"date":"2021-11-05","commitResults":[{"hash":"8d5f2eb7fa8874007dacc73a4e6c436b8d2106bc","messageTitle":"Fix student part in add command manual testing","messageBody":"","fileTypesAndContributionMap":{"docs":{"insertions":4,"deletions":4}}}]}],"zihaooo9":[{"date":"2021-09-20","commitResults":[{"hash":"12ff5ec0fb0836e3136962692aa7b1c9318e3b2e","messageTitle":"Update User Guide","messageBody":"","fileTypesAndContributionMap":{"docs":{"insertions":128,"deletions":126}}},{"hash":"88b35df2833d8452128c4df2067291fe8504ac77","messageTitle":"Fix errors in User Guide","messageBody":"","fileTypesAndContributionMap":{"docs":{"insertions":28,"deletions":28}}},{"hash":"e9f395de725aaf898990d7f6323bbef9887be647","messageTitle":"Update features in User Guide","messageBody":"","fileTypesAndContributionMap":{"docs":{"insertions":16,"deletions":3}}}]},{"date":"2021-09-21","commitResults":[{"hash":"5ec7e8478c14644951e93b70bb40f9f2bffb8bed","messageTitle":"Update Developer Guide","messageBody":"","fileTypesAndContributionMap":{"docs":{"insertions":17,"deletions":0}}}]},{"date":"2021-09-30","commitResults":[{"hash":"c4b686078787eeca9312a8d02df7858842bf9e09","messageTitle":"Update User Guide","messageBody":"","fileTypesAndContributionMap":{"docs":{"insertions":100,"deletions":23}}},{"hash":"ecf8188c849a9259dd1f43a3a23d70fab3e3a0b8","messageTitle":"Fix typos","messageBody":"","fileTypesAndContributionMap":{"docs":{"insertions":2,"deletions":2}}}]},{"date":"2021-10-06","commitResults":[{"hash":"b08526f97098e08084b41a30c6d0e95e74744ae3","messageTitle":"Modify Tag functionality","messageBody":"","fileTypesAndContributionMap":{"functional-code":{"insertions":102,"deletions":4},"docs":{"insertions":1,"deletions":5},"test-code":{"insertions":12,"deletions":9}}},{"hash":"eab5e559d5ebdb631a19717da0884a6c5430955e","messageTitle":"Remove debugging code","messageBody":"","fileTypesAndContributionMap":{"functional-code":{"insertions":0,"deletions":1}}},{"hash":"df4f46b04e21574bf224e6b527228d6f288054fc","messageTitle":"Update test cases","messageBody":"","fileTypesAndContributionMap":{"test-code":{"insertions":73,"deletions":32}}},{"hash":"6f796b90d46e822b04e0f12dcfa6abbfc3310dbf","messageTitle":"Minor fixes","messageBody":"","fileTypesAndContributionMap":{"functional-code":{"insertions":2,"deletions":0}}}]},{"date":"2021-10-07","commitResults":[{"hash":"1ca356a3a82ee5c43279c14a9d74a008349e3f4f","messageTitle":"Fix some test cases","messageBody":"","fileTypesAndContributionMap":{"functional-code":{"insertions":72,"deletions":85},"test-code":{"insertions":85,"deletions":52}}}]},{"date":"2021-10-08","commitResults":[{"hash":"34ee7cecdb7b0a98e4c9f86b4461e9bb74b99393","messageTitle":"Fix AddCommandParserTest and other minor fixes","messageBody":"","fileTypesAndContributionMap":{"functional-code":{"insertions":10,"deletions":6},"test-code":{"insertions":7,"deletions":6}}},{"hash":"26d6a72d1dc434831ccb6fd126901b58ac0a82c9","messageTitle":"Fix AddressBookParserTest","messageBody":"","fileTypesAndContributionMap":{"functional-code":{"insertions":7,"deletions":6}}},{"hash":"af38617b248397d3002cc67146986da73b6df320","messageTitle":"Fix EditCommandParserTest","messageBody":"","fileTypesAndContributionMap":{"functional-code":{"insertions":6,"deletions":3},"test-code":{"insertions":21,"deletions":16}}},{"hash":"e5e9af5674a102af9955e4fdc93559d1cf49b622","messageTitle":"Remove \"magic\" numbers","messageBody":"","fileTypesAndContributionMap":{"test-code":{"insertions":23,"deletions":11}}},{"hash":"aa68bc74f08fb0e2296dcad84d48207b245d2e04","messageTitle":"Minor fixes to test cases","messageBody":"","fileTypesAndContributionMap":{"functional-code":{"insertions":18,"deletions":3},"test-code":{"insertions":17,"deletions":10}}},{"hash":"5faba6fa8d937f5e1db40e96f64f791f18d5e14d","messageTitle":"Improve code style","messageBody":"","fileTypesAndContributionMap":{"functional-code":{"insertions":5,"deletions":0},"test-code":{"insertions":20,"deletions":8}}},{"hash":"9f763ec11c340b714fb3bc8c95f155ef539f98e0","messageTitle":"Fix merge conflicts","messageBody":"","fileTypesAndContributionMap":{"test-code":{"insertions":2,"deletions":2}}},{"hash":"8dc6173bf9ab0bb09d7641f60b58d031d0cbbb55","messageTitle":"Abstract methods in parse method of EditCommandParser","messageBody":"","fileTypesAndContributionMap":{"functional-code":{"insertions":19,"deletions":11}}}]},{"date":"2021-10-11","commitResults":[{"hash":"c3ac7f24b69d4d283901f8d7ffe52f8daabd29c6","messageTitle":"Minor changes to Tags","messageBody":"","fileTypesAndContributionMap":{"functional-code":{"insertions":7,"deletions":8},"test-code":{"insertions":4,"deletions":6}}},{"hash":"db7ba086d6608db3f8025704be4ce57d1fd54c2b","messageTitle":"Take out failing test case","messageBody":"","fileTypesAndContributionMap":{"test-code":{"insertions":4,"deletions":4}}},{"hash":"3fede6152a253f781ebc74b42e6dcd3c3af3069b","messageTitle":"Add Match Command skeleton","messageBody":"","fileTypesAndContributionMap":{"functional-code":{"insertions":86,"deletions":0},"test-code":{"insertions":86,"deletions":0}}}]},{"date":"2021-10-12","commitResults":[{"hash":"57bccf65c0367155adb6da31c21bf0dd88149c97","messageTitle":"Add Match Command Functionality","messageBody":"","fileTypesAndContributionMap":{"functional-code":{"insertions":93,"deletions":2},"test-code":{"insertions":175,"deletions":5}}},{"hash":"c292dffdab99123099b7003b394584a02ccfd8f8","messageTitle":"Update some test cases","messageBody":"","fileTypesAndContributionMap":{"functional-code":{"insertions":4,"deletions":4},"test-code":{"insertions":19,"deletions":7}}},{"hash":"4ad943a1dec5c59822d8b252e7843010b6f4b5bb","messageTitle":"Add Match Panel Ui","messageBody":"","fileTypesAndContributionMap":{"functional-code":{"insertions":21,"deletions":0},"test-code":{"insertions":23,"deletions":2}}},{"hash":"1a3d4c5985cc3d003f0d181e960b10513c4523b9","messageTitle":"Add additional test cases for test coverage","messageBody":"","fileTypesAndContributionMap":{"test-code":{"insertions":79,"deletions":22}}}]},{"date":"2021-10-13","commitResults":[{"hash":"f82a492926418ea7e20529679661192db9140960","messageTitle":"Minor fixes and adjustments","messageBody":"","fileTypesAndContributionMap":{"functional-code":{"insertions":12,"deletions":4},"test-code":{"insertions":20,"deletions":16}}}]},{"date":"2021-10-14","commitResults":[{"hash":"0ceb0035d1af9723bf15cddf1e6b34d0ac6d817c","messageTitle":"Change style of lists displayed","messageBody":"","fileTypesAndContributionMap":{"functional-code":{"insertions":18,"deletions":6}}}]},{"date":"2021-10-15","commitResults":[{"hash":"cdc82466f393de1a9a4ec1b40a0626f5b1df61ae","messageTitle":"Add margins and improve scroll bar design","messageBody":"","fileTypesAndContributionMap":{"functional-code":{"insertions":166,"deletions":78}}}]},{"date":"2021-10-17","commitResults":[{"hash":"db4afca727a49bcb4865eb7bc78288d06783343f","messageTitle":"Minor fixes","messageBody":"","fileTypesAndContributionMap":{"functional-code":{"insertions":3,"deletions":2}}},{"hash":"8c53be6971aaf41c392f2b5435c03dbcd7c8bb30","messageTitle":"Allow students to take multiple tags","messageBody":"","fileTypesAndContributionMap":{"functional-code":{"insertions":25,"deletions":50},"test-code":{"insertions":35,"deletions":32}}},{"hash":"89c9e9e4dcd727a6d1ff9c4e656116c3ef9d787c","messageTitle":"Added enums for Qualification","messageBody":"","fileTypesAndContributionMap":{"functional-code":{"insertions":31,"deletions":0}}}]},{"date":"2021-10-18","commitResults":[{"hash":"21a6729f1faa1a6b5b4d810e3f4f9070e5fd2eb2","messageTitle":"Add test cases for Qualification.java","messageBody":"","fileTypesAndContributionMap":{"test-code":{"insertions":46,"deletions":0}}}]},{"date":"2021-10-19","commitResults":[{"hash":"0c118b7d57dc3c42897d2cb98036af6aa977f520","messageTitle":"Add tutor qualification to GUI","messageBody":"","fileTypesAndContributionMap":{"functional-code":{"insertions":135,"deletions":2},"other":{"insertions":15,"deletions":15}}}]},{"date":"2021-10-20","commitResults":[{"hash":"d03852e79fb93acbced98b7ad2c27e1386a921a3","messageTitle":"Rename relevant files","messageBody":"","fileTypesAndContributionMap":{"functional-code":{"insertions":1,"deletions":1},"other":{"insertions":0,"deletions":0}}},{"hash":"f63bcee07ea24448ebddc3f0360eb5e4e0cdcbc2","messageTitle":"Update Storage component of Design section","messageBody":"","fileTypesAndContributionMap":{"docs":{"insertions":45,"deletions":43}}},{"hash":"0171cd8c40bae73376bfa396a6e55b66354cf3fb","messageTitle":"Revert \"Update Storage component of Design section\"","messageBody":"This reverts commit f63bcee07ea24448ebddc3f0360eb5e4e0cdcbc2.\n","fileTypesAndContributionMap":{"docs":{"insertions":43,"deletions":45}}},{"hash":"9f94b2b0a7d9392e9b121fbf261b2456a90f9abf","messageTitle":"Update Storage component in the Design segment","messageBody":"","fileTypesAndContributionMap":{"docs":{"insertions":55,"deletions":43}}},{"hash":"ff180cd1f38e8d6d3c58162e2afc803194fbff10","messageTitle":"Pass CI hopefully","messageBody":"","fileTypesAndContributionMap":{"docs":{"insertions":0,"deletions":1}}},{"hash":"fb9b3de8b5e309473ecf24377e252e17ab6b6597","messageTitle":"Fix errors","messageBody":"","fileTypesAndContributionMap":{"docs":{"insertions":4,"deletions":3}}},{"hash":"f0b7486726f28f5305e33ae8705b1705578d364b","messageTitle":"Windows issues","messageBody":"","fileTypesAndContributionMap":{"docs":{"insertions":45,"deletions":45}}}]},{"date":"2021-10-21","commitResults":[{"hash":"bf99a1364bd0de882fd3ca671c276ef9138afd61","messageTitle":"Minor fixes to Documentation","messageBody":"","fileTypesAndContributionMap":{"docs":{"insertions":11,"deletions":4}}},{"hash":"368fe769587ada4255d5b3c7cee9787407504011","messageTitle":"Another minor fix","messageBody":"","fileTypesAndContributionMap":{"docs":{"insertions":6,"deletions":6}}}]},{"date":"2021-10-22","commitResults":[{"hash":"f605d83c0a495f7200ae06df1e0ed3b23d5513f3","messageTitle":"MatchCommand implementation for DG","messageBody":"","fileTypesAndContributionMap":{"functional-code":{"insertions":3,"deletions":7},"docs":{"insertions":136,"deletions":2}}},{"hash":"aa3101f620d62013d58e19270b82bb5f7d3264d0","messageTitle":"Fix grammar error in DG","messageBody":"","fileTypesAndContributionMap":{"docs":{"insertions":9,"deletions":16}}},{"hash":"dc63fde3ddc2a546c65dc8355051f4d9704e2112","messageTitle":"Fixes to documentations and add error message for empty list","messageBody":"","fileTypesAndContributionMap":{"functional-code":{"insertions":31,"deletions":3},"docs":{"insertions":14,"deletions":8},"test-code":{"insertions":54,"deletions":5}}},{"hash":"f5d1586a5b17f6fafc7597500ba082e4b70ce06d","messageTitle":"Further changes to UGDG","messageBody":"","fileTypesAndContributionMap":{"docs":{"insertions":10,"deletions":5}}}]},{"date":"2021-10-23","commitResults":[{"hash":"0f9fe127003f98977ed8ba45711b0e8cb4eb476c","messageTitle":"Add sort functionality to matched tutor list","messageBody":"","fileTypesAndContributionMap":{"functional-code":{"insertions":54,"deletions":6},"test-code":{"insertions":170,"deletions":7}}},{"hash":"59c9fd36b08cb75d329511ac83734830ba85c191","messageTitle":"Update DG based on meeting","messageBody":"","fileTypesAndContributionMap":{"docs":{"insertions":55,"deletions":34}}},{"hash":"9dd2f7a57ba208a8f5d46ea7d1a362b66bd668f2","messageTitle":"Fix CI fail","messageBody":"","fileTypesAndContributionMap":{"docs":{"insertions":1,"deletions":1}}},{"hash":"1867c210b7cca39b13d2374aa6d0042a64c9cad2","messageTitle":"Fix error in activity diagram","messageBody":"","fileTypesAndContributionMap":{"docs":{"insertions":1,"deletions":1}}},{"hash":"b260c3632d0ce3457b7e98bcd722e75ce6e2bc48","messageTitle":"Fix Typo","messageBody":"","fileTypesAndContributionMap":{"docs":{"insertions":1,"deletions":1}}},{"hash":"b377616c3f87540843c3f974af8b814d8414ff34","messageTitle":"Fix based on PR review","messageBody":"","fileTypesAndContributionMap":{"docs":{"insertions":2,"deletions":2}}},{"hash":"40c8ddea4ec16f132b67a8300737288bec4a1bb5","messageTitle":"Add PR comments","messageBody":"","fileTypesAndContributionMap":{"docs":{"insertions":2,"deletions":2}}},{"hash":"9a274c50dbcc0714b2606bd2c392eb1fdb2c5de2","messageTitle":"Fix buggy Tutor list","messageBody":"","fileTypesAndContributionMap":{"functional-code":{"insertions":15,"deletions":4},"test-code":{"insertions":49,"deletions":3}}}]},{"date":"2021-10-26","commitResults":[{"hash":"4df7b9dba5df82ad4eb823c0117aedc5ce6cb271","messageTitle":"Minor changes to UG after consult","messageBody":"","fileTypesAndContributionMap":{"functional-code":{"insertions":4,"deletions":6},"docs":{"insertions":34,"deletions":20}}},{"hash":"26cee412c663008830afd9d5e49e4d1db8b77c72","messageTitle":"Fix Typo","messageBody":"","fileTypesAndContributionMap":{"docs":{"insertions":1,"deletions":1}}},{"hash":"7b11ff856abb284669e211dcf967c65265e93511","messageTitle":"Fix after PR review","messageBody":"","fileTypesAndContributionMap":{"functional-code":{"insertions":7,"deletions":6}}},{"hash":"a934aaf99c322118a1205c7bb85ae6305289f7f6","messageTitle":"Revert \"Fix after PR review\"","messageBody":"This reverts commit 7b11ff856abb284669e211dcf967c65265e93511.\n","fileTypesAndContributionMap":{"functional-code":{"insertions":6,"deletions":7}}},{"hash":"ddef8b85898806af4740d574fa92833e63f3d11e","messageTitle":"Fix after PR review","messageBody":"","fileTypesAndContributionMap":{"functional-code":{"insertions":1,"deletions":1},"docs":{"insertions":1,"deletions":1}}}]},{"date":"2021-10-27","commitResults":[{"hash":"79dbe0ca968c21c5ee90cfb6ba392401a3a680ad","messageTitle":"Update UI","messageBody":"","fileTypesAndContributionMap":{"functional-code":{"insertions":131,"deletions":36},"test-code":{"insertions":31,"deletions":5}}},{"hash":"6dc239fffe238d9daea6e78ae65b0e7dc1424eb7","messageTitle":"Update DG","messageBody":"","fileTypesAndContributionMap":{"docs":{"insertions":112,"deletions":1}}},{"hash":"fb57ab75846cb3ac80bb49169014596ed81cc94d","messageTitle":"Fix CI failure","messageBody":"","fileTypesAndContributionMap":{"functional-code":{"insertions":1,"deletions":1}}},{"hash":"8c4ad553ea9f80d996d8516b2a4fe51e3a31091c","messageTitle":"Update manual test for match command","messageBody":"","fileTypesAndContributionMap":{"docs":{"insertions":30,"deletions":19}}}]},{"date":"2021-10-28","commitResults":[{"hash":"ab8174a91fdebc20a54e2943748d039f81fe1731","messageTitle":"Fix remarks","messageBody":"","fileTypesAndContributionMap":{"functional-code":{"insertions":12,"deletions":3}}},{"hash":"e37460afec1fa24b2cb0689a53e4a216e519a2fc","messageTitle":"Minor fixes","messageBody":"","fileTypesAndContributionMap":{"docs":{"insertions":24,"deletions":12}}},{"hash":"0ccc503b0509bd18dc79c7f985f2f4db4a089435","messageTitle":"add full stop","messageBody":"","fileTypesAndContributionMap":{"docs":{"insertions":1,"deletions":1}}},{"hash":"092b498a9ba4a2f839d9746a48b7d57edf421a31","messageTitle":"Add semi colon","messageBody":"","fileTypesAndContributionMap":{"functional-code":{"insertions":1,"deletions":1}}}]},{"date":"2021-10-29","commitResults":[{"hash":"894fc76255f7a3cdcf90cb9dc03d778d369eae13","messageTitle":"Fix Remark issues","messageBody":"","fileTypesAndContributionMap":{"functional-code":{"insertions":9,"deletions":3},"test-code":{"insertions":26,"deletions":0}}},{"hash":"c41bdc8d4f3b5a3c0559950bdc9d356cf9d3fb02","messageTitle":"Fix UI bug","messageBody":"","fileTypesAndContributionMap":{"functional-code":{"insertions":8,"deletions":2}}},{"hash":"b1354c1c3f5457d1557bd6b5ba84aea6ecd15587","messageTitle":"Prepare for release","messageBody":"","fileTypesAndContributionMap":{"functional-code":{"insertions":1,"deletions":1},"docs":{"insertions":1,"deletions":1}}}]},{"date":"2021-11-01","commitResults":[{"hash":"777d3011aac617452ef5f8a20587dcfd1b6a552b","messageTitle":"Fix error messages for MatchCommand","messageBody":"","fileTypesAndContributionMap":{"functional-code":{"insertions":28,"deletions":5},"test-code":{"insertions":44,"deletions":6}}},{"hash":"3383d19b43e8ab02b23de110e8d5f4cc046e1387","messageTitle":"Fix matching student bug","messageBody":"","fileTypesAndContributionMap":{"functional-code":{"insertions":65,"deletions":8},"test-code":{"insertions":166,"deletions":17}}},{"hash":"9aac7b2b578778ceb021fa7f86f51261cae8ef2a","messageTitle":"Fix failing CI issue","messageBody":"","fileTypesAndContributionMap":{"test-code":{"insertions":0,"deletions":1}}},{"hash":"75fbbde699006f7c320cda1f3031d97e0fed9782","messageTitle":"Another CI issue really?","messageBody":"","fileTypesAndContributionMap":{"functional-code":{"insertions":0,"deletions":1}}},{"hash":"abb2ca623d8b0ee9f68a34d8ad8201cbd6b162e6","messageTitle":"Modify reuse author","messageBody":"","fileTypesAndContributionMap":{"functional-code":{"insertions":1,"deletions":1}}}]},{"date":"2021-11-03","commitResults":[{"hash":"0ae362f8c8f150da57d3a7780d6596ad568d0f0f","messageTitle":"Update tests for match command","messageBody":"","fileTypesAndContributionMap":{"test-code":{"insertions":16,"deletions":0}}}]},{"date":"2021-11-04","commitResults":[{"hash":"1fd2bb347ae6880e5e102ee0fbfa27c0015ab4d8","messageTitle":"Minor fixes for PR review","messageBody":"","fileTypesAndContributionMap":{"test-code":{"insertions":8,"deletions":4}}},{"hash":"656b1fe6ea504580b123f22dae4846a89b4cbc8d","messageTitle":"Fix name","messageBody":"","fileTypesAndContributionMap":{"functional-code":{"insertions":32,"deletions":6},"test-code":{"insertions":27,"deletions":0}}},{"hash":"b46a6a3a46e5ac037ce18e9481747835a6907e63","messageTitle":"Improve error messages","messageBody":"","fileTypesAndContributionMap":{"functional-code":{"insertions":7,"deletions":6}}},{"hash":"ae91db80beda470942f1aab95ca030f8b75acd90","messageTitle":"Fix Phone","messageBody":"","fileTypesAndContributionMap":{"functional-code":{"insertions":70,"deletions":6},"test-code":{"insertions":59,"deletions":4}}},{"hash":"5d8f0241ec5f6681dd7c55813a2693f9d07b0739","messageTitle":"Fix Checkstyle","messageBody":"","fileTypesAndContributionMap":{"functional-code":{"insertions":3,"deletions":3}}},{"hash":"8ad81cb3229825640bcabe6ebd3ee7e2ad14fd48","messageTitle":"Updated PPP","messageBody":"","fileTypesAndContributionMap":{"docs":{"insertions":28,"deletions":25}}},{"hash":"c6aba55f4c42d544d7ba197c29353070451c0bfe","messageTitle":"Fix based on PR review","messageBody":"","fileTypesAndContributionMap":{"functional-code":{"insertions":6,"deletions":6},"test-code":{"insertions":6,"deletions":6}}},{"hash":"dccd68a08f38488b833a3ba96f1e774fb76e3bdb","messageTitle":"smt random","messageBody":"","fileTypesAndContributionMap":{"functional-code":{"insertions":1,"deletions":1}}},{"hash":"487b066e949fe67f169b0f3a8a8f88bd2bd596bf","messageTitle":"Made changes based on PR review","messageBody":"","fileTypesAndContributionMap":{"functional-code":{"insertions":2,"deletions":3},"test-code":{"insertions":4,"deletions":6}}}]},{"date":"2021-11-05","commitResults":[{"hash":"ab2180c788cdcb3cabd72a1a60b1bccd765d4190","messageTitle":"Fix bug with clear command","messageBody":"","fileTypesAndContributionMap":{"functional-code":{"insertions":49,"deletions":17},"test-code":{"insertions":11,"deletions":10}}}]},{"date":"2021-11-06","commitResults":[{"hash":"fe8b4da0ace19cd250162cc754f83273c80bc89b","messageTitle":"Add test case","messageBody":"","fileTypesAndContributionMap":{"test-code":{"insertions":1,"deletions":0}}},{"hash":"762cfba513fec1f8c654bd3585dd2351b4916d2c","messageTitle":"Fix spelling mistakes and typos","messageBody":"","fileTypesAndContributionMap":{"docs":{"insertions":7,"deletions":7}}}]}],"tenebrius1":[{"date":"2021-09-20","commitResults":[{"hash":"2158d8e9a180c9fef51805ba1e2c7a06f776ddd4","messageTitle":"Update GitHub actions status badge","messageBody":"","fileTypesAndContributionMap":{"docs":{"insertions":1,"deletions":1}}}]},{"date":"2021-09-21","commitResults":[{"hash":"937f3917f2dc5eb63606ef577412b1e1b9a9314b","messageTitle":"Add User Stories to Developer Guide","messageBody":"","fileTypesAndContributionMap":{"docs":{"insertions":26,"deletions":374}}},{"hash":"cc28d96481ba1123bf9671d2b7fd88374461d233","messageTitle":"Update image path","messageBody":"","fileTypesAndContributionMap":{"docs":{"insertions":6,"deletions":6}}},{"hash":"66c4afb527baadad12dff9863e84e97b7729e7c3","messageTitle":"Update various documentations","messageBody":"","fileTypesAndContributionMap":{"docs":{"insertions":22,"deletions":22}}},{"hash":"cd73e228d4a6260715af0f11af6dfdcf4216fbbf","messageTitle":"Fix minor documentation issues","messageBody":"","fileTypesAndContributionMap":{"docs":{"insertions":3,"deletions":3}}}]},{"date":"2021-10-06","commitResults":[{"hash":"067d1d5fca69ba87485396a8df88e0bfa2b28c96","messageTitle":"Modify FindCommand to handle student and tutors","messageBody":"Also fixed most checkstyle errors in all the files.\n","fileTypesAndContributionMap":{"functional-code":{"insertions":128,"deletions":61},"test-code":{"insertions":223,"deletions":87}}},{"hash":"6c4c243e447022f3afee266624f9375264351e5a","messageTitle":"Fix compile errors after merging","messageBody":"","fileTypesAndContributionMap":{"functional-code":{"insertions":3,"deletions":23},"test-code":{"insertions":77,"deletions":48}}},{"hash":"fd617f6c129bd0246ef9606fb4adb83380970602","messageTitle":"Update FindCommandParser.java","messageBody":"Co-authored-by: Kleon Ang \u003ckleonang@gmail.com\u003e","fileTypesAndContributionMap":{"functional-code":{"insertions":1,"deletions":1}}}]},{"date":"2021-10-07","commitResults":[{"hash":"157a3e61761f4a8fe7805acf258915561379d98e","messageTitle":"Remove unnecessary second parameter in getAddCommand()","messageBody":"","fileTypesAndContributionMap":{"test-code":{"insertions":4,"deletions":8}}},{"hash":"50343f658373d2d9e2d61f55ff1dfa3f7234fb23","messageTitle":"Fix failing test cases in model package","messageBody":"","fileTypesAndContributionMap":{"functional-code":{"insertions":6,"deletions":7},"test-code":{"insertions":38,"deletions":40}}},{"hash":"9714edb4259f3380e8b83dcdf78b3e363238716a","messageTitle":"Uncomment test cases","messageBody":"","fileTypesAndContributionMap":{"test-code":{"insertions":11,"deletions":8}}},{"hash":"70d3c195632fe34d96336b101caa63569e93d517","messageTitle":"Fix issues flagged by review","messageBody":"","fileTypesAndContributionMap":{"functional-code":{"insertions":0,"deletions":1},"test-code":{"insertions":26,"deletions":23}}}]},{"date":"2021-10-11","commitResults":[{"hash":"9ec474d543a4ed4d71a5372d1c55879adb0a276c","messageTitle":"Update UI to match mockup","messageBody":"","fileTypesAndContributionMap":{"functional-code":{"insertions":92,"deletions":64}}},{"hash":"9f29b2f78c9d134ba3a1e695765fbc9873bf09c7","messageTitle":"Rename variable in HelpWindow.java","messageBody":"","fileTypesAndContributionMap":{"functional-code":{"insertions":3,"deletions":5}}}]},{"date":"2021-10-12","commitResults":[{"hash":"56d3e7479f932b82f63672ee6051f1be73f98ccd","messageTitle":"Update README.md","messageBody":"","fileTypesAndContributionMap":{"docs":{"insertions":1,"deletions":0}}},{"hash":"8ea983a5f4d405a08391b49c2f7840c20b02c294","messageTitle":"Minor UI improvements","messageBody":"","fileTypesAndContributionMap":{"functional-code":{"insertions":21,"deletions":13},"docs":{"insertions":1,"deletions":1},"test-code":{"insertions":0,"deletions":1}}},{"hash":"5604dce7479e5de2aff84abc5b0393763a187c1a","messageTitle":"Improve test coverage","messageBody":"","fileTypesAndContributionMap":{"functional-code":{"insertions":1,"deletions":37},"test-code":{"insertions":170,"deletions":21}}}]},{"date":"2021-10-13","commitResults":[{"hash":"e005a699d44605a46c0855b0dd6c91fa7ad60ed9","messageTitle":"Change title to CLITutors","messageBody":"","fileTypesAndContributionMap":{"functional-code":{"insertions":1,"deletions":1}}},{"hash":"08214e8a0f5bd04c130662c6c6d298f1fefb24b8","messageTitle":"Change UI colourscheme","messageBody":"","fileTypesAndContributionMap":{"functional-code":{"insertions":49,"deletions":20}}}]},{"date":"2021-10-16","commitResults":[{"hash":"6c5c6ac4af699d26241340a90dd4fadd33f3a532","messageTitle":"Enable assertions in gradle","messageBody":"","fileTypesAndContributionMap":{"other":{"insertions":4,"deletions":0}}}]},{"date":"2021-10-17","commitResults":[{"hash":"56aa99b610fc4460cb19f85838499d48ae9756d5","messageTitle":"Update ArchitectureDiagram and LogicClassDiagram","messageBody":"","fileTypesAndContributionMap":{"functional-code":{"insertions":2,"deletions":24},"docs":{"insertions":29,"deletions":8}}}]},{"date":"2021-10-18","commitResults":[{"hash":"fd0c64ad11501c9abb8f3ce8c8a549ee941091df","messageTitle":"Expand find command functionality","messageBody":"","fileTypesAndContributionMap":{"functional-code":{"insertions":243,"deletions":26},"test-code":{"insertions":288,"deletions":34}}},{"hash":"0e3ed030915e2981f5b9fe3c9746ba0a4c3bcf5f","messageTitle":"Fix checkstyle errors","messageBody":"","fileTypesAndContributionMap":{"test-code":{"insertions":3,"deletions":1}}}]},{"date":"2021-10-19","commitResults":[{"hash":"82828517b8988bf570b3fd857bc88a4f3ea850c2","messageTitle":"Fix issues flagged by PR review","messageBody":"","fileTypesAndContributionMap":{"functional-code":{"insertions":51,"deletions":28}}}]},{"date":"2021-10-20","commitResults":[{"hash":"92cb67f24dfef5a6842b6aab043989c4f6545a74","messageTitle":"Fix TOC","messageBody":"","fileTypesAndContributionMap":{"docs":{"insertions":1,"deletions":1}}},{"hash":"afa8beb819aea856a6f861db8c7aa0fd7ee1f373","messageTitle":"Fix TOC","messageBody":"","fileTypesAndContributionMap":{"docs":{"insertions":1,"deletions":0}}},{"hash":"497da68c9a9c00ad99c2f4d35ebd5fe162ec3380","messageTitle":"Update User Guide","messageBody":"","fileTypesAndContributionMap":{"functional-code":{"insertions":10,"deletions":5},"docs":{"insertions":150,"deletions":52}}}]},{"date":"2021-10-21","commitResults":[{"hash":"41ebdd556d28b18c2a3669c58c15dda9c60482a5","messageTitle":"Fix checkstyle","messageBody":"","fileTypesAndContributionMap":{"docs":{"insertions":7,"deletions":7}}},{"hash":"0a5010265e644872fd9a1b7174f7859b0f82fa8e","messageTitle":"Fix checkstyle","messageBody":"","fileTypesAndContributionMap":{"docs":{"insertions":1,"deletions":1}}},{"hash":"ced3915a2380e957f59d6a0b2fcca136230b3fbd","messageTitle":"Fix checkstyle after merging","messageBody":"","fileTypesAndContributionMap":{"docs":{"insertions":4,"deletions":6}}},{"hash":"ad60d6211aab294641ef6dd4c9582097be8c301e","messageTitle":"Make formatting consistent","messageBody":"","fileTypesAndContributionMap":{"docs":{"insertions":35,"deletions":7}}},{"hash":"a1dbd0f3794df2d033c4c68c62461269ea407386","messageTitle":"Fix issues flagged by PR review","messageBody":"","fileTypesAndContributionMap":{"docs":{"insertions":10,"deletions":7}}},{"hash":"74ba7edd09f532f4beb3b7e6a74c4902c0532e45","messageTitle":"Add implemetation details for Find Command","messageBody":"","fileTypesAndContributionMap":{"functional-code":{"insertions":1,"deletions":7},"docs":{"insertions":110,"deletions":0}}},{"hash":"8228bf275183cdf56986e215ec16f72f88f5738c","messageTitle":"Add design considerations","messageBody":"","fileTypesAndContributionMap":{"docs":{"insertions":14,"deletions":2}}}]},{"date":"2021-10-22","commitResults":[{"hash":"76c2b695c27980eecd83d699bad40b067c548422","messageTitle":"Fix issues flagged by PR review","messageBody":"","fileTypesAndContributionMap":{"docs":{"insertions":34,"deletions":20}}},{"hash":"f71d13986445f16bfb1eac4d4d27eafd79b8c0dd","messageTitle":"Change case of \u0027User\u0027","messageBody":"","fileTypesAndContributionMap":{"docs":{"insertions":9,"deletions":8}}},{"hash":"52c8befa684fbb696da53988f447540ec32e9e5a","messageTitle":"Standardize header","messageBody":"","fileTypesAndContributionMap":{"docs":{"insertions":2,"deletions":2}}}]},{"date":"2021-10-23","commitResults":[{"hash":"41518d57eca719c6e2a418124e41b643a4d2a114","messageTitle":"Add button outline","messageBody":"","fileTypesAndContributionMap":{"functional-code":{"insertions":68,"deletions":32}}},{"hash":"faca16eaec7b009b1c788e978b1c43c5c77e4c50","messageTitle":"Synchronize syntax","messageBody":"","fileTypesAndContributionMap":{"docs":{"insertions":28,"deletions":32}}},{"hash":"27967480bff0a5e47da305d20deea3afc7158b46","messageTitle":"Add send command button to Ui","messageBody":"","fileTypesAndContributionMap":{"functional-code":{"insertions":17,"deletions":13}}},{"hash":"efd255594147ff4f9420a6ae8ed90eb4ea4ff730","messageTitle":"Fix issues flagged by PR review","messageBody":"","fileTypesAndContributionMap":{"docs":{"insertions":1,"deletions":1}}}]},{"date":"2021-10-29","commitResults":[{"hash":"03ddae39692f46c3886e16a6f46d338de05d2791","messageTitle":"Fix documentations","messageBody":"","fileTypesAndContributionMap":{"functional-code":{"insertions":1,"deletions":1},"docs":{"insertions":24,"deletions":24},"test-code":{"insertions":14,"deletions":14}}},{"hash":"e7b6183272742e034478c86295ad083384928b01","messageTitle":"Fix documentations","messageBody":"","fileTypesAndContributionMap":{"docs":{"insertions":9,"deletions":8}}},{"hash":"59f5e34755d50818e46ee1a694e64353b9ff11f4","messageTitle":"Update documentation","messageBody":"","fileTypesAndContributionMap":{"docs":{"insertions":41,"deletions":42}}}]},{"date":"2021-10-31","commitResults":[{"hash":"9c45031216c0f5b24c4e6dbd7e11f50e24a485d6","messageTitle":"Fix bugs, add tests, update documentation","messageBody":"","fileTypesAndContributionMap":{"functional-code":{"insertions":38,"deletions":26},"docs":{"insertions":8,"deletions":2},"test-code":{"insertions":141,"deletions":62}}}]},{"date":"2021-11-02","commitResults":[{"hash":"ed7e3071abc792f215f63da462a5795361d9460e","messageTitle":"Update manual testing section for Find Command","messageBody":"","fileTypesAndContributionMap":{"functional-code":{"insertions":15,"deletions":0},"docs":{"insertions":51,"deletions":5}}}]},{"date":"2021-11-03","commitResults":[{"hash":"3afb7ad91872ec03392877eee3d997c87fc7d78b","messageTitle":"Update test and give credit for code reuse","messageBody":"","fileTypesAndContributionMap":{"docs":{"insertions":1,"deletions":0},"test-code":{"insertions":18,"deletions":0}}}]},{"date":"2021-11-04","commitResults":[{"hash":"c9fee055dfa798c4be2ea027249c973f412891c5","messageTitle":"Update UI to wrap remark and name","messageBody":"","fileTypesAndContributionMap":{"functional-code":{"insertions":16,"deletions":15}}},{"hash":"522d91b8d2251d14601265ac95396f545043bb31","messageTitle":"Auto expand all dropdown in UG","messageBody":"","fileTypesAndContributionMap":{"docs":{"insertions":9,"deletions":9}}},{"hash":"a8e06d7a6a01a0a00452db180c36397bdbcc63b7","messageTitle":"Update PPP","messageBody":"","fileTypesAndContributionMap":{"docs":{"insertions":33,"deletions":34}}},{"hash":"60d7bfbeba61b10a5289dd07880ec5953dfc2524","messageTitle":"Update based on PR review","messageBody":"","fileTypesAndContributionMap":{"docs":{"insertions":1,"deletions":1}}}]},{"date":"2021-11-05","commitResults":[{"hash":"aeae3428cd979ff33dd492d08c0dc843438e722f","messageTitle":"Fix internal testing bugs","messageBody":"","fileTypesAndContributionMap":{"functional-code":{"insertions":1,"deletions":1},"docs":{"insertions":2,"deletions":2}}}]},{"date":"2021-11-06","commitResults":[{"hash":"9e942fba5a2a75cfc64827396679db7517945147","messageTitle":"Update DG","messageBody":"","fileTypesAndContributionMap":{"functional-code":{"insertions":1,"deletions":1},"docs":{"insertions":133,"deletions":113}}}]}],"Lemonsr":[{"date":"2021-09-20","commitResults":[{"hash":"81e05dac2adefe6cd8fb9ecc807c4c69cdda0230","messageTitle":"Update README.md","messageBody":"","fileTypesAndContributionMap":{"docs":{"insertions":12,"deletions":10}}}]},{"date":"2021-09-21","commitResults":[{"hash":"cd673fbef58f01387cb563384142cf9ec94b6fa3","messageTitle":"Update Developer Guide","messageBody":"","fileTypesAndContributionMap":{"docs":{"insertions":26,"deletions":0}}},{"hash":"03882cd621452d05aaa3bb4e3acdf1e15b56f342","messageTitle":"Update Dev Guide","messageBody":"","fileTypesAndContributionMap":{"docs":{"insertions":1,"deletions":0}}}]},{"date":"2021-10-05","commitResults":[{"hash":"1e83caec0bf74fcb082f3e69aa829b72885c1005","messageTitle":"Add parsePersonType method","messageBody":"","fileTypesAndContributionMap":{"functional-code":{"insertions":19,"deletions":0}}},{"hash":"095b38f14e03f18711d5862e8ed56e20b6b619a9","messageTitle":"Update DeleteCommand to execute commands depending on tutor/student specification","messageBody":"","fileTypesAndContributionMap":{"functional-code":{"insertions":47,"deletions":18}}},{"hash":"3c2c8ef1948685ae76d507f109bb4b24bd5ba2b5","messageTitle":"Fix method declaration for parsePersonType","messageBody":"","fileTypesAndContributionMap":{"functional-code":{"insertions":1,"deletions":1}}},{"hash":"a10a51ffb2fc9e9e614c15c50eb052a40e8d730a","messageTitle":"Update DeleteCommandParser to check whether to delete from tutor/student list","messageBody":"","fileTypesAndContributionMap":{"functional-code":{"insertions":2,"deletions":1}}}]},{"date":"2021-10-06","commitResults":[{"hash":"9788f29a8daa56ab7019663840cde03027136144","messageTitle":"StudentUtil class: add PersonUtil call to return statements","messageBody":"Without the PersonUtil parent call, the methods are recursive.\n\nThen, the method would not function correctly.\n\nLet\u0027s add PersonUtil call to the .get methods.\n\nThis way, the .getAddCommand() method of StudentUtil does not call\nitself accidentally instead of calling the .getAddCommand() method of\nPersonUtil.\n","fileTypesAndContributionMap":{"test-code":{"insertions":2,"deletions":2}}},{"hash":"f5aa5e36dac08f13f34ef97df813e83de0431db8","messageTitle":"Fix syntax bugs","messageBody":"","fileTypesAndContributionMap":{"functional-code":{"insertions":5,"deletions":4}}},{"hash":"abd0a86a7eb1ca92d597a01139ed8973abe3da8c","messageTitle":"Update DeleteCommandTest with relevant test cases","messageBody":"","fileTypesAndContributionMap":{"functional-code":{"insertions":4,"deletions":1},"test-code":{"insertions":102,"deletions":45}}},{"hash":"ea801d4784d3a2b2f4cca8e0076dd206e11cf404","messageTitle":"Update DeleteCommandParserTest","messageBody":"","fileTypesAndContributionMap":{"test-code":{"insertions":3,"deletions":1}}},{"hash":"44c5b516e6958d5e77d555e22ba3794df373e5d9","messageTitle":"Fix whitespace and remove unnecessary code","messageBody":"","fileTypesAndContributionMap":{"functional-code":{"insertions":1,"deletions":6}}},{"hash":"e867f6d0b3e4e9c9a717e26eb33419e81c14d992","messageTitle":"Remove unnecessary break statements and change person texts to tutor/student texts","messageBody":"","fileTypesAndContributionMap":{"functional-code":{"insertions":8,"deletions":8}}}]},{"date":"2021-10-08","commitResults":[{"hash":"044572679b1df42595705603d87451d7a1e63ab3","messageTitle":"Fix some CommandTest bugs and fix formatting","messageBody":"","fileTypesAndContributionMap":{"functional-code":{"insertions":4,"deletions":22},"test-code":{"insertions":70,"deletions":45}}},{"hash":"cdbcde7941241b1866109cc459fbb8d8476184a0","messageTitle":"Fix partial test cases for FindCommandTest","messageBody":"","fileTypesAndContributionMap":{"functional-code":{"insertions":20,"deletions":6},"test-code":{"insertions":15,"deletions":27}}}]},{"date":"2021-10-09","commitResults":[{"hash":"16b000217921e8c4f1466e3ca23819f5cfe32c08","messageTitle":"Fix FindCommand tests","messageBody":"* Fix multiple tutors and students found test cases\n* Remove parser test cases as they belong in FindCommandParserTest\n","fileTypesAndContributionMap":{"test-code":{"insertions":15,"deletions":37}}},{"hash":"3ec4049d3d29b8ee9cfd0d3e46592b2d3b419df6","messageTitle":"Replace Tutor and Student builder with correct default tutor and student","messageBody":"","fileTypesAndContributionMap":{"test-code":{"insertions":32,"deletions":9}}},{"hash":"e63786c03b54bac66b7759b7ce42907fb72908a0","messageTitle":"Fix stylecheck errors","messageBody":"","fileTypesAndContributionMap":{"functional-code":{"insertions":0,"deletions":2},"test-code":{"insertions":2,"deletions":11}}}]},{"date":"2021-10-10","commitResults":[{"hash":"d4b736aeee6635a68ee18658126062ed900b9744","messageTitle":"Refactor student/tutor letter strings as variables in CommandTestUtil class","messageBody":"There are several methods that make repeated use of \"s\", \" s\" and \" s \"\nstrings for students (and similarly, for tutors). The level of\nabstraction in those methods for other strings is one level higher than\nfor the student/tutor letter strings. This is weak SLAP.\n\nAbstracting out the student/tutor strings improves SLAP and makes the\ncode more maintainable and readable.\n\nTo do that, let\u0027s extract out the strings into a variable in\nCommandTestUtil like the other strings for better consistency.\n","fileTypesAndContributionMap":{"test-code":{"insertions":24,"deletions":14}}},{"hash":"822cbf86973db27dc377b9e0ebd083e660adbd6d","messageTitle":"Remove unused FindCommandParserStub","messageBody":"","fileTypesAndContributionMap":{"test-code":{"insertions":0,"deletions":24}}},{"hash":"ff127fde27f15cfba81e1a480bb69c5309bd90e5","messageTitle":"Remove magic numbers and fix checkstyle","messageBody":"","fileTypesAndContributionMap":{"test-code":{"insertions":7,"deletions":6}}},{"hash":"df9d35e8a1fb58ed77f82087f9ae2ee95a4092f2","messageTitle":"Update ParserUtil testcases to throw ParseException not NullPointerException","messageBody":"","fileTypesAndContributionMap":{"test-code":{"insertions":8,"deletions":8}}},{"hash":"bedc6b64437855e205cd5781104a65915f1cb4fa","messageTitle":"Fix remaining command tests","messageBody":"","fileTypesAndContributionMap":{"test-code":{"insertions":4,"deletions":4}}}]},{"date":"2021-10-11","commitResults":[{"hash":"8e4a6fb523536399c7121d698fe769975fe58da7","messageTitle":"Update User Guide","messageBody":"","fileTypesAndContributionMap":{"docs":{"insertions":23,"deletions":2}}}]},{"date":"2021-10-17","commitResults":[{"hash":"1fd7f8565b6f21254dd740528486e1cd44cffed2","messageTitle":"Update app icon to match tutor theme","messageBody":"","fileTypesAndContributionMap":{"functional-code":{"insertions":1,"deletions":1},"test-code":{"insertions":1,"deletions":1}}},{"hash":"6065900e42fc15f220bf5c5c19978baea6baf237","messageTitle":"Update app icon to match tutor theme","messageBody":"","fileTypesAndContributionMap":{"functional-code":{"insertions":1,"deletions":1}}},{"hash":"f9e496a0c219165d745e29b2bd5b62261f6fe4dd","messageTitle":"Change font size and make minor color adjustments","messageBody":"","fileTypesAndContributionMap":{"functional-code":{"insertions":15,"deletions":18}}},{"hash":"7a324432d08be6527103585736ebe73a5d752b0a","messageTitle":"Add available commands and tags list to help page of application","messageBody":"","fileTypesAndContributionMap":{"functional-code":{"insertions":281,"deletions":11}}}]},{"date":"2021-10-19","commitResults":[{"hash":"06c36d264e0b1e257aa5945a2aac1a06f6346b05","messageTitle":"Split clear command into tutors and students","messageBody":"","fileTypesAndContributionMap":{"functional-code":{"insertions":122,"deletions":14},"test-code":{"insertions":96,"deletions":7}}},{"hash":"6467e28dc0d2936265c6b55df30dd44f04b4057b","messageTitle":"Split List Command into tutors and students","messageBody":"","fileTypesAndContributionMap":{"functional-code":{"insertions":70,"deletions":9},"test-code":{"insertions":53,"deletions":8}}},{"hash":"9dc82c850b2c2521f7ed5b926a2a0745beefb4c8","messageTitle":"Update User Guide","messageBody":"","fileTypesAndContributionMap":{"docs":{"insertions":17,"deletions":13}}}]},{"date":"2021-10-20","commitResults":[{"hash":"30d69ac3bf9b333163f19dee43a33815744f2846","messageTitle":"Fix sentence in User Guide","messageBody":"","fileTypesAndContributionMap":{"docs":{"insertions":1,"deletions":1}}},{"hash":"68466ab1481b54f55e93be7f82b3e431c2277b73","messageTitle":"Fix issue based on PR review","messageBody":"","fileTypesAndContributionMap":{"functional-code":{"insertions":0,"deletions":1}}},{"hash":"509588c7cea424cc7004c6b866a1dbe46e3fa111","messageTitle":"Update Ui Class Diagram","messageBody":"","fileTypesAndContributionMap":{"docs":{"insertions":8,"deletions":9}}},{"hash":"7ca355fc627d1676fa98449017be65103e0b2838","messageTitle":"Update Developer Guide","messageBody":"","fileTypesAndContributionMap":{"docs":{"insertions":82,"deletions":3}}}]},{"date":"2021-10-21","commitResults":[{"hash":"b204ca74cbcca230f90fe5d6ebd4cbe12e279520","messageTitle":"Update Developer Guide for Table of Contents","messageBody":"","fileTypesAndContributionMap":{"docs":{"insertions":23,"deletions":22}}},{"hash":"1f6721ecdbab2d184930c6484013cb5c829dd4be","messageTitle":"Update Developer Guide Use Cases","messageBody":"","fileTypesAndContributionMap":{"docs":{"insertions":24,"deletions":24}}},{"hash":"8eba8f5c9bea342e88323d00ed9057eb7c5d66bf","messageTitle":"Add statements to components in Developer Guide","messageBody":"","fileTypesAndContributionMap":{"docs":{"insertions":17,"deletions":10}}},{"hash":"ef32f1752aee479a7c0501c040fdc79999104286","messageTitle":"Add headers to Developer Guide","messageBody":"","fileTypesAndContributionMap":{"docs":{"insertions":20,"deletions":0}}},{"hash":"e4dbf64e9a158c1b71d8b27849663bad0d4b8697","messageTitle":"Split add and delete feature","messageBody":"","fileTypesAndContributionMap":{"docs":{"insertions":5,"deletions":1}}},{"hash":"f093d8abf30dd2bb59f86bd4de6e29f61c571327","messageTitle":"Make changes based on feedback","messageBody":"","fileTypesAndContributionMap":{"docs":{"insertions":18,"deletions":9}}}]},{"date":"2021-10-22","commitResults":[{"hash":"3e7426753dbb3664dc210d300b574063ee95404e","messageTitle":"Update Developer Guide with Delete Command implementation","messageBody":"","fileTypesAndContributionMap":{"docs":{"insertions":152,"deletions":9}}},{"hash":"0a0b61c1a3ecb358081e92cd1348571a1b35d98a","messageTitle":"Fix build errors","messageBody":"","fileTypesAndContributionMap":{"docs":{"insertions":3,"deletions":67}}}]},{"date":"2021-10-23","commitResults":[{"hash":"9af2175c0748a99d9f6c0fa9e995bc9e4ec8e7ff","messageTitle":"Update Developer Guide","messageBody":"","fileTypesAndContributionMap":{"docs":{"insertions":24,"deletions":41}}},{"hash":"59485ec48551e449938c18b0201902eb52e481dd","messageTitle":"Update Developer Guide based on PR review","messageBody":"","fileTypesAndContributionMap":{"docs":{"insertions":0,"deletions":3}}},{"hash":"5e2f61af05d436e87a85f862710fa6601e81b9c2","messageTitle":"Update Developer Guide based on PR review","messageBody":"","fileTypesAndContributionMap":{"docs":{"insertions":0,"deletions":3}}}]},{"date":"2021-10-26","commitResults":[{"hash":"a98aaa2cb0784d58b31614790b325662ed611c26","messageTitle":"Update UserGuide.md","messageBody":"","fileTypesAndContributionMap":{"docs":{"insertions":1,"deletions":1}}},{"hash":"ba23d6b3c1ebc9c5b4fde5da0494490b434d5da4","messageTitle":"Fix minor Markdown issue","messageBody":"","fileTypesAndContributionMap":{"docs":{"insertions":5,"deletions":5}}}]},{"date":"2021-10-29","commitResults":[{"hash":"fc0d4dae21c7864c32da7132c6465e2649f1b150","messageTitle":"Refactor AddressBook name to CliTutors","messageBody":"","fileTypesAndContributionMap":{"functional-code":{"insertions":169,"deletions":169},"other":{"insertions":167,"deletions":167},"docs":{"insertions":190,"deletions":190},"test-code":{"insertions":307,"deletions":307}}},{"hash":"32ab651ed8b422716753ab0138780ba55f8c8129","messageTitle":"Update puml diagrams","messageBody":"","fileTypesAndContributionMap":{"functional-code":{"insertions":1,"deletions":1}}},{"hash":"360e5e7f54af72b63e86921cb9666f49e22654f1","messageTitle":"Update changes based on PR review","messageBody":"","fileTypesAndContributionMap":{"functional-code":{"insertions":2,"deletions":2},"docs":{"insertions":15,"deletions":15}}}]},{"date":"2021-10-31","commitResults":[{"hash":"d686a2091416bbfd4dec87cd9d1b5777b4ea0634","messageTitle":"Update User Guide for v1.4","messageBody":"","fileTypesAndContributionMap":{"docs":{"insertions":57,"deletions":33}}},{"hash":"b5f29324c140b77b05826fca7175a83a82f1de38","messageTitle":"Update naming conventions in Developer Guide","messageBody":"","fileTypesAndContributionMap":{"docs":{"insertions":27,"deletions":29}}},{"hash":"7431a733cfefb5d2151c1b2b63164d193b282222","messageTitle":"Fix help window and improve design","messageBody":"","fileTypesAndContributionMap":{"functional-code":{"insertions":94,"deletions":14}}},{"hash":"5df99782cd3abe3073a229d6eb224ddf2d0fe9a6","messageTitle":"Reformat s/t to t/s","messageBody":"","fileTypesAndContributionMap":{"functional-code":{"insertions":1,"deletions":1}}}]},{"date":"2021-11-02","commitResults":[{"hash":"f3b74103e43a7ff4ee9f3c32b8106b7e58554490","messageTitle":"Improve error message for invalid indices in delete command and add test cases","messageBody":"","fileTypesAndContributionMap":{"functional-code":{"insertions":27,"deletions":11},"docs":{"insertions":0,"deletions":6},"test-code":{"insertions":55,"deletions":2}}},{"hash":"228da80894b78613858cb0c2171eddaac2383af9","messageTitle":"Remove incorrect line from UG","messageBody":"","fileTypesAndContributionMap":{"docs":{"insertions":1,"deletions":1}}}]},{"date":"2021-11-04","commitResults":[{"hash":"0f693cd0a7111720dc08e997765dd9c3aa9c333b","messageTitle":"Update user stories","messageBody":"","fileTypesAndContributionMap":{"docs":{"insertions":3,"deletions":8}}},{"hash":"3ae40fbef7786995d2941127301dd1e89969892b","messageTitle":"Update manual testing for delete command and update Labelled Ui image","messageBody":"","fileTypesAndContributionMap":{"docs":{"insertions":40,"deletions":35}}},{"hash":"75caf0285d89c436d3432d1bad537f048bddbcc3","messageTitle":"Update PPP","messageBody":"","fileTypesAndContributionMap":{"docs":{"insertions":37,"deletions":39}}},{"hash":"23606fd66ef55db0baf830844ba0b30c6fcceb14","messageTitle":"Fix EOF and trailing whitespace","messageBody":"","fileTypesAndContributionMap":{"docs":{"insertions":3,"deletions":2}}},{"hash":"3b4528539701a565eb706148a5ff3310d06f3d6a","messageTitle":"Fix checkstyle","messageBody":"","fileTypesAndContributionMap":{"docs":{"insertions":0,"deletions":1}}},{"hash":"7b066bc3b65680f7924e1f62865973e2e7b2a883","messageTitle":"Update UG","messageBody":"","fileTypesAndContributionMap":{"docs":{"insertions":2,"deletions":2}}},{"hash":"1a26970ac71f78de93b65468f967c8227ba3e9b9","messageTitle":"Update PPP","messageBody":"","fileTypesAndContributionMap":{"docs":{"insertions":36,"deletions":26}}},{"hash":"300c8a884f6510a786e7f265608b1f988e698e46","messageTitle":"Update PPP","messageBody":"","fileTypesAndContributionMap":{"docs":{"insertions":8,"deletions":11}}}]},{"date":"2021-11-06","commitResults":[{"hash":"8d8bf6ad7abeabc7a231c0568c0884dc253a52ad","messageTitle":"Update UG as a team","messageBody":"","fileTypesAndContributionMap":{"docs":{"insertions":22,"deletions":23}}},{"hash":"329faa307cb2a637df9f20c8d9c1c653848d6741","messageTitle":"Update link","messageBody":"","fileTypesAndContributionMap":{"docs":{"insertions":1,"deletions":1}}}]}]},"authorFileTypeContributionMap":{"kleonang":{"docs":316,"functional-code":1256,"test-code":1791},"knotstoks":{"docs":455,"functional-code":292,"test-code":619},"zihaooo9":{"docs":287,"functional-code":948,"test-code":1094},"tenebrius1":{"docs":529,"functional-code":608,"test-code":799,"other":3},"Lemonsr":{"docs":499,"functional-code":825,"test-code":757,"other":1}},"authorContributionVariance":{"kleonang":222055.25,"knotstoks":26396.46,"zihaooo9":19143.502,"tenebrius1":22066.559,"Lemonsr":61500.92},"authorDisplayNameMap":{"kleonang":"CS2103T-T17-2 KLEO..RONG","knotstoks":"CS2103T-T17-2 KENN.. WEI","zihaooo9":"CS2103T-T17-2 CHNG.. HAO","tenebrius1":"CS2103T-T17-2 TAN ..GUAN","Lemonsr":"CS2103T-T17-2 LIAW.. YAN"}}
