{"authorDailyContributionsMap":{"kleonang":[{"date":"2021-09-21","commitResults":[{"hash":"85a05f8576e249e66ee5c6f435c744a933d0cd64","messageTitle":"Add UC01 to UC05","messageBody":"","fileTypesAndContributionMap":{"docs":{"insertions":74,"deletions":0}}}]},{"date":"2021-09-25","commitResults":[{"hash":"aaa2e5180c04698232a392c6d7c0800be09e07ac","messageTitle":"Add MSS to UC01 to UC04","messageBody":"","fileTypesAndContributionMap":{"docs":{"insertions":8,"deletions":0}}}]},{"date":"2021-09-30","commitResults":[{"hash":"72503edeefb2e4224ed53f72ad321ec9ec040c96","messageTitle":"Remove Email and Address, Add Gender","messageBody":"","fileTypesAndContributionMap":{"functional-code":{"insertions":129,"deletions":279},"test-code":{"insertions":136,"deletions":406}}},{"hash":"10dfb223221d561c45bac0561a0dd0f55fcdc82d","messageTitle":"Create Student, Tutor and Qualification classes","messageBody":"","fileTypesAndContributionMap":{"functional-code":{"insertions":165,"deletions":1}}}]},{"date":"2021-10-01","commitResults":[{"hash":"32aa76fe38bbe61a2059e850fa2507087bbf1e01","messageTitle":"Split Person-related classes into Tutors and Students","messageBody":"","fileTypesAndContributionMap":{"functional-code":{"insertions":826,"deletions":295},"other":{"insertions":44,"deletions":23},"test-code":{"insertions":833,"deletions":334}}},{"hash":"95e0f5c461df4c587139d755be7ab8021fb845ae","messageTitle":"Replace wildcard imports","messageBody":"","fileTypesAndContributionMap":{"functional-code":{"insertions":9,"deletions":2},"test-code":{"insertions":51,"deletions":6}}},{"hash":"8784e647b2f5cf25460cd9ef7a65a2e5bfa9ac15","messageTitle":"Fix tests that fail due to split Person-related classes","messageBody":"","fileTypesAndContributionMap":{"functional-code":{"insertions":8,"deletions":6},"test-code":{"insertions":351,"deletions":222}}}]},{"date":"2021-10-06","commitResults":[{"hash":"15faa4584101521d77ab9a4baf2908373606c843","messageTitle":"Make StudentUtil and TutorUtil inherit from PersonUtil","messageBody":"","fileTypesAndContributionMap":{"functional-code":{"insertions":13,"deletions":2},"test-code":{"insertions":81,"deletions":8}}}]},{"date":"2021-10-07","commitResults":[{"hash":"9e940e03bd0d0565bb3917ec5efb59e3f17468fb","messageTitle":"Integrate edit functionality and make application compile","messageBody":"","fileTypesAndContributionMap":{"functional-code":{"insertions":255,"deletions":74},"other":{"insertions":9,"deletions":9},"test-code":{"insertions":600,"deletions":216}}},{"hash":"62e0e673d1190fa5ee9d6663132a11e68c3e4884","messageTitle":"Abstract out long methods in EditCommand and EditCommandParser","messageBody":"","fileTypesAndContributionMap":{"functional-code":{"insertions":138,"deletions":89}}}]}],"knotstoks":[{"date":"2021-09-20","commitResults":[{"hash":"d6c9946926753d841191f3664ac438b08f96d313","messageTitle":"Add About Us page.","messageBody":"","fileTypesAndContributionMap":{"docs":{"insertions":257,"deletions":29}}},{"hash":"7eecebcf003a97bdde56b0fb56b280e006bff736","messageTitle":"Add white line at the end of About Us.","messageBody":"","fileTypesAndContributionMap":{"docs":{"insertions":1,"deletions":1}}},{"hash":"e2a95a2e98c183934926642ede4051fe96f33191","messageTitle":"Fix file path","messageBody":"","fileTypesAndContributionMap":{"docs":{"insertions":3,"deletions":8}}},{"hash":"35efe35acdbf2df6de0f76903af1488e37d9af2d","messageTitle":"Fix profile picture name path","messageBody":"","fileTypesAndContributionMap":{"docs":{"insertions":2,"deletions":2}}},{"hash":"adacdbddb196f8b444320fd694e94dce490a48d0","messageTitle":"Fix Kleon.md","messageBody":"","fileTypesAndContributionMap":{"docs":{"insertions":0,"deletions":0}}},{"hash":"2eea4fd932258e0cc3017d15da9096d39856b389","messageTitle":"Reformat the About Us","messageBody":"","fileTypesAndContributionMap":{"docs":{"insertions":6,"deletions":6}}},{"hash":"f3b09bab96f1e1ee390b435aba294285e34010b5","messageTitle":"Update README.md","messageBody":"","fileTypesAndContributionMap":{"docs":{"insertions":2,"deletions":2}}},{"hash":"e076f0814dc2981fedbdc65b41e2036638d87d0c","messageTitle":"Update UserGuide.md","messageBody":"","fileTypesAndContributionMap":{"docs":{"insertions":8,"deletions":8}}},{"hash":"6cb455da8b55301b282231b9d89c49029f317be5","messageTitle":"Add Use Cases to Developer\u0027s Guide","messageBody":"","fileTypesAndContributionMap":{"docs":{"insertions":37,"deletions":354}}}]},{"date":"2021-10-05","commitResults":[{"hash":"0f24ad927caff6933524f7b871c018e01e529415","messageTitle":"Split Person into Tutor and Student for AddCommand and AddCommandParser and added a static method in ParserUtil to get the person\u0027s type","messageBody":"","fileTypesAndContributionMap":{"functional-code":{"insertions":97,"deletions":35}}},{"hash":"7c57be1be9ddfa1ca4cb0f99584022b701d3d72a","messageTitle":"Edited tests in AddCommandParserTest to match the implementation of CLITutors","messageBody":"","fileTypesAndContributionMap":{"test-code":{"insertions":89,"deletions":63}}},{"hash":"6086b8ccabd48925ac9faf3289f6a98ab644b393","messageTitle":"Edit tests in AddCommand to match the implementation of CLITutors","messageBody":"","fileTypesAndContributionMap":{"test-code":{"insertions":147,"deletions":46}}},{"hash":"458e1cea7ff40f3b39c7bef85ad7b530bf78cd89","messageTitle":"Replace * imports with specific classes and change implementation of AddCommand to accept a Person and PersonType","messageBody":"","fileTypesAndContributionMap":{"functional-code":{"insertions":45,"deletions":29},"test-code":{"insertions":84,"deletions":48}}},{"hash":"f6178b22c176b43d02e59ea08eaafa4d1c376f28","messageTitle":"Edit LogicManagerTest from * import to specific imports","messageBody":"","fileTypesAndContributionMap":{"test-code":{"insertions":11,"deletions":1}}}]}],"zihaooo9":[{"date":"2021-09-20","commitResults":[{"hash":"12ff5ec0fb0836e3136962692aa7b1c9318e3b2e","messageTitle":"Update User Guide","messageBody":"","fileTypesAndContributionMap":{"docs":{"insertions":128,"deletions":126}}},{"hash":"88b35df2833d8452128c4df2067291fe8504ac77","messageTitle":"Fix errors in User Guide","messageBody":"","fileTypesAndContributionMap":{"docs":{"insertions":28,"deletions":28}}},{"hash":"e9f395de725aaf898990d7f6323bbef9887be647","messageTitle":"Update features in User Guide","messageBody":"","fileTypesAndContributionMap":{"docs":{"insertions":16,"deletions":3}}}]},{"date":"2021-09-21","commitResults":[{"hash":"5ec7e8478c14644951e93b70bb40f9f2bffb8bed","messageTitle":"Update Developer Guide","messageBody":"","fileTypesAndContributionMap":{"docs":{"insertions":17,"deletions":0}}}]},{"date":"2021-09-30","commitResults":[{"hash":"c4b686078787eeca9312a8d02df7858842bf9e09","messageTitle":"Update User Guide","messageBody":"","fileTypesAndContributionMap":{"docs":{"insertions":100,"deletions":23}}},{"hash":"ecf8188c849a9259dd1f43a3a23d70fab3e3a0b8","messageTitle":"Fix typos","messageBody":"","fileTypesAndContributionMap":{"docs":{"insertions":2,"deletions":2}}}]},{"date":"2021-10-06","commitResults":[{"hash":"b08526f97098e08084b41a30c6d0e95e74744ae3","messageTitle":"Modify Tag functionality","messageBody":"","fileTypesAndContributionMap":{"functional-code":{"insertions":102,"deletions":4},"docs":{"insertions":1,"deletions":5},"test-code":{"insertions":12,"deletions":9}}},{"hash":"eab5e559d5ebdb631a19717da0884a6c5430955e","messageTitle":"Remove debugging code","messageBody":"","fileTypesAndContributionMap":{"functional-code":{"insertions":0,"deletions":1}}},{"hash":"df4f46b04e21574bf224e6b527228d6f288054fc","messageTitle":"Update test cases","messageBody":"","fileTypesAndContributionMap":{"test-code":{"insertions":73,"deletions":32}}},{"hash":"6f796b90d46e822b04e0f12dcfa6abbfc3310dbf","messageTitle":"Minor fixes","messageBody":"","fileTypesAndContributionMap":{"functional-code":{"insertions":2,"deletions":0}}}]},{"date":"2021-10-07","commitResults":[{"hash":"1ca356a3a82ee5c43279c14a9d74a008349e3f4f","messageTitle":"Fix some test cases","messageBody":"","fileTypesAndContributionMap":{"functional-code":{"insertions":72,"deletions":85},"test-code":{"insertions":85,"deletions":52}}}]},{"date":"2021-10-08","commitResults":[{"hash":"34ee7cecdb7b0a98e4c9f86b4461e9bb74b99393","messageTitle":"Fix AddCommandParserTest and other minor fixes","messageBody":"","fileTypesAndContributionMap":{"functional-code":{"insertions":10,"deletions":6},"test-code":{"insertions":7,"deletions":6}}},{"hash":"26d6a72d1dc434831ccb6fd126901b58ac0a82c9","messageTitle":"Fix AddressBookParserTest","messageBody":"","fileTypesAndContributionMap":{"functional-code":{"insertions":7,"deletions":6}}},{"hash":"af38617b248397d3002cc67146986da73b6df320","messageTitle":"Fix EditCommandParserTest","messageBody":"","fileTypesAndContributionMap":{"functional-code":{"insertions":6,"deletions":3},"test-code":{"insertions":21,"deletions":16}}},{"hash":"e5e9af5674a102af9955e4fdc93559d1cf49b622","messageTitle":"Remove \"magic\" numbers","messageBody":"","fileTypesAndContributionMap":{"test-code":{"insertions":23,"deletions":11}}},{"hash":"aa68bc74f08fb0e2296dcad84d48207b245d2e04","messageTitle":"Minor fixes to test cases","messageBody":"","fileTypesAndContributionMap":{"functional-code":{"insertions":18,"deletions":3},"test-code":{"insertions":17,"deletions":10}}},{"hash":"5faba6fa8d937f5e1db40e96f64f791f18d5e14d","messageTitle":"Improve code style","messageBody":"","fileTypesAndContributionMap":{"functional-code":{"insertions":5,"deletions":0},"test-code":{"insertions":20,"deletions":8}}},{"hash":"9f763ec11c340b714fb3bc8c95f155ef539f98e0","messageTitle":"Fix merge conflicts","messageBody":"","fileTypesAndContributionMap":{"test-code":{"insertions":2,"deletions":2}}},{"hash":"8dc6173bf9ab0bb09d7641f60b58d031d0cbbb55","messageTitle":"Abstract methods in parse method of EditCommandParser","messageBody":"","fileTypesAndContributionMap":{"functional-code":{"insertions":19,"deletions":11}}}]}],"tenebrius1":[{"date":"2021-09-20","commitResults":[{"hash":"2158d8e9a180c9fef51805ba1e2c7a06f776ddd4","messageTitle":"Update GitHub actions status badge","messageBody":"","fileTypesAndContributionMap":{"docs":{"insertions":1,"deletions":1}}}]},{"date":"2021-09-21","commitResults":[{"hash":"937f3917f2dc5eb63606ef577412b1e1b9a9314b","messageTitle":"Add User Stories to Developer Guide","messageBody":"","fileTypesAndContributionMap":{"docs":{"insertions":26,"deletions":374}}},{"hash":"cc28d96481ba1123bf9671d2b7fd88374461d233","messageTitle":"Update image path","messageBody":"","fileTypesAndContributionMap":{"docs":{"insertions":6,"deletions":6}}},{"hash":"66c4afb527baadad12dff9863e84e97b7729e7c3","messageTitle":"Update various documentations","messageBody":"","fileTypesAndContributionMap":{"docs":{"insertions":22,"deletions":22}}},{"hash":"cd73e228d4a6260715af0f11af6dfdcf4216fbbf","messageTitle":"Fix minor documentation issues","messageBody":"","fileTypesAndContributionMap":{"docs":{"insertions":3,"deletions":3}}}]},{"date":"2021-10-06","commitResults":[{"hash":"067d1d5fca69ba87485396a8df88e0bfa2b28c96","messageTitle":"Modify FindCommand to handle student and tutors","messageBody":"Also fixed most checkstyle errors in all the files.\n","fileTypesAndContributionMap":{"functional-code":{"insertions":128,"deletions":61},"test-code":{"insertions":223,"deletions":87}}},{"hash":"6c4c243e447022f3afee266624f9375264351e5a","messageTitle":"Fix compile errors after merging","messageBody":"","fileTypesAndContributionMap":{"functional-code":{"insertions":3,"deletions":23},"test-code":{"insertions":77,"deletions":48}}},{"hash":"fd617f6c129bd0246ef9606fb4adb83380970602","messageTitle":"Update FindCommandParser.java","messageBody":"Co-authored-by: Kleon Ang \u003ckleonang@gmail.com\u003e","fileTypesAndContributionMap":{"functional-code":{"insertions":1,"deletions":1}}}]},{"date":"2021-10-07","commitResults":[{"hash":"157a3e61761f4a8fe7805acf258915561379d98e","messageTitle":"Remove unnecessary second parameter in getAddCommand()","messageBody":"","fileTypesAndContributionMap":{"test-code":{"insertions":4,"deletions":8}}},{"hash":"50343f658373d2d9e2d61f55ff1dfa3f7234fb23","messageTitle":"Fix failing test cases in model package","messageBody":"","fileTypesAndContributionMap":{"functional-code":{"insertions":6,"deletions":7},"test-code":{"insertions":38,"deletions":40}}},{"hash":"9714edb4259f3380e8b83dcdf78b3e363238716a","messageTitle":"Uncomment test cases","messageBody":"","fileTypesAndContributionMap":{"test-code":{"insertions":11,"deletions":8}}},{"hash":"70d3c195632fe34d96336b101caa63569e93d517","messageTitle":"Fix issues flagged by review","messageBody":"","fileTypesAndContributionMap":{"functional-code":{"insertions":0,"deletions":1},"test-code":{"insertions":26,"deletions":23}}}]}],"Lemonsr":[{"date":"2021-09-20","commitResults":[{"hash":"81e05dac2adefe6cd8fb9ecc807c4c69cdda0230","messageTitle":"Update README.md","messageBody":"","fileTypesAndContributionMap":{"docs":{"insertions":12,"deletions":10}}}]},{"date":"2021-09-21","commitResults":[{"hash":"cd673fbef58f01387cb563384142cf9ec94b6fa3","messageTitle":"Update Developer Guide","messageBody":"","fileTypesAndContributionMap":{"docs":{"insertions":26,"deletions":0}}},{"hash":"03882cd621452d05aaa3bb4e3acdf1e15b56f342","messageTitle":"Update Dev Guide","messageBody":"","fileTypesAndContributionMap":{"docs":{"insertions":1,"deletions":0}}}]},{"date":"2021-10-05","commitResults":[{"hash":"1e83caec0bf74fcb082f3e69aa829b72885c1005","messageTitle":"Add parsePersonType method","messageBody":"","fileTypesAndContributionMap":{"functional-code":{"insertions":19,"deletions":0}}},{"hash":"095b38f14e03f18711d5862e8ed56e20b6b619a9","messageTitle":"Update DeleteCommand to execute commands depending on tutor/student specification","messageBody":"","fileTypesAndContributionMap":{"functional-code":{"insertions":47,"deletions":18}}},{"hash":"3c2c8ef1948685ae76d507f109bb4b24bd5ba2b5","messageTitle":"Fix method declaration for parsePersonType","messageBody":"","fileTypesAndContributionMap":{"functional-code":{"insertions":1,"deletions":1}}},{"hash":"a10a51ffb2fc9e9e614c15c50eb052a40e8d730a","messageTitle":"Update DeleteCommandParser to check whether to delete from tutor/student list","messageBody":"","fileTypesAndContributionMap":{"functional-code":{"insertions":2,"deletions":1}}}]},{"date":"2021-10-06","commitResults":[{"hash":"9788f29a8daa56ab7019663840cde03027136144","messageTitle":"StudentUtil class: add PersonUtil call to return statements","messageBody":"Without the PersonUtil parent call, the methods are recursive.\n\nThen, the method would not function correctly.\n\nLet\u0027s add PersonUtil call to the .get methods.\n\nThis way, the .getAddCommand() method of StudentUtil does not call\nitself accidentally instead of calling the .getAddCommand() method of\nPersonUtil.\n","fileTypesAndContributionMap":{"test-code":{"insertions":2,"deletions":2}}},{"hash":"f5aa5e36dac08f13f34ef97df813e83de0431db8","messageTitle":"Fix syntax bugs","messageBody":"","fileTypesAndContributionMap":{"functional-code":{"insertions":5,"deletions":4}}},{"hash":"abd0a86a7eb1ca92d597a01139ed8973abe3da8c","messageTitle":"Update DeleteCommandTest with relevant test cases","messageBody":"","fileTypesAndContributionMap":{"functional-code":{"insertions":4,"deletions":1},"test-code":{"insertions":102,"deletions":45}}},{"hash":"ea801d4784d3a2b2f4cca8e0076dd206e11cf404","messageTitle":"Update DeleteCommandParserTest","messageBody":"","fileTypesAndContributionMap":{"test-code":{"insertions":3,"deletions":1}}},{"hash":"44c5b516e6958d5e77d555e22ba3794df373e5d9","messageTitle":"Fix whitespace and remove unnecessary code","messageBody":"","fileTypesAndContributionMap":{"functional-code":{"insertions":1,"deletions":6}}},{"hash":"e867f6d0b3e4e9c9a717e26eb33419e81c14d992","messageTitle":"Remove unnecessary break statements and change person texts to tutor/student texts","messageBody":"","fileTypesAndContributionMap":{"functional-code":{"insertions":8,"deletions":8}}}]},{"date":"2021-10-08","commitResults":[{"hash":"044572679b1df42595705603d87451d7a1e63ab3","messageTitle":"Fix some CommandTest bugs and fix formatting","messageBody":"","fileTypesAndContributionMap":{"functional-code":{"insertions":4,"deletions":22},"test-code":{"insertions":70,"deletions":45}}},{"hash":"cdbcde7941241b1866109cc459fbb8d8476184a0","messageTitle":"Fix partial test cases for FindCommandTest","messageBody":"","fileTypesAndContributionMap":{"functional-code":{"insertions":20,"deletions":6},"test-code":{"insertions":15,"deletions":27}}}]},{"date":"2021-10-09","commitResults":[{"hash":"16b000217921e8c4f1466e3ca23819f5cfe32c08","messageTitle":"Fix FindCommand tests","messageBody":"* Fix multiple tutors and students found test cases\n* Remove parser test cases as they belong in FindCommandParserTest\n","fileTypesAndContributionMap":{"test-code":{"insertions":15,"deletions":37}}},{"hash":"3ec4049d3d29b8ee9cfd0d3e46592b2d3b419df6","messageTitle":"Replace Tutor and Student builder with correct default tutor and student","messageBody":"","fileTypesAndContributionMap":{"test-code":{"insertions":32,"deletions":9}}},{"hash":"e63786c03b54bac66b7759b7ce42907fb72908a0","messageTitle":"Fix stylecheck errors","messageBody":"","fileTypesAndContributionMap":{"functional-code":{"insertions":0,"deletions":2},"test-code":{"insertions":2,"deletions":11}}}]},{"date":"2021-10-10","commitResults":[{"hash":"d4b736aeee6635a68ee18658126062ed900b9744","messageTitle":"Refactor student/tutor letter strings as variables in CommandTestUtil class","messageBody":"There are several methods that make repeated use of \"s\", \" s\" and \" s \"\nstrings for students (and similarly, for tutors). The level of\nabstraction in those methods for other strings is one level higher than\nfor the student/tutor letter strings. This is weak SLAP.\n\nAbstracting out the student/tutor strings improves SLAP and makes the\ncode more maintainable and readable.\n\nTo do that, let\u0027s extract out the strings into a variable in\nCommandTestUtil like the other strings for better consistency.\n","fileTypesAndContributionMap":{"test-code":{"insertions":24,"deletions":14}}},{"hash":"822cbf86973db27dc377b9e0ebd083e660adbd6d","messageTitle":"Remove unused FindCommandParserStub","messageBody":"","fileTypesAndContributionMap":{"test-code":{"insertions":0,"deletions":24}}},{"hash":"ff127fde27f15cfba81e1a480bb69c5309bd90e5","messageTitle":"Remove magic numbers and fix checkstyle","messageBody":"","fileTypesAndContributionMap":{"test-code":{"insertions":7,"deletions":6}}},{"hash":"df9d35e8a1fb58ed77f82087f9ae2ee95a4092f2","messageTitle":"Update ParserUtil testcases to throw ParseException not NullPointerException","messageBody":"","fileTypesAndContributionMap":{"test-code":{"insertions":8,"deletions":8}}},{"hash":"bedc6b64437855e205cd5781104a65915f1cb4fa","messageTitle":"Fix remaining command tests","messageBody":"","fileTypesAndContributionMap":{"test-code":{"insertions":4,"deletions":4}}}]}]},"authorFileTypeContributionMap":{"kleonang":{"docs":51,"functional-code":1235,"test-code":1669},"knotstoks":{"docs":294,"functional-code":79,"test-code":220},"zihaooo9":{"docs":202,"functional-code":206,"test-code":203},"tenebrius1":{"docs":37,"functional-code":120,"test-code":267},"Lemonsr":{"docs":29,"functional-code":76,"test-code":200}},"authorContributionVariance":{"kleonang":454138.1,"knotstoks":38581.918,"zihaooo9":10865.026,"tenebrius1":24958.889,"Lemonsr":3664.8264},"authorDisplayNameMap":{"kleonang":"CS2103T-T17-2 KLEO..RONG","knotstoks":"CS2103T-T17-2 KENN.. WEI","zihaooo9":"CS2103T-T17-2 CHNG.. HAO","tenebrius1":"CS2103T-T17-2 TAN ..GUAN","Lemonsr":"CS2103T-T17-2 LIAW.. YAN"}}
