{"authorDailyContributionsMap":{"kleonang":[{"date":"2021-09-21","commitResults":[{"hash":"85a05f8576e249e66ee5c6f435c744a933d0cd64","messageTitle":"Add UC01 to UC05","messageBody":"","fileTypesAndContributionMap":{"docs":{"insertions":74,"deletions":0}}}]},{"date":"2021-09-25","commitResults":[{"hash":"aaa2e5180c04698232a392c6d7c0800be09e07ac","messageTitle":"Add MSS to UC01 to UC04","messageBody":"","fileTypesAndContributionMap":{"docs":{"insertions":8,"deletions":0}}}]},{"date":"2021-09-30","commitResults":[{"hash":"72503edeefb2e4224ed53f72ad321ec9ec040c96","messageTitle":"Remove Email and Address, Add Gender","messageBody":"","fileTypesAndContributionMap":{"functional-code":{"insertions":129,"deletions":279},"test-code":{"insertions":136,"deletions":406}}},{"hash":"10dfb223221d561c45bac0561a0dd0f55fcdc82d","messageTitle":"Create Student, Tutor and Qualification classes","messageBody":"","fileTypesAndContributionMap":{"functional-code":{"insertions":165,"deletions":1}}}]},{"date":"2021-10-01","commitResults":[{"hash":"32aa76fe38bbe61a2059e850fa2507087bbf1e01","messageTitle":"Split Person-related classes into Tutors and Students","messageBody":"","fileTypesAndContributionMap":{"functional-code":{"insertions":826,"deletions":295},"other":{"insertions":44,"deletions":23},"test-code":{"insertions":833,"deletions":334}}},{"hash":"95e0f5c461df4c587139d755be7ab8021fb845ae","messageTitle":"Replace wildcard imports","messageBody":"","fileTypesAndContributionMap":{"functional-code":{"insertions":9,"deletions":2},"test-code":{"insertions":51,"deletions":6}}},{"hash":"8784e647b2f5cf25460cd9ef7a65a2e5bfa9ac15","messageTitle":"Fix tests that fail due to split Person-related classes","messageBody":"","fileTypesAndContributionMap":{"functional-code":{"insertions":8,"deletions":6},"test-code":{"insertions":351,"deletions":222}}}]},{"date":"2021-10-06","commitResults":[{"hash":"15faa4584101521d77ab9a4baf2908373606c843","messageTitle":"Make StudentUtil and TutorUtil inherit from PersonUtil","messageBody":"","fileTypesAndContributionMap":{"functional-code":{"insertions":13,"deletions":2},"test-code":{"insertions":81,"deletions":8}}}]}],"knotstoks":[{"date":"2021-09-20","commitResults":[{"hash":"d6c9946926753d841191f3664ac438b08f96d313","messageTitle":"Add About Us page.","messageBody":"","fileTypesAndContributionMap":{"docs":{"insertions":257,"deletions":29}}},{"hash":"7eecebcf003a97bdde56b0fb56b280e006bff736","messageTitle":"Add white line at the end of About Us.","messageBody":"","fileTypesAndContributionMap":{"docs":{"insertions":1,"deletions":1}}},{"hash":"e2a95a2e98c183934926642ede4051fe96f33191","messageTitle":"Fix file path","messageBody":"","fileTypesAndContributionMap":{"docs":{"insertions":3,"deletions":8}}},{"hash":"35efe35acdbf2df6de0f76903af1488e37d9af2d","messageTitle":"Fix profile picture name path","messageBody":"","fileTypesAndContributionMap":{"docs":{"insertions":2,"deletions":2}}},{"hash":"adacdbddb196f8b444320fd694e94dce490a48d0","messageTitle":"Fix Kleon.md","messageBody":"","fileTypesAndContributionMap":{"docs":{"insertions":0,"deletions":0}}},{"hash":"2eea4fd932258e0cc3017d15da9096d39856b389","messageTitle":"Reformat the About Us","messageBody":"","fileTypesAndContributionMap":{"docs":{"insertions":6,"deletions":6}}},{"hash":"f3b09bab96f1e1ee390b435aba294285e34010b5","messageTitle":"Update README.md","messageBody":"","fileTypesAndContributionMap":{"docs":{"insertions":2,"deletions":2}}},{"hash":"e076f0814dc2981fedbdc65b41e2036638d87d0c","messageTitle":"Update UserGuide.md","messageBody":"","fileTypesAndContributionMap":{"docs":{"insertions":8,"deletions":8}}},{"hash":"6cb455da8b55301b282231b9d89c49029f317be5","messageTitle":"Add Use Cases to Developer\u0027s Guide","messageBody":"","fileTypesAndContributionMap":{"docs":{"insertions":37,"deletions":354}}}]},{"date":"2021-10-05","commitResults":[{"hash":"0f24ad927caff6933524f7b871c018e01e529415","messageTitle":"Split Person into Tutor and Student for AddCommand and AddCommandParser and added a static method in ParserUtil to get the person\u0027s type","messageBody":"","fileTypesAndContributionMap":{"functional-code":{"insertions":97,"deletions":35}}},{"hash":"7c57be1be9ddfa1ca4cb0f99584022b701d3d72a","messageTitle":"Edited tests in AddCommandParserTest to match the implementation of CLITutors","messageBody":"","fileTypesAndContributionMap":{"test-code":{"insertions":89,"deletions":63}}},{"hash":"6086b8ccabd48925ac9faf3289f6a98ab644b393","messageTitle":"Edit tests in AddCommand to match the implementation of CLITutors","messageBody":"","fileTypesAndContributionMap":{"test-code":{"insertions":147,"deletions":46}}},{"hash":"458e1cea7ff40f3b39c7bef85ad7b530bf78cd89","messageTitle":"Replace * imports with specific classes and change implementation of AddCommand to accept a Person and PersonType","messageBody":"","fileTypesAndContributionMap":{"functional-code":{"insertions":45,"deletions":29},"test-code":{"insertions":84,"deletions":48}}},{"hash":"f6178b22c176b43d02e59ea08eaafa4d1c376f28","messageTitle":"Edit LogicManagerTest from * import to specific imports","messageBody":"","fileTypesAndContributionMap":{"test-code":{"insertions":11,"deletions":1}}}]}],"zihaooo9":[{"date":"2021-09-20","commitResults":[{"hash":"12ff5ec0fb0836e3136962692aa7b1c9318e3b2e","messageTitle":"Update User Guide","messageBody":"","fileTypesAndContributionMap":{"docs":{"insertions":128,"deletions":126}}},{"hash":"88b35df2833d8452128c4df2067291fe8504ac77","messageTitle":"Fix errors in User Guide","messageBody":"","fileTypesAndContributionMap":{"docs":{"insertions":28,"deletions":28}}},{"hash":"e9f395de725aaf898990d7f6323bbef9887be647","messageTitle":"Update features in User Guide","messageBody":"","fileTypesAndContributionMap":{"docs":{"insertions":16,"deletions":3}}}]},{"date":"2021-09-21","commitResults":[{"hash":"5ec7e8478c14644951e93b70bb40f9f2bffb8bed","messageTitle":"Update Developer Guide","messageBody":"","fileTypesAndContributionMap":{"docs":{"insertions":17,"deletions":0}}}]},{"date":"2021-09-30","commitResults":[{"hash":"c4b686078787eeca9312a8d02df7858842bf9e09","messageTitle":"Update User Guide","messageBody":"","fileTypesAndContributionMap":{"docs":{"insertions":100,"deletions":23}}},{"hash":"ecf8188c849a9259dd1f43a3a23d70fab3e3a0b8","messageTitle":"Fix typos","messageBody":"","fileTypesAndContributionMap":{"docs":{"insertions":2,"deletions":2}}}]},{"date":"2021-10-06","commitResults":[{"hash":"b08526f97098e08084b41a30c6d0e95e74744ae3","messageTitle":"Modify Tag functionality","messageBody":"","fileTypesAndContributionMap":{"functional-code":{"insertions":102,"deletions":4},"docs":{"insertions":1,"deletions":5},"test-code":{"insertions":12,"deletions":9}}},{"hash":"eab5e559d5ebdb631a19717da0884a6c5430955e","messageTitle":"Remove debugging code","messageBody":"","fileTypesAndContributionMap":{"functional-code":{"insertions":0,"deletions":1}}},{"hash":"df4f46b04e21574bf224e6b527228d6f288054fc","messageTitle":"Update test cases","messageBody":"","fileTypesAndContributionMap":{"test-code":{"insertions":73,"deletions":32}}},{"hash":"6f796b90d46e822b04e0f12dcfa6abbfc3310dbf","messageTitle":"Minor fixes","messageBody":"","fileTypesAndContributionMap":{"functional-code":{"insertions":2,"deletions":0}}}]}],"tenebrius1":[{"date":"2021-09-20","commitResults":[{"hash":"2158d8e9a180c9fef51805ba1e2c7a06f776ddd4","messageTitle":"Update GitHub actions status badge","messageBody":"","fileTypesAndContributionMap":{"docs":{"insertions":1,"deletions":1}}}]},{"date":"2021-09-21","commitResults":[{"hash":"937f3917f2dc5eb63606ef577412b1e1b9a9314b","messageTitle":"Add User Stories to Developer Guide","messageBody":"","fileTypesAndContributionMap":{"docs":{"insertions":26,"deletions":374}}},{"hash":"cc28d96481ba1123bf9671d2b7fd88374461d233","messageTitle":"Update image path","messageBody":"","fileTypesAndContributionMap":{"docs":{"insertions":6,"deletions":6}}},{"hash":"66c4afb527baadad12dff9863e84e97b7729e7c3","messageTitle":"Update various documentations","messageBody":"","fileTypesAndContributionMap":{"docs":{"insertions":22,"deletions":22}}},{"hash":"cd73e228d4a6260715af0f11af6dfdcf4216fbbf","messageTitle":"Fix minor documentation issues","messageBody":"","fileTypesAndContributionMap":{"docs":{"insertions":3,"deletions":3}}}]}],"Lemonsr":[{"date":"2021-09-20","commitResults":[{"hash":"81e05dac2adefe6cd8fb9ecc807c4c69cdda0230","messageTitle":"Update README.md","messageBody":"","fileTypesAndContributionMap":{"docs":{"insertions":12,"deletions":10}}}]},{"date":"2021-09-21","commitResults":[{"hash":"cd673fbef58f01387cb563384142cf9ec94b6fa3","messageTitle":"Update Developer Guide","messageBody":"","fileTypesAndContributionMap":{"docs":{"insertions":26,"deletions":0}}},{"hash":"03882cd621452d05aaa3bb4e3acdf1e15b56f342","messageTitle":"Update Dev Guide","messageBody":"","fileTypesAndContributionMap":{"docs":{"insertions":1,"deletions":0}}}]},{"date":"2021-10-05","commitResults":[{"hash":"1e83caec0bf74fcb082f3e69aa829b72885c1005","messageTitle":"Add parsePersonType method","messageBody":"","fileTypesAndContributionMap":{"functional-code":{"insertions":19,"deletions":0}}},{"hash":"095b38f14e03f18711d5862e8ed56e20b6b619a9","messageTitle":"Update DeleteCommand to execute commands depending on tutor/student specification","messageBody":"","fileTypesAndContributionMap":{"functional-code":{"insertions":47,"deletions":18}}},{"hash":"3c2c8ef1948685ae76d507f109bb4b24bd5ba2b5","messageTitle":"Fix method declaration for parsePersonType","messageBody":"","fileTypesAndContributionMap":{"functional-code":{"insertions":1,"deletions":1}}},{"hash":"a10a51ffb2fc9e9e614c15c50eb052a40e8d730a","messageTitle":"Update DeleteCommandParser to check whether to delete from tutor/student list","messageBody":"","fileTypesAndContributionMap":{"functional-code":{"insertions":2,"deletions":1}}}]},{"date":"2021-10-06","commitResults":[{"hash":"9788f29a8daa56ab7019663840cde03027136144","messageTitle":"StudentUtil class: add PersonUtil call to return statements","messageBody":"Without the PersonUtil parent call, the methods are recursive.\n\nThen, the method would not function correctly.\n\nLet\u0027s add PersonUtil call to the .get methods.\n\nThis way, the .getAddCommand() method of StudentUtil does not call\nitself accidentally instead of calling the .getAddCommand() method of\nPersonUtil.\n","fileTypesAndContributionMap":{"test-code":{"insertions":2,"deletions":2}}},{"hash":"f5aa5e36dac08f13f34ef97df813e83de0431db8","messageTitle":"Fix syntax bugs","messageBody":"","fileTypesAndContributionMap":{"functional-code":{"insertions":5,"deletions":4}}},{"hash":"abd0a86a7eb1ca92d597a01139ed8973abe3da8c","messageTitle":"Update DeleteCommandTest with relevant test cases","messageBody":"","fileTypesAndContributionMap":{"functional-code":{"insertions":4,"deletions":1},"test-code":{"insertions":102,"deletions":45}}},{"hash":"ea801d4784d3a2b2f4cca8e0076dd206e11cf404","messageTitle":"Update DeleteCommandParserTest","messageBody":"","fileTypesAndContributionMap":{"test-code":{"insertions":3,"deletions":1}}},{"hash":"44c5b516e6958d5e77d555e22ba3794df373e5d9","messageTitle":"Fix whitespace and remove unnecessary code","messageBody":"","fileTypesAndContributionMap":{"functional-code":{"insertions":1,"deletions":6}}},{"hash":"e867f6d0b3e4e9c9a717e26eb33419e81c14d992","messageTitle":"Remove unnecessary break statements and change person texts to tutor/student texts","messageBody":"","fileTypesAndContributionMap":{"functional-code":{"insertions":8,"deletions":8}}}]}]},"authorFileTypeContributionMap":{"kleonang":{"docs":51,"functional-code":1085,"test-code":1277},"knotstoks":{"docs":294,"functional-code":91,"test-code":269},"zihaooo9":{"docs":202,"functional-code":105,"test-code":71},"tenebrius1":{"docs":37,"functional-code":0,"test-code":0},"Lemonsr":{"docs":29,"functional-code":71,"test-code":107}},"authorContributionVariance":{"kleonang":469612.16,"knotstoks":45456.945,"zihaooo9":7862.5107,"tenebrius1":10134.155,"Lemonsr":2027.65},"authorDisplayNameMap":{"kleonang":"CS2103T-T17-2 KLEO..RONG","knotstoks":"CS2103T-T17-2 KENN.. WEI","zihaooo9":"CS2103T-T17-2 CHNG.. HAO","tenebrius1":"CS2103T-T17-2 TAN ..GUAN","Lemonsr":"CS2103T-T17-2 LIAW.. YAN"}}
