{"authorDailyContributionsMap":{"g4ryy":[{"date":"2021-09-24","commitResults":[{"hash":"3879122deb2bcdbb1c9988f60f43a8cf94ce434c","messageTitle":"Update AboutUs.md","messageBody":"","fileTypesAndContributionMap":{"docs":{"insertions":4,"deletions":5}}},{"hash":"7cc59b120eaaf9f5334420e7f4ededf7ff19c752","messageTitle":"Update user guide with student feature","messageBody":"","fileTypesAndContributionMap":{"docs":{"insertions":23,"deletions":16}}},{"hash":"0cf3884df3502aa3314cf071cc9ceeb063b1a580","messageTitle":"Update README.md","messageBody":"","fileTypesAndContributionMap":{"docs":{"insertions":3,"deletions":3}}}]},{"date":"2021-09-25","commitResults":[{"hash":"3b4845fe028d48daf2349ece3c7239dbca2a7652","messageTitle":"Remove traces of AB3","messageBody":"","fileTypesAndContributionMap":{"docs":{"insertions":6,"deletions":6}}}]},{"date":"2021-10-06","commitResults":[{"hash":"f5c326e80b6e4bd17533d43b77594e0c12109404","messageTitle":"Implement Student class","messageBody":"","fileTypesAndContributionMap":{"functional-code":{"insertions":172,"deletions":89},"other":{"insertions":191,"deletions":188},"test-code":{"insertions":71,"deletions":67}}},{"hash":"012055291936fb69bc603c4278fea34aee85c4de","messageTitle":"Add newline at EOF","messageBody":"","fileTypesAndContributionMap":{"functional-code":{"insertions":3,"deletions":5}}},{"hash":"b51e5f8e3bf750d8fe936fd7c47c2cc6ccb4886b","messageTitle":"Remove unused imports","messageBody":"","fileTypesAndContributionMap":{"functional-code":{"insertions":2,"deletions":4}}},{"hash":"1cedef7599e7564717c34ebd0594b50f61fb8216","messageTitle":"Fix checkstyle errors","messageBody":"","fileTypesAndContributionMap":{"test-code":{"insertions":5,"deletions":6}}}]},{"date":"2021-10-11","commitResults":[{"hash":"8803f35037aecd18e42b689c6be24c17f6c86bc7","messageTitle":"Add OfficeTable class","messageBody":"","fileTypesAndContributionMap":{"functional-code":{"insertions":50,"deletions":0}}},{"hash":"aee3a5b887d8ed2d8e6aa807d623e7910fecfde2","messageTitle":"Implement Teacher class","messageBody":"","fileTypesAndContributionMap":{"functional-code":{"insertions":70,"deletions":0}}},{"hash":"b1b2faaeddabb77ee9b6fe763871c2362a8202af","messageTitle":"Add new Prefix for office table number","messageBody":"","fileTypesAndContributionMap":{"functional-code":{"insertions":1,"deletions":0}}},{"hash":"3b254e7cd0002a7f309efdb2b1f73021c7c21f87","messageTitle":"Implement add teacher functionalities","messageBody":"","fileTypesAndContributionMap":{"functional-code":{"insertions":165,"deletions":2}}},{"hash":"60cebeb3127ff2b1868b51944005434ce09e6e38","messageTitle":"Implement edit teacher functionality","messageBody":"","fileTypesAndContributionMap":{"functional-code":{"insertions":310,"deletions":25}}},{"hash":"fd9c52ce2051262240f87be9e9ade25826d783ba","messageTitle":"Update storage to support storing teachers","messageBody":"","fileTypesAndContributionMap":{"functional-code":{"insertions":191,"deletions":52},"test-code":{"insertions":4,"deletions":4}}}]},{"date":"2021-10-12","commitResults":[{"hash":"308303d4a26f1c394e9b336e0db4c6ae0185d4d1","messageTitle":"Refactor Student and Teacher related classes","messageBody":"","fileTypesAndContributionMap":{"functional-code":{"insertions":100,"deletions":259}}},{"hash":"4a0f5b4aad10ec3badce43bcf576947d29246507","messageTitle":"Update SampleDataUtil.java","messageBody":"","fileTypesAndContributionMap":{"functional-code":{"insertions":36,"deletions":23}}},{"hash":"e08218250b27c389e29c2bebe102b76412275eea","messageTitle":"Add exception to handle editing wrong type of person","messageBody":"","fileTypesAndContributionMap":{"functional-code":{"insertions":19,"deletions":14}}},{"hash":"b71b3249d775232554ea3a86815e6a2bb35bbb38","messageTitle":"Modify add and remove methods in UniquePersonList","messageBody":"","fileTypesAndContributionMap":{"functional-code":{"insertions":14,"deletions":1}}},{"hash":"b2c3b90a20e3fdc2942d2a7b619bb62544b7c081","messageTitle":"Add additional tests","messageBody":"","fileTypesAndContributionMap":{"other":{"insertions":322,"deletions":162},"test-code":{"insertions":1647,"deletions":182}}},{"hash":"14f73936755aeced0d3431920bf514829fddb981","messageTitle":"Fix checkstyle issues","messageBody":"","fileTypesAndContributionMap":{"functional-code":{"insertions":48,"deletions":53}}},{"hash":"9f633bbcc729991536f8878f0081aad757b461ba","messageTitle":"Fix import statements in FilterCommandTest.java","messageBody":"","fileTypesAndContributionMap":{"test-code":{"insertions":8,"deletions":8}}}]}],"random689":[{"date":"2021-09-24","commitResults":[{"hash":"669b49a9b4a2bbb1322360013d5597a2fb7eadf7","messageTitle":"Add random689.png","messageBody":"Update Userguide.md to include copy\n\nUpdate AboutUs.md\n","fileTypesAndContributionMap":{"docs":{"insertions":16,"deletions":4}}},{"hash":"a1ae2f3966219d7b868af1f932aff8c8a54535de","messageTitle":"Update Userguide.md for formatting","messageBody":"","fileTypesAndContributionMap":{"docs":{"insertions":3,"deletions":3}}},{"hash":"ca6aeb27e58c1a15d62b379644de8c8a4a558f7d","messageTitle":"Update Readme.md","messageBody":"","fileTypesAndContributionMap":{"docs":{"insertions":21,"deletions":0}}}]},{"date":"2021-09-27","commitResults":[{"hash":"8f3341dc647e2a64c474dea9ca88c960abd1f6de","messageTitle":"Update README.md","messageBody":"","fileTypesAndContributionMap":{"docs":{"insertions":1,"deletions":1}}},{"hash":"ca79119b6b63a2801ab4ef2900b7e9f147bd2b7a","messageTitle":"Update README.md","messageBody":"","fileTypesAndContributionMap":{"docs":{"insertions":1,"deletions":1}}},{"hash":"6db795f26278553995063048bbbd0384deed8a19","messageTitle":"Update README.md","messageBody":"","fileTypesAndContributionMap":{"docs":{"insertions":2,"deletions":9}}}]},{"date":"2021-10-06","commitResults":[{"hash":"b23f3bec5f0b9e67db73f453f47f4c55ab13956d","messageTitle":"Update AboutUs.md","messageBody":"Add personal portfolio for each member\n","fileTypesAndContributionMap":{"docs":{"insertions":246,"deletions":17}}},{"hash":"2c91023d2ac0b54b94f8c54ea78b126e574f105b","messageTitle":"Update AboutUs.md","messageBody":"Add personal portfolio for each member\n","fileTypesAndContributionMap":{"docs":{"insertions":0,"deletions":1}}},{"hash":"be86703d2df23c6124e07a1f3d7692dd9ace46d5","messageTitle":"Update AboutUs.md","messageBody":"Add personal portfolio for each member\n\nRemove trailing whitespace in DeveloperGuide.md and UserGuide.md\n","fileTypesAndContributionMap":{"docs":{"insertions":8,"deletions":9}}},{"hash":"a773644dd4f92b590bf274481d55e3f50b07ef80","messageTitle":"Update AboutUs.md","messageBody":"Add personal portfolio for each member\n\nRemove trailing whitespace in DeveloperGuide.md and UserGuide.md\n","fileTypesAndContributionMap":{"docs":{"insertions":3,"deletions":2}}},{"hash":"4412c88b7b3a3d2493ad8c752f2ddb58c885c685","messageTitle":"Update AboutUs.md","messageBody":"Add personal portfolio for each member\n\nRemove trailing whitespace in DeveloperGuide.md and UserGuide.md\n","fileTypesAndContributionMap":{"docs":{"insertions":2,"deletions":1}}}]},{"date":"2021-10-08","commitResults":[{"hash":"ca0d750a1a3bc2a2fc06a00538b2bc0be0260c91","messageTitle":"Add FormClass class Update StudentCommand to allow f/ prefix Update EditCommand to allow f/ prefix Update unit test to include FormClass Update UI to show FormClass Update sample datas to include FormClass","messageBody":"Bugfix for Involvement using Address class\n","fileTypesAndContributionMap":{"functional-code":{"insertions":148,"deletions":24},"test-code":{"insertions":225,"deletions":49}}}]},{"date":"2021-10-09","commitResults":[{"hash":"e9d1b166db4371c2fe2c822325fd0a2541537054","messageTitle":"Update GUI Update GUI to show Class / Involvement at the top Shift Tags to the right side","messageBody":"","fileTypesAndContributionMap":{"functional-code":{"insertions":53,"deletions":9}}}]},{"date":"2021-10-13","commitResults":[{"hash":"b1f205cc785737bd42549b3184536718159e384b","messageTitle":"Update GUI, UserGuide and bugfix","messageBody":"","fileTypesAndContributionMap":{"functional-code":{"insertions":207,"deletions":30},"other":{"insertions":17,"deletions":11},"docs":{"insertions":6,"deletions":5},"test-code":{"insertions":3,"deletions":10}}},{"hash":"5e4ecb645616409117f2a7481ebe024ff538c4b3","messageTitle":"bugfix for FormClass so it does not see other PREFIX as a FormClass","messageBody":"","fileTypesAndContributionMap":{"functional-code":{"insertions":1,"deletions":1}}},{"hash":"ded5bf4f35dd28e17fcd4ae70bea4301299148b8","messageTitle":"bugfix for FormClass so it does not see other PREFIX as a FormClass","messageBody":"","fileTypesAndContributionMap":{"functional-code":{"insertions":2,"deletions":2},"test-code":{"insertions":2,"deletions":4}}},{"hash":"f5a0c00fc8f19c8dbc24be7dc9145d346cfd613c","messageTitle":"bugfix for UniquePersonList where students cannot be added after a clear command","messageBody":"","fileTypesAndContributionMap":{"functional-code":{"insertions":3,"deletions":0},"docs":{"insertions":1,"deletions":1}}},{"hash":"205a4852986061662e374779ca18012417dc87b8","messageTitle":"bugfix for UniquePersonList where students cannot be added after a clear command","messageBody":"","fileTypesAndContributionMap":{"functional-code":{"insertions":18,"deletions":7}}},{"hash":"c5dfbd0bbb716aff9766c6bb85361b5a8502f473","messageTitle":"bugfix for UniquePersonList where students cannot be added after a clear command","messageBody":"","fileTypesAndContributionMap":{"functional-code":{"insertions":6,"deletions":1}}},{"hash":"23729bfb8af6b6be915b41e7ab887f6b70216063","messageTitle":"bugfix for UniquePersonList where students cannot be added after a clear command","messageBody":"","fileTypesAndContributionMap":{"functional-code":{"insertions":0,"deletions":2}}},{"hash":"e1f2e1cc18b9945119a9ea6afd91fddb917e39e5","messageTitle":"Minor naming changes for UI Update UI Sizing to better fit all fields","messageBody":"","fileTypesAndContributionMap":{"functional-code":{"insertions":10,"deletions":10}}},{"hash":"a7e5c8e097abe0e616166d53e0c4d010a7d6a292","messageTitle":"Minor naming changes for UI Update UI Sizing to better fit all fields","messageBody":"","fileTypesAndContributionMap":{"functional-code":{"insertions":6,"deletions":6}}}]},{"date":"2021-10-14","commitResults":[{"hash":"c78b03b63ddabc42ae81df07a45d6f5c32947187","messageTitle":"Add separate GUI for teacher","messageBody":"","fileTypesAndContributionMap":{"functional-code":{"insertions":211,"deletions":0}}},{"hash":"a0778a09d339bd818ba9f320ab6ed897a132f628","messageTitle":"Update and refactor previous person GUI to student GUI","messageBody":"","fileTypesAndContributionMap":{"functional-code":{"insertions":205,"deletions":53},"other":{"insertions":1,"deletions":1}}},{"hash":"6355e0bd7f991ed41f6b30a209f44f7a45f6afea","messageTitle":"Update the overall GUI to fit both list Update the minimum so that GUI will be working. Changes were mainly done to Logic, Model, Person, AddressBook","messageBody":"","fileTypesAndContributionMap":{"functional-code":{"insertions":201,"deletions":40}}},{"hash":"b3f0f1d88ab95ba42d3346cdf87714f304341297","messageTitle":"Split Student and Teacher into respective package under person","messageBody":"Refactor to adhere to codestyle\n","fileTypesAndContributionMap":{"functional-code":{"insertions":61,"deletions":62},"other":{"insertions":45,"deletions":30},"docs":{"insertions":1,"deletions":1},"test-code":{"insertions":58,"deletions":39}}},{"hash":"3a1e75fc97f44804a391f5ae5b2cf278c5a4f9ee","messageTitle":"Update Model and Address book to handle Student/Teacher commands instead of person","messageBody":"","fileTypesAndContributionMap":{"functional-code":{"insertions":173,"deletions":4}}},{"hash":"22709d71659b517043e6ccdd4b0b56d971cb5484","messageTitle":"Update AddStudentCommand.java to be able to add to the new students in AddressBook.java","messageBody":"","fileTypesAndContributionMap":{"functional-code":{"insertions":2,"deletions":2}}},{"hash":"12e942a459f2aa616f515b309af82f380746708d","messageTitle":"Update AddTeacherCommandCommand.java to be able to add to the new teacher in AddressBook.java","messageBody":"","fileTypesAndContributionMap":{"functional-code":{"insertions":2,"deletions":2}}},{"hash":"0f5dd3b15c86982fadd64f028183a58fa525d44a","messageTitle":"Update test for the new split, some test broke will fix once it has been fully split","messageBody":"","fileTypesAndContributionMap":{"functional-code":{"insertions":3,"deletions":1},"test-code":{"insertions":180,"deletions":57}}},{"hash":"1a7c83e4e40ee948aacc75d199c555304b3ce00e","messageTitle":"Update test for checkstyle","messageBody":"","fileTypesAndContributionMap":{"test-code":{"insertions":26,"deletions":22}}},{"hash":"e228f5481a939876a67c947f9a40dcf06b08c556","messageTitle":"Add GUI for Meeting Window","messageBody":"","fileTypesAndContributionMap":{"functional-code":{"insertions":152,"deletions":2},"test-code":{"insertions":3,"deletions":3}}}]},{"date":"2021-10-15","commitResults":[{"hash":"493e600e5556ca6e1411c2764e0388926f068c9f","messageTitle":"Update checkstyle","messageBody":"","fileTypesAndContributionMap":{"functional-code":{"insertions":0,"deletions":4}}}]}],"cliveong":[{"date":"2021-09-23","commitResults":[{"hash":"3ce47799b0895067e5e81bb83e7b465d404bf8d4","messageTitle":"Update user guide with filter","messageBody":"","fileTypesAndContributionMap":{"docs":{"insertions":17,"deletions":0}}}]},{"date":"2021-09-24","commitResults":[{"hash":"01dbd5d471143f1cf135a2650bb7c9cac914c716","messageTitle":"Pull info properly and updated aboutus","messageBody":"","fileTypesAndContributionMap":{"docs":{"insertions":5,"deletions":5}}}]},{"date":"2021-10-09","commitResults":[{"hash":"260c8e75d56f6791401c46b496e1e38421f305d4","messageTitle":"Add gender field","messageBody":"*Student command now has g/ prefix\n*Edit command now has g/ prefix\n*Unit tests updated for edit command\n","fileTypesAndContributionMap":{"functional-code":{"insertions":165,"deletions":38},"test-code":{"insertions":206,"deletions":48}}}]},{"date":"2021-10-12","commitResults":[{"hash":"b45b090feefed5228a5d358f359ef423d8c8a41f","messageTitle":"Add filter by involvement","messageBody":"Current format is\n`filter FILTER_CATERGORY [FILTER_CATERGORY]...`\n\nFiltering of tags is still a work in progress\n","fileTypesAndContributionMap":{"functional-code":{"insertions":113,"deletions":0},"test-code":{"insertions":122,"deletions":0}}}]},{"date":"2021-10-14","commitResults":[{"hash":"ecf4bfd0c9228a48614079d50a2b34a5f07054aa","messageTitle":"Add filter by tag and involvement","messageBody":"New format is\n```\nfilter [INVOLVEMENT_FILTER_CATERGORY]... [/t] [TAG_CATEGORY]...\n```\n","fileTypesAndContributionMap":{"functional-code":{"insertions":45,"deletions":3},"test-code":{"insertions":90,"deletions":10}}}]}],"junghon3709":[{"date":"2021-09-21","commitResults":[{"hash":"b0e40c7713c5e7549fae3acfdf20f67467c09fb1","messageTitle":"Update DeveloperGuide.md","messageBody":"","fileTypesAndContributionMap":{"docs":{"insertions":61,"deletions":16}}},{"hash":"b975a1377b8ea538a75ddec6f236d74a92a1ccf9","messageTitle":"Update README.md","messageBody":"","fileTypesAndContributionMap":{"docs":{"insertions":5,"deletions":6}}},{"hash":"7a233785172978812863e905bbf97c608db33427","messageTitle":"Update index.md","messageBody":"","fileTypesAndContributionMap":{"docs":{"insertions":1,"deletions":1}}},{"hash":"c2ccc7d88a2515d5c60fbf55f52b053689a9eb98","messageTitle":"Update README.md","messageBody":"","fileTypesAndContributionMap":{"docs":{"insertions":2,"deletions":1}}},{"hash":"3df50667cffe57e133c1316f0ec16c5737d1cb66","messageTitle":"Update README.md","messageBody":"","fileTypesAndContributionMap":{"docs":{"insertions":1,"deletions":1}}},{"hash":"9d72d7a435c64cbb8012301fe4eb00f6a3cdf04d","messageTitle":"Update index.md","messageBody":"","fileTypesAndContributionMap":{"docs":{"insertions":1,"deletions":1}}}]},{"date":"2021-09-22","commitResults":[{"hash":"e31b3a71cf7fe7e0d52575c78f3a31030b879e93","messageTitle":"Update user guide to include the grades command","messageBody":"","fileTypesAndContributionMap":{"docs":{"insertions":40,"deletions":3}}},{"hash":"151f9cc06bc16772f524d65b67345c316e5fed68","messageTitle":"Add picture and update AboutUs.md","messageBody":"","fileTypesAndContributionMap":{"docs":{"insertions":2,"deletions":2}}}]},{"date":"2021-09-27","commitResults":[{"hash":"b4ba581576fdd214c7e84a84c13aba309842a262","messageTitle":"Fix github link for Jung Hon","messageBody":"","fileTypesAndContributionMap":{"docs":{"insertions":3,"deletions":2}}}]},{"date":"2021-10-07","commitResults":[{"hash":"34da063fe84582e2277a919e5d6dca34bd37595b","messageTitle":"Add emergency contact field for students","messageBody":"","fileTypesAndContributionMap":{"functional-code":{"insertions":105,"deletions":73},"test-code":{"insertions":7,"deletions":4}}},{"hash":"16906ea163423a8ab8e362afbdd18c756781c795","messageTitle":"Allow emergency contact to be stored and updated in GUI","messageBody":"","fileTypesAndContributionMap":{"functional-code":{"insertions":9,"deletions":1}}},{"hash":"04b3672b5b734fcfa8f3c2ceab73547fe7528e5d","messageTitle":"Fix bug regarding student storage","messageBody":"","fileTypesAndContributionMap":{"functional-code":{"insertions":9,"deletions":3}}},{"hash":"94c5a94bddf7cf18a8a91864e88c914382a4e7f8","messageTitle":"Pass test cases","messageBody":"","fileTypesAndContributionMap":{"functional-code":{"insertions":3,"deletions":1},"test-code":{"insertions":186,"deletions":66}}},{"hash":"1214ffe8561e5b8f802201a6b28769e5838164c5","messageTitle":"Edit student command missing fields test","messageBody":"","fileTypesAndContributionMap":{"test-code":{"insertions":19,"deletions":6}}},{"hash":"03e2218216e9cfdbe32efe7e4a3d286a09894579","messageTitle":"Fix checkstyle","messageBody":"","fileTypesAndContributionMap":{"functional-code":{"insertions":80,"deletions":64},"test-code":{"insertions":19,"deletions":14}}}]},{"date":"2021-10-09","commitResults":[{"hash":"38bb55f73ebe417e7282359146e721045ab94635","messageTitle":"Add withEmergencyContact method","messageBody":"","fileTypesAndContributionMap":{"test-code":{"insertions":10,"deletions":0}}},{"hash":"22f83f8b8e0f3f1576bd3093fadf4311156ff025","messageTitle":"Refactor student class","messageBody":"","fileTypesAndContributionMap":{"functional-code":{"insertions":303,"deletions":211},"other":{"insertions":8,"deletions":6},"test-code":{"insertions":213,"deletions":209}}},{"hash":"f277871510dac41b6a0d08f8b2ae8a1ffef51aae","messageTitle":"Pass test cases","messageBody":"","fileTypesAndContributionMap":{"functional-code":{"insertions":2,"deletions":2}}},{"hash":"02916fe17e1a7ef91a8f6476aa9f2724f93b32b7","messageTitle":"Delete unused imports","messageBody":"","fileTypesAndContributionMap":{"functional-code":{"insertions":1,"deletions":7}}},{"hash":"a91c2a8e7e996b94552530a12c053673e7e24207","messageTitle":"Fix checkstyle","messageBody":"","fileTypesAndContributionMap":{"functional-code":{"insertions":42,"deletions":34},"other":{"insertions":14,"deletions":8},"test-code":{"insertions":13,"deletions":13}}},{"hash":"38c1942263d62c46a02092497edb3fcb82c87c80","messageTitle":"Rename files","messageBody":"","fileTypesAndContributionMap":{"other":{"insertions":2,"deletions":2}}}]},{"date":"2021-10-10","commitResults":[{"hash":"b03560487ac7aaa8feaaf41323612328f3ca2b18","messageTitle":"Add copy command","messageBody":"","fileTypesAndContributionMap":{"functional-code":{"insertions":166,"deletions":0}}},{"hash":"2aa19f8be74e6b8561b379b80d283ead17d32c8f","messageTitle":"Fix bug regarding copy command not rejecting invalid commands properly","messageBody":"","fileTypesAndContributionMap":{"functional-code":{"insertions":14,"deletions":11}}},{"hash":"153080a5848a458763f8b838ba8a26370de6a986","messageTitle":"Add test cases","messageBody":"","fileTypesAndContributionMap":{"functional-code":{"insertions":14,"deletions":8},"test-code":{"insertions":163,"deletions":0}}},{"hash":"a3e32e10c0ddc1b4c3e97a7bc1fd7aacecdf88e0","messageTitle":"Add name and email copying","messageBody":"","fileTypesAndContributionMap":{"functional-code":{"insertions":40,"deletions":2},"test-code":{"insertions":50,"deletions":3}}},{"hash":"57b4e9168fd96b37074ac3c57c673eeeee7d2755","messageTitle":"Pass checkstyle, add javadoc comments","messageBody":"","fileTypesAndContributionMap":{"functional-code":{"insertions":55,"deletions":14},"test-code":{"insertions":19,"deletions":17}}}]},{"date":"2021-10-15","commitResults":[{"hash":"a29ceadc678db308e2df9ffebd1d77bcfb36d896","messageTitle":"Split clear into two commands","messageBody":"","fileTypesAndContributionMap":{"functional-code":{"insertions":63,"deletions":26},"test-code":{"insertions":10,"deletions":11}}},{"hash":"be7beeaea550ccc5c475ddc578afe4ecaa6fada6","messageTitle":"Updated testing","messageBody":"","fileTypesAndContributionMap":{"functional-code":{"insertions":45,"deletions":137},"other":{"insertions":28,"deletions":26},"test-code":{"insertions":225,"deletions":222}}},{"hash":"49816bfc3398294cb6140fdc6ff80aa5318b165b","messageTitle":"Pass almost all test cases","messageBody":"","fileTypesAndContributionMap":{"functional-code":{"insertions":61,"deletions":245},"other":{"insertions":2,"deletions":3},"test-code":{"insertions":124,"deletions":91}}},{"hash":"f153fa1771bec29d162503168a2bf540f59f0eab","messageTitle":"Pass all test cases","messageBody":"","fileTypesAndContributionMap":{"functional-code":{"insertions":5,"deletions":1}}},{"hash":"bbc1f0f58c09d3de5edace0d16de6ef1f5b35cd8","messageTitle":"Split clear command","messageBody":"","fileTypesAndContributionMap":{"other":{"insertions":2,"deletions":2},"test-code":{"insertions":30,"deletions":0}}},{"hash":"a6d6affe7d38514e988156cbe719b8f2a73a9282","messageTitle":"Split copy command","messageBody":"","fileTypesAndContributionMap":{"functional-code":{"insertions":125,"deletions":21},"other":{"insertions":34,"deletions":30},"test-code":{"insertions":179,"deletions":0}}},{"hash":"9f02f068b15cbb3ca95d9f85c8eef05d24b1f965","messageTitle":"Split delete command","messageBody":"","fileTypesAndContributionMap":{"functional-code":{"insertions":109,"deletions":10},"other":{"insertions":42,"deletions":40},"test-code":{"insertions":149,"deletions":6}}},{"hash":"2f563237132ca1fd0ef5d53ecc4636d3e20eb84d","messageTitle":"Split filter command","messageBody":"","fileTypesAndContributionMap":{"functional-code":{"insertions":165,"deletions":3},"other":{"insertions":36,"deletions":33},"test-code":{"insertions":113,"deletions":1}}},{"hash":"5ed9c1e78e88ea55f8de319a360be9c02ff195ab","messageTitle":"Split list command","messageBody":"","fileTypesAndContributionMap":{"functional-code":{"insertions":52,"deletions":25},"other":{"insertions":5,"deletions":4},"test-code":{"insertions":41,"deletions":6}}},{"hash":"7f5467956ddfda3b5e987200f7794cd696166dbc","messageTitle":"Split find command","messageBody":"","fileTypesAndContributionMap":{"functional-code":{"insertions":86,"deletions":4},"other":{"insertions":36,"deletions":33},"test-code":{"insertions":118,"deletions":8}}},{"hash":"b2c423417fe077a8ed5145c6ad1769fbd95107ff","messageTitle":"Pass checkstyle","messageBody":"","fileTypesAndContributionMap":{"functional-code":{"insertions":41,"deletions":50},"test-code":{"insertions":146,"deletions":132}}}]},{"date":"2021-10-16","commitResults":[{"hash":"2f613b9e69ffd4aa37e351e9a774f831bc73b662","messageTitle":"Increase code coverage","messageBody":"","fileTypesAndContributionMap":{"other":{"insertions":321,"deletions":0},"test-code":{"insertions":369,"deletions":174}}},{"hash":"02636eff52ef9b44da33c9cab9e26c4798b0fb50","messageTitle":"Increase code coverage","messageBody":"","fileTypesAndContributionMap":{"other":{"insertions":0,"deletions":321}}},{"hash":"4efc184c05d09871a6c3909f39e5d5eebe9955e3","messageTitle":"Fix javadocs","messageBody":"","fileTypesAndContributionMap":{"functional-code":{"insertions":61,"deletions":44},"test-code":{"insertions":42,"deletions":11}}},{"hash":"0660674956fdca77e6565a204d29ecbaeff9a2d8","messageTitle":"Add undo command","messageBody":"","fileTypesAndContributionMap":{"functional-code":{"insertions":80,"deletions":2},"test-code":{"insertions":353,"deletions":0}}},{"hash":"b309774979bea3733f3318054af47d017835b6ae","messageTitle":"Add more test cases","messageBody":"","fileTypesAndContributionMap":{"test-code":{"insertions":45,"deletions":4}}},{"hash":"baca8af42c1a20988b8a360eb555b1740a556e3e","messageTitle":"Pass checkstyle","messageBody":"","fileTypesAndContributionMap":{"functional-code":{"insertions":1,"deletions":1},"test-code":{"insertions":2,"deletions":4}}}]},{"date":"2021-10-17","commitResults":[{"hash":"b50758e68fb845a0d59682979bcd369f4236a8fa","messageTitle":"Make code consistent for ModelManager","messageBody":"","fileTypesAndContributionMap":{"functional-code":{"insertions":1,"deletions":1}}}]},{"date":"2021-10-18","commitResults":[{"hash":"3e514f75ee629d6522d8d04a0676fa0bc2934595","messageTitle":"Modify testing for AddressBookParser to include both student and teacher tests","messageBody":"","fileTypesAndContributionMap":{"test-code":{"insertions":183,"deletions":6}}},{"hash":"c1e519849eef2adaee92644aeba9fb5eed1c4a9f","messageTitle":"Add equals test for copy command","messageBody":"","fileTypesAndContributionMap":{"functional-code":{"insertions":0,"deletions":10},"test-code":{"insertions":82,"deletions":0}}},{"hash":"d4e7be2fda298438b6874d76e7f556e51353c18b","messageTitle":"Pass checkstyle","messageBody":"","fileTypesAndContributionMap":{"test-code":{"insertions":0,"deletions":1}}},{"hash":"27b74e85b24e9eb5a4ccbbc5886ccf401ef87da4","messageTitle":"Add tests for JsonAdaptedTeacher, which was previously missing","messageBody":"","fileTypesAndContributionMap":{"functional-code":{"insertions":3,"deletions":2},"test-code":{"insertions":207,"deletions":13}}},{"hash":"d5e7cd7a6ba60320e2a285ebb368a3bc23e3adc9","messageTitle":"Update developer guide for Undo command","messageBody":"","fileTypesAndContributionMap":{"docs":{"insertions":40,"deletions":58}}}]}],"nniiggeell":[{"date":"2021-09-24","commitResults":[{"hash":"92963e346ec073bd6b75dbc0fcae175530f855f7","messageTitle":"Update DeveloperGuide.md","messageBody":"","fileTypesAndContributionMap":{"docs":{"insertions":5,"deletions":5}}},{"hash":"de4c684bd5150ce600c1ea40a00b88853ac8d86e","messageTitle":"Update UserGuide.md","messageBody":"Include the add teacher function.\n","fileTypesAndContributionMap":{"docs":{"insertions":15,"deletions":0}}},{"hash":"aa310bf118c228226c7a2b4b8e333f97a245507b","messageTitle":"Revert \"Update UserGuide.md\"","messageBody":"This reverts commit de4c684bd5150ce600c1ea40a00b88853ac8d86e.\n","fileTypesAndContributionMap":{"docs":{"insertions":0,"deletions":15}}},{"hash":"3a78c2cc8793d37bb7cb3ba95282763ce8cb3289","messageTitle":"Revert \"Update DeveloperGuide.md\"","messageBody":"This reverts commit 92963e346ec073bd6b75dbc0fcae175530f855f7.\n","fileTypesAndContributionMap":{"docs":{"insertions":5,"deletions":5}}},{"hash":"d892de7be87a66d9858338687b9b37e6ac806085","messageTitle":"Update DeveloperGuide.md","messageBody":"","fileTypesAndContributionMap":{"docs":{"insertions":5,"deletions":5}}},{"hash":"8056709526ffe3ef0f3c90e0704187a78c8fc2be","messageTitle":"Update UserGuide.md","messageBody":"","fileTypesAndContributionMap":{"docs":{"insertions":15,"deletions":0}}}]},{"date":"2021-09-27","commitResults":[{"hash":"09a80fecdfb0885a961290c7d55d1abea05d2554","messageTitle":"Update AboutUs.md","messageBody":"","fileTypesAndContributionMap":{"docs":{"insertions":3,"deletions":3}}}]},{"date":"2021-10-08","commitResults":[{"hash":"d668662d3df97d98308a03d7c46ed16e50246b84","messageTitle":"Update EditCommand.java","messageBody":"To include the involvement field\n","fileTypesAndContributionMap":{"functional-code":{"insertions":15,"deletions":8}}},{"hash":"a4f37404d1687964eb319468e7fd0d323d31afcd","messageTitle":"Update StudentCommand.java","messageBody":"To include the involvement field\n","fileTypesAndContributionMap":{"functional-code":{"insertions":7,"deletions":8}}},{"hash":"1ac7f7ef1834e69648964781782b02b49b219636","messageTitle":"Update CliSyntax.java","messageBody":"To include the involvement field\n","fileTypesAndContributionMap":{"functional-code":{"insertions":1,"deletions":1}}},{"hash":"accc360a7dd8f7c1365d1e0f56316e5c08498a98","messageTitle":"Update EditCommandParser.java","messageBody":"To include the involvement field\n","fileTypesAndContributionMap":{"functional-code":{"insertions":7,"deletions":8}}},{"hash":"e1d37b9baab36b26e09b1b967d5b45e715d22c8a","messageTitle":"Update ParserUtil.java","messageBody":"To include the involvement field\n","fileTypesAndContributionMap":{"functional-code":{"insertions":16,"deletions":4}}},{"hash":"f2819254c3830b7e234d060037d601fe291b28cc","messageTitle":"Update StudentCommandParser.java","messageBody":"To include the involvement field\n","fileTypesAndContributionMap":{"functional-code":{"insertions":7,"deletions":15}}},{"hash":"ee9baed6ad4306b6902014db45441d62ac82f89d","messageTitle":"Update Person.java","messageBody":"To include the involvement field\n","fileTypesAndContributionMap":{"functional-code":{"insertions":15,"deletions":5}}},{"hash":"0e36e4e92d6dba8910f739a0f3a1868461ff8209","messageTitle":"Update Student.java","messageBody":"To include the involvement field\n","fileTypesAndContributionMap":{"functional-code":{"insertions":3,"deletions":2}}},{"hash":"6d8342ca4e93404bc2142edcd782610e63c5ae8f","messageTitle":"Update SampleDataUtil.java","messageBody":"To include the involvement field\n","fileTypesAndContributionMap":{"functional-code":{"insertions":7,"deletions":12}}},{"hash":"9b0abd39828979d55f76623485b47fb0bae22118","messageTitle":"Update JsonAdaptedPerson.java","messageBody":"To include the involvement field\n","fileTypesAndContributionMap":{"functional-code":{"insertions":5,"deletions":1}}},{"hash":"dcbac7896c2af732798987081213a6e6c524321f","messageTitle":"Update JsonAdaptedStudent.java","messageBody":"To include the involvement field\n","fileTypesAndContributionMap":{"functional-code":{"insertions":14,"deletions":7}}},{"hash":"1e028f53e90c41715773b23e7aace61c8db0f7e2","messageTitle":"Update StudentCard.java","messageBody":"To include the involvement field\n","fileTypesAndContributionMap":{"functional-code":{"insertions":3,"deletions":0}}},{"hash":"e36806884c558d147eb3d0b8fd038cdc2d9bbfad","messageTitle":"Update PersonListCard.java","messageBody":"To include the involvement field\n","fileTypesAndContributionMap":{"functional-code":{"insertions":1,"deletions":0}}},{"hash":"01785becb9b79784fe4ad3d2d8d6d1c3275ad322","messageTitle":"Add Involvement.java","messageBody":"For the new field in Person.java and Student.java.\nA user will have an involvement with a person/student. An involvement\nis simply a string with only 1 constraint- cannot be blank. It can be\nnon-alphanumeric ie. contain \" or \u0027.\n","fileTypesAndContributionMap":{"functional-code":{"insertions":59,"deletions":0}}},{"hash":"7664e6d7d0c249d52a100dbde77360dd8d533cb1","messageTitle":"Update ParserUtil.java","messageBody":"Fix error for involvement\n","fileTypesAndContributionMap":{"functional-code":{"insertions":1,"deletions":1}}},{"hash":"973bc8eb37a234614a714919c66a6b4b155bbe46","messageTitle":"Update JsonAdaptedStudent.java","messageBody":"Fix error for involvement\n","fileTypesAndContributionMap":{"functional-code":{"insertions":1,"deletions":1}}},{"hash":"ef34944515575db3b36fb09d4c6a43a66d909ffb","messageTitle":"Update test cases","messageBody":"","fileTypesAndContributionMap":{"test-code":{"insertions":209,"deletions":149}}},{"hash":"086070c9ed5622a824968bb6c7c53a809d162cb9","messageTitle":"Add InvolvementTest.java","messageBody":"For testing of Involvement.java class.\n","fileTypesAndContributionMap":{"test-code":{"insertions":35,"deletions":0}}},{"hash":"6881feca06002c90757de36ae0ab16c30b8bd064","messageTitle":"Fix checkstyle issues","messageBody":"","fileTypesAndContributionMap":{"functional-code":{"insertions":16,"deletions":4}}},{"hash":"7a538f849e0c1cbfbc5989f54352859601423dbf","messageTitle":"Fix checkstyle issues","messageBody":"","fileTypesAndContributionMap":{"functional-code":{"insertions":40,"deletions":6}}},{"hash":"33cb9b42be7c8e4a1d259553d1f0e9208a69f178","messageTitle":"Fix checkstyle issues","messageBody":"","fileTypesAndContributionMap":{"test-code":{"insertions":7,"deletions":8}}},{"hash":"850c3a726dfa6e163eb4bd1ab86df5e4af99e385","messageTitle":"Fix checkstyle issues","messageBody":"","fileTypesAndContributionMap":{"test-code":{"insertions":162,"deletions":55}}},{"hash":"d6d4598b4895ea69034c84d3e45318daf64af007","messageTitle":"Fix formatting","messageBody":"","fileTypesAndContributionMap":{"functional-code":{"insertions":1,"deletions":1}}},{"hash":"419cf03df99ce14093fd0f23d6c721c77942e386","messageTitle":"Fix imports","messageBody":"","fileTypesAndContributionMap":{"test-code":{"insertions":69,"deletions":69}}},{"hash":"5fff8db6f323a1d2566ede1c07ff1050085c4eb4","messageTitle":"Fix test case","messageBody":"","fileTypesAndContributionMap":{"test-code":{"insertions":1,"deletions":1}}},{"hash":"6bcc5aef4774de19f187e859e4afaa81d67ac3fe","messageTitle":"Update StudentUtil.java","messageBody":"For involvement.\n","fileTypesAndContributionMap":{"test-code":{"insertions":4,"deletions":0}}}]},{"date":"2021-10-11","commitResults":[{"hash":"3389a24ca93cb962f352fb83aa75407686af3343","messageTitle":"Refactor EditStudentCommand.java to a student package","messageBody":"","fileTypesAndContributionMap":{"other":{"insertions":3,"deletions":1}}},{"hash":"750106450337d3a51aaf760a38a9317a6401af9e","messageTitle":"Refactor EditStudentCommand.java","messageBody":"","fileTypesAndContributionMap":{"functional-code":{"insertions":2,"deletions":2},"test-code":{"insertions":3,"deletions":2}}},{"hash":"fd6268667a09d42493001ea328440645a68b2a5c","messageTitle":"Update Person.java","messageBody":"Update the definition of \"same person\" to be only same name.\nie. if 2 Person have the same name, they are considered the same person.\nRemove the previous condition of address.\n","fileTypesAndContributionMap":{"functional-code":{"insertions":1,"deletions":2},"test-code":{"insertions":3,"deletions":3}}},{"hash":"b5919026a0c5c2f94f1a0f9e1f248764d70f401d","messageTitle":"Refactor StudentCommandParser.java to AddStudentCommandParser.java","messageBody":"Also moved this file to a new student package.\n","fileTypesAndContributionMap":{"functional-code":{"insertions":159,"deletions":3},"other":{"insertions":33,"deletions":26},"test-code":{"insertions":8,"deletions":7}}},{"hash":"e66bad0397adc8253f783e2e70140643a1d259e8","messageTitle":"Update AddressBookParser.java","messageBody":"","fileTypesAndContributionMap":{"functional-code":{"insertions":3,"deletions":2}}},{"hash":"15250f10eff1dcd80eb18bf82d81b1d54eca39e6","messageTitle":"Update UserGuide.md","messageBody":"Fix editStudent command.\n","fileTypesAndContributionMap":{"docs":{"insertions":6,"deletions":6}}}]},{"date":"2021-10-12","commitResults":[{"hash":"db2d3a33913f52a2ff93c1e30e6f4f6a0d3044d0","messageTitle":"Add MedicalHistory command","messageBody":"","fileTypesAndContributionMap":{"functional-code":{"insertions":73,"deletions":23}}},{"hash":"df13301687ef1a57d29edff69eab39e0013827e5","messageTitle":"Add medical history label","messageBody":"","fileTypesAndContributionMap":{"functional-code":{"insertions":4,"deletions":0}}},{"hash":"957310a4cd613b63bf5342e2b1353cf2286ed76f","messageTitle":"Update test case and relevant files","messageBody":"","fileTypesAndContributionMap":{"test-code":{"insertions":101,"deletions":44}}},{"hash":"31b78fb1ca8de50ce3c836946d5f18ebf7a39d2a","messageTitle":"Add MedicalHistoryCommand.java","messageBody":"For the new command.\n","fileTypesAndContributionMap":{"functional-code":{"insertions":99,"deletions":0}}},{"hash":"315be6699df1103607fe4c4638309fc35f9cddb4","messageTitle":"Add MedicalHistoryCommandParser.java","messageBody":"For the new command.\n","fileTypesAndContributionMap":{"functional-code":{"insertions":45,"deletions":0}}},{"hash":"da145493f006df0dbeb7148195af1b8deaa7eb87","messageTitle":"Add MedicalHistory.java","messageBody":"For the field in Student.\n","fileTypesAndContributionMap":{"functional-code":{"insertions":38,"deletions":0}}},{"hash":"d9e9f2653089a3ad7fae31a3670cd5d99df2f14d","messageTitle":"Add test cases for MedicalHistory","messageBody":"","fileTypesAndContributionMap":{"test-code":{"insertions":215,"deletions":0}}},{"hash":"ece95cf686bfc546f046ba412d69e94db3e556e5","messageTitle":"Update UserGuide.md","messageBody":"","fileTypesAndContributionMap":{"docs":{"insertions":15,"deletions":0}}}]}]},"authorFileTypeContributionMap":{"g4ryy":{"docs":27,"functional-code":981,"test-code":1689},"random689":{"docs":287,"functional-code":1181,"test-code":385},"cliveong":{"docs":20,"functional-code":284,"test-code":356},"junghon3709":{"docs":142,"functional-code":1239,"test-code":2519,"other":1},"nniiggeell":{"docs":31,"functional-code":454,"test-code":470}},"authorContributionVariance":{"g4ryy":285189.1,"random689":89616.37,"cliveong":8214.899,"junghon3709":442337.78,"nniiggeell":47695.89},"authorDisplayNameMap":{"g4ryy":"CS2103-T16-3 GARY..NSEN","random689":"CS2103-T16-3 NG Y..HUAN","cliveong":"CS2103-T16-3 ONG ..LIVE","junghon3709":"CS2103-T16-3 YIP .. HON","nniiggeell":"CS2103-T16-3 TAN ..JOHN"}}
