{"authorDailyContributionsMap":{"NoraYUuu":[{"date":"2021-09-28","commitResults":[{"hash":"8389cc5656417b052d7e062ee29ff0d6b83d89bf","messageTitle":"Update AboutUs, Huaiyu\u0027s part.","messageBody":"","fileTypesAndContributionMap":{"docs":{"insertions":4,"deletions":6}}}]},{"date":"2021-09-29","commitResults":[{"hash":"2053bceb02b3d4a55d58ead1509ccfed2085a5f9","messageTitle":"Update photo","messageBody":"","fileTypesAndContributionMap":{"docs":{"insertions":3,"deletions":1}}},{"hash":"91c2aa556b6dcfa96e294f1df28c2ce011c0a6ec","messageTitle":"Update AboutUs description","messageBody":"","fileTypesAndContributionMap":{"docs":{"insertions":1,"deletions":1}}}]},{"date":"2021-10-01","commitResults":[{"hash":"a20c11538505794bdc38857c3af9033978a022e5","messageTitle":"Update AboutUs portfolio","messageBody":"","fileTypesAndContributionMap":{"docs":{"insertions":47,"deletions":0}}}]}],"amzhy":[{"date":"2021-09-28","commitResults":[{"hash":"db471161b1ac7ba335c4ffcd668247be2f44498b","messageTitle":"Update AboutUs.md","messageBody":"","fileTypesAndContributionMap":{"docs":{"insertions":5,"deletions":5}}}]},{"date":"2021-09-29","commitResults":[{"hash":"2987805cc0f5f5addc2390f59b6342477d073e00","messageTitle":"Fix CI bug","messageBody":"","fileTypesAndContributionMap":{"functional-code":{"insertions":3,"deletions":6},"docs":{"insertions":4,"deletions":4},"test-code":{"insertions":3,"deletions":3}}},{"hash":"83ee652fab7007aff6604f4588845b9d5a1916d5","messageTitle":"Fix CI bug","messageBody":"","fileTypesAndContributionMap":{"functional-code":{"insertions":238,"deletions":203},"other":{"insertions":65,"deletions":27},"test-code":{"insertions":68,"deletions":3}}},{"hash":"50f630ad6ccd100f65a3f603bf7d5d523e012eac","messageTitle":"Fix CI bug","messageBody":"","fileTypesAndContributionMap":{"test-code":{"insertions":49,"deletions":34}}},{"hash":"dd5cc46b06877c7dedf736a93e7fc736e9e85e3c","messageTitle":"Fix CI bug","messageBody":"","fileTypesAndContributionMap":{"test-code":{"insertions":24,"deletions":0}}},{"hash":"51dec95a41764dbad57e62ab9138b486747f6259","messageTitle":"Fix CI bug","messageBody":"","fileTypesAndContributionMap":{"test-code":{"insertions":1,"deletions":15}}}]},{"date":"2021-09-30","commitResults":[{"hash":"bcb7b9f94fd6189f1797fc8effaf73ec42a5b6c9","messageTitle":"Update AboutUs.md","messageBody":"","fileTypesAndContributionMap":{"docs":{"insertions":48,"deletions":2}}}]},{"date":"2021-10-01","commitResults":[{"hash":"5bd4471b6edce0540f1329b9aaa5697d2cf88de5","messageTitle":"Update README.md","messageBody":"","fileTypesAndContributionMap":{"docs":{"insertions":1,"deletions":1}}},{"hash":"1c3d86731cf413ebf8b281ba458bf4240069220f","messageTitle":"Update NFR","messageBody":"","fileTypesAndContributionMap":{"docs":{"insertions":2,"deletions":2}}}]}],"timiditi":[{"date":"2021-09-28","commitResults":[{"hash":"8ee8195ffbcefa5c52cbb4a21ada7ef3ebdb552c","messageTitle":"Add Timothy\u0027s profile to About Us","messageBody":"","fileTypesAndContributionMap":{"docs":{"insertions":8,"deletions":7}}},{"hash":"80548f5d80da706d3e0d484c96231023fdb552a4","messageTitle":"Update README.md","messageBody":"","fileTypesAndContributionMap":{"docs":{"insertions":21,"deletions":11}}},{"hash":"ecb0797aa68c1c3fca09c91474e503f60373c54d","messageTitle":"Update UserGuide.md","messageBody":"","fileTypesAndContributionMap":{"docs":{"insertions":50,"deletions":152}}}]},{"date":"2021-09-29","commitResults":[{"hash":"341b3ef390b8fc7286c2f0bce3ac0a9662886ab6","messageTitle":"Update DG with user stories and use cases","messageBody":"","fileTypesAndContributionMap":{"docs":{"insertions":146,"deletions":91}}}]}],"adam-ky":[{"date":"2021-09-28","commitResults":[{"hash":"9de18760a6e318ba924a307f352f511c8e436e84","messageTitle":"Update AboutUs","messageBody":"Photo and roles and responsibility description for Adam are added.\n","fileTypesAndContributionMap":{"docs":{"insertions":5,"deletions":6}}}]},{"date":"2021-09-29","commitResults":[{"hash":"e16baac41557286aee410b5106f4431981cafd23","messageTitle":"Update UserGuide.md","messageBody":"","fileTypesAndContributionMap":{"docs":{"insertions":50,"deletions":152}}}]},{"date":"2021-09-30","commitResults":[{"hash":"2ac33fd4e30cea24f081d31fc01b257a168b3940","messageTitle":"Add Portfolio page","messageBody":"","fileTypesAndContributionMap":{"docs":{"insertions":46,"deletions":0}}}]}],"Leofeng10":[{"date":"2021-09-25","commitResults":[{"hash":"8cdb3def342ca3d832e6668b2928ec162eff4792","messageTitle":"Create TuitionClass packet","messageBody":"","fileTypesAndContributionMap":{"functional-code":{"insertions":289,"deletions":0}}}]},{"date":"2021-09-26","commitResults":[{"hash":"9c7d3d194f076935b0b5ce9f6e1fbfef2d6f3068","messageTitle":"Display tuition class info in PersonCard","messageBody":"","fileTypesAndContributionMap":{"functional-code":{"insertions":207,"deletions":32},"test-code":{"insertions":57,"deletions":21}}},{"hash":"6a86752ef9acf8854b2a18330402d6887498b7a5","messageTitle":"AddClass command","messageBody":"","fileTypesAndContributionMap":{"functional-code":{"insertions":680,"deletions":9}}},{"hash":"74ba546fabb33fd65299a005b4e321116ab52716","messageTitle":"Display tuition class info in a new panel","messageBody":"","fileTypesAndContributionMap":{"functional-code":{"insertions":128,"deletions":7}}},{"hash":"fc3dd9c06509bd4fbea8c4e2037d672667f96898","messageTitle":"save tuition class to storage","messageBody":"","fileTypesAndContributionMap":{"functional-code":{"insertions":18,"deletions":1}}},{"hash":"0b3369809800cafad9f1724f7c3a583214db7559","messageTitle":"can load tuition to GUI","messageBody":"","fileTypesAndContributionMap":{"functional-code":{"insertions":52,"deletions":7}}}]},{"date":"2021-09-27","commitResults":[{"hash":"751ad135ceb5f418a1756b9f40b29117d7cebae4","messageTitle":"bug fixed","messageBody":"","fileTypesAndContributionMap":{"functional-code":{"insertions":18,"deletions":7}}},{"hash":"6a7187aa0a1ecdbea5dff5523b4fe21602706554","messageTitle":"bug fixed","messageBody":"","fileTypesAndContributionMap":{"functional-code":{"insertions":2,"deletions":7}}}]},{"date":"2021-09-28","commitResults":[{"hash":"a3a74821ebbb58727cce89e01495a948dccc8989","messageTitle":"upload photo","messageBody":"","fileTypesAndContributionMap":{"docs":{"insertions":2,"deletions":2}}},{"hash":"16d780db79a746222a47d266c7244adfd11ff4fc","messageTitle":"upload photo","messageBody":"","fileTypesAndContributionMap":{"docs":{"insertions":2,"deletions":2}}},{"hash":"2ca20c501e702b259e87fa753891196b4a34b1ac","messageTitle":"upload photo","messageBody":"","fileTypesAndContributionMap":{"docs":{"insertions":2,"deletions":4}}},{"hash":"3a7f2da3f7e54698aec8fd65a344f86e2ef8304e","messageTitle":"change photo","messageBody":"","fileTypesAndContributionMap":{"docs":{"insertions":1,"deletions":3}}},{"hash":"355fc89279a7c4131ee85679c14f89f89b53a162","messageTitle":"upload photo","messageBody":"","fileTypesAndContributionMap":{"docs":{"insertions":2,"deletions":2}}}]},{"date":"2021-09-29","commitResults":[{"hash":"018650e92151363f861de2dd2ce4e273f1aa504d","messageTitle":"change photo name","messageBody":"","fileTypesAndContributionMap":{"docs":{"insertions":1,"deletions":1}}},{"hash":"27a35f16a9c637db79e20cf2412ee52a7e093a52","messageTitle":"AboutUs update","messageBody":"","fileTypesAndContributionMap":{"docs":{"insertions":1,"deletions":0}}}]},{"date":"2021-09-30","commitResults":[{"hash":"e752c7047c4179b78a9eaffb4318fff8d9a81900","messageTitle":"change photo name","messageBody":"","fileTypesAndContributionMap":{"docs":{"insertions":1,"deletions":1}}},{"hash":"667c6ef9f8ed16f43c786ed3594a6672b8ae4983","messageTitle":"Update AboutUs.md","messageBody":"","fileTypesAndContributionMap":{"docs":{"insertions":1,"deletions":1}}},{"hash":"1d1060c846dc46f8c66e78205df9fdc5a3b484ef","messageTitle":"portfolio","messageBody":"","fileTypesAndContributionMap":{"docs":{"insertions":49,"deletions":1}}},{"hash":"9f36dd22789828da5a3cae2cb3ce0b98a69183dc","messageTitle":"portfolio","messageBody":"","fileTypesAndContributionMap":{"docs":{"insertions":0,"deletions":4}}}]}]},"authorFileTypeContributionMap":{"NoraYUuu":{"docs":52,"functional-code":0,"test-code":0},"amzhy":{"docs":58,"functional-code":272,"test-code":135},"timiditi":{"docs":203,"functional-code":0,"test-code":0},"adam-ky":{"docs":51,"functional-code":0,"test-code":0,"other":1},"Leofeng10":{"docs":51,"functional-code":1157,"test-code":45}},"authorContributionVariance":{"NoraYUuu":138.69333,"amzhy":34716.37,"timiditi":6828.24,"adam-ky":2571.2622,"Leofeng10":93230.23},"authorDisplayNameMap":{"NoraYUuu":"CS2103T-T12-4 DENG..AIYU","amzhy":"CS2103T-T12-4 MOHA..SEEN","timiditi":"CS2103T-T12-4 NG J..OTHY","adam-ky":"CS2103T-T12-4 ADAM..YUEN","Leofeng10":"CS2103T-T12-4 FENG..UNYI"}}
