{"authorDailyContributionsMap":{"NoraYUuu":[{"date":"2021-09-28","commitResults":[{"hash":"8389cc5656417b052d7e062ee29ff0d6b83d89bf","messageTitle":"Update AboutUs, Huaiyu\u0027s part.","messageBody":"","fileTypesAndContributionMap":{"docs":{"insertions":4,"deletions":6}}}]},{"date":"2021-09-29","commitResults":[{"hash":"2053bceb02b3d4a55d58ead1509ccfed2085a5f9","messageTitle":"Update photo","messageBody":"","fileTypesAndContributionMap":{"docs":{"insertions":3,"deletions":1}}},{"hash":"91c2aa556b6dcfa96e294f1df28c2ce011c0a6ec","messageTitle":"Update AboutUs description","messageBody":"","fileTypesAndContributionMap":{"docs":{"insertions":1,"deletions":1}}}]},{"date":"2021-10-01","commitResults":[{"hash":"a20c11538505794bdc38857c3af9033978a022e5","messageTitle":"Update AboutUs portfolio","messageBody":"","fileTypesAndContributionMap":{"docs":{"insertions":47,"deletions":0}}}]},{"date":"2021-10-04","commitResults":[{"hash":"90ba01fe5586ce860f9f1914be5073f2ef4e498e","messageTitle":"Create Tuition Class with students","messageBody":"","fileTypesAndContributionMap":{"functional-code":{"insertions":104,"deletions":21}}},{"hash":"d558bc07eff8b7eb9c351b8683773bd9a5f97d81","messageTitle":"Add existing student to existing tuition class","messageBody":"","fileTypesAndContributionMap":{"functional-code":{"insertions":184,"deletions":11}}},{"hash":"e387cef37fee22dc358a575ae764835a84d4ae95","messageTitle":"Modify code according to checkstyle","messageBody":"","fileTypesAndContributionMap":{"functional-code":{"insertions":41,"deletions":26}}},{"hash":"e65c6fa685198ada2ad709b3b4a921e9f51cac45","messageTitle":"Change code according to CheckStyle","messageBody":"","fileTypesAndContributionMap":{"functional-code":{"insertions":4,"deletions":2}}},{"hash":"2b22135df735f60f47e5556164cb0e4c031c28eb","messageTitle":"Resolve Star Import","messageBody":"","fileTypesAndContributionMap":{"functional-code":{"insertions":22,"deletions":3}}},{"hash":"455acf2e2bc984be4650a9abdcd70de4f4616bf2","messageTitle":"Resolve line longer than 120 chars","messageBody":"","fileTypesAndContributionMap":{"functional-code":{"insertions":2,"deletions":1}}},{"hash":"94af9e9e27306f3ec23648371e36f0c7fcf55f40","messageTitle":"Modify test class to fit checkstyle","messageBody":"","fileTypesAndContributionMap":{"test-code":{"insertions":16,"deletions":0}}}]},{"date":"2021-10-05","commitResults":[{"hash":"bc8c0c791431ae689c36f2a5240f42e9923aafcd","messageTitle":"Add tuition class to a student object","messageBody":"","fileTypesAndContributionMap":{"functional-code":{"insertions":89,"deletions":13},"test-code":{"insertions":2,"deletions":2}}},{"hash":"637847e43484eaaf67ba9b2c043086458549cef2","messageTitle":"Show student\u0027s classes as tag","messageBody":"Add classes that each person is attending to the person object and show\nthe classes as tags.\n","fileTypesAndContributionMap":{"functional-code":{"insertions":45,"deletions":13},"test-code":{"insertions":8,"deletions":1}}},{"hash":"16a15191048eb15af4be6ba01668990d4224c8a9","messageTitle":"Remove unused import","messageBody":"","fileTypesAndContributionMap":{"functional-code":{"insertions":0,"deletions":1},"test-code":{"insertions":0,"deletions":1}}},{"hash":"b052fda0154e96ad6f41d29010f9d3e61a647f37","messageTitle":"Debug adding tuition class tag to student","messageBody":"There was risk of NullPointerException previously as the tuition class\nto be added to could potentially be null.\n\nBug is resolved by checking the existence of this tuition class first.\n","fileTypesAndContributionMap":{"functional-code":{"insertions":3,"deletions":3}}},{"hash":"7110594ab01f2e64b0c5911d0f9ec0f54a5f2a06","messageTitle":"Update tuition classes in each person object","messageBody":"Update tuition class in relevant person object when new students are\nadded to a tuition class.\n","fileTypesAndContributionMap":{"functional-code":{"insertions":41,"deletions":1}}},{"hash":"2e3f0377dcf4b84b656f14293351764635f9bfd3","messageTitle":"Update AddCommandTest","messageBody":"Add abstract method to the test stub.\n","fileTypesAndContributionMap":{"test-code":{"insertions":5,"deletions":0}}},{"hash":"8127e0ec7ec97988bcac37d1e676512b283a84a8","messageTitle":"Debug refreshing after adding person/class","messageBody":"","fileTypesAndContributionMap":{"functional-code":{"insertions":2,"deletions":3}}},{"hash":"c956383a96496cb396b953b2b2f44fd073886f99","messageTitle":"Refresh tag of person when being added to a new class","messageBody":"Refresh immediately after adding a class.\nThis is done by calling setTuition and setPerson in model.\n","fileTypesAndContributionMap":{"functional-code":{"insertions":13,"deletions":3}}}]},{"date":"2021-10-10","commitResults":[{"hash":"8916c1dd70003ae7a6166c5fe320da9dca882381","messageTitle":"Modify message shown to user for add student to class","messageBody":"Make the message easier to understand by adding in examples.\n","fileTypesAndContributionMap":{"functional-code":{"insertions":20,"deletions":13}}},{"hash":"8d0888ac5efe24dd433fd208c5af82b3f7d3be1a","messageTitle":"Modify addtoclass command to allow add student by name","messageBody":"Previously only index can be used to add a student. Now both index and\nname can be used.\n","fileTypesAndContributionMap":{"functional-code":{"insertions":111,"deletions":20}}},{"hash":"ee78eb398d03e4fb7b492e213b3a0e3656b24779","messageTitle":"Modify message showing to user in addtoclass command","messageBody":"","fileTypesAndContributionMap":{"functional-code":{"insertions":2,"deletions":1}}},{"hash":"dea931ed33cef01fb07fd3d32604d603ffda6571","messageTitle":"Update Person Object by including classid in classlist","messageBody":"","fileTypesAndContributionMap":{"functional-code":{"insertions":53,"deletions":74},"test-code":{"insertions":4,"deletions":7}}},{"hash":"8b17f0dc3149191ac047b509cc2bbde4bb95e832","messageTitle":"Modify code to match checkstyle","messageBody":"","fileTypesAndContributionMap":{"functional-code":{"insertions":3,"deletions":1}}}]},{"date":"2021-10-11","commitResults":[{"hash":"6df0039e3bb33834faca6c4e012a7e4c56b1516f","messageTitle":"Update userguide and sample data","messageBody":"","fileTypesAndContributionMap":{"functional-code":{"insertions":20,"deletions":8},"docs":{"insertions":10,"deletions":4}}}]},{"date":"2021-10-12","commitResults":[{"hash":"14e499b88c8de947b05041b4d1bb801997313a43","messageTitle":"Debug Sample data","messageBody":"Previously all classes share the same StudentList object and several\nPerson share the same Class object, which resulting in several classes\nor students being updated together.\n","fileTypesAndContributionMap":{"functional-code":{"insertions":18,"deletions":14}}},{"hash":"5183e41aa7a757f67571f5b2b34823010a8e9afa","messageTitle":"Update addclass command","messageBody":"Allows user not to include student when creating a new class.\nAdds valid student names within limit when being fed a string of names,\nand alert tutors which students are not added due to class limit or\nnon-existing students.\n","fileTypesAndContributionMap":{"functional-code":{"insertions":53,"deletions":25},"docs":{"insertions":4,"deletions":2}}},{"hash":"42b7232d6bacb8adc90fd3446aa962608344ef5b","messageTitle":"Debug addclass and addtoclass command","messageBody":"Show existing students, invalid names, and limit exceeded accordingly.\nAdd students until limit is met if too many students are keyed in by\nuser.\n","fileTypesAndContributionMap":{"functional-code":{"insertions":83,"deletions":38}}},{"hash":"3c4c8d7ab49d06d0193c2c454e3d324c208fa73a","messageTitle":"Modify according to coding standard","messageBody":"","fileTypesAndContributionMap":{"functional-code":{"insertions":2,"deletions":1}}}]},{"date":"2021-10-13","commitResults":[{"hash":"fd3e4434d8d3f36940c12cc6dfe8bdf33b38877e","messageTitle":"Add multiple students to an existing class using index","messageBody":"","fileTypesAndContributionMap":{"functional-code":{"insertions":26,"deletions":24}}},{"hash":"4e85817226a14afb40cdcf5a9906526cb11b630a","messageTitle":"Update userguide for addtoclass and addclass commands","messageBody":"","fileTypesAndContributionMap":{"docs":{"insertions":9,"deletions":4}}},{"hash":"0c3d494f0128a4d2c7bb5c76dd64f05bf6e7c278","messageTitle":"Update addtoclass usage message shown to user","messageBody":"","fileTypesAndContributionMap":{"functional-code":{"insertions":2,"deletions":2},"docs":{"insertions":6,"deletions":1}}},{"hash":"ee04bc09d687ac31015c747554568cea47fd1abc","messageTitle":"Modify Exceptions thrown","messageBody":"","fileTypesAndContributionMap":{"functional-code":{"insertions":1,"deletions":1}}},{"hash":"9a20f6fdd76c1ab323f2ada248cafa49d2a8f540","messageTitle":"Delete counter in addclass usage message","messageBody":"","fileTypesAndContributionMap":{"functional-code":{"insertions":1,"deletions":1}}},{"hash":"6a4933a33bf7000a5114b99dcba720aa98566ed3","messageTitle":"Sort tuition class list according to time or alphabetical order.","messageBody":"If the tutor does not exit TutAssistor, the list will be auto-sorted\naccording to his preference when adding and editing classes after the\ntutor sorted the list.\n","fileTypesAndContributionMap":{"functional-code":{"insertions":250,"deletions":13},"docs":{"insertions":13,"deletions":0}}},{"hash":"ee169890f96dcb16db0ac4beb47e922caf62055f","messageTitle":"Modify code according to coding standard","messageBody":"","fileTypesAndContributionMap":{"test-code":{"insertions":5,"deletions":0}}},{"hash":"4322bd23d39686d21e922aad8287f106d005011b","messageTitle":"Update UserGuide","messageBody":"","fileTypesAndContributionMap":{"functional-code":{"insertions":2,"deletions":1},"docs":{"insertions":3,"deletions":3}}}]},{"date":"2021-10-17","commitResults":[{"hash":"18b7be889ef9e0a7348a19fdc258032f5c33f839","messageTitle":"Add Timetable Command","messageBody":"Show an auto-size timetable.\n","fileTypesAndContributionMap":{"functional-code":{"insertions":432,"deletions":7}}},{"hash":"407365508368bd7157a2e7b0c3c5cdc512ded957","messageTitle":"Modify timetable when a tuition class spans from sunday to monday","messageBody":"","fileTypesAndContributionMap":{"functional-code":{"insertions":1,"deletions":1}}},{"hash":"c36be49e75e46441d6ebbb465a20dbb228d1adf5","messageTitle":"Update userguide","messageBody":"","fileTypesAndContributionMap":{"docs":{"insertions":8,"deletions":0}}},{"hash":"72dd595864d96ab3df84a61e9fc0d1fdaf731c57","messageTitle":"Debug timetable.css","messageBody":"","fileTypesAndContributionMap":{"functional-code":{"insertions":2,"deletions":1}}}]},{"date":"2021-10-18","commitResults":[{"hash":"57b04ae0c192ff54e2038164b11f148f34f7350e","messageTitle":"Update Userguide","messageBody":"","fileTypesAndContributionMap":{"docs":{"insertions":2,"deletions":1}}},{"hash":"3245d40561f8c3bc45d95afd12a18ddb98ef5a5e","messageTitle":"Update UserGuide.md","messageBody":"","fileTypesAndContributionMap":{"docs":{"insertions":2,"deletions":2}}},{"hash":"77815bab90391f785955a2626e84eabeee0bced3","messageTitle":"Update UserGuide.md","messageBody":"","fileTypesAndContributionMap":{"docs":{"insertions":2,"deletions":1}}}]},{"date":"2021-10-19","commitResults":[{"hash":"cb81e7a09b464465a6b14ddc54284dbf72a968d1","messageTitle":"Modify DG and UG to follow coding standard","messageBody":"","fileTypesAndContributionMap":{"docs":{"insertions":18,"deletions":10}}},{"hash":"44acb875fecb071b868f02841e1eabac839ac2ea","messageTitle":"Update DG User case formatting","messageBody":"","fileTypesAndContributionMap":{"docs":{"insertions":4,"deletions":4}}},{"hash":"65ccde572837f87d306fae183a7e3161b19dd9d2","messageTitle":"Update DeveloperGuide.md","messageBody":"Update Implementation of Timetable Command.\n","fileTypesAndContributionMap":{"functional-code":{"insertions":2,"deletions":2},"docs":{"insertions":23,"deletions":2}}}]},{"date":"2021-10-20","commitResults":[{"hash":"744c25123937a6649784299f676dc4965be2e70c","messageTitle":"Update DeveloperGuide.md and add Timetable Class","messageBody":"Separate UI and logic of timetable command by adding a new Timetable\nclass\n","fileTypesAndContributionMap":{"functional-code":{"insertions":242,"deletions":195},"docs":{"insertions":12,"deletions":10}}},{"hash":"2acc33443405c2c83b7a84b8096dc4cb1014d628","messageTitle":"Modify addcommand to exclude tag","messageBody":"","fileTypesAndContributionMap":{"functional-code":{"insertions":6,"deletions":7},"docs":{"insertions":67,"deletions":46}}},{"hash":"d160a032b49aeae06d637e6d005ad0a84f63f9a5","messageTitle":"Modify test files for addcommand","messageBody":"","fileTypesAndContributionMap":{"test-code":{"insertions":6,"deletions":9}}},{"hash":"a11785cc3cab00a2f6604def131d35d39d8b3bdf","messageTitle":"Update tests for addcommand","messageBody":"","fileTypesAndContributionMap":{"test-code":{"insertions":61,"deletions":75}}},{"hash":"e7903c343a37968c204ffd9e5021c2093e1264ce","messageTitle":"Add javadoc and logging message","messageBody":"Add javadoc and logging message for addtoclass command and timetable\ncommand\n","fileTypesAndContributionMap":{"functional-code":{"insertions":51,"deletions":4}}}]},{"date":"2021-10-24","commitResults":[{"hash":"10e85ac480543ee95f93d8e03b363ebb1d271023","messageTitle":"Update DG","messageBody":"Include implementation for addtoclass command.\n","fileTypesAndContributionMap":{"docs":{"insertions":26,"deletions":1}}}]},{"date":"2021-10-25","commitResults":[{"hash":"2b83b1122f1ccd5843b2cc8f848f821fe5a7a9dd","messageTitle":"Update sort command","messageBody":"Update sort with time according to Timeslot format.\n","fileTypesAndContributionMap":{"functional-code":{"insertions":21,"deletions":1}}},{"hash":"26541df200c863e8a4d2126cd9a68e757eb84c69","messageTitle":"Modify to align with CheckStyle","messageBody":"","fileTypesAndContributionMap":{"functional-code":{"insertions":0,"deletions":1}}}]},{"date":"2021-10-28","commitResults":[{"hash":"d4596913adcf324e3e50f35dd2fec3223e4a7a0d","messageTitle":"Add unit test for AddToClassCommand","messageBody":"","fileTypesAndContributionMap":{"functional-code":{"insertions":1,"deletions":1},"test-code":{"insertions":288,"deletions":6}}},{"hash":"b80ffe219fca2d52d31d63086034f15679355272","messageTitle":"Add unit test for AddToClassCommandParser","messageBody":"","fileTypesAndContributionMap":{"functional-code":{"insertions":29,"deletions":3},"test-code":{"insertions":229,"deletions":0}}},{"hash":"14367245c6aea79908f83bbe540fea4afe2a1d0d","messageTitle":"Comment out one DeleteClassCommandTest","messageBody":"","fileTypesAndContributionMap":{"test-code":{"insertions":1,"deletions":2}}},{"hash":"a2578cf2b912a7b07628fbff69bc352085406b88","messageTitle":"Add unit test for SortCommand and SortCommandParser","messageBody":"","fileTypesAndContributionMap":{"functional-code":{"insertions":15,"deletions":1},"test-code":{"insertions":126,"deletions":0}}},{"hash":"721e16b223262d91d157be3a73687149b0518795","messageTitle":"Add unit test for TimetableCommand and TimetableCommandParser","messageBody":"","fileTypesAndContributionMap":{"functional-code":{"insertions":18,"deletions":0},"test-code":{"insertions":107,"deletions":0}}}]},{"date":"2021-10-30","commitResults":[{"hash":"6497a633fbf58b0b965da04b86b3772739273a76","messageTitle":"Update SortCommand to be case-insensitive","messageBody":"Also update UserGuide for SortCommand and example view 1 under QuickStart\n","fileTypesAndContributionMap":{"functional-code":{"insertions":2,"deletions":2},"docs":{"insertions":5,"deletions":2}}},{"hash":"1e3022b3795c6e89b4bc630fd526bbf97486018c","messageTitle":"Modify error message of AddClassCommand shown to user","messageBody":"","fileTypesAndContributionMap":{"functional-code":{"insertions":5,"deletions":5}}},{"hash":"7094fe9193f7db6a16e4e8933d5ba042bf0e3933","messageTitle":"Resolve truncate of timetable header","messageBody":"","fileTypesAndContributionMap":{"functional-code":{"insertions":16,"deletions":2}}},{"hash":"f659376f24ccb9e001d4c5c61e986c9aaa521ef0","messageTitle":"CheckStyle","messageBody":"","fileTypesAndContributionMap":{"functional-code":{"insertions":0,"deletions":1}}},{"hash":"daf848bfad4ae97f1838d293c18e9a1561c09975","messageTitle":"Fix AddCommand adding same student","messageBody":"Previously same student can be added with same name (e.g. Nora and nora)\nare considered different, Bernice Yu and Bernice   Yu are different also)\n","fileTypesAndContributionMap":{"functional-code":{"insertions":8,"deletions":2}}},{"hash":"27a2955240e002cc764bed9ec0f7c9d2248c8217","messageTitle":"Update UG for addclass","messageBody":"","fileTypesAndContributionMap":{"functional-code":{"insertions":0,"deletions":1},"docs":{"insertions":4,"deletions":0}}},{"hash":"48b29fa418f4aaf3643234aa21e0a1d1cb766410","messageTitle":"Update StudentTest.java","messageBody":"","fileTypesAndContributionMap":{"test-code":{"insertions":4,"deletions":4}}}]},{"date":"2021-11-02","commitResults":[{"hash":"054d4b1e343a7c7b3f57d65667cdeae3d4fadbe2","messageTitle":"Debug TimetableCommand for time range 00:50-00:59","messageBody":"Shows wrong timeslot on timetable previously\n","fileTypesAndContributionMap":{"functional-code":{"insertions":5,"deletions":46}}}]},{"date":"2021-11-03","commitResults":[{"hash":"cf0c28d36bd886e79c50321a277e60d2daf9f92c","messageTitle":"Update Timetable feature in UserGuide.md","messageBody":"","fileTypesAndContributionMap":{"docs":{"insertions":17,"deletions":4}}}]}],"amzhy":[{"date":"2021-09-28","commitResults":[{"hash":"db471161b1ac7ba335c4ffcd668247be2f44498b","messageTitle":"Update AboutUs.md","messageBody":"","fileTypesAndContributionMap":{"docs":{"insertions":5,"deletions":5}}}]},{"date":"2021-09-29","commitResults":[{"hash":"2987805cc0f5f5addc2390f59b6342477d073e00","messageTitle":"Fix CI bug","messageBody":"","fileTypesAndContributionMap":{"functional-code":{"insertions":3,"deletions":6},"docs":{"insertions":4,"deletions":4},"test-code":{"insertions":3,"deletions":3}}},{"hash":"83ee652fab7007aff6604f4588845b9d5a1916d5","messageTitle":"Fix CI bug","messageBody":"","fileTypesAndContributionMap":{"functional-code":{"insertions":238,"deletions":203},"other":{"insertions":65,"deletions":27},"test-code":{"insertions":68,"deletions":3}}},{"hash":"50f630ad6ccd100f65a3f603bf7d5d523e012eac","messageTitle":"Fix CI bug","messageBody":"","fileTypesAndContributionMap":{"test-code":{"insertions":49,"deletions":34}}},{"hash":"dd5cc46b06877c7dedf736a93e7fc736e9e85e3c","messageTitle":"Fix CI bug","messageBody":"","fileTypesAndContributionMap":{"test-code":{"insertions":24,"deletions":0}}},{"hash":"51dec95a41764dbad57e62ab9138b486747f6259","messageTitle":"Fix CI bug","messageBody":"","fileTypesAndContributionMap":{"test-code":{"insertions":1,"deletions":15}}}]},{"date":"2021-09-30","commitResults":[{"hash":"bcb7b9f94fd6189f1797fc8effaf73ec42a5b6c9","messageTitle":"Update AboutUs.md","messageBody":"","fileTypesAndContributionMap":{"docs":{"insertions":48,"deletions":2}}}]},{"date":"2021-10-01","commitResults":[{"hash":"5bd4471b6edce0540f1329b9aaa5697d2cf88de5","messageTitle":"Update README.md","messageBody":"","fileTypesAndContributionMap":{"docs":{"insertions":1,"deletions":1}}},{"hash":"1c3d86731cf413ebf8b281ba458bf4240069220f","messageTitle":"Update NFR","messageBody":"","fileTypesAndContributionMap":{"docs":{"insertions":2,"deletions":2}}}]},{"date":"2021-10-05","commitResults":[{"hash":"758fc51d898606a7a5cdd0c2c11b0a25718fa3b3","messageTitle":"Add delete class","messageBody":"","fileTypesAndContributionMap":{"functional-code":{"insertions":99,"deletions":22}}},{"hash":"96f068cd813f9ef36ce023bf840c5c4c73a6787e","messageTitle":"Refresh tag","messageBody":"","fileTypesAndContributionMap":{"functional-code":{"insertions":15,"deletions":8}}}]},{"date":"2021-10-10","commitResults":[{"hash":"5d27ddd04a42d9f5fd3ca9bb227cc1ae8ae269d2","messageTitle":"Update deletestudent and deleteclass","messageBody":"","fileTypesAndContributionMap":{"functional-code":{"insertions":113,"deletions":78}}}]},{"date":"2021-10-12","commitResults":[{"hash":"f1a5bf7ca48b15273f2bd0fff4d9adcd906649a4","messageTitle":"add remove student cmd","messageBody":"","fileTypesAndContributionMap":{"functional-code":{"insertions":133,"deletions":0},"docs":{"insertions":3,"deletions":2}}},{"hash":"3e88a53aa4e0e085ed6f909550fb06270fd4a10c","messageTitle":"fix style errors","messageBody":"","fileTypesAndContributionMap":{"functional-code":{"insertions":20,"deletions":13}}},{"hash":"953eba544a2b3a5dd402fe55255727604f7e538e","messageTitle":"remove multiple students","messageBody":"","fileTypesAndContributionMap":{"functional-code":{"insertions":51,"deletions":26}}},{"hash":"fadb9d72070b01c36d6f88b259d5cd7120f1f90a","messageTitle":"update userguide cmd","messageBody":"","fileTypesAndContributionMap":{"docs":{"insertions":8,"deletions":4}}}]},{"date":"2021-10-13","commitResults":[{"hash":"8996489e4ecc9d82841ef52cf23786662f1c19be","messageTitle":"Update add/remove class tags","messageBody":"","fileTypesAndContributionMap":{"functional-code":{"insertions":10,"deletions":10}}}]},{"date":"2021-10-16","commitResults":[{"hash":"dd9bd494a940bd3c0a3a92ce816fddcb7ce8bdbb","messageTitle":"add tests","messageBody":"","fileTypesAndContributionMap":{"functional-code":{"insertions":109,"deletions":61},"docs":{"insertions":12,"deletions":6},"test-code":{"insertions":195,"deletions":62}}}]},{"date":"2021-10-17","commitResults":[{"hash":"2ec79d860a8734793dee4a561d3b247ee5a3047b","messageTitle":"add edit student cmd","messageBody":"","fileTypesAndContributionMap":{"functional-code":{"insertions":90,"deletions":85},"test-code":{"insertions":39,"deletions":152}}}]},{"date":"2021-10-22","commitResults":[{"hash":"41425135a74a4099ab80c4605c118531550ffa95","messageTitle":"Edit class cmd","messageBody":"","fileTypesAndContributionMap":{"functional-code":{"insertions":379,"deletions":195},"test-code":{"insertions":25,"deletions":29}}},{"hash":"2fefbd765236cee313b3eeb10bbfef130cb1a7fb","messageTitle":"Edit class cmd","messageBody":"","fileTypesAndContributionMap":{"functional-code":{"insertions":23,"deletions":23}}},{"hash":"c2c3c70798da7ce78144146fa002d08334acb692","messageTitle":"fix style errors","messageBody":"","fileTypesAndContributionMap":{"functional-code":{"insertions":1,"deletions":3}}},{"hash":"12b2ddb306032113c58266c176dcc6535ce767c9","messageTitle":"Fix time parser errors","messageBody":"","fileTypesAndContributionMap":{"functional-code":{"insertions":15,"deletions":3},"test-code":{"insertions":1,"deletions":1}}},{"hash":"ee3bcee6454e1c611ebfcc94eaef4a6fa214a8b7","messageTitle":"fix style errors","messageBody":"","fileTypesAndContributionMap":{"functional-code":{"insertions":1,"deletions":4}}}]},{"date":"2021-10-23","commitResults":[{"hash":"f1b4bb62605916ff52670552aba93b70c50fa926","messageTitle":"Update DeveloperGuide.md","messageBody":"","fileTypesAndContributionMap":{"functional-code":{"insertions":152,"deletions":90},"docs":{"insertions":29,"deletions":0}}}]},{"date":"2021-10-26","commitResults":[{"hash":"2cf6d14993d8d65a35a4ce696689ac3e1584d785","messageTitle":"Update DeveloperGuide.md","messageBody":"","fileTypesAndContributionMap":{"functional-code":{"insertions":1,"deletions":1},"docs":{"insertions":38,"deletions":21}}},{"hash":"753804fa32db82eae1ebb89ca5ca7ddb5511aedc","messageTitle":"Update DeveloperGuide.md","messageBody":"","fileTypesAndContributionMap":{"docs":{"insertions":33,"deletions":31}}},{"hash":"ba408886837b2f65a819032ed21ecbe2a4d62f2e","messageTitle":"Update DeveloperGuide.md","messageBody":"","fileTypesAndContributionMap":{"docs":{"insertions":19,"deletions":18}}},{"hash":"506ccfbf4fc0b47ebbe44ee4bec5a91ad8d37587","messageTitle":"Update DeveloperGuide.md","messageBody":"","fileTypesAndContributionMap":{"docs":{"insertions":7,"deletions":5}}}]},{"date":"2021-10-31","commitResults":[{"hash":"16ffeda2f5b58f14e0a0c55d269b8a9c2bcb9a8d","messageTitle":"Fix UG errors","messageBody":"","fileTypesAndContributionMap":{"docs":{"insertions":8,"deletions":4}}},{"hash":"ca26bf70232b08766bdfa83b99d12b8051d0103b","messageTitle":"Fix deleteclass cmd bug","messageBody":"","fileTypesAndContributionMap":{"functional-code":{"insertions":11,"deletions":6},"test-code":{"insertions":2,"deletions":2}}},{"hash":"1d85d8ca5a12b29e5f4ac3fead5123604d44b65f","messageTitle":"Fix checkstyle","messageBody":"","fileTypesAndContributionMap":{"test-code":{"insertions":2,"deletions":2}}}]},{"date":"2021-11-02","commitResults":[{"hash":"ba0b93a7680aa3c5a87ebe5547c8a0900158c4bb","messageTitle":"fix sort time order","messageBody":"","fileTypesAndContributionMap":{"functional-code":{"insertions":8,"deletions":8},"docs":{"insertions":3,"deletions":0}}}]}],"timiditi":[{"date":"2021-09-28","commitResults":[{"hash":"8ee8195ffbcefa5c52cbb4a21ada7ef3ebdb552c","messageTitle":"Add Timothy\u0027s profile to About Us","messageBody":"","fileTypesAndContributionMap":{"docs":{"insertions":8,"deletions":7}}},{"hash":"80548f5d80da706d3e0d484c96231023fdb552a4","messageTitle":"Update README.md","messageBody":"","fileTypesAndContributionMap":{"docs":{"insertions":21,"deletions":11}}},{"hash":"ecb0797aa68c1c3fca09c91474e503f60373c54d","messageTitle":"Update UserGuide.md","messageBody":"","fileTypesAndContributionMap":{"docs":{"insertions":50,"deletions":152}}}]},{"date":"2021-09-29","commitResults":[{"hash":"341b3ef390b8fc7286c2f0bce3ac0a9662886ab6","messageTitle":"Update DG with user stories and use cases","messageBody":"","fileTypesAndContributionMap":{"docs":{"insertions":146,"deletions":91}}}]},{"date":"2021-10-07","commitResults":[{"hash":"46e528cf7beedb8cc77304952b9245272be527ce","messageTitle":"Update AboutUs.md","messageBody":"","fileTypesAndContributionMap":{"docs":{"insertions":1,"deletions":1}}},{"hash":"f21e6b05ffa349100cec3706ebe0082b3c428fed","messageTitle":"Implement tuition class and student Info Page","messageBody":"- Adds ViewCommand and ViewClassCommand\n\n- CommandResult has too many individual booleans to represent various actions to be taken by the UI, this solution is not scalable if we ever intend to add other UI Actions through commands. Let\u0027s instead change it to a single enum field to specify which UI Action.\n\n- The Class model.tuition.Student.java actually represents a list of students, and its name is a misnomer. Let\u0027s rename it to StudentList.java.\n\n- TuitionCard is meant to a quick overview of a Tuition Class to be displayed in a list, currently contains too much information. Let\u0027s move some of this information to the dedicated information page for users to view on demand. Information moved includes student list and remarks.\n\n- Moved some Student details from the PersonCard on the list to a detailed Info Page, accessed by the ViewCommand.\n","fileTypesAndContributionMap":{"functional-code":{"insertions":573,"deletions":124},"other":{"insertions":12,"deletions":4},"test-code":{"insertions":5,"deletions":10}}},{"hash":"5e1a85549678756f65355bdf7a92aa284db95bce","messageTitle":"Remove trailing whitespace","messageBody":"- Removed trailing whitespace\n","fileTypesAndContributionMap":{"functional-code":{"insertions":2,"deletions":2}}},{"hash":"ff7a203cfdd3cf99c1fabfc7f8f13942ff4fe07f","messageTitle":"Fix merge error","messageBody":"- Accidentally removed an import statement in AddClassCommand, re-added.\n","fileTypesAndContributionMap":{"functional-code":{"insertions":1,"deletions":0}}}]},{"date":"2021-10-08","commitResults":[{"hash":"d05bb8c4719e68dc3357c9c24d0be723ae848fd7","messageTitle":"Fix style errors","messageBody":"","fileTypesAndContributionMap":{"functional-code":{"insertions":13,"deletions":29},"test-code":{"insertions":6,"deletions":3}}},{"hash":"1184b0ece1b08d0fe01a7eb2442dbdfcf02b46c3","messageTitle":"Update CommandResultTest.java","messageBody":"","fileTypesAndContributionMap":{"test-code":{"insertions":3,"deletions":7}}}]},{"date":"2021-10-13","commitResults":[{"hash":"b5e9efd3973f29361501ba9a61cd042c82045ef5","messageTitle":"Add find and list class commands","messageBody":"","fileTypesAndContributionMap":{"functional-code":{"insertions":266,"deletions":47},"other":{"insertions":4,"deletions":4},"test-code":{"insertions":5,"deletions":5}}},{"hash":"1f76b9550c299d11a19e34c7c422ad045587cba6","messageTitle":"Remove unnecessary whitespace","messageBody":"","fileTypesAndContributionMap":{"functional-code":{"insertions":2,"deletions":2}}}]},{"date":"2021-10-15","commitResults":[{"hash":"af705751f7ce2ed945be34b30c745ced30e3e615","messageTitle":"Update UserGuide.md","messageBody":"","fileTypesAndContributionMap":{"docs":{"insertions":33,"deletions":0}}}]},{"date":"2021-10-19","commitResults":[{"hash":"7521ae002ba0a2379bc0ae477850e797c0c0558f","messageTitle":"Implement input history navigation and refine class info page","messageBody":"","fileTypesAndContributionMap":{"functional-code":{"insertions":191,"deletions":39},"test-code":{"insertions":62,"deletions":0}}},{"hash":"13f0c93625bb696a1ba8fb691a1b223845d5bf0a","messageTitle":"Add command shortcuts","messageBody":"User Guide has also been updated to show command shortcuts.\n","fileTypesAndContributionMap":{"functional-code":{"insertions":46,"deletions":3},"docs":{"insertions":201,"deletions":56}}}]},{"date":"2021-10-20","commitResults":[{"hash":"5ca46aa319b2e0db2ff87f165fcbb54792cb758e","messageTitle":"Update UG","messageBody":"Improves grammar, clarity and formatting. Updates command formats that were outdated.\n","fileTypesAndContributionMap":{"docs":{"insertions":144,"deletions":56}}}]},{"date":"2021-10-21","commitResults":[{"hash":"c1818662d215f52aad865737f02588c7767497ef","messageTitle":"Refactor \"persons\" to \"students\"","messageBody":"AB3, which this project is built upon, uses \u0027persons\u0027 for their class and method names. In this project, we specialise it to students, and since the new features are coded using the word \u0027student\u0027 instead of \u0027person\u0027, it can get confusing. Let\u0027s refactor all instances of \"person\" into \"student\".\n","fileTypesAndContributionMap":{"functional-code":{"insertions":582,"deletions":575},"other":{"insertions":218,"deletions":217},"test-code":{"insertions":679,"deletions":678}}}]},{"date":"2021-10-22","commitResults":[{"hash":"b29f99ae7147c9310449c89ca370f2ecf342de65","messageTitle":"Update UserGuide.md","messageBody":"Added page breaks to facilitate pdf conversion.","fileTypesAndContributionMap":{"docs":{"insertions":9,"deletions":0}}},{"hash":"475c6993ad9f87c42226f23a17be5c663bef3a89","messageTitle":"Update DG and MainApp version","messageBody":"","fileTypesAndContributionMap":{"functional-code":{"insertions":1,"deletions":1},"docs":{"insertions":22,"deletions":37}}}]},{"date":"2021-10-28","commitResults":[{"hash":"3cd9d0b7038b5559709bb3528818bd1271ec6642","messageTitle":"Update JavaFX version in FXML files","messageBody":"","fileTypesAndContributionMap":{"functional-code":{"insertions":14,"deletions":14}}}]},{"date":"2021-10-30","commitResults":[{"hash":"d58031fe5ef36cb87df2283a1392aada2593f6ff","messageTitle":"Fix UI handling of long text","messageBody":"- Added scroll pane to main info page display\n- Added text wrapping for student and tuition info cards and pages\n","fileTypesAndContributionMap":{"functional-code":{"insertions":45,"deletions":53}}},{"hash":"474969e4e788c2df78158573b49fba20484654fd","messageTitle":"Remove unnecessary imports from TimetableInfoPage","messageBody":"","fileTypesAndContributionMap":{"functional-code":{"insertions":0,"deletions":2}}}]}],"adam-ky":[{"date":"2021-09-28","commitResults":[{"hash":"9de18760a6e318ba924a307f352f511c8e436e84","messageTitle":"Update AboutUs","messageBody":"Photo and roles and responsibility description for Adam are added.\n","fileTypesAndContributionMap":{"docs":{"insertions":5,"deletions":6}}}]},{"date":"2021-09-29","commitResults":[{"hash":"e16baac41557286aee410b5106f4431981cafd23","messageTitle":"Update UserGuide.md","messageBody":"","fileTypesAndContributionMap":{"docs":{"insertions":50,"deletions":152}}}]},{"date":"2021-09-30","commitResults":[{"hash":"2ac33fd4e30cea24f081d31fc01b257a168b3940","messageTitle":"Add Portfolio page","messageBody":"","fileTypesAndContributionMap":{"docs":{"insertions":46,"deletions":0}}}]},{"date":"2021-10-10","commitResults":[{"hash":"84e3e2f5e4f96fc6f1d163683ebb4b8840c770d5","messageTitle":"Add RemarkClassCommand","messageBody":"This class has very similar logic to RemarkClass, except that it\nhandles adding a remark to a TuitionClass object instead of a Person\nobject representing a student.\n","fileTypesAndContributionMap":{"functional-code":{"insertions":2,"deletions":0}}},{"hash":"448265dfbbc1286441791c0d7d2512af2b647e65","messageTitle":"Add RemarkClassCommand","messageBody":"","fileTypesAndContributionMap":{"functional-code":{"insertions":108,"deletions":32}}},{"hash":"8d482586206618b51ea727d48d1e941863b67ef8","messageTitle":"Add RemarkClassCommandParser","messageBody":"Currently, the user is required to type \"remarkclass\" to write a\nnote for a particular class. This change needs to be reflected in the\nuser guide.\n\nFuture developments will work on allowing users to input an optional\nremark when creating a class.\n\nEditClassCommand should not handle the update of class remarks as that\nwill overlap significantly with the RemarkClassCommand\u0027s responsibility.\n\nMinor improvement in GUI for Tuition Card: specify \"capacity\" and \"notes\"\nso users know what each detail means.\n","fileTypesAndContributionMap":{"functional-code":{"insertions":73,"deletions":24}}},{"hash":"88a249d11fc2a1a2c1b95fe8f5d5e3798fbe536d","messageTitle":"Correct coding style violations","messageBody":"","fileTypesAndContributionMap":{"functional-code":{"insertions":23,"deletions":4}}},{"hash":"7882e679702faaddbfe5ad1ac40e7e2343d8f683","messageTitle":"Change font style","messageBody":"Name of tuition class is now bolded and remarks of both tuition class\nand students are italicised.\n","fileTypesAndContributionMap":{"functional-code":{"insertions":22,"deletions":10}}}]},{"date":"2021-10-11","commitResults":[{"hash":"43d78988b948f959f102ce266c21d5e5cc4fe387","messageTitle":"Change remark to be an optional command format to add tuition class","messageBody":"To handle the absence of r/ prefix, the getOptionalValue() method has\nbeen implemented in ParserUtil.\n","fileTypesAndContributionMap":{"functional-code":{"insertions":25,"deletions":10},"test-code":{"insertions":3,"deletions":5}}},{"hash":"2bcad0c4753e1df73b3d7f4ca34fb0318cb95ae5","messageTitle":"Update user guide","messageBody":"Correct format for adding students and tuition classes has been updated.\nExamples are also included.\n","fileTypesAndContributionMap":{"docs":{"insertions":15,"deletions":5}}},{"hash":"7d7d175ed1a5f601d1412177b57a2c1517ad1fec","messageTitle":"Update bug in AddClassCommand","messageBody":"ArgumentTokenizer #tokenize now takes in PREFIX_REMARK to recognise \u0027r/\u0027\nprefix in user input\n","fileTypesAndContributionMap":{"functional-code":{"insertions":1,"deletions":1}}},{"hash":"204155fa600e3c21dd39f991fcd6c08d05c18842","messageTitle":"Update user guide","messageBody":"Delete student command changed from deletestudent to delete.\n","fileTypesAndContributionMap":{"docs":{"insertions":2,"deletions":2}}},{"hash":"077fa2bea0e732e009864608983701e5b720b81f","messageTitle":"Update AddCommandParser","messageBody":"Remarks can now be optionally input by user when creating a student.\n","fileTypesAndContributionMap":{"functional-code":{"insertions":4,"deletions":7}}},{"hash":"cbe8f7eb2abc2e2735d80da6be1e9b0b3f8d9e6a","messageTitle":"Correct code violations","messageBody":"","fileTypesAndContributionMap":{"functional-code":{"insertions":18,"deletions":5}}},{"hash":"d9c86ae933427893db7ae120f8a4d2b6e0b99880","messageTitle":"Correct code violations in test cases","messageBody":"","fileTypesAndContributionMap":{"test-code":{"insertions":6,"deletions":1}}},{"hash":"32df3754c893c85361d076ae1ddbcad296430a86","messageTitle":"Update user guide to include remark and remarkclass commands","messageBody":"","fileTypesAndContributionMap":{"docs":{"insertions":15,"deletions":1}}},{"hash":"18d516c62a7a82614f41f63ad04140f135ac86f9","messageTitle":"Improve GUI","messageBody":"App title changed to \"TutAssistor\". Labels for each student and class\nlist panel are also added.\n","fileTypesAndContributionMap":{"functional-code":{"insertions":12,"deletions":5}}}]},{"date":"2021-10-13","commitResults":[{"hash":"bf8ec2ddef2da2f0ec9fbfb625c55755d4b7b74c","messageTitle":"Modify HelpWindow.fxml to include command summary","messageBody":"","fileTypesAndContributionMap":{"functional-code":{"insertions":75,"deletions":23},"docs":{"insertions":20,"deletions":14}}},{"hash":"96fad7b4372b19fbea4dd2111d6dd39fd958533d","messageTitle":"Change Copy URL button position","messageBody":"","fileTypesAndContributionMap":{"functional-code":{"insertions":1,"deletions":1}}},{"hash":"cea78bc0eae9bd442443a5f8dfe561821ea2f78c","messageTitle":"Deconflict user guide","messageBody":"Sort command details added into user guide\n","fileTypesAndContributionMap":{"docs":{"insertions":14,"deletions":1}}},{"hash":"c1eba6d680a5512251ea86ea80247b6d81d34fc2","messageTitle":"Add sort command format in help window","messageBody":"","fileTypesAndContributionMap":{"functional-code":{"insertions":3,"deletions":0}}},{"hash":"fe8817bd89a10560a2b01c99189799f3a79103a4","messageTitle":"Add sort command format into help window","messageBody":"","fileTypesAndContributionMap":{"functional-code":{"insertions":3,"deletions":1}}},{"hash":"258d9b81dcc9604acbc3ada1fb821f33685154ef","messageTitle":"Reduce GUI clutter","messageBody":"","fileTypesAndContributionMap":{"functional-code":{"insertions":9,"deletions":21}}}]},{"date":"2021-10-14","commitResults":[{"hash":"830ac3890b2ac441b9a2c39935e1e3219093d6cc","messageTitle":"Add TuitionClassBuilder","messageBody":"","fileTypesAndContributionMap":{"test-code":{"insertions":193,"deletions":0}}},{"hash":"e2b7a46aa894f0cf2cd550d4620919662e528d68","messageTitle":"Remove redundant imports","messageBody":"","fileTypesAndContributionMap":{"test-code":{"insertions":0,"deletions":3}}},{"hash":"97be8200a31a318bb9080743d3158619e5062989","messageTitle":"Add Junit tests for RemarkCommandClass","messageBody":"","fileTypesAndContributionMap":{"functional-code":{"insertions":1,"deletions":1},"test-code":{"insertions":237,"deletions":131}}},{"hash":"261d86dbefd60f0ff8fdbdb8f64ae206b318a449","messageTitle":"Correct checkstyle violations","messageBody":"","fileTypesAndContributionMap":{"test-code":{"insertions":11,"deletions":7}}}]},{"date":"2021-10-17","commitResults":[{"hash":"e79be8f1a93932c2d38eccb535fb552161f5bdfa","messageTitle":"Add RemarkEditor to edit remarks","messageBody":"","fileTypesAndContributionMap":{"functional-code":{"insertions":99,"deletions":16},"test-code":{"insertions":29,"deletions":41}}},{"hash":"03ae0b6f4168276ba7448decddfbdb450ce8f177","messageTitle":"Correct checkstyle violations","messageBody":"","fileTypesAndContributionMap":{"functional-code":{"insertions":25,"deletions":5},"test-code":{"insertions":12,"deletions":13}}},{"hash":"5bfe22c0ef01b59f8211d829b261b901a6773b9b","messageTitle":"Improve remark editor gui","messageBody":"","fileTypesAndContributionMap":{"functional-code":{"insertions":13,"deletions":6}}},{"hash":"bc1dbbce3efca12a6cece3b7141dacfdf50fe65c","messageTitle":"Update RemarkEditor","messageBody":"","fileTypesAndContributionMap":{"functional-code":{"insertions":1,"deletions":1}}},{"hash":"3794172a17be3eedc59a016c7524b7909fbf621a","messageTitle":"Modify RemarkCommand to use RemarkEditor","messageBody":"","fileTypesAndContributionMap":{"functional-code":{"insertions":71,"deletions":51},"test-code":{"insertions":2,"deletions":2}}},{"hash":"fe763bfd1d162e34b16308681b5bf6ea8eb52686","messageTitle":"Add icons for panels","messageBody":"","fileTypesAndContributionMap":{"functional-code":{"insertions":43,"deletions":16}}},{"hash":"1077574d7cdcf8a718653d40867ce6ecbb4ed4f6","messageTitle":"Enable assertions","messageBody":"","fileTypesAndContributionMap":{"other":{"insertions":4,"deletions":0}}}]},{"date":"2021-10-19","commitResults":[{"hash":"b9e73ae6ec1f4d98ee89148598e954e18fcab347","messageTitle":"Update UserGuide.md","messageBody":"","fileTypesAndContributionMap":{"docs":{"insertions":34,"deletions":25}}},{"hash":"ed56cca9defb5a55fa11c45374fe5a96a1fff2e2","messageTitle":"Update UserGuide.md","messageBody":"","fileTypesAndContributionMap":{"docs":{"insertions":1,"deletions":0}}},{"hash":"b9895a286f19f45bbf703d74e0b4933908e6aca3","messageTitle":"Update UserGuide.md","messageBody":"","fileTypesAndContributionMap":{"docs":{"insertions":1,"deletions":1}}},{"hash":"7c755c77274f533d1eb3894a6c8200bdf985ab2f","messageTitle":"Update HelpWindow","messageBody":"","fileTypesAndContributionMap":{"functional-code":{"insertions":51,"deletions":45}}},{"hash":"635ff342f66348dc08e132bfe71ea180b2512368","messageTitle":"Update UserGuide","messageBody":"","fileTypesAndContributionMap":{"docs":{"insertions":1,"deletions":1}}}]},{"date":"2021-10-20","commitResults":[{"hash":"5082cf0856609d1a3506f9bb9826f7805a77e978","messageTitle":"Update Developer Guide","messageBody":"","fileTypesAndContributionMap":{"docs":{"insertions":75,"deletions":25}}},{"hash":"03fd0e6582c73026c431e257316c0818371db478","messageTitle":"Correct checkstyle violations","messageBody":"","fileTypesAndContributionMap":{"functional-code":{"insertions":14,"deletions":2}}},{"hash":"c70436d2b55959c4fa59a335ebc698dafacde761","messageTitle":"Correct checkstyle violations","messageBody":"","fileTypesAndContributionMap":{"docs":{"insertions":1,"deletions":1}}},{"hash":"5796ca032b03ce2bbca4f0e8c3b1eb4700284d0a","messageTitle":"Update sequence diagram for remark command","messageBody":"","fileTypesAndContributionMap":{"docs":{"insertions":1,"deletions":1}}},{"hash":"096398fd92131eeaa32b413e553bb83fac6e3cbb","messageTitle":"Update remark command","messageBody":"","fileTypesAndContributionMap":{"functional-code":{"insertions":2,"deletions":4}}},{"hash":"cdff98d38191105d884bf39d329e84dd470054c2","messageTitle":"Update DeveloperGuide.md","messageBody":"","fileTypesAndContributionMap":{"docs":{"insertions":2,"deletions":2}}},{"hash":"208cfc9c8b6b3a890eb700625932d9110a85dac0","messageTitle":"Update DG formatting +","messageBody":"","fileTypesAndContributionMap":{"functional-code":{"insertions":1,"deletions":1},"docs":{"insertions":2,"deletions":1}}},{"hash":"b50ac80d9ef5bfae45c16992c852fa3f8573e8f2","messageTitle":"Add null checks in RemarkEditor","messageBody":"","fileTypesAndContributionMap":{"functional-code":{"insertions":3,"deletions":0}}}]},{"date":"2021-10-21","commitResults":[{"hash":"b37ce1bf570f1764432b521e01d4594f2a8615b9","messageTitle":"Add logging messages and JavaDocs","messageBody":"","fileTypesAndContributionMap":{"functional-code":{"insertions":18,"deletions":2}}},{"hash":"42e885a75a8fa5a1a15822da75ddc2ac9a849a9a","messageTitle":"Update StudentInfoPage","messageBody":"","fileTypesAndContributionMap":{"functional-code":{"insertions":67,"deletions":14}}},{"hash":"d45e75590492fe5927ba93882cea752c928ed873","messageTitle":"Update HelpWindow","messageBody":"","fileTypesAndContributionMap":{"functional-code":{"insertions":393,"deletions":83}}},{"hash":"06fa395b1608952a0974a2b128584ca7821fc440","messageTitle":"Correct checkstyle violations","messageBody":"","fileTypesAndContributionMap":{"functional-code":{"insertions":44,"deletions":3}}},{"hash":"548a0efc4b8042ae52059ae3cd1b048ae5b50228","messageTitle":"Update Developer Guide","messageBody":"The sequence diagram for RemarkCommand is updated.\n","fileTypesAndContributionMap":{"docs":{"insertions":3,"deletions":2}}}]},{"date":"2021-10-22","commitResults":[{"hash":"391f7bd43966d8ae7d09b6fc99bc96bef8f16d02","messageTitle":"Add shortcut for edit command","messageBody":"","fileTypesAndContributionMap":{"functional-code":{"insertions":8,"deletions":6}}},{"hash":"4c3ca28879f52e8f13eae643f43a5482fa68a5bb","messageTitle":"Update user guide","messageBody":"","fileTypesAndContributionMap":{"docs":{"insertions":5,"deletions":1}}},{"hash":"08158b5a3d158e8416c9c603a3df34d7b758763a","messageTitle":"Update UserGuide.md","messageBody":"The user guide contains inconsistent language and formatting as different parts of the guide were updated by different members of the team.\r\n\r\nThe entire user guide has been updated to improve consistency in language and formatting.\r\n\r\nMain changes are:\r\n1. Table of contents\r\n2. Introduction segment\r\n3. TutAssistor logo\r\n4. Reduce wordy phrases","fileTypesAndContributionMap":{"docs":{"insertions":239,"deletions":148}}},{"hash":"ea8718dfe1063bec631c3f73d685ec461e76ccad","messageTitle":"Update UserGuide.md","messageBody":"","fileTypesAndContributionMap":{"docs":{"insertions":7,"deletions":9}}},{"hash":"29aaac3c8a86863d677022f71a8b7bebf4783b1c","messageTitle":"Update README.md","messageBody":"","fileTypesAndContributionMap":{"docs":{"insertions":4,"deletions":1}}},{"hash":"28793d59722216fb6f7e976a6ca402b40ca7f0f4","messageTitle":"Update UserGuide.md","messageBody":"","fileTypesAndContributionMap":{"docs":{"insertions":1,"deletions":1}}},{"hash":"c4cc8790a7323c242a4940f74e7634698ae05c0a","messageTitle":"Update UserGuide.md","messageBody":"","fileTypesAndContributionMap":{"docs":{"insertions":1,"deletions":1}}},{"hash":"3a2208afe7b8c5bbe18a09588e9f26a1a3fedb6d","messageTitle":"Update UserGuide.md","messageBody":"","fileTypesAndContributionMap":{"docs":{"insertions":1,"deletions":1}}},{"hash":"c565c5403b83bfd1978786e61b580e536e82a7d0","messageTitle":"Update UserGuide.md","messageBody":"","fileTypesAndContributionMap":{"docs":{"insertions":1,"deletions":1}}},{"hash":"c6bffe75fda4452e23e320d60f5d9ddc08a2224d","messageTitle":"Update UserGuide.md","messageBody":"","fileTypesAndContributionMap":{"docs":{"insertions":2,"deletions":0}}},{"hash":"5204d0709336625eaaecd8b1f45201837cac0497","messageTitle":"Update UserGuide.md","messageBody":"","fileTypesAndContributionMap":{"docs":{"insertions":9,"deletions":9}}},{"hash":"a32d6163d545416e80bec9a0fa830aba6325a9b2","messageTitle":"Update UserGuide.md","messageBody":"","fileTypesAndContributionMap":{"docs":{"insertions":7,"deletions":7}}},{"hash":"286af32f9ddf35ef32d59922a5df259c4990ff06","messageTitle":"Update UserGuide.md","messageBody":"","fileTypesAndContributionMap":{"docs":{"insertions":1,"deletions":1}}},{"hash":"1e2c185a5fb958bb1363c1b4209e650a3476dcf5","messageTitle":"Update README.md","messageBody":"","fileTypesAndContributionMap":{"docs":{"insertions":1,"deletions":1}}},{"hash":"74811d39de127ffae8c8ced4667a0934239daa75","messageTitle":"Update README.md","messageBody":"","fileTypesAndContributionMap":{"docs":{"insertions":1,"deletions":1}}},{"hash":"6a742fc46876a9cd7ead6a03be2bddb8681e09af","messageTitle":"Update UserGuide.md","messageBody":"","fileTypesAndContributionMap":{"docs":{"insertions":1,"deletions":1}}}]},{"date":"2021-10-26","commitResults":[{"hash":"77bb553445033825fed7bfed3de30ae921cb48ab","messageTitle":"Update UserGuide.md","messageBody":"Add in section to explain icons","fileTypesAndContributionMap":{"docs":{"insertions":33,"deletions":9}}},{"hash":"a6b620d742b4ea442e73b3aff934003f1d292d67","messageTitle":"Update UserGuide.md","messageBody":"","fileTypesAndContributionMap":{"docs":{"insertions":4,"deletions":0}}},{"hash":"ca1fc813dbf4cea6c801ecb7397b504ad2f9dcad","messageTitle":"Update UserGuide.md","messageBody":"","fileTypesAndContributionMap":{"docs":{"insertions":68,"deletions":28}}},{"hash":"3ca2b5cc13864022891ccd172818071e9c452563","messageTitle":"Update UserGuide.md","messageBody":"","fileTypesAndContributionMap":{"docs":{"insertions":1,"deletions":1}}}]},{"date":"2021-10-27","commitResults":[{"hash":"cae45d25a7c4a5d5cd9abd4a2073b937ac196735","messageTitle":"Update Sequence Diagram for Remark Command","messageBody":"","fileTypesAndContributionMap":{"docs":{"insertions":26,"deletions":14}}}]},{"date":"2021-10-30","commitResults":[{"hash":"cc5251eb9f2836594874f89fa56a2526e7e0d5b6","messageTitle":"Fix minor formatting issues","messageBody":"","fileTypesAndContributionMap":{"functional-code":{"insertions":4,"deletions":4},"docs":{"insertions":8,"deletions":4}}}]},{"date":"2021-10-31","commitResults":[{"hash":"5f300e7d5c745ed819e3dcfcbf73c314923c811f","messageTitle":"Update command message usage to be consistent","messageBody":"","fileTypesAndContributionMap":{"functional-code":{"insertions":58,"deletions":46},"docs":{"insertions":12,"deletions":10}}},{"hash":"875887140716cf3ebe21c00afbd2864d07d1f91e","messageTitle":"Update HelpCommand","messageBody":"Instead of copying the url, the button now opens the user guide\nin the user\u0027s browser.\n","fileTypesAndContributionMap":{"functional-code":{"insertions":66,"deletions":27}}},{"hash":"604dc32bd2fe735d6599f8e59ac7411b7962642d","messageTitle":"Fix checkstyle and acknowledge code reuse","messageBody":"","fileTypesAndContributionMap":{"functional-code":{"insertions":13,"deletions":7}}}]},{"date":"2021-11-02","commitResults":[{"hash":"e218f52d202b2f1d340dded7ca8e5f30066c19fc","messageTitle":"Update name requirement in UG","messageBody":"","fileTypesAndContributionMap":{"functional-code":{"insertions":2,"deletions":2},"docs":{"insertions":11,"deletions":1}}},{"hash":"3e151c6f22b26fbf8c9c24697cc870005738752a","messageTitle":"Fix preferred height and width of Remark Editor its computed size","messageBody":"","fileTypesAndContributionMap":{"functional-code":{"insertions":1,"deletions":1}}},{"hash":"e63035adfc65253b1255032f2f4db6c7efb84b3f","messageTitle":"Update UG to warn user about remark editor UI bug","messageBody":"","fileTypesAndContributionMap":{"docs":{"insertions":4,"deletions":0}}},{"hash":"782100f88b3ca883a81dce96728da85b581ad68f","messageTitle":"Update UserGuide.md","messageBody":"","fileTypesAndContributionMap":{"docs":{"insertions":4,"deletions":2}}},{"hash":"749e6b358012adad09337c3cda6d88b562ec62bd","messageTitle":"Update UserGuide.md","messageBody":"","fileTypesAndContributionMap":{"docs":{"insertions":1,"deletions":1}}}]}],"Leofeng10":[{"date":"2021-09-25","commitResults":[{"hash":"8cdb3def342ca3d832e6668b2928ec162eff4792","messageTitle":"Create TuitionClass packet","messageBody":"","fileTypesAndContributionMap":{"functional-code":{"insertions":289,"deletions":0}}}]},{"date":"2021-09-26","commitResults":[{"hash":"9c7d3d194f076935b0b5ce9f6e1fbfef2d6f3068","messageTitle":"Display tuition class info in PersonCard","messageBody":"","fileTypesAndContributionMap":{"functional-code":{"insertions":207,"deletions":32},"test-code":{"insertions":32,"deletions":12}}},{"hash":"6a86752ef9acf8854b2a18330402d6887498b7a5","messageTitle":"AddClass command","messageBody":"","fileTypesAndContributionMap":{"functional-code":{"insertions":680,"deletions":9}}},{"hash":"74ba546fabb33fd65299a005b4e321116ab52716","messageTitle":"Display tuition class info in a new panel","messageBody":"","fileTypesAndContributionMap":{"functional-code":{"insertions":128,"deletions":7}}},{"hash":"fc3dd9c06509bd4fbea8c4e2037d672667f96898","messageTitle":"save tuition class to storage","messageBody":"","fileTypesAndContributionMap":{"functional-code":{"insertions":18,"deletions":1}}},{"hash":"0b3369809800cafad9f1724f7c3a583214db7559","messageTitle":"can load tuition to GUI","messageBody":"","fileTypesAndContributionMap":{"functional-code":{"insertions":52,"deletions":7}}}]},{"date":"2021-09-27","commitResults":[{"hash":"751ad135ceb5f418a1756b9f40b29117d7cebae4","messageTitle":"bug fixed","messageBody":"","fileTypesAndContributionMap":{"functional-code":{"insertions":18,"deletions":7}}},{"hash":"6a7187aa0a1ecdbea5dff5523b4fe21602706554","messageTitle":"bug fixed","messageBody":"","fileTypesAndContributionMap":{"functional-code":{"insertions":2,"deletions":7}}}]},{"date":"2021-09-28","commitResults":[{"hash":"a3a74821ebbb58727cce89e01495a948dccc8989","messageTitle":"upload photo","messageBody":"","fileTypesAndContributionMap":{"docs":{"insertions":2,"deletions":2}}},{"hash":"16d780db79a746222a47d266c7244adfd11ff4fc","messageTitle":"upload photo","messageBody":"","fileTypesAndContributionMap":{"docs":{"insertions":2,"deletions":2}}},{"hash":"2ca20c501e702b259e87fa753891196b4a34b1ac","messageTitle":"upload photo","messageBody":"","fileTypesAndContributionMap":{"docs":{"insertions":2,"deletions":4}}},{"hash":"3a7f2da3f7e54698aec8fd65a344f86e2ef8304e","messageTitle":"change photo","messageBody":"","fileTypesAndContributionMap":{"docs":{"insertions":1,"deletions":3}}},{"hash":"355fc89279a7c4131ee85679c14f89f89b53a162","messageTitle":"upload photo","messageBody":"","fileTypesAndContributionMap":{"docs":{"insertions":2,"deletions":2}}}]},{"date":"2021-09-29","commitResults":[{"hash":"018650e92151363f861de2dd2ce4e273f1aa504d","messageTitle":"change photo name","messageBody":"","fileTypesAndContributionMap":{"docs":{"insertions":1,"deletions":1}}},{"hash":"27a35f16a9c637db79e20cf2412ee52a7e093a52","messageTitle":"AboutUs update","messageBody":"","fileTypesAndContributionMap":{"docs":{"insertions":1,"deletions":0}}}]},{"date":"2021-09-30","commitResults":[{"hash":"e752c7047c4179b78a9eaffb4318fff8d9a81900","messageTitle":"change photo name","messageBody":"","fileTypesAndContributionMap":{"docs":{"insertions":1,"deletions":1}}},{"hash":"667c6ef9f8ed16f43c786ed3594a6672b8ae4983","messageTitle":"Update AboutUs.md","messageBody":"","fileTypesAndContributionMap":{"docs":{"insertions":1,"deletions":1}}},{"hash":"1d1060c846dc46f8c66e78205df9fdc5a3b484ef","messageTitle":"portfolio","messageBody":"","fileTypesAndContributionMap":{"docs":{"insertions":49,"deletions":1}}},{"hash":"9f36dd22789828da5a3cae2cb3ce0b98a69183dc","messageTitle":"portfolio","messageBody":"","fileTypesAndContributionMap":{"docs":{"insertions":0,"deletions":4}}}]},{"date":"2021-10-04","commitResults":[{"hash":"5d4007a80b4fc4f6ed504c8cc06ef5125340669c","messageTitle":"AddClassCommand update","messageBody":"","fileTypesAndContributionMap":{"functional-code":{"insertions":3,"deletions":4}}}]},{"date":"2021-10-07","commitResults":[{"hash":"803538e3b718d0d591cf8e81a104fe968fe470a5","messageTitle":"Create format for time slot and deal with time slot conflict issue","messageBody":"","fileTypesAndContributionMap":{"functional-code":{"insertions":93,"deletions":12}}},{"hash":"e0c2ba7f90a38638c42791d57dff93d36c8c3345","messageTitle":"bug fixed","messageBody":"","fileTypesAndContributionMap":{"functional-code":{"insertions":9,"deletions":5}}}]},{"date":"2021-10-09","commitResults":[{"hash":"141f927fe8bb0e5b0fab3d2286c197163995a339","messageTitle":"bug fixed: time format exception catch","messageBody":"","fileTypesAndContributionMap":{"functional-code":{"insertions":3,"deletions":0}}}]},{"date":"2021-10-10","commitResults":[{"hash":"e59330b7f2c6c950e196fb9860d89fe6daefa229","messageTitle":"create a unique id for each tuition class for easily referencing","messageBody":"","fileTypesAndContributionMap":{"functional-code":{"insertions":32,"deletions":2}}},{"hash":"dcc7a45a82cedef79540db024872d3a68f0a4158","messageTitle":"auto generate a unique id for tuition class when creating it for easier referencing","messageBody":"","fileTypesAndContributionMap":{"functional-code":{"insertions":3,"deletions":5}}},{"hash":"743a9d62e27fde4df91a63fc2e2da16f5d6207bb","messageTitle":"auto generate a unique id for tuition class when creating it","messageBody":"","fileTypesAndContributionMap":{"functional-code":{"insertions":3,"deletions":2}}},{"hash":"4a9c13d3c82b4b62c4fcab79c358bdd9c2ce89a4","messageTitle":"auto generate id for tuition class","messageBody":"","fileTypesAndContributionMap":{"functional-code":{"insertions":1,"deletions":1}}}]},{"date":"2021-10-13","commitResults":[{"hash":"883d81fb5c6c9451340a7abe221e9aed6dffa57d","messageTitle":"remove parameter counter in tuition class","messageBody":"","fileTypesAndContributionMap":{"functional-code":{"insertions":19,"deletions":93}}},{"hash":"6030243a0f7360da6994a264b19b47857195ebab","messageTitle":"remove parameter counter from tuition class","messageBody":"","fileTypesAndContributionMap":{"functional-code":{"insertions":4,"deletions":4}}},{"hash":"56a287758a01ce8b71cca39d6f6ba74d417e4100","messageTitle":"update addclass UG","messageBody":"","fileTypesAndContributionMap":{"functional-code":{"insertions":2,"deletions":2},"docs":{"insertions":7,"deletions":5}}},{"hash":"2a2c862638c5c3f76e22687f83f8f20dfac9afb3","messageTitle":"Add Unit test for tuition class package and JsonAdaptedTuition","messageBody":"","fileTypesAndContributionMap":{"functional-code":{"insertions":20,"deletions":2},"test-code":{"insertions":224,"deletions":0}}},{"hash":"9a343c4dfbcb1a8706fea8e086a421e5cf0f5afe","messageTitle":"tuition class package unit test","messageBody":"","fileTypesAndContributionMap":{"docs":{"insertions":18,"deletions":18}}},{"hash":"a8240f4516500002869c4d65818a882c38a88f16","messageTitle":"tuition package unit test","messageBody":"","fileTypesAndContributionMap":{"docs":{"insertions":7,"deletions":7},"test-code":{"insertions":50,"deletions":39}}}]},{"date":"2021-10-17","commitResults":[{"hash":"ceab20eecb3cbee7d9517ffbc30f1a81a1ea9cc1","messageTitle":"Display a reminder for today tuition class when open the app","messageBody":"","fileTypesAndContributionMap":{"functional-code":{"insertions":144,"deletions":3}}},{"hash":"5b70b372aebac31bf59d3822ed0e2afbce029d10","messageTitle":"display reminder when open the app","messageBody":"","fileTypesAndContributionMap":{"docs":{"insertions":2,"deletions":2},"test-code":{"insertions":0,"deletions":2}}},{"hash":"914e3ab54b44489e20f9c58c65ecc72ade3176e6","messageTitle":"coding standard update for adding reminder","messageBody":"","fileTypesAndContributionMap":{"functional-code":{"insertions":41,"deletions":32},"test-code":{"insertions":6,"deletions":0}}},{"hash":"f484abf567ef5498cdf1c21dc99a7ba94b010701","messageTitle":"display reminder","messageBody":"","fileTypesAndContributionMap":{"test-code":{"insertions":2,"deletions":0}}},{"hash":"f6c793ae84388e1eada9a391b43c0f2e2acb1a79","messageTitle":"display reminder when open the app","messageBody":"","fileTypesAndContributionMap":{"functional-code":{"insertions":2,"deletions":11}}},{"hash":"3f0f673cdc52533349cacfe203b546ca64500bfe","messageTitle":"Add \"today\" command to view today tuition classes","messageBody":"","fileTypesAndContributionMap":{"functional-code":{"insertions":60,"deletions":20},"test-code":{"insertions":12,"deletions":0}}},{"hash":"ac7874f30f0d42fac32ac536c1081147925bde25","messageTitle":"add \"today\" command to view today tuition classes","messageBody":"","fileTypesAndContributionMap":{"functional-code":{"insertions":26,"deletions":6}}}]},{"date":"2021-10-18","commitResults":[{"hash":"b4b6808a26d93d7cb53d38097e9415bb57796ba8","messageTitle":"UG and DG update","messageBody":"","fileTypesAndContributionMap":{"docs":{"insertions":39,"deletions":0}}},{"hash":"be4ecb49cab7ea630b743b52986bcba57cab4bde","messageTitle":"UG and DG update","messageBody":"","fileTypesAndContributionMap":{"docs":{"insertions":3,"deletions":3}}},{"hash":"0af4c9620aa1bac8135f30d491493f654cc36bd8","messageTitle":"UG and DG update","messageBody":"","fileTypesAndContributionMap":{"docs":{"insertions":1,"deletions":1}}}]},{"date":"2021-10-20","commitResults":[{"hash":"a7e78a27609d6bfb6ddfbc72ec8583d2533da626","messageTitle":"update DG","messageBody":"","fileTypesAndContributionMap":{"docs":{"insertions":41,"deletions":46}}}]},{"date":"2021-10-22","commitResults":[{"hash":"0f81e7819369fa81fa86fcd84e1fc8d190b4dcb6","messageTitle":"handle non-integer input for ClassLimit","messageBody":"","fileTypesAndContributionMap":{"functional-code":{"insertions":15,"deletions":6},"docs":{"insertions":84,"deletions":17}}},{"hash":"fdd2a29277e1e22124ebbab69a15853a05e908f3","messageTitle":"style fixed","messageBody":"","fileTypesAndContributionMap":{"functional-code":{"insertions":1,"deletions":1}}}]},{"date":"2021-10-24","commitResults":[{"hash":"9bc2b42e8a2cfbab6fe6bee3da315b2a14220fd6","messageTitle":"update UG: Add reminder feature","messageBody":"","fileTypesAndContributionMap":{"docs":{"insertions":3,"deletions":1}}}]},{"date":"2021-10-30","commitResults":[{"hash":"0972cf140419f8d540c062c0aeff8dd902bd3f3b","messageTitle":"Fix inconsistent between WWW and Ddd","messageBody":"","fileTypesAndContributionMap":{"functional-code":{"insertions":1,"deletions":1}}},{"hash":"4415b05032ed59a796a4f8333949dd9b066e798b","messageTitle":"handle large Classlimit","messageBody":"","fileTypesAndContributionMap":{"functional-code":{"insertions":17,"deletions":2},"docs":{"insertions":1,"deletions":0}}},{"hash":"bf6af584bc0e082a1565aafc25592bab80a421a1","messageTitle":"fix checkstyle","messageBody":"","fileTypesAndContributionMap":{"functional-code":{"insertions":2,"deletions":2}}}]},{"date":"2021-10-31","commitResults":[{"hash":"674439405b1cd1d26e19e100ec9b65c645abe284","messageTitle":"class upper limit","messageBody":"","fileTypesAndContributionMap":{"functional-code":{"insertions":1,"deletions":1}}}]}]},"authorFileTypeContributionMap":{"NoraYUuu":{"docs":111,"functional-code":1273,"test-code":843},"amzhy":{"docs":163,"functional-code":1074,"test-code":277},"timiditi":{"docs":352,"functional-code":1613,"test-code":867},"adam-ky":{"docs":413,"functional-code":941,"test-code":340,"other":5},"Leofeng10":{"docs":105,"functional-code":1172,"test-code":230}},"authorContributionVariance":{"NoraYUuu":36091.56,"amzhy":28637.414,"timiditi":192357.36,"adam-ky":24571.979,"Leofeng10":36726.824},"authorDisplayNameMap":{"NoraYUuu":"CS2103T-T12-4 DENG..AIYU","amzhy":"CS2103T-T12-4 MOHA..SEEN","timiditi":"CS2103T-T12-4 NG J..OTHY","adam-ky":"CS2103T-T12-4 ADAM..YUEN","Leofeng10":"CS2103T-T12-4 FENG..UNYI"}}
