{"authorDailyContributionsMap":{"Javiier-pzk":[{"date":"2021-09-28","commitResults":[{"hash":"9688cc4370a301d91f077615994ff5a57907ac30","messageTitle":"Update index.md","messageBody":"","fileTypesAndContributionMap":{"docs":{"insertions":1,"deletions":1}}},{"hash":"1b7c1347609726197c3b0f2f0afd96cd420f2485","messageTitle":"Update AboutUs.md","messageBody":"","fileTypesAndContributionMap":{"docs":{"insertions":26,"deletions":31}}}]},{"date":"2021-09-29","commitResults":[{"hash":"1ccfbb48a4aa04adfe125b8473c3a915ae4e95bf","messageTitle":"Update index.md","messageBody":"","fileTypesAndContributionMap":{"docs":{"insertions":6,"deletions":5}}},{"hash":"702ba1832df6a1ff68e0b92216102697a92c7fef","messageTitle":"Update AboutUs.md","messageBody":"","fileTypesAndContributionMap":{"docs":{"insertions":4,"deletions":0}}},{"hash":"7d3c66873a06cf75870ead428097312389d6ed41","messageTitle":"Add UC05 (add a reservation) to developer\u0027s guide","messageBody":"","fileTypesAndContributionMap":{"docs":{"insertions":37,"deletions":11}}}]},{"date":"2021-09-30","commitResults":[{"hash":"b706ca836ebfb3ef0f2959f12f837cc1a0909915","messageTitle":"Minor formatting fixes to Developers guide","messageBody":"","fileTypesAndContributionMap":{"docs":{"insertions":15,"deletions":13}}},{"hash":"056ba3c7655578fee910af99bde735ce75967572","messageTitle":"Minor formatting fixes to DG","messageBody":"","fileTypesAndContributionMap":{"docs":{"insertions":2,"deletions":2}}}]},{"date":"2021-10-08","commitResults":[{"hash":"c606300fcb8dfd8749a66d3cf998b133da994583","messageTitle":"Add supplier related attributes","messageBody":"","fileTypesAndContributionMap":{"functional-code":{"insertions":206,"deletions":0}}},{"hash":"88ddbd3e1d7dfdf59556523e1c584089ff12c83f","messageTitle":"Add prefixes for supplier details","messageBody":"","fileTypesAndContributionMap":{"functional-code":{"insertions":2,"deletions":1}}}]},{"date":"2021-10-09","commitResults":[{"hash":"65671c4e4fee9b9d30f386e6150906c70fa68b48","messageTitle":"Add supplier functionality to add a new supplier into the address book","messageBody":"","fileTypesAndContributionMap":{"functional-code":{"insertions":102,"deletions":10}}},{"hash":"9b97b156373f62dd7dfa3d04a53a4b761214148e","messageTitle":"Add all supplier related classes and attributes into a supplier package","messageBody":"","fileTypesAndContributionMap":{"functional-code":{"insertions":53,"deletions":25},"other":{"insertions":6,"deletions":6}}},{"hash":"cef214eae2af0baa7fd2b2bff323ee6aefd4a627","messageTitle":"Add supplier related functionality to the model component","messageBody":"","fileTypesAndContributionMap":{"functional-code":{"insertions":149,"deletions":4}}},{"hash":"ef32094b57e407dc462e4e534861f7ec3a02019f","messageTitle":"Add supplier related UI components","messageBody":"","fileTypesAndContributionMap":{"functional-code":{"insertions":174,"deletions":0}}},{"hash":"b5a119f144f88198855580a4852829e88290cfa4","messageTitle":"Add JsonAdaptedSupplier to storage component","messageBody":"","fileTypesAndContributionMap":{"functional-code":{"insertions":138,"deletions":0}}},{"hash":"063e28dc974e5c9187a06ac2488862978d5d36e0","messageTitle":"Add UniqueSupplierList and DuplicateSupplierException classes","messageBody":"","fileTypesAndContributionMap":{"functional-code":{"insertions":149,"deletions":0}}},{"hash":"66fc70a7be78b6df5558e55c7d0bb3decfe59e50","messageTitle":"Allow Suppliers to be recognised in the Json data file","messageBody":"","fileTypesAndContributionMap":{"functional-code":{"insertions":16,"deletions":1}}},{"hash":"bc7ced35025563fb84b893844736e70b1fd23ce1","messageTitle":"Add supplier lists to the logic component","messageBody":"","fileTypesAndContributionMap":{"functional-code":{"insertions":10,"deletions":0}}},{"hash":"622aad44cf4b9ac94aadf330931f5f63e0a23701","messageTitle":"Rename supplier command and populate dummy values in SampleDataUtil","messageBody":"","fileTypesAndContributionMap":{"functional-code":{"insertions":55,"deletions":21}}}]},{"date":"2021-10-10","commitResults":[{"hash":"c1f2c8f26d02e890810976898f983270cc34e61e","messageTitle":"Add switch view feature to the UI allowing switch views from Person list view to Supplier list view","messageBody":"","fileTypesAndContributionMap":{"functional-code":{"insertions":87,"deletions":0}}},{"hash":"055fb36ec972a5d7a78fe12206de45e711e2d277","messageTitle":"Add commands to enable view switching without having to click the GUI","messageBody":"","fileTypesAndContributionMap":{"functional-code":{"insertions":77,"deletions":4}}},{"hash":"305000ba3bd5ee0f3280359935904a5ccf00757a","messageTitle":"Add new line at end of file for SupplierListCard.fxml and reduce left margin for PersonType label","messageBody":"","fileTypesAndContributionMap":{"functional-code":{"insertions":2,"deletions":2}}},{"hash":"0d94d7e5064bb8c884d6628d608baa0a4d153b0a","messageTitle":"Fix coding standard violations","messageBody":"","fileTypesAndContributionMap":{"functional-code":{"insertions":32,"deletions":42}}},{"hash":"6654d25578a4c3a55b763b59b2186a4a391b7246","messageTitle":"Add toString() method for Supplier class and switch to supplier view every time a new supplier is added","messageBody":"","fileTypesAndContributionMap":{"functional-code":{"insertions":27,"deletions":1}}},{"hash":"ced8695c458b1e456923c371ebbd65fe45517c68","messageTitle":"Add delete supplier function","messageBody":"","fileTypesAndContributionMap":{"functional-code":{"insertions":80,"deletions":1}}},{"hash":"4bd55712084e7ff30153e2d1f293719d112b3e18","messageTitle":"Update Add Supplier command word and edit AddressBookParser to include DeleteSupplierCommand","messageBody":"","fileTypesAndContributionMap":{"functional-code":{"insertions":9,"deletions":1}}},{"hash":"71d9e7edffdca1770ca31f7691d016d6bb8af60b","messageTitle":"Update UI so text in the result display section is now wrapped","messageBody":"","fileTypesAndContributionMap":{"functional-code":{"insertions":1,"deletions":1}}}]},{"date":"2021-10-11","commitResults":[{"hash":"cabe42b3e9f2d35413c31b42ab038c3ad204d670","messageTitle":"Include edit supplier functionality","messageBody":"","fileTypesAndContributionMap":{"functional-code":{"insertions":353,"deletions":0}}},{"hash":"71bcf947d686256f88f4ca8412b402e7f6d4950b","messageTitle":"Update Java docs","messageBody":"","fileTypesAndContributionMap":{"functional-code":{"insertions":48,"deletions":30}}}]},{"date":"2021-10-12","commitResults":[{"hash":"be0112985eb660821962a3fb17630d7633063f26","messageTitle":"Update equals() and hashCode() method of CommandResult class to include newly added fields","messageBody":"","fileTypesAndContributionMap":{"functional-code":{"insertions":4,"deletions":2}}},{"hash":"f1c1bc09e45f7d7fb30641706fcc6efaac44432f","messageTitle":"Fix existing test cases because of changes in code due to added supplier functionality","messageBody":"","fileTypesAndContributionMap":{"test-code":{"insertions":65,"deletions":11}}},{"hash":"6bd648f6c6819b7fcffa417d647f0711af6eb323","messageTitle":"Add supplier builder and util classes for unit testing","messageBody":"","fileTypesAndContributionMap":{"test-code":{"insertions":340,"deletions":0}}},{"hash":"4a43c232983613b668e037b2f7a356f0013cf089","messageTitle":"Add supplier version of NameContainsKeywordPredicate class","messageBody":"","fileTypesAndContributionMap":{"functional-code":{"insertions":31,"deletions":0}}},{"hash":"b85870e71b55f0d29e2bcf4087136e2408533ded","messageTitle":"Add equals() and hashCode() method to Supplier class","messageBody":"","fileTypesAndContributionMap":{"functional-code":{"insertions":27,"deletions":0}}},{"hash":"c0da970c0864db9a96c6fb8afbb811aa3a26d93f","messageTitle":"Add more Supplier test util classes","messageBody":"","fileTypesAndContributionMap":{"test-code":{"insertions":90,"deletions":0}}},{"hash":"5f74bc16469b1d10235b95ed3873336facc9886d","messageTitle":"Add JUnit tests for supplier package","messageBody":"","fileTypesAndContributionMap":{"test-code":{"insertions":435,"deletions":0}}},{"hash":"e17eaeb4b066ee0cedee7493a781374d11b88c09","messageTitle":"Abstract out Supplier class functionality from CommandTestUtil and create a SupplierCommandTestUtil class for Supplier related Commands. Also, updated the classes who previously depended on CommandTestUtil","messageBody":"","fileTypesAndContributionMap":{"test-code":{"insertions":167,"deletions":70}}},{"hash":"70f5accdcfff9709de7c7b336eb9583e0abf668d","messageTitle":"Add JUnit test for DeleteSupplierCommand and DeleteSupplierCommandParser classes","messageBody":"","fileTypesAndContributionMap":{"functional-code":{"insertions":2,"deletions":2},"test-code":{"insertions":145,"deletions":0}}},{"hash":"c999ede736bbdb8c29d0077220a486863d9c53f8","messageTitle":"Add JUnit tests for EditSupplierCommand, EditSupplierDescriptor and ParseUtil classes","messageBody":"","fileTypesAndContributionMap":{"test-code":{"insertions":299,"deletions":0}}},{"hash":"0c3c016e9ffdfb4dab5a637eb2b3d8717254bbbe","messageTitle":"Minor bug fixes","messageBody":"","fileTypesAndContributionMap":{"functional-code":{"insertions":4,"deletions":4}}},{"hash":"260bec3b2d60dbfc60fbc43e762903b2f88da5e3","messageTitle":"Add JUnit tests for AddSupplierCommand AddSupplierCommandParser Add Integration testing for AddSupplierCommand","messageBody":"","fileTypesAndContributionMap":{"test-code":{"insertions":480,"deletions":2}}},{"hash":"d0138552d446d3e79ea8eb492f0725aaeead4bb1","messageTitle":"Bug fix in editCommandParser class and fix formatting in SupplierCommandTestUtil","messageBody":"","fileTypesAndContributionMap":{"functional-code":{"insertions":4,"deletions":3},"test-code":{"insertions":1,"deletions":1}}},{"hash":"6f85684865d90113822a2780a98047361fa5bf20","messageTitle":"Add JUnit test for EditSupplierCommandParser","messageBody":"","fileTypesAndContributionMap":{"test-code":{"insertions":243,"deletions":0}}},{"hash":"db9eed8014b682b5a77a7cce5045edc92d0d8465","messageTitle":"Add JUnit test for PersonCommand and SwitchCommand classes","messageBody":"","fileTypesAndContributionMap":{"test-code":{"insertions":42,"deletions":0}}},{"hash":"10a6d85266906b640cb702bdd8b381856977c3f3","messageTitle":"Fix Checkstyle errors","messageBody":"","fileTypesAndContributionMap":{"test-code":{"insertions":2,"deletions":2}}},{"hash":"7d997278e362be2fb531ea9af66e729612701692","messageTitle":"Add empty supplier placeholder","messageBody":"","fileTypesAndContributionMap":{"test-code":{"insertions":8,"deletions":2}}},{"hash":"4e2f04b4c3b511effdb8a1f24c7766b049b3a23e","messageTitle":"Fix merge conflict problems","messageBody":"","fileTypesAndContributionMap":{"functional-code":{"insertions":1,"deletions":1},"test-code":{"insertions":31,"deletions":0}}}]},{"date":"2021-10-13","commitResults":[{"hash":"b3e98078212fe6dd501b49e4a576267e9b0efb58","messageTitle":"Rename getTypicalAddressBook() method to getTypicalAddressBookSuppliers()","messageBody":"","fileTypesAndContributionMap":{"test-code":{"insertions":7,"deletions":7}}},{"hash":"b9e8a867ca7f417bbc56d9b8efe48e0e152555ac","messageTitle":"Remove print line","messageBody":"","fileTypesAndContributionMap":{"functional-code":{"insertions":0,"deletions":1}}},{"hash":"e0dfdd36c54822716a4c657a5f2e9ce2153af09c","messageTitle":"Add JUnit test for ModelManager and LogicManager","messageBody":"","fileTypesAndContributionMap":{"test-code":{"insertions":82,"deletions":2}}},{"hash":"cad4f3c0b3b69432d04eab25e1348fd83d735e48","messageTitle":"Add JUnit test for AddressBook and JsonAdaptedSupplier","messageBody":"","fileTypesAndContributionMap":{"test-code":{"insertions":236,"deletions":15}}},{"hash":"a3272165520339017382894065734ebac4805226","messageTitle":"Add JUnit tests for AddressBookStorage and JsonSerializableAddressBook classes","messageBody":"","fileTypesAndContributionMap":{"test-code":{"insertions":230,"deletions":3}}},{"hash":"2552436641257a82c653ed7bf92c77b6b3606da1","messageTitle":"Fix Checkstyle errors from merge conflicts","messageBody":"","fileTypesAndContributionMap":{"test-code":{"insertions":34,"deletions":31}}},{"hash":"dff2ed49716467967963f034cec6899be585db60","messageTitle":"Fix no new line at EOF errors","messageBody":"","fileTypesAndContributionMap":{"test-code":{"insertions":2,"deletions":2}}}]},{"date":"2021-10-14","commitResults":[{"hash":"a62391c90aeecbe1a53c8ece6fdb4a0339308db2","messageTitle":"Update UserGuide.md","messageBody":"","tags":["v1.2"],"fileTypesAndContributionMap":{"docs":{"insertions":1,"deletions":1}}}]},{"date":"2021-10-18","commitResults":[{"hash":"5e4cf7f2fad6bd4260548ab514f865e3621a7c73","messageTitle":"Fix wrong javadocs","messageBody":"","fileTypesAndContributionMap":{"functional-code":{"insertions":3,"deletions":3}}},{"hash":"9e401737cd56c46f286422a282d45227a4376b29","messageTitle":"Implement switch views in UI with commands","messageBody":"","fileTypesAndContributionMap":{"functional-code":{"insertions":31,"deletions":6}}},{"hash":"d46fba2d996ba78e0466fe5ff4c08dca8c83084d","messageTitle":"Add more JUnit tests for CommandResult class","messageBody":"","fileTypesAndContributionMap":{"functional-code":{"insertions":1,"deletions":2},"test-code":{"insertions":32,"deletions":0}}}]},{"date":"2021-10-20","commitResults":[{"hash":"5078006a9e0de77a604016a7dc26b45efe470ba7","messageTitle":"Update DeliveryDetails class to now support a Date Time format instead of just strings","messageBody":"","fileTypesAndContributionMap":{"functional-code":{"insertions":49,"deletions":23}}}]},{"date":"2021-10-21","commitResults":[{"hash":"7c43feffd4310f8c82a28728c7ad4d03e4d3496c","messageTitle":"Fix bugs caused by changing changing DeliveryDetails to store a date time object","messageBody":"","fileTypesAndContributionMap":{"functional-code":{"insertions":9,"deletions":3}}},{"hash":"126c665e137962bfd740fee2513c9c799f767557","messageTitle":"Update JUnit tests for all DeliveryDetails related classes after changing it from a string to a LocalDateTime","messageBody":"","fileTypesAndContributionMap":{"test-code":{"insertions":96,"deletions":72}}},{"hash":"bdef346d05a61f811abca2753dbc911c7e348b2e","messageTitle":"Fix errors from merge conflicts","messageBody":"","fileTypesAndContributionMap":{"functional-code":{"insertions":1,"deletions":1}}}]},{"date":"2021-10-22","commitResults":[{"hash":"e51dd636d54ec4b8445f348823c6b114891d0599","messageTitle":"Remove support for 12 hr clock for DeliveryDetails class due to a bug when building JAR files","messageBody":"","fileTypesAndContributionMap":{"functional-code":{"insertions":4,"deletions":18},"test-code":{"insertions":17,"deletions":17}}},{"hash":"219370adf6b6aef350e4498b5439b22ab7bfe0cf","messageTitle":"Fix Message constraints description","messageBody":"","fileTypesAndContributionMap":{"functional-code":{"insertions":1,"deletions":1}}},{"hash":"714d1a9fa05f766cd89a8ce214714b9861372d4d","messageTitle":"Update DeveloperGuide.md","messageBody":"","fileTypesAndContributionMap":{"docs":{"insertions":10,"deletions":4}}}]},{"date":"2021-10-23","commitResults":[{"hash":"1fc7669d88828828149aa01ad4ad272f7c0ef30f","messageTitle":"Add find supplier functionality allowing users to find suppliers based on any keyword a supplier might have","messageBody":"","fileTypesAndContributionMap":{"functional-code":{"insertions":61,"deletions":46},"other":{"insertions":27,"deletions":24},"test-code":{"insertions":17,"deletions":17}}}]},{"date":"2021-10-25","commitResults":[{"hash":"f78353c6d458633c198811ce08299dc049a6bf2d","messageTitle":"Standardise commands to camel case, and make commands more flexible by making them not case sensitive","messageBody":"","fileTypesAndContributionMap":{"functional-code":{"insertions":43,"deletions":29},"other":{"insertions":20,"deletions":20},"test-code":{"insertions":1,"deletions":1}}},{"hash":"1d60b41c935d193b92d299b3a4db05cba50c7b50","messageTitle":"Bug fixes plus adding JUnit tests for AddressBookParser","messageBody":"","fileTypesAndContributionMap":{"functional-code":{"insertions":23,"deletions":38},"test-code":{"insertions":97,"deletions":6}}},{"hash":"42b2239993da42c6afe0f57a80f3d347b9fb3497","messageTitle":"Standardise tag position in UI and add titles to optional fields","messageBody":"","fileTypesAndContributionMap":{"functional-code":{"insertions":22,"deletions":12}}},{"hash":"e29e1ba35a8d3f5dcc45f944f671f768d54012b4","messageTitle":"Add new line at EOF","messageBody":"","fileTypesAndContributionMap":{"functional-code":{"insertions":1,"deletions":1}}}]},{"date":"2021-10-26","commitResults":[{"hash":"3c175b1821a8e180e4fa70cd9ebc1ddfc851d9b5","messageTitle":"Update JavaDocs and minor errors","messageBody":"","fileTypesAndContributionMap":{"functional-code":{"insertions":16,"deletions":6}}},{"hash":"ae57fff44b17be7ea6bfd0199ee16b1e3dd834e6","messageTitle":"Add sort and reset sort supplier functionality","messageBody":"","fileTypesAndContributionMap":{"functional-code":{"insertions":509,"deletions":2}}},{"hash":"ed3e5971309234bdff6f12cd05349bb2f71e5e62","messageTitle":"Fix failing test cases","messageBody":"","fileTypesAndContributionMap":{"test-code":{"insertions":39,"deletions":0}}},{"hash":"4e5bb53c5b2d750d39a2b47f570130bbe7b24028","messageTitle":"Change Command Word in result display to the official format","messageBody":"","fileTypesAndContributionMap":{"functional-code":{"insertions":93,"deletions":45}}},{"hash":"0725f743607b7362f922cf1644fbf84367d0b872","messageTitle":"Update sort to work when adding, editing and deleting","messageBody":"","fileTypesAndContributionMap":{"functional-code":{"insertions":167,"deletions":130},"test-code":{"insertions":18,"deletions":9}}}]},{"date":"2021-10-27","commitResults":[{"hash":"e97f81aed6d4af705e4b0136bf2b64fc56b00cd0","messageTitle":"Update Javadocs and remove unused methods","messageBody":"","fileTypesAndContributionMap":{"functional-code":{"insertions":4,"deletions":5}}},{"hash":"e4527aed43c2bf9ad171d56231a97c92b8c40358","messageTitle":"Implement customer sort functionality","messageBody":"","fileTypesAndContributionMap":{"functional-code":{"insertions":434,"deletions":0},"test-code":{"insertions":45,"deletions":0}}}]},{"date":"2021-10-28","commitResults":[{"hash":"5f7ea99337c65110ed3d5c23a9abbcc791962818","messageTitle":"Update UG with supplier details","messageBody":"","fileTypesAndContributionMap":{"docs":{"insertions":110,"deletions":44}}},{"hash":"b5b235adaaa69f8aa6f563afa2dab364e80d7000","messageTitle":"Update UG","messageBody":"","fileTypesAndContributionMap":{"docs":{"insertions":62,"deletions":38}}},{"hash":"0069b37f2db0099ffb8d4edd8474de76002dd967","messageTitle":"Update UG","messageBody":"","fileTypesAndContributionMap":{"docs":{"insertions":8,"deletions":8}}},{"hash":"b05dd5a0ba5748fbee7644a58e51f4b70766f462","messageTitle":"Add Help message image","messageBody":"","fileTypesAndContributionMap":{"docs":{"insertions":1,"deletions":1}}},{"hash":"f370eb55b9ed6f457f17945642eba9124a9ee6af","messageTitle":"Update help message image in UG","messageBody":"","fileTypesAndContributionMap":{"docs":{"insertions":1,"deletions":1}}},{"hash":"abc98048daed0471ec43d4709749cd51b1623fad","messageTitle":"Update UserGuide.md","messageBody":"","fileTypesAndContributionMap":{"docs":{"insertions":2,"deletions":1}}},{"hash":"92718797aa2d7f3dd811b92b4b1dec9b7bac5294","messageTitle":"Update UserGuide.md","messageBody":"","fileTypesAndContributionMap":{"docs":{"insertions":1,"deletions":1}}}]},{"date":"2021-10-29","commitResults":[{"hash":"cb201d9c5b6ccc859656b13f3da4ebd2cb303f8a","messageTitle":"Update UserGuide.md","messageBody":"","fileTypesAndContributionMap":{"docs":{"insertions":2,"deletions":0}}},{"hash":"5546f827656a3165d52abfc85f62dc9cae3886ce","messageTitle":"Format HTML and example spaces in UG","messageBody":"","fileTypesAndContributionMap":{"docs":{"insertions":40,"deletions":21}}},{"hash":"86637a31be6ca6fe3358c54f427aa25e094ad69a","messageTitle":"Update UserGuide.md","messageBody":"","fileTypesAndContributionMap":{"docs":{"insertions":1,"deletions":1}}},{"hash":"1e72ac44c3c75b7e6466cd9926ee522fc71e6ede","messageTitle":"Create UserGuide.md","messageBody":"","fileTypesAndContributionMap":{"docs":{"insertions":3,"deletions":2}}}]}],"clementkfj":[{"date":"2021-09-29","commitResults":[{"hash":"7afb8783d1bdc192fa4c43281052d3b9550d4b70","messageTitle":"Update Non Functional Requirements","messageBody":"Added some extra non functional requirements for project","fileTypesAndContributionMap":{"docs":{"insertions":8,"deletions":0}}},{"hash":"c4a5231cf4b422874755612053a26332c5cd3dcd","messageTitle":"Update NFR DeveloperGuidde","messageBody":"Added an extra line for DG and UG to be PDF-friendly.","fileTypesAndContributionMap":{"docs":{"insertions":1,"deletions":0}}},{"hash":"42cf616e40e8b2f1088b140a395e434eb8198daf","messageTitle":"Edit PDF-friendly","messageBody":"","fileTypesAndContributionMap":{"docs":{"insertions":1,"deletions":1}}}]},{"date":"2021-09-30","commitResults":[{"hash":"a35ad550c8a4e3f3b30cf1090ad725ea4b8eb825","messageTitle":"Update more NFR","messageBody":"Updated more NFRs","fileTypesAndContributionMap":{"docs":{"insertions":2,"deletions":0}}},{"hash":"87268648afb395576fe1c76de7353760bc71f913","messageTitle":"Update README.md","messageBody":"","fileTypesAndContributionMap":{"docs":{"insertions":1,"deletions":1}}}]},{"date":"2021-10-10","commitResults":[{"hash":"0e4efdc5b61226c468e3bab5742af15f2ef8dc69","messageTitle":"Implement Employee v0.1","messageBody":"","fileTypesAndContributionMap":{"functional-code":{"insertions":1298,"deletions":3}}},{"hash":"578ad3df980472072834a55db69424da74bb33bf","messageTitle":"Implement Employee v0.2","messageBody":"","fileTypesAndContributionMap":{"functional-code":{"insertions":49,"deletions":10}}}]},{"date":"2021-10-11","commitResults":[{"hash":"7e86d3427bebedd7cb9321d9cdc39317cac0372d","messageTitle":"Add/Edit/Delete Employee information","messageBody":"","fileTypesAndContributionMap":{"functional-code":{"insertions":357,"deletions":43}}},{"hash":"76371b42b06779292ea472d3b036b40a94cfb08a","messageTitle":"Update Employee specific Exceptions","messageBody":"","fileTypesAndContributionMap":{"functional-code":{"insertions":24,"deletions":7}}}]},{"date":"2021-10-12","commitResults":[{"hash":"573d19402da9baa89355cb83729b5c019e4ef59a","messageTitle":"Update employee centered tests","messageBody":"","fileTypesAndContributionMap":{"functional-code":{"insertions":8,"deletions":8},"test-code":{"insertions":2438,"deletions":6}}},{"hash":"322c020dd17d3f779cbede3010ff733a026cf215","messageTitle":"Fix checkstyle v0.1","messageBody":"","fileTypesAndContributionMap":{"functional-code":{"insertions":19,"deletions":21},"test-code":{"insertions":243,"deletions":41}}},{"hash":"335280f45ce5d7efa23c7840c402f7761ff1b88e","messageTitle":"Add AddressBookParserTest","messageBody":"","fileTypesAndContributionMap":{"test-code":{"insertions":34,"deletions":1}}},{"hash":"82d7465997348b1dce8f212fb79678d1b41854a7","messageTitle":"Remove system.out prints","messageBody":"","fileTypesAndContributionMap":{"functional-code":{"insertions":0,"deletions":1},"test-code":{"insertions":0,"deletions":3}}},{"hash":"4da616ca795c826f30c6ff6d617f6d6a58cd1770","messageTitle":"Final Checkstyle Check","messageBody":"","fileTypesAndContributionMap":{"functional-code":{"insertions":7,"deletions":5},"test-code":{"insertions":1,"deletions":2}}},{"hash":"2c3121b346b8788c5e276fb60ea512b777b47d65","messageTitle":"Edit toString and equals method","messageBody":"","fileTypesAndContributionMap":{"functional-code":{"insertions":9,"deletions":4},"test-code":{"insertions":1,"deletions":1}}},{"hash":"6fb7a7eff4280402f0524a0e4a801962e4ccb0db","messageTitle":"Add PersonTypePlaceholder","messageBody":"","fileTypesAndContributionMap":{"functional-code":{"insertions":5,"deletions":10}}}]},{"date":"2021-10-13","commitResults":[{"hash":"f6fc95a802c0dab94abf37c65b0531c6999f50f3","messageTitle":"Checkstyle after Merge","messageBody":"","fileTypesAndContributionMap":{"functional-code":{"insertions":6,"deletions":7},"test-code":{"insertions":119,"deletions":7}}},{"hash":"1a0b2d6f9e32a64c2100ad7f05b219a1d9b3364e","messageTitle":"Fix EOF","messageBody":"","fileTypesAndContributionMap":{"test-code":{"insertions":3,"deletions":3}}},{"hash":"22a246d0e752d9b7bb61d5ab09fcd91ac72b7415","messageTitle":"Fix merge conflicts","messageBody":"","fileTypesAndContributionMap":{"functional-code":{"insertions":13,"deletions":2}}},{"hash":"89c4daeacd02022c2110df3315b97950cc29f8ea","messageTitle":"Fix format issues caused by Merge conflict","messageBody":"","fileTypesAndContributionMap":{"functional-code":{"insertions":58,"deletions":38},"test-code":{"insertions":85,"deletions":8}}},{"hash":"26a6cbb6e320cc51b681b54da0147f84f07f4f0f","messageTitle":"Add JUnit Tests","messageBody":"","fileTypesAndContributionMap":{"test-code":{"insertions":54,"deletions":0}}},{"hash":"62799bffc5923f77cf1c15375f63900067530c05","messageTitle":"Update Customer/Employee/Supplier DG description","messageBody":"Done the descriptions for Add/Edit/Delete Customer/Employee/Supplier commands. Reservations not updated yet.","fileTypesAndContributionMap":{"docs":{"insertions":152,"deletions":48}}}]},{"date":"2021-10-17","commitResults":[{"hash":"e65ee82294775d0e0b990e5ebea181407fcda56a","messageTitle":"Fix Person Removal in Ui","messageBody":"","fileTypesAndContributionMap":{"functional-code":{"insertions":8,"deletions":223},"test-code":{"insertions":0,"deletions":21}}}]},{"date":"2021-10-18","commitResults":[{"hash":"234a3613637d4dcb27a2c1dbac141f789fcdef43","messageTitle":"Add Employee Shifts","messageBody":"","fileTypesAndContributionMap":{"functional-code":{"insertions":268,"deletions":25},"test-code":{"insertions":130,"deletions":40}}},{"hash":"7b9224292704ebc8d7ac99772ed742cb0d0e1e6d","messageTitle":"Checkstyle fix","messageBody":"","fileTypesAndContributionMap":{"functional-code":{"insertions":0,"deletions":1},"other":{"insertions":5,"deletions":0},"test-code":{"insertions":2,"deletions":1}}}]},{"date":"2021-10-19","commitResults":[{"hash":"f76957b97fd24bd792806d4c5635cf09ca862a9c","messageTitle":"Add Tests \u0026 Fix bugs","messageBody":"","fileTypesAndContributionMap":{"functional-code":{"insertions":19,"deletions":8},"test-code":{"insertions":52,"deletions":7}}},{"hash":"7caa8264dcb5cad3b570dc76ef6d6a0d52a821e1","messageTitle":"Create Find and modify List commands","messageBody":"","fileTypesAndContributionMap":{"functional-code":{"insertions":240,"deletions":47},"test-code":{"insertions":1,"deletions":26}}},{"hash":"bef7cef4b96b7b745f48c6d4d8b5ce19bbb9e8a8","messageTitle":"Checkstyle fixes","messageBody":"","fileTypesAndContributionMap":{"test-code":{"insertions":0,"deletions":28}}},{"hash":"b2eccb25911bc03d936d89542d25bb827bbc8425","messageTitle":"Change EmployeeClassPredicate","messageBody":"","fileTypesAndContributionMap":{"functional-code":{"insertions":86,"deletions":51},"other":{"insertions":18,"deletions":18},"test-code":{"insertions":6,"deletions":6}}},{"hash":"2baac701120fbbf72078879575f9888cce164e76","messageTitle":"Update README.md","messageBody":"","fileTypesAndContributionMap":{"docs":{"insertions":1,"deletions":1}}}]},{"date":"2021-10-22","commitResults":[{"hash":"e203a559a56370bb219aacc3b376ca46f8d785f3","messageTitle":"Update DeveloeprGuide.md","messageBody":"","fileTypesAndContributionMap":{"docs":{"insertions":21,"deletions":0}}}]},{"date":"2021-10-27","commitResults":[{"hash":"40e4fb61d5faf44c48b5094398b34b18079f07b9","messageTitle":"Add Employee sorting","messageBody":"","fileTypesAndContributionMap":{"functional-code":{"insertions":489,"deletions":13},"test-code":{"insertions":45,"deletions":0}}},{"hash":"65e8d0144d958d6e794864d7251c1d2e925fca02","messageTitle":"Fix Checkstyle merging issues","messageBody":"","fileTypesAndContributionMap":{"functional-code":{"insertions":2,"deletions":4}}},{"hash":"3f983984cdff748c8e072777bfdc07712b4df5fd","messageTitle":"Fix Javadoc","messageBody":"","fileTypesAndContributionMap":{"functional-code":{"insertions":13,"deletions":13}}},{"hash":"1c5fbdfd6b691bdcabc1eae085928fd8c8b55206","messageTitle":"Fix Sorting","messageBody":"","fileTypesAndContributionMap":{"functional-code":{"insertions":8,"deletions":0}}},{"hash":"785fd6ed7fac03030f937ba847aff697c0d93986","messageTitle":"Edit Sample Data","messageBody":"","fileTypesAndContributionMap":{"functional-code":{"insertions":5,"deletions":5}}}]},{"date":"2021-10-28","commitResults":[{"hash":"526b3961cdd73932a615fc06e906c289cd0f2bf2","messageTitle":"Fix bugs in find command","messageBody":"","fileTypesAndContributionMap":{"functional-code":{"insertions":40,"deletions":17},"test-code":{"insertions":33,"deletions":32}}}]},{"date":"2021-10-29","commitResults":[{"hash":"8703b929b8496dc0ffb643dc60d795374ecef650","messageTitle":"Update UserGuide","messageBody":"","fileTypesAndContributionMap":{"docs":{"insertions":170,"deletions":103}}},{"hash":"cfa1117317ca12358d738a8f9f24aab6c512ab42","messageTitle":"Update UserGuide.md","messageBody":"","fileTypesAndContributionMap":{"docs":{"insertions":2,"deletions":2}}},{"hash":"91ebcf0d5a07bc77c864f304c293bbc7157f391e","messageTitle":"Update UserGuide.md","messageBody":"","fileTypesAndContributionMap":{"docs":{"insertions":3,"deletions":3}}}]}],"chetwinlow":[{"date":"2021-09-29","commitResults":[{"hash":"1de6742fba5db8d17c8a9927d8e606892dadcc52","messageTitle":"Adding UC01, UC02, UC03","messageBody":"","fileTypesAndContributionMap":{"docs":{"insertions":152,"deletions":12}}}]},{"date":"2021-10-01","commitResults":[{"hash":"8d16ab36560ca99f5ba4b106ef804740b8899ebf","messageTitle":"Removing AB3 related stuff from UG","messageBody":"","fileTypesAndContributionMap":{"docs":{"insertions":3,"deletions":4}}},{"hash":"3de7f399806d75397725ae61b863a3d15655ec52","messageTitle":"Removing AB3 related stuff from UG updated","messageBody":"","fileTypesAndContributionMap":{"docs":{"insertions":3,"deletions":3}}}]},{"date":"2021-10-09","commitResults":[{"hash":"5c209439aa429669d7814017c2648e80ef5104ea","messageTitle":"half done, need to share workload, 我很累 bodoh help pls","messageBody":"","fileTypesAndContributionMap":{"functional-code":{"insertions":975,"deletions":1}}},{"hash":"6418b5f722911a61116e57fbc531ba3f6c66077e","messageTitle":"left with testing","messageBody":"","fileTypesAndContributionMap":{"functional-code":{"insertions":1009,"deletions":40},"test-code":{"insertions":50,"deletions":3}}}]},{"date":"2021-10-12","commitResults":[{"hash":"3487e616a48b40961f9bb17675195bcafa76b375","messageTitle":"test cases added","messageBody":"","fileTypesAndContributionMap":{"functional-code":{"insertions":388,"deletions":466},"test-code":{"insertions":2296,"deletions":4}}}]},{"date":"2021-10-13","commitResults":[{"hash":"0f588ab03a62510410f65932eef2a4149fa18958","messageTitle":"resolve merge conflict with master","messageBody":"","fileTypesAndContributionMap":{"functional-code":{"insertions":81,"deletions":32},"test-code":{"insertions":198,"deletions":44}}},{"hash":"c4f9d958308308832569e5cdc156c30bc4fae00d","messageTitle":"screw trailing whitespaces","messageBody":"","fileTypesAndContributionMap":{"test-code":{"insertions":0,"deletions":4}}},{"hash":"5dfce415513f6fbd480de34db1ad330e6fe2609a","messageTitle":"adding test cases to person and customer related classes","messageBody":"","fileTypesAndContributionMap":{"test-code":{"insertions":43,"deletions":0}}},{"hash":"2558e429531d7d6164af6518ca9545bda966abe6","messageTitle":"adding test cases to person and customer related classes, resolved checkstyle","messageBody":"","fileTypesAndContributionMap":{"test-code":{"insertions":0,"deletions":4}}},{"hash":"05880b3c286224404a49ab401c9aa16ec5ad250c","messageTitle":"adding test cases model classes","messageBody":"","fileTypesAndContributionMap":{"test-code":{"insertions":276,"deletions":1}}}]},{"date":"2021-10-17","commitResults":[{"hash":"ef0a90fbc382b57e4949bf84fed42533ebb20d6c","messageTitle":"removing usages of Person from main and test","messageBody":"","fileTypesAndContributionMap":{"functional-code":{"insertions":13,"deletions":1014},"other":{"insertions":77,"deletions":54},"test-code":{"insertions":148,"deletions":2318}}}]},{"date":"2021-10-18","commitResults":[{"hash":"099359e06bc2cf518447ea6e7348bd44ead03ec8","messageTitle":"reformat test cases and main for all usages of commandResult.","messageBody":"","fileTypesAndContributionMap":{"functional-code":{"insertions":135,"deletions":34},"other":{"insertions":5,"deletions":5},"test-code":{"insertions":565,"deletions":33}}}]},{"date":"2021-10-19","commitResults":[{"hash":"aaeac6c9c729548830288182bbf14b42a9da2abe","messageTitle":"beautify UI","messageBody":"","fileTypesAndContributionMap":{"functional-code":{"insertions":57,"deletions":29}}},{"hash":"c8cdca92b2b10e594263f40f2cc24a703210c684","messageTitle":"super mega find bodohhhh","messageBody":"","fileTypesAndContributionMap":{"functional-code":{"insertions":79,"deletions":40},"other":{"insertions":19,"deletions":19},"test-code":{"insertions":23,"deletions":22}}},{"hash":"b5b72d654179b0944a7ab2bd4ae7fd937badcaa8","messageTitle":"super mega find bodohhhh","messageBody":"","fileTypesAndContributionMap":{"functional-code":{"insertions":1,"deletions":1},"other":{"insertions":2,"deletions":2},"test-code":{"insertions":1,"deletions":1}}}]},{"date":"2021-10-22","commitResults":[{"hash":"c48a3a48ee08a650ffcb312b3918513b13b5672e","messageTitle":"Update DeveloperGuide.md","messageBody":"","fileTypesAndContributionMap":{"docs":{"insertions":6,"deletions":0}}}]},{"date":"2021-10-28","commitResults":[{"hash":"54c69fc995e8d15551258abef69f9df2fa8f1c85","messageTitle":"changes to UG","messageBody":"","fileTypesAndContributionMap":{"docs":{"insertions":58,"deletions":54}}}]},{"date":"2021-10-29","commitResults":[{"hash":"5117a6b6734f1ef0a1bfa2ac6fd3de02aba49eb9","messageTitle":"changes and reformatting to UG","messageBody":"","fileTypesAndContributionMap":{"docs":{"insertions":97,"deletions":43}}},{"hash":"16a39367973c1b30aa6af77532e266db48fd1fb7","messageTitle":"changes and reformatting to UG","messageBody":"","fileTypesAndContributionMap":{"docs":{"insertions":12,"deletions":12}}},{"hash":"914a9af33cfe5def54586ef1cd848970c82a63c6","messageTitle":"changes and reformatting to UG","messageBody":"","fileTypesAndContributionMap":{"docs":{"insertions":12,"deletions":12}}},{"hash":"7b1134329a2b1279a3e265954efb565d38a9c6c2","messageTitle":"changes and reformatting to UG","messageBody":"","fileTypesAndContributionMap":{"docs":{"insertions":12,"deletions":24}}},{"hash":"fa219be31f519986051d31fd89bbe5e7560e2bd4","messageTitle":"changes and reformatting to UG","messageBody":"","fileTypesAndContributionMap":{"docs":{"insertions":22,"deletions":22}}}]}],"hernpiblo":[{"date":"2021-09-21","commitResults":[{"hash":"0cc51c426f4c37791760f3b88c3dff76113f08a3","messageTitle":"Add remark command","messageBody":"","fileTypesAndContributionMap":{"functional-code":{"insertions":219,"deletions":52},"test-code":{"insertions":188,"deletions":24}}}]},{"date":"2021-09-28","commitResults":[{"hash":"9b95edd21c0ed608210bb97ae791ef20f6c5786a","messageTitle":"Revert \"DevOps.md: Fix typo shadow -\u003e shadowJar\"","messageBody":"This reverts commit ba53b8cea3aa025d17094dbd6c541b046a5f5d7a.\n","fileTypesAndContributionMap":{"docs":{"insertions":1,"deletions":1}}},{"hash":"bc66d979d645f12b3d88b3daf63be671e3ce57df","messageTitle":"Revert \"Add remark command\"","messageBody":"This reverts commit 0cc51c426f4c37791760f3b88c3dff76113f08a3.\n","fileTypesAndContributionMap":{"functional-code":{"insertions":52,"deletions":219},"test-code":{"insertions":24,"deletions":188}}},{"hash":"741eaa5301bccc9015e82059dddf422f83fca507","messageTitle":"Revert \"Revert \"DevOps.md: Fix typo shadow -\u003e shadowJar\"\"","messageBody":"This reverts commit 9b95edd21c0ed608210bb97ae791ef20f6c5786a.\n","fileTypesAndContributionMap":{"docs":{"insertions":1,"deletions":1}}},{"hash":"0493196042680d0f479e2970fc2bd7a80d58b758","messageTitle":"Update user guide","messageBody":"","fileTypesAndContributionMap":{"docs":{"insertions":82,"deletions":41}}},{"hash":"9c42b349a2022d600c9c1d2ea477179a3bffe373","messageTitle":"Add user stories table in DevGuide","messageBody":"","fileTypesAndContributionMap":{"docs":{"insertions":36,"deletions":8}}}]},{"date":"2021-09-29","commitResults":[{"hash":"50da665af52abed8c1a17f8accb38791a629e81c","messageTitle":"Add value propositions, target user profile and glossary","messageBody":"","fileTypesAndContributionMap":{"docs":{"insertions":11,"deletions":2}}}]},{"date":"2021-09-30","commitResults":[{"hash":"61f5b0845b617b0165b33d1eb7fbd2927c7da550","messageTitle":"Update minor user stories issues","messageBody":"","fileTypesAndContributionMap":{"docs":{"insertions":4,"deletions":2}}}]},{"date":"2021-10-11","commitResults":[{"hash":"fb16155ffa02e36752b5a7b56815dc1e8cd1b9fd","messageTitle":"Add checking for reservation availability functionality","messageBody":"","fileTypesAndContributionMap":{"functional-code":{"insertions":284,"deletions":12},"test-code":{"insertions":3,"deletions":3}}},{"hash":"34ff8c06fdce9c72c16de22644c604ea0f11e1f8","messageTitle":"Fix code quality issues, add some javadocs","messageBody":"","fileTypesAndContributionMap":{"functional-code":{"insertions":38,"deletions":28}}},{"hash":"9fad86d849d1c762defd9f3000bb31efe78a10af","messageTitle":"Add CheckCommand and CheckCommandParser unit tests, refactored constructor logic for CheckCommand","messageBody":"","fileTypesAndContributionMap":{"functional-code":{"insertions":21,"deletions":16},"test-code":{"insertions":165,"deletions":0}}},{"hash":"c303d542f062894875abcba92e143577a13590cf","messageTitle":"Fix no newline issue from CI checks","messageBody":"","fileTypesAndContributionMap":{"test-code":{"insertions":2,"deletions":0}}},{"hash":"c552f688f15e7b97ad529c47adf14ebf6a29faec","messageTitle":"Fix no newline issue again for CI checks","messageBody":"","fileTypesAndContributionMap":{"test-code":{"insertions":2,"deletions":4}}},{"hash":"e2b471c55f1498349aebc28631551d627fc6f55f","messageTitle":"Add unit tests for both predicate classes, fix checkstyles","messageBody":"","fileTypesAndContributionMap":{"functional-code":{"insertions":33,"deletions":17},"test-code":{"insertions":269,"deletions":32}}},{"hash":"6835f12a3911eb4d2f0f975172621398441d1fa0","messageTitle":"Fix checkstyle issues","messageBody":"","fileTypesAndContributionMap":{"functional-code":{"insertions":7,"deletions":7}}},{"hash":"3d1ed4533a560c141246f32fa63ef3ca7a82d7d5","messageTitle":"Add unit test for AddressBookParser for \"check\" command","messageBody":"","fileTypesAndContributionMap":{"test-code":{"insertions":19,"deletions":0}}}]},{"date":"2021-10-12","commitResults":[{"hash":"21cc03d292876703b5a03e8cff92b7767c80d269","messageTitle":"Add validation check to reserve command if same reservation exists","messageBody":"","fileTypesAndContributionMap":{"functional-code":{"insertions":4,"deletions":0}}}]},{"date":"2021-10-14","commitResults":[{"hash":"26348083bcc64063a6be057beffeca0fb0e0d605","messageTitle":"Update UG to match new check command","messageBody":"","fileTypesAndContributionMap":{"docs":{"insertions":16,"deletions":10}}},{"hash":"dbb17b78786f6f44125c264a81b07ba64a1171df","messageTitle":"Fix checkstyle issues","messageBody":"","fileTypesAndContributionMap":{"docs":{"insertions":13,"deletions":13}}}]},{"date":"2021-10-18","commitResults":[{"hash":"6aa4d484b7552ba8607e5cad4ffc26d069d76706","messageTitle":"Add validity check for reserve command","messageBody":"","fileTypesAndContributionMap":{"functional-code":{"insertions":40,"deletions":3}}}]},{"date":"2021-10-22","commitResults":[{"hash":"b14b783a1f4f49dba0df88f642bc0586f97f008f","messageTitle":"Add setting tables functionality and update reservations classes","messageBody":"User can add tables now to set a limit on reservations and link each\nreservation with a table\n","fileTypesAndContributionMap":{"functional-code":{"insertions":838,"deletions":39},"other":{"insertions":4,"deletions":0},"test-code":{"insertions":56,"deletions":0}}},{"hash":"d6d10ba58a845af0db12015efaece903fe27b5dc","messageTitle":"Fix test cases not compiling issues","messageBody":"","fileTypesAndContributionMap":{"functional-code":{"insertions":9,"deletions":1},"test-code":{"insertions":204,"deletions":31}}},{"hash":"af53cf55d2a941f6665df0d5b41a63b9eb26a336","messageTitle":"Update DG to include settables command","messageBody":"","fileTypesAndContributionMap":{"docs":{"insertions":22,"deletions":0}}}]},{"date":"2021-10-26","commitResults":[{"hash":"dec29415f7f1dfca455707d9748465c484d3094f","messageTitle":"Add check to ensure reservation and check commands only work with timings on the hour","messageBody":"","fileTypesAndContributionMap":{"functional-code":{"insertions":21,"deletions":4},"docs":{"insertions":5,"deletions":3},"test-code":{"insertions":5,"deletions":5}}},{"hash":"4281417a29570854f0db9b175641e7ee019cfcbc","messageTitle":"Add html to UG to improve appearance","messageBody":"","fileTypesAndContributionMap":{"docs":{"insertions":26,"deletions":0}}}]},{"date":"2021-10-27","commitResults":[{"hash":"7445deb18057daba869bc582eb3091ccd4ba9b58","messageTitle":"Update check and settables in UG","messageBody":"","fileTypesAndContributionMap":{"docs":{"insertions":30,"deletions":22}}},{"hash":"03a32e4de9890fde9fe8862d674c5ba0615043d3","messageTitle":"Update html to include titles","messageBody":"","fileTypesAndContributionMap":{"docs":{"insertions":4,"deletions":3}}},{"hash":"ca9138099d44c19bc63ff1442b622cab3f5fff15","messageTitle":"Fix formatting issues","messageBody":"","fileTypesAndContributionMap":{"docs":{"insertions":3,"deletions":3}}},{"hash":"982d7ae21036f7be73ac11dc1237c4837e0e66bc","messageTitle":"Fix formatting","messageBody":"","fileTypesAndContributionMap":{"docs":{"insertions":1,"deletions":2}}},{"hash":"6c456f1b29b9ff5b1325bbf06b970e25a2aac806","messageTitle":"Update UG for check","messageBody":"","fileTypesAndContributionMap":{"docs":{"insertions":8,"deletions":1}}},{"hash":"3f7ce18a6729d08358f4d23db074f98a5381b52c","messageTitle":"Update UG for \u0027check\u0027 command","messageBody":"","fileTypesAndContributionMap":{"docs":{"insertions":5,"deletions":10}}},{"hash":"a03b4e41d2ae3abd12c8f8332c7b5e4105c5e499","messageTitle":"Add default table data when addressbook.json is not found","messageBody":"","fileTypesAndContributionMap":{"functional-code":{"insertions":21,"deletions":8}}}]},{"date":"2021-10-28","commitResults":[{"hash":"3a32913a1cec6f85be399d933a8fdcd4fec83473","messageTitle":"Change app title to Restaurant HR Helper","messageBody":"","fileTypesAndContributionMap":{"functional-code":{"insertions":1,"deletions":1}}},{"hash":"1fdfe902ab99342e62e3331bab3316c654749da1","messageTitle":"Fix minor formatting issues with settables command","messageBody":"","fileTypesAndContributionMap":{"functional-code":{"insertions":1,"deletions":1}}}]},{"date":"2021-10-29","commitResults":[{"hash":"08de411970d0bde0eef04c048b089e184a27779c","messageTitle":"Fix broken linking in ug","messageBody":"","fileTypesAndContributionMap":{"docs":{"insertions":1,"deletions":2}}},{"hash":"e49b2695ee4e345348fa1862d21c4a7c56e180ab","messageTitle":"Remove \u0027list\u0027 from UG","messageBody":"Since we dont use the command \u0027list\u0027 anymore","fileTypesAndContributionMap":{"docs":{"insertions":1,"deletions":1}}},{"hash":"b4c2834512a0e2fa6e4119a2ffd920e152d4e535","messageTitle":"Fix editR formatting","messageBody":"","fileTypesAndContributionMap":{"docs":{"insertions":0,"deletions":1}}}]}],"pbthang":[{"date":"2021-09-28","commitResults":[{"hash":"edefbfe4c299add747e315ac97c183d8d18a332f","messageTitle":"Update README.md","messageBody":"","fileTypesAndContributionMap":{"docs":{"insertions":17,"deletions":10}}},{"hash":"e71bc66c05ade7a8073befcc139bce56ae744685","messageTitle":"Update README.md","messageBody":"","fileTypesAndContributionMap":{"docs":{"insertions":1,"deletions":1}}}]},{"date":"2021-09-29","commitResults":[{"hash":"8d276645726263222f21ba2522a7906003a12836","messageTitle":"add UC4","messageBody":"","fileTypesAndContributionMap":{"docs":{"insertions":27,"deletions":1}}},{"hash":"8c09b7f78502d1d6a2b0265a4e4413fdf64a678c","messageTitle":"fix the format of UC4 in DG","messageBody":"","fileTypesAndContributionMap":{"docs":{"insertions":25,"deletions":12}}}]},{"date":"2021-09-30","commitResults":[{"hash":"0c24127fd4c65daa8f318d052753b406ce678dc4","messageTitle":"edit UC4 in developerGuide.md","messageBody":"","fileTypesAndContributionMap":{"docs":{"insertions":1,"deletions":1}}}]},{"date":"2021-10-05","commitResults":[{"hash":"dd441bb08acb168b09d91ad07df037ce955b90a2","messageTitle":"add reservation class in package .model.reservation","messageBody":"","fileTypesAndContributionMap":{"functional-code":{"insertions":23,"deletions":0}}}]},{"date":"2021-10-06","commitResults":[{"hash":"e87024415337f35f1a1948a3e2a7b4b73ef175cf","messageTitle":"add ReserveCommand and edit AddressBookParser to support the command","messageBody":"","fileTypesAndContributionMap":{"functional-code":{"insertions":65,"deletions":3},"test-code":{"insertions":26,"deletions":0}}},{"hash":"007d96df72ada2c8b2f18c3904334b8644701a9f","messageTitle":"support parsing reserve command","messageBody":"","fileTypesAndContributionMap":{"functional-code":{"insertions":123,"deletions":14},"test-code":{"insertions":65,"deletions":4}}},{"hash":"bc099a616f7e3f61f11a662c5459623b34bb4aaa","messageTitle":"fix style","messageBody":"","fileTypesAndContributionMap":{"functional-code":{"insertions":50,"deletions":17},"test-code":{"insertions":25,"deletions":17}}}]},{"date":"2021-10-09","commitResults":[{"hash":"fa6b555047344014da693a124d25ef72f1ab8d55","messageTitle":"support adding new reservations to the list","messageBody":"","fileTypesAndContributionMap":{"functional-code":{"insertions":242,"deletions":8},"test-code":{"insertions":46,"deletions":8}}},{"hash":"376ee8f06fe7f09d7fbab8eadb118323215bf630","messageTitle":"finish the overall features of adding reservation","messageBody":"","fileTypesAndContributionMap":{"functional-code":{"insertions":97,"deletions":1}}},{"hash":"7ce33af475d031836c6798e05b7aab76be7b7e19","messageTitle":"fix test cases","messageBody":"","fileTypesAndContributionMap":{"test-code":{"insertions":6,"deletions":3}}},{"hash":"41d247fe2fee15347ca95de65c4aefe146c0aa9b","messageTitle":"add reservation support to LogicManager","messageBody":"","fileTypesAndContributionMap":{"functional-code":{"insertions":10,"deletions":0},"test-code":{"insertions":4,"deletions":2}}}]},{"date":"2021-10-13","commitResults":[{"hash":"d6312d8c098a3ac08c4b8080d9875b452376913a","messageTitle":"add JUnit test cases for reservation-related classes","messageBody":"","fileTypesAndContributionMap":{"functional-code":{"insertions":7,"deletions":5},"test-code":{"insertions":325,"deletions":3}}},{"hash":"410319529477dcb413f7ff8cabaa5ad35d72c0c1","messageTitle":"fix style","messageBody":"","fileTypesAndContributionMap":{"functional-code":{"insertions":0,"deletions":1},"test-code":{"insertions":10,"deletions":5}}},{"hash":"57fa06bab54b1ba52b5f7a744a0ce25c257e34c5","messageTitle":"add more test cases for reservation-related classes","messageBody":"","fileTypesAndContributionMap":{"functional-code":{"insertions":6,"deletions":3},"test-code":{"insertions":194,"deletions":1}}},{"hash":"c295651995cf308789fcdbea6d955b9ef09383ab","messageTitle":"fix style","messageBody":"","fileTypesAndContributionMap":{"test-code":{"insertions":1,"deletions":1}}},{"hash":"8de7ee083408bc0128ba9c7ecd132ee25a127861","messageTitle":"edit reserve command in UG","messageBody":"","fileTypesAndContributionMap":{"docs":{"insertions":9,"deletions":2}}},{"hash":"951e8f0d903d4d20325f0acd746b1aed4cca32a5","messageTitle":"update UI image in docs/images","messageBody":"","fileTypesAndContributionMap":{"docs":{"insertions":2,"deletions":2}}},{"hash":"6ba3480698f149a297a3e90ce9e098fe1881be07","messageTitle":"update command summary in UG","messageBody":"","fileTypesAndContributionMap":{"docs":{"insertions":1,"deletions":0}}}]},{"date":"2021-10-18","commitResults":[{"hash":"7cdad7f79fc1e8427b5877a4b9d2bfe6a138c0dd","messageTitle":"add Ui support for Reservation","messageBody":"","fileTypesAndContributionMap":{"functional-code":{"insertions":185,"deletions":0}}},{"hash":"00ffe62a856b47817f0b2a522b3a43040f8f0adf","messageTitle":"fix checkstyle errors","messageBody":"","fileTypesAndContributionMap":{"functional-code":{"insertions":8,"deletions":6}}},{"hash":"143cc3c0de4fa2976002030521c727978957f770","messageTitle":"add delete command for reservation","messageBody":"","fileTypesAndContributionMap":{"functional-code":{"insertions":93,"deletions":18},"test-code":{"insertions":24,"deletions":0}}}]},{"date":"2021-10-19","commitResults":[{"hash":"0dc9b3f5382694f4c6f091a8653a43b2828560b4","messageTitle":"fix checkstyle errors","messageBody":"","fileTypesAndContributionMap":{"functional-code":{"insertions":4,"deletions":1},"test-code":{"insertions":7,"deletions":9}}}]},{"date":"2021-10-22","commitResults":[{"hash":"fb036bf2558f9db02a10418b9dd40521d2c173be","messageTitle":"Update DeveloperGuide.md","messageBody":"","fileTypesAndContributionMap":{"functional-code":{"insertions":6,"deletions":1},"docs":{"insertions":14,"deletions":4}}},{"hash":"e062fc008a21586e1fe9d68e79eac01db6e79d07","messageTitle":"fix checkstyle","messageBody":"","fileTypesAndContributionMap":{"functional-code":{"insertions":3,"deletions":0},"test-code":{"insertions":3,"deletions":1}}}]},{"date":"2021-10-23","commitResults":[{"hash":"d8c611cfc476af993a3f5a43da95d9763c28942f","messageTitle":"add get customer reserving command","messageBody":"","fileTypesAndContributionMap":{"functional-code":{"insertions":115,"deletions":25},"test-code":{"insertions":80,"deletions":4}}},{"hash":"9525faf50dd5d28f1a6e719b62d5fe9f83f097bb","messageTitle":"add test cases for GetCustomerReservingCommand","messageBody":"","fileTypesAndContributionMap":{"test-code":{"insertions":24,"deletions":0}}},{"hash":"02067bc9c47d43f194dd95fa8d4053c53bdccb2a","messageTitle":"fix checkstyle errors","messageBody":"","fileTypesAndContributionMap":{"functional-code":{"insertions":29,"deletions":3},"test-code":{"insertions":5,"deletions":3}}},{"hash":"cb8296278a39bf6e90f43bd168f31b847559142f","messageTitle":"edit help userguide url","messageBody":"","fileTypesAndContributionMap":{"functional-code":{"insertions":1,"deletions":1}}}]},{"date":"2021-10-26","commitResults":[{"hash":"7fdbcd1f348484be5d519cd1fd0870be70a10ba1","messageTitle":"fix bug: loading reservation with non-existing phone number from data file","messageBody":"","fileTypesAndContributionMap":{"functional-code":{"insertions":13,"deletions":7}}},{"hash":"a5d8018a8f1251261fb454b3c1ddec71bdf3aab7","messageTitle":"add remark and tags for rểvation","messageBody":"","fileTypesAndContributionMap":{"functional-code":{"insertions":175,"deletions":23},"test-code":{"insertions":10,"deletions":6}}}]},{"date":"2021-10-27","commitResults":[{"hash":"915bac0557c9439e3076ee5da0b7542cd217b4b7","messageTitle":"fix test cases and checkstyle errors","messageBody":"","fileTypesAndContributionMap":{"functional-code":{"insertions":24,"deletions":37},"test-code":{"insertions":109,"deletions":36}}},{"hash":"6abea17db1845251708ebd8572b0376409ee9aa2","messageTitle":"fix bug","messageBody":"","fileTypesAndContributionMap":{"functional-code":{"insertions":2,"deletions":2}}},{"hash":"aa86d2b9363737c2db96f5e310743e2f1bdbe05b","messageTitle":"bug fixing","messageBody":"","fileTypesAndContributionMap":{"test-code":{"insertions":1,"deletions":1}}},{"hash":"c2e3f37cfa6976263a6014066bd09d415f3a9752","messageTitle":"add edit command for reservation","messageBody":"","fileTypesAndContributionMap":{"functional-code":{"insertions":312,"deletions":10}}},{"hash":"9e2ca48838d108d8de67d25a4c5fb0d3b7a295fc","messageTitle":"fix minor things","messageBody":"","fileTypesAndContributionMap":{"functional-code":{"insertions":13,"deletions":7}}},{"hash":"cbfed99974592c2ef2e8286113627f7a444fc954","messageTitle":"sort reservation list by date time ascending","messageBody":"","fileTypesAndContributionMap":{"functional-code":{"insertions":7,"deletions":0}}},{"hash":"4bc793761c9678885e5943708750e8b241fea9ec","messageTitle":"fix checkstyle errors","messageBody":"","fileTypesAndContributionMap":{"functional-code":{"insertions":3,"deletions":2},"test-code":{"insertions":2,"deletions":2}}},{"hash":"9353bb49be746af22476b048d3fbdeda5cff2dfb","messageTitle":"fix minor things","messageBody":"","fileTypesAndContributionMap":{"functional-code":{"insertions":2,"deletions":2}}}]},{"date":"2021-10-28","commitResults":[{"hash":"2f4fb035befb5cd92779c29ef0b3b03e8e75094e","messageTitle":"updating getting started section in UG","messageBody":"","fileTypesAndContributionMap":{"docs":{"insertions":62,"deletions":7}}},{"hash":"55482cef1cb2c7d04cc8c2bbf440a5ac1650bc99","messageTitle":"update UG for reservation","messageBody":"","fileTypesAndContributionMap":{"functional-code":{"insertions":1,"deletions":1},"docs":{"insertions":78,"deletions":40}}},{"hash":"08942adae2b8b72fa9f2466072569d9855263d90","messageTitle":"fix errors","messageBody":"","fileTypesAndContributionMap":{"docs":{"insertions":0,"deletions":2}}},{"hash":"d5b8059a7386c9f61c80d6605de97bb7c6403836","messageTitle":"change the position of command summary section in UG","messageBody":"","fileTypesAndContributionMap":{"docs":{"insertions":32,"deletions":32}}},{"hash":"62a1b83dec125fe2d9457a815a6ed9c781e0dafb","messageTitle":"fix minor UG things","messageBody":"","fileTypesAndContributionMap":{"docs":{"insertions":10,"deletions":30}}},{"hash":"0bffb62c5646d34d8b28f43520ccbc83ea32a876","messageTitle":"fix minor things","messageBody":"","fileTypesAndContributionMap":{"docs":{"insertions":1,"deletions":25}}},{"hash":"60166eef60e8f01248010b75e661016d8f89bbf2","messageTitle":"add EOF newline in UG","messageBody":"","fileTypesAndContributionMap":{"docs":{"insertions":1,"deletions":1}}}]},{"date":"2021-10-29","commitResults":[{"hash":"35c8dd20747f6b4314032dbb8892dd14b6df81ae","messageTitle":"add getC command to UG","messageBody":"","fileTypesAndContributionMap":{"docs":{"insertions":30,"deletions":1}}},{"hash":"a5fe80f4e53aa28c30579904d1ad4b289dc7e3b7","messageTitle":"fix minor UG things","messageBody":"","fileTypesAndContributionMap":{"docs":{"insertions":4,"deletions":4}}},{"hash":"81f6d509191fc87a7bb2791480b933b563567dd8","messageTitle":"add listR command","messageBody":"","fileTypesAndContributionMap":{"docs":{"insertions":18,"deletions":0}}},{"hash":"1ffd5097116f772e0fe83cb9cb1c39afd3bc5ece","messageTitle":"Update UG","messageBody":"","fileTypesAndContributionMap":{"functional-code":{"insertions":1,"deletions":1},"docs":{"insertions":45,"deletions":45}}},{"hash":"d375129b55cc99c4bcc81e335bf734a2090d4285","messageTitle":"fix minor UG errors","messageBody":"","fileTypesAndContributionMap":{"docs":{"insertions":1,"deletions":1}}}]}]},"authorFileTypeContributionMap":{"Javiier-pzk":{"docs":212,"functional-code":2491,"test-code":2934},"clementkfj":{"docs":228,"functional-code":2652,"test-code":2727,"other":5},"chetwinlow":{"docs":250,"functional-code":2005,"test-code":3322},"hernpiblo":{"docs":117,"functional-code":1194,"test-code":614},"pbthang":{"docs":273,"functional-code":1400,"test-code":930}},"authorContributionVariance":{"Javiier-pzk":187697.53,"clementkfj":241483.52,"chetwinlow":599169.3,"hernpiblo":64078.402,"pbthang":25911.469},"authorDisplayNameMap":{"Javiier-pzk":"CS2103T-T17-1 JAVI.. KAI","clementkfj":"CS2103T-T17-1 KONG..ANJI","chetwinlow":"CS2103T-T17-1 LOW ..TWIN","hernpiblo":"CS2103T-T17-1 LEE ..PING","pbthang":"CS2103T-T17-1 PHAM..HANG"}}
