{"authorDailyContributionsMap":{"michael-lee-sk":[{"date":"2021-09-26","commitResults":[{"hash":"c92f5baf6a741e1bff78465bd57e2d0668ca39b3","messageTitle":"Update DeveloperGuide","messageBody":"Updated - Product scope / User stories / NFRs\r\n\r\nOutstanding: Use cases","fileTypesAndContributionMap":{"docs":{"insertions":46,"deletions":24}}},{"hash":"9ce20158fdf4c5d55f9952114b177255396d7dc3","messageTitle":"Add Enroll/Unenroll Use Cases","messageBody":"","fileTypesAndContributionMap":{"docs":{"insertions":30,"deletions":12}}}]},{"date":"2021-09-28","commitResults":[{"hash":"ce913c435e1f58f547fe4cc4feda6d691c458b67","messageTitle":"Update UserGuide","messageBody":"","fileTypesAndContributionMap":{"docs":{"insertions":5,"deletions":5}}},{"hash":"d2b22773ddf940db2c44f23c315bea6db5e1005b","messageTitle":"Update DevGuide","messageBody":"","fileTypesAndContributionMap":{"docs":{"insertions":2,"deletions":2}}}]},{"date":"2021-10-01","commitResults":[{"hash":"04a441d128f3aed919897947201e522e8b8638e4","messageTitle":"Update DevGuide to underline inclusions","messageBody":"","fileTypesAndContributionMap":{"docs":{"insertions":2,"deletions":2}}}]},{"date":"2021-10-06","commitResults":[{"hash":"8895f4f0d2d15a96de1248a68caf9a93576644b4","messageTitle":"Enroll part 1","messageBody":"","fileTypesAndContributionMap":{"functional-code":{"insertions":169,"deletions":7}}},{"hash":"cd564e9aa0ca5ca74a538a33550c871fd835508b","messageTitle":"Enroll command","messageBody":"","fileTypesAndContributionMap":{"functional-code":{"insertions":69,"deletions":33}}}]},{"date":"2021-10-07","commitResults":[{"hash":"f98cf5792251a39889923c2905ff6612e7d9564a","messageTitle":"Update EnrollCommand and UnenrollCommand, with additions to Lesson","messageBody":"","fileTypesAndContributionMap":{"functional-code":{"insertions":92,"deletions":78}}},{"hash":"fa36f09c45829f613f429d9f8b98afea7b50e601","messageTitle":"Update EnrollCommand and UnenrollCommand","messageBody":"","fileTypesAndContributionMap":{"functional-code":{"insertions":24,"deletions":3}}}]},{"date":"2021-10-10","commitResults":[{"hash":"3c4350c1871ce15363b007e76a924a1e4428b781","messageTitle":"EnrollCommandTests, additions to TypicalPersons to include lessons","messageBody":"","fileTypesAndContributionMap":{"functional-code":{"insertions":5,"deletions":3},"test-code":{"insertions":123,"deletions":0}}},{"hash":"5efdde2b6db27def2192d1cacfd76809339a04ab","messageTitle":"Updates to EnrollCommandTest and EnrollCommandParserTest","messageBody":"","fileTypesAndContributionMap":{"functional-code":{"insertions":2,"deletions":2},"test-code":{"insertions":4,"deletions":4}}}]},{"date":"2021-10-12","commitResults":[{"hash":"fe0ba10129e4e792cf8dd12427d4630791c2e219","messageTitle":"Additions to EnrollCommandTest and UnenrollCommandTest Additional PHYSICS_S2 class in TypicalLessons class.","messageBody":"","fileTypesAndContributionMap":{"test-code":{"insertions":80,"deletions":5}}}]},{"date":"2021-10-13","commitResults":[{"hash":"9cb6ee74176ab7968d70ed55d855c3c980395e8a","messageTitle":"Update DG and altered FindCommand implementation to filter messages to startwith prefix instead of containsEntireWord","messageBody":"","fileTypesAndContributionMap":{"functional-code":{"insertions":23,"deletions":1},"docs":{"insertions":43,"deletions":30}}},{"hash":"7623520c59728e4592d2216042013ec146c543ca","messageTitle":"Refactor Person package into Student package","messageBody":"","fileTypesAndContributionMap":{"functional-code":{"insertions":461,"deletions":455},"other":{"insertions":125,"deletions":125},"test-code":{"insertions":725,"deletions":725}}}]}],"eezj35":[{"date":"2021-09-20","commitResults":[{"hash":"6e8a7370cd197348c2043dfe835364fbeeee2439","messageTitle":"Update README.md","messageBody":"","fileTypesAndContributionMap":{"docs":{"insertions":14,"deletions":11}}},{"hash":"7f401da715bb3cf85ee27225ac0305ae39ab6da8","messageTitle":"Update index.md","messageBody":"","fileTypesAndContributionMap":{"docs":{"insertions":1,"deletions":1}}},{"hash":"5d17b30879eb6f4809457e1095bf967bb93df7db","messageTitle":"Change website title","messageBody":"","fileTypesAndContributionMap":{"docs":{"insertions":1,"deletions":1}}}]},{"date":"2021-09-21","commitResults":[{"hash":"294d7ad9279a6d68e95ec08d24d76238f1082e6a","messageTitle":"Add Grade class","messageBody":"","fileTypesAndContributionMap":{"functional-code":{"insertions":74,"deletions":0}}},{"hash":"fff38a49fcd07d3064221387fa9127ec403b860e","messageTitle":"Fix checkstyle issues","messageBody":"","fileTypesAndContributionMap":{"functional-code":{"insertions":7,"deletions":6}}},{"hash":"f648405bb9ed1bf298e8b730d5510733143bee5e","messageTitle":"Add constructor documentation","messageBody":"","fileTypesAndContributionMap":{"functional-code":{"insertions":6,"deletions":2}}}]},{"date":"2021-09-26","commitResults":[{"hash":"39445c80672f89f4c4c2fd515b400471bd3c90dd","messageTitle":"Add \"look up student details\" use case","messageBody":"","fileTypesAndContributionMap":{"docs":{"insertions":33,"deletions":9}}}]},{"date":"2021-10-05","commitResults":[{"hash":"4b3d58ef6b58543d9fc35411b8b449b6c36687c9","messageTitle":"Refactor Person to Student Refactor Contact to ParentContact","messageBody":"","fileTypesAndContributionMap":{"functional-code":{"insertions":160,"deletions":172},"other":{"insertions":43,"deletions":43},"docs":{"insertions":50,"deletions":50},"test-code":{"insertions":200,"deletions":209}}},{"hash":"673a2dc8decfa5bf08a51ee459b4868129b378d3","messageTitle":"Change Student constructor","messageBody":"","fileTypesAndContributionMap":{"functional-code":{"insertions":16,"deletions":7}}},{"hash":"200874001bbcf513b28513c22d9f2bd8cb5ab55b","messageTitle":"Edit to fit new Student constructor","messageBody":"","fileTypesAndContributionMap":{"functional-code":{"insertions":12,"deletions":2}}},{"hash":"dfbf8ff33304229c07a1d63840c7d2dff4926801","messageTitle":"Edit Grade class and modify code in other classes to fit new Student constructor","messageBody":"","fileTypesAndContributionMap":{"functional-code":{"insertions":40,"deletions":40}}}]},{"date":"2021-10-06","commitResults":[{"hash":"9d87098c706c913b1d437966c5571f65c9db2ac9","messageTitle":"Fix checkstyle","messageBody":"","fileTypesAndContributionMap":{"functional-code":{"insertions":67,"deletions":29},"test-code":{"insertions":12,"deletions":3}}},{"hash":"15c8303ea5ef886628611bcb66650a2079530bd4","messageTitle":"Edit code of relevant classes affected by change in Student constructor","messageBody":"","fileTypesAndContributionMap":{"test-code":{"insertions":38,"deletions":11}}},{"hash":"883428341bf783a4bcdd8f0257bb4d883f4ee48d","messageTitle":"Fix Checkstyle","messageBody":"","fileTypesAndContributionMap":{"test-code":{"insertions":22,"deletions":9}}},{"hash":"db072bfe188e5ad7c2a57e51d43fa7613d5ab2fa","messageTitle":"Implement add student feature","messageBody":"","fileTypesAndContributionMap":{"functional-code":{"insertions":11,"deletions":5},"test-code":{"insertions":61,"deletions":58}}}]},{"date":"2021-10-07","commitResults":[{"hash":"f210d5cd5b1a9b5409a0ed1970aef89aaec262f1","messageTitle":"Update UserGuide","messageBody":"","fileTypesAndContributionMap":{"docs":{"insertions":58,"deletions":14}}},{"hash":"d71f6051ab9e63a2ac996078fded00d8a3c3838a","messageTitle":"Update command summary in UserGuide","messageBody":"","fileTypesAndContributionMap":{"docs":{"insertions":15,"deletions":13}}}]},{"date":"2021-10-09","commitResults":[{"hash":"b31b98ed8b1f84c958c3ec1a6076b61d342cef7c","messageTitle":"Create DeleteLessonCommand class","messageBody":"Note: Errors not fixed\n","fileTypesAndContributionMap":{"functional-code":{"insertions":54,"deletions":0}}},{"hash":"6c49c76eb0fb3ff311f55c9c66b637b91f930a3d","messageTitle":"Create parser class for DeleteLessonCommand and fix errors in DeleteLessonCommand","messageBody":"","fileTypesAndContributionMap":{"functional-code":{"insertions":41,"deletions":10}}},{"hash":"9b67f02500176a5bf88807eb245a64292a7cf850","messageTitle":"Implement delete lesson feature","messageBody":"","fileTypesAndContributionMap":{"functional-code":{"insertions":8,"deletions":3}}},{"hash":"57ad733c7959f7ed6c3bfae506b69986568e72a4","messageTitle":"Update delete lesson and add lesson command details in user guide","messageBody":"","fileTypesAndContributionMap":{"docs":{"insertions":12,"deletions":14}}},{"hash":"d1765ff773707633e1352ab88dc5411ac2562089","messageTitle":"Update UserGuide.md","messageBody":"","fileTypesAndContributionMap":{"docs":{"insertions":1,"deletions":1}}},{"hash":"8e10563b791d2024eafeb90de5429d0a25265552","messageTitle":"Update UserGuide.md","messageBody":"","fileTypesAndContributionMap":{"docs":{"insertions":2,"deletions":2}}},{"hash":"7c0f80ec4704097357ecb36ada04cbca5ed42280","messageTitle":"Update UserGuide.md","messageBody":"","fileTypesAndContributionMap":{"docs":{"insertions":1,"deletions":1}}},{"hash":"0abd3cc59a07441d84cb3db7a3b7f43baddacfcb","messageTitle":"Fix Checkstyle issues","messageBody":"","fileTypesAndContributionMap":{"functional-code":{"insertions":1,"deletions":1},"test-code":{"insertions":4,"deletions":1}}},{"hash":"d7f3b762fb6ed1b0c29a30d3f33081ad4d871233","messageTitle":"Create TypicalLessons class","messageBody":"","fileTypesAndContributionMap":{"test-code":{"insertions":38,"deletions":0}}},{"hash":"4887e9998d3f66edb6b9be469b45183dc7520655","messageTitle":"Implement unit test for DeleteLessonCommand and DeleteLessonCommandParser","messageBody":"","fileTypesAndContributionMap":{"functional-code":{"insertions":13,"deletions":1},"test-code":{"insertions":118,"deletions":1}}},{"hash":"40d34e7291018a43070eb27c6272b763435a1e45","messageTitle":"Fix checkstyle errors","messageBody":"","fileTypesAndContributionMap":{"test-code":{"insertions":6,"deletions":8}}}]},{"date":"2021-10-12","commitResults":[{"hash":"aee39947f43a322f0e9076307c626c70ab2efc87","messageTitle":"Fixed UI lesson list bug","messageBody":"","fileTypesAndContributionMap":{"functional-code":{"insertions":162,"deletions":25},"test-code":{"insertions":1,"deletions":1}}},{"hash":"cbe076eb1ca84c4e457075eb7a60de1ba94b6270","messageTitle":"Fix Errors, but not finished","messageBody":"","fileTypesAndContributionMap":{"functional-code":{"insertions":28,"deletions":1}}},{"hash":"ac642afed52bb6d0441c9ca68d1eb05a75216796","messageTitle":"Update Ui","messageBody":"","fileTypesAndContributionMap":{"functional-code":{"insertions":3,"deletions":0}}}]},{"date":"2021-10-16","commitResults":[{"hash":"a2a99e316305f7ab78f511367c681260343438ad","messageTitle":"Fix issue where student card does not show total price of lessons with same price","messageBody":"","fileTypesAndContributionMap":{"functional-code":{"insertions":6,"deletions":3}}},{"hash":"cb1f1fbbc2c4423abfa7be0b6900a3198b4f3283","messageTitle":"Implement edit grade for edit command","messageBody":"","fileTypesAndContributionMap":{"functional-code":{"insertions":14,"deletions":6}}},{"hash":"70138b6e79f4bf60dcf2386b43917cceaaa5d188","messageTitle":"Update edit grade feature","messageBody":"Let\u0027s,\n* make it so that if grade is changed, student will be unenrolled from\nlessons that he/she is enrolled in\n* otherwise, currently enrolled lessons should remain unchanged if\nother fields are edited\n","fileTypesAndContributionMap":{"functional-code":{"insertions":25,"deletions":0}}},{"hash":"2821f1c7516c74a7831bdb1bba827f3ad3f01d99","messageTitle":"Fix test errors for parsing tests","messageBody":"","fileTypesAndContributionMap":{"test-code":{"insertions":1,"deletions":0}}},{"hash":"41f137ee199973755d0ece6d7d472ce35599edbf","messageTitle":"Change implementation of getLessonPrices method in Student Class","messageBody":"","fileTypesAndContributionMap":{"functional-code":{"insertions":8,"deletions":2}}},{"hash":"b88b6a2747c2047fbcfbad992258a7e9762e7bda","messageTitle":"Add javadocs","messageBody":"","fileTypesAndContributionMap":{"functional-code":{"insertions":7,"deletions":2}}}]}],"MGRL2201":[{"date":"2021-09-20","commitResults":[{"hash":"d7ddd270c2a85c07ddde655f575189be7160df0f","messageTitle":"update user guide","messageBody":"","fileTypesAndContributionMap":{"docs":{"insertions":63,"deletions":61}}},{"hash":"df2a24db6362ab400b63bd14bbfb9fa924594e6e","messageTitle":"more updates to user guide","messageBody":"","fileTypesAndContributionMap":{"docs":{"insertions":4,"deletions":3}}},{"hash":"ca4660827150a3eaf36c6d19ca1eeef24ebf5442","messageTitle":"Update UserGuide.md","messageBody":"","fileTypesAndContributionMap":{"docs":{"insertions":0,"deletions":1}}}]},{"date":"2021-09-26","commitResults":[{"hash":"bfb480db8233fca312cba3dadfae9d15ef926344","messageTitle":"add use case for add/delete student","messageBody":"","fileTypesAndContributionMap":{"docs":{"insertions":34,"deletions":8}}}]},{"date":"2021-10-05","commitResults":[{"hash":"43dc450da881a769393ef4f4a499d08106870e52","messageTitle":"minor updates to UG","messageBody":"","fileTypesAndContributionMap":{"docs":{"insertions":1,"deletions":1}}},{"hash":"eeb47443ae7add3a78832d1c560bf2e43c1e5768","messageTitle":"minor updates to DG","messageBody":"","fileTypesAndContributionMap":{"docs":{"insertions":3,"deletions":2}}},{"hash":"70d9a58f0c13831f04dd39178452a3b732f0da07","messageTitle":"1. Added lesson list as an ArrayList in AddressBook class. 2. Added relevant methods: hasLesson, addLesson, removeLesson.","messageBody":"","fileTypesAndContributionMap":{"functional-code":{"insertions":31,"deletions":0}}},{"hash":"73f28ee4a2308dd6d38edda7b9e3c84c71affc4d","messageTitle":"1. added lesson list as ArrayList in AddressBook class. 2. added relevant methods in Model and ModelManager","messageBody":"","fileTypesAndContributionMap":{"functional-code":{"insertions":56,"deletions":0}}},{"hash":"ffd9e5a6310016a160feb92f6c63aee505bc5a17","messageTitle":"fixed minor code errors","messageBody":"","fileTypesAndContributionMap":{"test-code":{"insertions":21,"deletions":0}}}]},{"date":"2021-10-06","commitResults":[{"hash":"36c8d8347f4db66a2459ba7f7912044629fcf699","messageTitle":"1. add unenroll command 2. add parser for unenroll command 3. add methods to support unenroll parser in parserUtil.java","messageBody":"","fileTypesAndContributionMap":{"functional-code":{"insertions":226,"deletions":9},"docs":{"insertions":4,"deletions":3},"test-code":{"insertions":21,"deletions":0}}},{"hash":"27239a77d40184d78911a8661b9b0923937094d8","messageTitle":"relocate prefix_lesson to clisyntax.java","messageBody":"","fileTypesAndContributionMap":{"functional-code":{"insertions":2,"deletions":1}}}]},{"date":"2021-10-10","commitResults":[{"hash":"ce6e037576b4f6e8f6b7a803e37522e5882a1c24","messageTitle":"1. add tests for UnenrollCommand 2. add tests for UnenrollCommandParser 3. update unsuccessful unenroll message 4. add check to see if student is in lesson before unenrolling for removeStudent in Lesson.java","messageBody":"","fileTypesAndContributionMap":{"functional-code":{"insertions":22,"deletions":9},"test-code":{"insertions":123,"deletions":0}}}]},{"date":"2021-10-13","commitResults":[{"hash":"99ff4c9311e84b4c84d2cb82c24be098b7dc6939","messageTitle":"Refactor addressbook to tuitione","messageBody":"","fileTypesAndContributionMap":{"functional-code":{"insertions":236,"deletions":236},"other":{"insertions":1320,"deletions":1320},"docs":{"insertions":14,"deletions":14},"test-code":{"insertions":401,"deletions":401}}}]},{"date":"2021-10-14","commitResults":[{"hash":"348e38602b4593d5e46057c58fe862f095bf5b0b","messageTitle":"1. update UG 2. update build.gradle 3. update exception messages","messageBody":"","fileTypesAndContributionMap":{"functional-code":{"insertions":4,"deletions":4},"other":{"insertions":1,"deletions":1},"docs":{"insertions":16,"deletions":15}}},{"hash":"e814490ffa3dfd87618f65ca9cf429345d51291c","messageTitle":"1. fix formating issues","messageBody":"","fileTypesAndContributionMap":{"functional-code":{"insertions":2,"deletions":2}}}]}],"Timothyoung97":[{"date":"2021-09-20","commitResults":[{"hash":"21aac21b360be47c634becd926d7233470db5ec1","messageTitle":"Change Ui.png to mock up version","messageBody":"","fileTypesAndContributionMap":{"functional-code":{"insertions":1,"deletions":1}}},{"hash":"a4ab0e1cf3f89429974e9a1f67318e7ccea548d5","messageTitle":"Change Project Page to TutiONE","messageBody":"","fileTypesAndContributionMap":{"docs":{"insertions":6,"deletions":4}}}]},{"date":"2021-09-26","commitResults":[{"hash":"ef549b2ae281460e1dc40ce97d9bf3da0920bcbe","messageTitle":"Update DG UC: Update a specific student\u0027s details","messageBody":"","fileTypesAndContributionMap":{"docs":{"insertions":19,"deletions":0}}},{"hash":"824a45f932a8e9b966708980e23160a5bbe62aee","messageTitle":"Update on Use Case: Update Student\u0027s Details","messageBody":"","fileTypesAndContributionMap":{"docs":{"insertions":9,"deletions":8}}},{"hash":"4c414c022009690641c660f53881e369727271c6","messageTitle":"Edit on UC format","messageBody":"","fileTypesAndContributionMap":{"docs":{"insertions":22,"deletions":12}}}]},{"date":"2021-10-06","commitResults":[{"hash":"e8b36c4f2746dfad3cdd9e8afb5c5954fc9914ee","messageTitle":"Modify find command to fit TuitiONE\u0027s context","messageBody":"-  String \"person\" is now changed to \"student\" for all system output of find command.\n-  Add in singular and plural form of the student listed overview. And modify the system output to behave as expected.\n","fileTypesAndContributionMap":{"functional-code":{"insertions":7,"deletions":5}}},{"hash":"f3c78a0e0f3fe60d984a7535b7fbd8c843df1144","messageTitle":"Implement test check for the modified find command","messageBody":"- edit on test case: zero student found\n- create test case: one student found\n- edit on test case: multiple students found\n","fileTypesAndContributionMap":{"test-code":{"insertions":14,"deletions":3}}},{"hash":"768fd86d75742150941ed6964bfea4db5e0f5290","messageTitle":"Correct on CheckStyle","messageBody":"","fileTypesAndContributionMap":{"test-code":{"insertions":1,"deletions":1}}},{"hash":"0faaee1086348140dc8e6445571ddd1e1eb1e7ac","messageTitle":"Modify Address Book\u0027s Icon to TuitiONE\u0027s icon","messageBody":"","fileTypesAndContributionMap":{"functional-code":{"insertions":2,"deletions":2}}},{"hash":"40f0c63f86a1319466d7ba7b70b740d292016b41","messageTitle":"Modify test case to fit TuitiONE\u0027s context","messageBody":"","fileTypesAndContributionMap":{"test-code":{"insertions":1,"deletions":1}}},{"hash":"78e8d55a1a3b8ea72dd3d498ed595fd43114cd46","messageTitle":"Modify Command Prompt","messageBody":"","fileTypesAndContributionMap":{"functional-code":{"insertions":1,"deletions":1}}},{"hash":"218ddd6d8cf2579d4ea71f79359fbcba81743530","messageTitle":"Change help icon image","messageBody":"","fileTypesAndContributionMap":{"functional-code":{"insertions":1,"deletions":1}}},{"hash":"839004159463f47b326bd5fc41c9886a26889849","messageTitle":"Modify AddressBook\u0027s UG hyperlink to TuitiONE\u0027s UG hyperlink","messageBody":"","fileTypesAndContributionMap":{"functional-code":{"insertions":1,"deletions":1}}},{"hash":"ec3930850877ea4915f7d8841d0582e236541f01","messageTitle":"Modify CommandBox\u0027s orientation","messageBody":"","fileTypesAndContributionMap":{"functional-code":{"insertions":6,"deletions":6}}},{"hash":"dcb64bb93ca6faf32af9574269a00b090616a6f1","messageTitle":"Modify resultDisplayPlaceholder\u0027s orientation","messageBody":"","fileTypesAndContributionMap":{"functional-code":{"insertions":7,"deletions":7}}},{"hash":"286170d70e4cb2096ba22ad2e8c70774cadf062e","messageTitle":"Modify Status Bar status to explain the file path shown","messageBody":"","fileTypesAndContributionMap":{"functional-code":{"insertions":3,"deletions":1}}},{"hash":"ea8eef8703d3b765f46b3d39c043ff88eed5829e","messageTitle":"Fix CheckStyle for status bar","messageBody":"","fileTypesAndContributionMap":{"functional-code":{"insertions":2,"deletions":2}}}]},{"date":"2021-10-07","commitResults":[{"hash":"2df5758277d6985ff81d208b72f575acf90f7725","messageTitle":"Add Class AddLessonCommand","messageBody":"- Class AddLessonCommand follows the format of Class AddCommand\n","fileTypesAndContributionMap":{"functional-code":{"insertions":56,"deletions":0}}}]},{"date":"2021-10-08","commitResults":[{"hash":"3a13782791580634151457fd538d00694ad2eec9","messageTitle":"Fix UG Formatting","messageBody":"","fileTypesAndContributionMap":{"docs":{"insertions":1,"deletions":0}}}]},{"date":"2021-10-09","commitResults":[{"hash":"1a7f01f5d26189c7ea4646f7e1d63776e2718005","messageTitle":"Add AddLessonCommandParser class \u0026 Include more parsing methods to ParserUtil Class","messageBody":"AddLessonCommandParser class:\n1. Takes in arguments of subject, grade, day, time and cost\n2. Check for each\u0027s validity\n3. return new AddLessonCommand to add into the lesson\n\nParserUtil class\u0027s new methods:\n1. parseSubjectsArgs() -\u003e check for valid subject name, raises ParserException if invalid\n2. parseCostArgs() -\u003e check for valid cost of each lesson, raises ParserException if invalid\n","fileTypesAndContributionMap":{"functional-code":{"insertions":96,"deletions":0}}},{"hash":"a08ecf85210ce3e887ef34270f78585a6e63d485","messageTitle":"Add comments and fix checkstyle","messageBody":"","fileTypesAndContributionMap":{"functional-code":{"insertions":13,"deletions":5}}},{"hash":"71db013c3a58e391ca86339390825173e8d95898","messageTitle":"Modify AddLessonCommand\u0027s COMMAND_WORD","messageBody":"","fileTypesAndContributionMap":{"functional-code":{"insertions":1,"deletions":1}}},{"hash":"6b258f081a9f7f254448de6c8a8cfd6a18a661f7","messageTitle":"Modify AddLessonCommand\u0027s usage message","messageBody":"","fileTypesAndContributionMap":{"functional-code":{"insertions":3,"deletions":3}}},{"hash":"74f06ac71e1d10158566c3fba2f9d9730b1bf3f0","messageTitle":"Modify Lesson class\u0027s toString() -\u003e remove `[`  `]`","messageBody":"","fileTypesAndContributionMap":{"functional-code":{"insertions":1,"deletions":1}}},{"hash":"18ff4bfd3c992137cf869e50d18d20b2c3b36c52","messageTitle":"Modify AddressBookParser class to accept AddLessonCommand","messageBody":"","fileTypesAndContributionMap":{"functional-code":{"insertions":4,"deletions":0}}},{"hash":"c0c7077b7c39231aea8421c22748dfb1193cf7c2","messageTitle":"Adjust MainWindow.fxml","messageBody":"* provide space for lesson field\n","fileTypesAndContributionMap":{"functional-code":{"insertions":18,"deletions":6}}},{"hash":"271b432b4cf23dcda95f184a34b51d0b45b59a11","messageTitle":"Add Comment","messageBody":"","fileTypesAndContributionMap":{"functional-code":{"insertions":3,"deletions":0}}},{"hash":"4ca5e17ccc26b6c63e8687760d768fcca7be9108","messageTitle":"Add in UI Lesson Card","messageBody":"","fileTypesAndContributionMap":{"functional-code":{"insertions":85,"deletions":0}}},{"hash":"0945e45be19deba40ebb7a7e600607594b1dc351","messageTitle":"Remove unnecessary imports from UI Lesson Card","messageBody":"","fileTypesAndContributionMap":{"functional-code":{"insertions":0,"deletions":3}}},{"hash":"e71574a81b8f5a11a85f79938a330ab27cb11b39","messageTitle":"fix checkstyle","messageBody":"","fileTypesAndContributionMap":{"functional-code":{"insertions":4,"deletions":4}}},{"hash":"6f7f71a449d91d070d5073df7242e7563cec297c","messageTitle":"Add UI Lesson List Panel","messageBody":"","fileTypesAndContributionMap":{"functional-code":{"insertions":50,"deletions":0}}},{"hash":"b71341038370aeefeec5d08a07b91821a36308a3","messageTitle":"Modify Logic Interface:","messageBody":"- new method: getFilteredLessonList()\n","fileTypesAndContributionMap":{"functional-code":{"insertions":20,"deletions":5}}},{"hash":"09455e5cb7e8ef02a0ac883f0bbf7651e7736b8b","messageTitle":"Fix CheckStyle","messageBody":"","fileTypesAndContributionMap":{"functional-code":{"insertions":3,"deletions":2}}},{"hash":"3a5e0d5448d5638d424136cff5a1fc2bf419537d","messageTitle":"Modify Model class with new predicate for lesson","messageBody":"","fileTypesAndContributionMap":{"functional-code":{"insertions":7,"deletions":0}}},{"hash":"bfb64aa826e779dc44940609d4020ce7efc7773f","messageTitle":"Update ModelManager.java with FilterLessonList","messageBody":"","fileTypesAndContributionMap":{"functional-code":{"insertions":16,"deletions":2}}},{"hash":"27c0fb6e339bb55a2e6d9269d853a980eceeeacf","messageTitle":"Fix CheckStyle","messageBody":"","fileTypesAndContributionMap":{"functional-code":{"insertions":0,"deletions":1}}},{"hash":"7f3f716ab59ac0be72c2a5dffeeddab10196d604","messageTitle":"Modify AddCommandTest\u0027s ModelStub","messageBody":"","fileTypesAndContributionMap":{"test-code":{"insertions":9,"deletions":4}}}]},{"date":"2021-10-10","commitResults":[{"hash":"508e321e76544a53d908c3db07f50d0688eb15a7","messageTitle":"Bug Correction \u0026 Fix CheckStyle","messageBody":"","fileTypesAndContributionMap":{"functional-code":{"insertions":3,"deletions":3}}},{"hash":"b02f20c2b39681045baba22ec7cbc3b5667c6bc6","messageTitle":"Add in LessonListCard.fxml and LessonListPanel.fxml","messageBody":"","fileTypesAndContributionMap":{"functional-code":{"insertions":45,"deletions":0}}},{"hash":"05194b388766336ff5ef1fe451ea8246beebd278","messageTitle":"Adjust UI Formatting to have better alignment","messageBody":"","fileTypesAndContributionMap":{"functional-code":{"insertions":25,"deletions":11}}}]},{"date":"2021-10-11","commitResults":[{"hash":"9b03632a969a11f087d60d9dc810dd7dce589c31","messageTitle":"Modify ListCommand to automatically update Lesson list when new lesson is added","messageBody":"","fileTypesAndContributionMap":{"functional-code":{"insertions":3,"deletions":1}}},{"hash":"fba590aa1419257dd057120565840ba358415eac","messageTitle":"Add in send button to UI","messageBody":"","fileTypesAndContributionMap":{"functional-code":{"insertions":21,"deletions":3}}},{"hash":"acd449e86da0e585357e8175bcde7579acef4d55","messageTitle":"Include labels to UI to differentiate student list and lesson list","messageBody":"","fileTypesAndContributionMap":{"functional-code":{"insertions":7,"deletions":0}}},{"hash":"cdb68341667e7b0ac50b09c266ef9d913d92d779","messageTitle":"Modify min width to allow maximized view of details","messageBody":"","fileTypesAndContributionMap":{"functional-code":{"insertions":1,"deletions":1}}},{"hash":"4ed48872d281fff538be5b7ab51b31f2407b1a1a","messageTitle":"Underline name and lessoncode to make it more obvious","messageBody":"","fileTypesAndContributionMap":{"functional-code":{"insertions":3,"deletions":0}}}]},{"date":"2021-10-12","commitResults":[{"hash":"2261c8389e109193738faae1095dd2d5aa153250","messageTitle":"Add in test cases for AddLessonCommand class","messageBody":"","fileTypesAndContributionMap":{"test-code":{"insertions":239,"deletions":0}}},{"hash":"a168b95c78db789eb2f3603759444d658add68bb","messageTitle":"Add in test cases for AddLessonCommandParser","messageBody":"","fileTypesAndContributionMap":{"test-code":{"insertions":203,"deletions":0}}}]}],"muhammad-khair":[{"date":"2021-09-20","commitResults":[{"hash":"1927a4924c1bde51e3a5ad6ee3c9075fc2e625c8","messageTitle":"Update docs/AboutUs.md","messageBody":"","fileTypesAndContributionMap":{"docs":{"insertions":26,"deletions":28}}},{"hash":"37a06cda0171fc5106ccb48cf6874015489180d2","messageTitle":"Add portfolios for team members","messageBody":"","fileTypesAndContributionMap":{"docs":{"insertions":191,"deletions":2}}}]},{"date":"2021-09-21","commitResults":[{"hash":"c079766a001fa71ac1c6cb4560c9a334fb2a5f4b","messageTitle":"Docs: rename class to lesson","messageBody":"","fileTypesAndContributionMap":{"docs":{"insertions":19,"deletions":19}}},{"hash":"5c8977f783759fa49d7520fb3787a21bb1f1abf9","messageTitle":"Add base Lesson entity","messageBody":"","fileTypesAndContributionMap":{"functional-code":{"insertions":132,"deletions":0}}},{"hash":"128d88e589289e0281ecb82e0f3b04a0840e5f48","messageTitle":"Update logic for Lesson constraints","messageBody":"","fileTypesAndContributionMap":{"functional-code":{"insertions":12,"deletions":17}}}]},{"date":"2021-09-23","commitResults":[{"hash":"887b44a9e1b513c685fa793c0e1e1bbc4cd8a949","messageTitle":"Add price field in Lesson","messageBody":"","fileTypesAndContributionMap":{"functional-code":{"insertions":4,"deletions":2}}},{"hash":"ab3129e8b70ca896687b3354fe092d7e99375a21","messageTitle":"Change fields from public to private","messageBody":"","fileTypesAndContributionMap":{"functional-code":{"insertions":43,"deletions":12}}},{"hash":"e5ff8d0ad80fbf81589e2e5f4cf2e7976b3dc054","messageTitle":"Add price constraint in Lesson","messageBody":"","fileTypesAndContributionMap":{"functional-code":{"insertions":9,"deletions":0}}},{"hash":"9e79e190d44f5670c84b4367e02cfbd7f341b1e1","messageTitle":"Update UserGuide.md","messageBody":"","fileTypesAndContributionMap":{"docs":{"insertions":10,"deletions":9}}},{"hash":"13820bd357040e356733dad28e681ce9186bbc0c","messageTitle":"Update Lesson to hold DayOfWeek instead of LocalDate","messageBody":"","fileTypesAndContributionMap":{"functional-code":{"insertions":37,"deletions":44},"docs":{"insertions":1,"deletions":1}}},{"hash":"4185d9a86b8a2afe14afdcf7a3cb88a2eac905d6","messageTitle":"Update UserGuide.md","messageBody":"","fileTypesAndContributionMap":{"docs":{"insertions":4,"deletions":3}}},{"hash":"a2a8e7d91c0b5dfec23ce9cc60c7aae7ab7ca100","messageTitle":"DG: add lesson-related use cases","messageBody":"","fileTypesAndContributionMap":{"docs":{"insertions":63,"deletions":8}}},{"hash":"a727e06d0745a0410bba34cd9d8dcd21ba73b0e5","messageTitle":"Update command summary in UserGuide.md","messageBody":"","fileTypesAndContributionMap":{"docs":{"insertions":3,"deletions":3}}}]},{"date":"2021-09-26","commitResults":[{"hash":"87c05cd22730af47f2238d5f95046fb2d037292a","messageTitle":"Remove getLessonSize method","messageBody":"","fileTypesAndContributionMap":{"functional-code":{"insertions":0,"deletions":7}}}]},{"date":"2021-10-06","commitResults":[{"hash":"f94d5199791b9748787fefec8097ed2c93f415b8","messageTitle":"Add weak equality check for Lesson","messageBody":"","fileTypesAndContributionMap":{"functional-code":{"insertions":68,"deletions":4}}},{"hash":"357d1e63fb75254bebd0dcb5f4d0c25845a8eac0","messageTitle":"Change hyperlink name in README.md","messageBody":"","fileTypesAndContributionMap":{"docs":{"insertions":1,"deletions":1}}},{"hash":"1b5fd80f6d8a23ca09d827f0676415a1c496ba79","messageTitle":"Add classes and logic for Lessons to be stored","messageBody":"","fileTypesAndContributionMap":{"functional-code":{"insertions":174,"deletions":27},"test-code":{"insertions":20,"deletions":4}}}]},{"date":"2021-10-07","commitResults":[{"hash":"4d4a171003acad9a9d9dd3a4e6208fe7b9e851a2","messageTitle":"Update storage to load and save associations","messageBody":"","fileTypesAndContributionMap":{"functional-code":{"insertions":306,"deletions":153},"test-code":{"insertions":14,"deletions":11}}},{"hash":"419b39cb2541031aa0dd79a6afc9a32e56922c5a","messageTitle":"Update Lesson and Storage logic","messageBody":"","fileTypesAndContributionMap":{"functional-code":{"insertions":156,"deletions":104},"docs":{"insertions":22,"deletions":24}}}]},{"date":"2021-10-08","commitResults":[{"hash":"a2c4e57e17f0cb7aa214432380c50f326c10d22c","messageTitle":"Update constraint logic","messageBody":"","fileTypesAndContributionMap":{"functional-code":{"insertions":10,"deletions":3}}},{"hash":"eaad42a75bbf4e293ec21a900aaf0d77a0bc4ad6","messageTitle":"Add Lessons to UI","messageBody":"","fileTypesAndContributionMap":{"functional-code":{"insertions":7,"deletions":0}}},{"hash":"4cc2886ea2f74f94439973114f35e7aaa69722dd","messageTitle":"Update Lessons in UI","messageBody":"","fileTypesAndContributionMap":{"functional-code":{"insertions":5,"deletions":4}}},{"hash":"0225b5351cb23564058c9eda441fd73e1eaecc40","messageTitle":"Update save file to tuitione.json","messageBody":"","fileTypesAndContributionMap":{"functional-code":{"insertions":1,"deletions":1}}}]},{"date":"2021-10-11","commitResults":[{"hash":"abdda1ecd39884bff76d5f9e800d97f588a85156","messageTitle":"Lesson class: add tests and fix logic","messageBody":"","fileTypesAndContributionMap":{"functional-code":{"insertions":18,"deletions":8},"test-code":{"insertions":385,"deletions":0}}},{"hash":"0ac41147679a6a75e0a41faed84365bf1fbc6521","messageTitle":"Update tests","messageBody":"","fileTypesAndContributionMap":{"functional-code":{"insertions":6,"deletions":21},"test-code":{"insertions":31,"deletions":15}}},{"hash":"2e10e11db0f07a81ded2edf68cb39cf1ac17f4ca","messageTitle":"Fix unit tests","messageBody":"","fileTypesAndContributionMap":{"functional-code":{"insertions":77,"deletions":3},"test-code":{"insertions":86,"deletions":44}}},{"hash":"7065600e8303073e5b21dc1c13df05018d87cba9","messageTitle":"Add javadocs","messageBody":"","fileTypesAndContributionMap":{"functional-code":{"insertions":3,"deletions":1}}}]},{"date":"2021-10-12","commitResults":[{"hash":"680c0c0f754e802f96e3ebd13b5997284355282c","messageTitle":"Refactor Lessons into separate classes for each field","messageBody":"","fileTypesAndContributionMap":{"functional-code":{"insertions":654,"deletions":403},"test-code":{"insertions":45,"deletions":53}}},{"hash":"ca853d0790d0455aefdf9573a08cbbdae68d0628","messageTitle":"Update tests","messageBody":"","fileTypesAndContributionMap":{"test-code":{"insertions":189,"deletions":109}}},{"hash":"9ad37fd85259b692edec67185434307cb1ed4d1f","messageTitle":"Update lesson related tests","messageBody":"","fileTypesAndContributionMap":{"functional-code":{"insertions":42,"deletions":54},"test-code":{"insertions":397,"deletions":137}}},{"hash":"959d4b60354c4415c1cf468d1ebb6999811397a8","messageTitle":"Clean tests and logic","messageBody":"","fileTypesAndContributionMap":{"functional-code":{"insertions":14,"deletions":9},"test-code":{"insertions":36,"deletions":8}}}]},{"date":"2021-10-13","commitResults":[{"hash":"5d6680d24ff7e36aa2dce58bae3c5a6afef1ea6c","messageTitle":"Add Storage tests","messageBody":"","fileTypesAndContributionMap":{"functional-code":{"insertions":13,"deletions":3},"test-code":{"insertions":247,"deletions":14}}},{"hash":"13e08e017e9c1fc887c26df53d7baf3154591bec","messageTitle":"Add toString for LessonTime","messageBody":"","fileTypesAndContributionMap":{"functional-code":{"insertions":3,"deletions":1}}},{"hash":"7dd2205e671c715f00ba825da016e9f4859837a7","messageTitle":"Fix json checkstyle","messageBody":"","fileTypesAndContributionMap":{"test-code":{"insertions":0,"deletions":1}}},{"hash":"285680b19841c0eda7cbbd7e533976c644e9ec6c","messageTitle":"Update json tests","messageBody":"","fileTypesAndContributionMap":{"functional-code":{"insertions":6,"deletions":1},"other":{"insertions":1,"deletions":1},"test-code":{"insertions":52,"deletions":5}}},{"hash":"dba97c7194bc6374014a35a2ad20c673cad492bb","messageTitle":"Add spacing in Student toString method","messageBody":"","fileTypesAndContributionMap":{"functional-code":{"insertions":4,"deletions":5}}}]},{"date":"2021-10-16","commitResults":[{"hash":"8744c2dfa325816c23c743b393bf68cfbcee81bf","messageTitle":"Modify Student to hold lesson codes and prices","messageBody":"","fileTypesAndContributionMap":{"functional-code":{"insertions":28,"deletions":9}}},{"hash":"ef50f08bf6ac59e8db0106c87fee884521d4562a","messageTitle":"Update tests","messageBody":"","fileTypesAndContributionMap":{"test-code":{"insertions":5,"deletions":4}}},{"hash":"8c597066173a00dee20957b24cf5416f582f9c52","messageTitle":"Add logic in UI to show subscription","messageBody":"","fileTypesAndContributionMap":{"functional-code":{"insertions":21,"deletions":4}}}]}]},"authorFileTypeContributionMap":{"michael-lee-sk":{"docs":61,"functional-code":516,"test-code":715},"eezj35":{"docs":108,"functional-code":466,"test-code":273,"other":1},"MGRL2201":{"docs":70,"functional-code":1002,"test-code":1163,"other":2},"Timothyoung97":{"docs":121,"functional-code":390,"test-code":388},"muhammad-khair":{"docs":87,"functional-code":1103,"test-code":1076}},"authorContributionVariance":{"michael-lee-sk":236591.81,"eezj35":40563.523,"MGRL2201":497773.12,"Timothyoung97":10369.184,"muhammad-khair":175138.31},"authorDisplayNameMap":{"michael-lee-sk":"CS2103T-F13-4 MICH..KIAT","eezj35":"CS2103T-F13-4 EE Z..STIN","MGRL2201":"CS2103T-F13-4 LI M..CKIE","Timothyoung97":"CS2103T-F13-4 YANG..YUAN","muhammad-khair":"CS2103T-F13-4 MUHA..SHID"}}
