{"authorDailyContributionsMap":{"JeffZincatz":[{"date":"2021-09-26","commitResults":[{"hash":"a0b85e5e2152df9533e409187359ee0723d5c897","messageTitle":"Update UserGuide for second half of Features \u0026 Usage","messageBody":"","fileTypesAndContributionMap":{"docs":{"insertions":19,"deletions":0}}},{"hash":"710604f84cd66c8ac5969d36d7f9fa9e585e56eb","messageTitle":"Update AboutUs with a simple template","messageBody":"","fileTypesAndContributionMap":{"docs":{"insertions":22,"deletions":36}}},{"hash":"028c2abc9f93bbe3d4034e098836c0395f936862","messageTitle":"Refactor photo image path and name","messageBody":"","fileTypesAndContributionMap":{"docs":{"insertions":1,"deletions":1}}},{"hash":"10dbb005b539dc96517eaa9a62c5a7bd2a35b75f","messageTitle":"Refactor photo from .jpg to .png","messageBody":"","fileTypesAndContributionMap":{"docs":{"insertions":1,"deletions":1}}},{"hash":"fcebc7cb81fbada0abe86b4706240f79ab651b13","messageTitle":"Add new line at EOF of AboutUs","messageBody":"","fileTypesAndContributionMap":{"docs":{"insertions":1,"deletions":1}}},{"hash":"1e1cea7ff3bfc46e0848669251352c32c1f02350","messageTitle":"Correct AboutUs portforlio path","messageBody":"","fileTypesAndContributionMap":{"docs":{"insertions":1,"deletions":1}}}]},{"date":"2021-09-27","commitResults":[{"hash":"315928d37f40006abd7ae740cb97e3a264bd3266","messageTitle":"Update DeveloperGuide.md","messageBody":"DeveloperGuide.md needs update to current HR manager application.\n\nThe unchanged parts of the original AB3 DeveloperGuide.md is kept as\nformat reference.\n\nLet\u0027s,\n* update target user profile\n* update value proposition\n* update user stories (except extensions)\n* update non-functional requirements\n* Update glossary\n","fileTypesAndContributionMap":{"docs":{"insertions":105,"deletions":35}}},{"hash":"ffd7eafa10ed8d56f5eaa7740e672b77b960f7b6","messageTitle":"Remove unchanged parts of DevelperGuide.md from AB3","messageBody":"","fileTypesAndContributionMap":{"docs":{"insertions":0,"deletions":289}}},{"hash":"a2fbdf039af869571ad037462a8855001c188b16","messageTitle":"Tidy up current DeveloperGuide.md","messageBody":"","fileTypesAndContributionMap":{"docs":{"insertions":1,"deletions":6}}}]},{"date":"2021-10-06","commitResults":[{"hash":"d2a2c89f6656eecd8d2bf4f43f168b7218204142","messageTitle":"Change commands to specify candidate: add -\u003e add_c","messageBody":"","fileTypesAndContributionMap":{"functional-code":{"insertions":7,"deletions":7}}},{"hash":"31a7bd5115661d85c483395614c6d8f9953b682f","messageTitle":"Change commands to specify candidate: edit -\u003e edit_c","messageBody":"","fileTypesAndContributionMap":{"functional-code":{"insertions":8,"deletions":8}}},{"hash":"92eece98d6404b8390f06da57be6c6a14fca4f84","messageTitle":"Change commands to specify candidate: delete -\u003e delete_c","messageBody":"","fileTypesAndContributionMap":{"functional-code":{"insertions":4,"deletions":4}}},{"hash":"166c40cea99d8b7a3b95ed67645936d76d3f6fe8","messageTitle":"Change commands to specify candidate: list -\u003e list_c","messageBody":"","fileTypesAndContributionMap":{"functional-code":{"insertions":3,"deletions":3}}},{"hash":"a577b5622dc4f48535cb4d2fd8719f6b813e31d2","messageTitle":"Update add_c command sample tag usage message to be alphanumeric","messageBody":"","fileTypesAndContributionMap":{"functional-code":{"insertions":1,"deletions":1}}},{"hash":"1065d58fb28a5005554574331c2103b7192c0489","messageTitle":"Update LogicManagerTest case according to the new command formats","messageBody":"","fileTypesAndContributionMap":{"test-code":{"insertions":1,"deletions":1}}}]},{"date":"2021-10-09","commitResults":[{"hash":"0c7530ca47d1cc82c4b50d8fba08ae9690dedb4b","messageTitle":"Abstract Title of Position with test cases","messageBody":"","fileTypesAndContributionMap":{"functional-code":{"insertions":60,"deletions":0},"test-code":{"insertions":69,"deletions":0}}},{"hash":"0fb64c4b487087e8bd189de004fcde60f87e8f23","messageTitle":"Update Position \u0026 add PositionBuilder, TypicalPositions, and exceptions","messageBody":"","fileTypesAndContributionMap":{"functional-code":{"insertions":53,"deletions":15},"test-code":{"insertions":126,"deletions":50}}},{"hash":"3cc078bbd5f66ca6534217de1d130c0c6f87cf68","messageTitle":"Add UniquePositionList and test cases","messageBody":"","fileTypesAndContributionMap":{"functional-code":{"insertions":138,"deletions":0},"test-code":{"insertions":173,"deletions":0}}},{"hash":"559592d29ebd336dfc59349508f903a17c5256e7","messageTitle":"Add new test cases and modify existing classes and tests","messageBody":"","fileTypesAndContributionMap":{"functional-code":{"insertions":228,"deletions":19},"test-code":{"insertions":135,"deletions":3}}}]},{"date":"2021-10-10","commitResults":[{"hash":"bbc9598acd0effa6e592c704c276a99351f764fa","messageTitle":"Change header comments typo from persons to positions","messageBody":"","fileTypesAndContributionMap":{"functional-code":{"insertions":2,"deletions":2}}},{"hash":"a907741680ae5ddb2ec16875ea9c8360688ab2d2","messageTitle":"Change test name typo from person to position","messageBody":"","fileTypesAndContributionMap":{"test-code":{"insertions":11,"deletions":11}}},{"hash":"c11c55de9f8408dd55014e06056c2ca4e2d995d0","messageTitle":"Resolve conflicts of import paths in tests","messageBody":"","fileTypesAndContributionMap":{"test-code":{"insertions":2,"deletions":2}}}]},{"date":"2021-10-12","commitResults":[{"hash":"2dd082632869d9515ff6a6b63e282e848d21b816","messageTitle":"Add ListPositionCommand class and tests for list_p command","messageBody":"","fileTypesAndContributionMap":{"functional-code":{"insertions":26,"deletions":0},"test-code":{"insertions":40,"deletions":0}}},{"hash":"5bb24ae904c2d5372756f70ba5c732d9f2ceef2b","messageTitle":"Implement list_p to display position list in UI","messageBody":"","fileTypesAndContributionMap":{"functional-code":{"insertions":269,"deletions":18}}},{"hash":"1c5ca4d49b1dd9e0fc2173cfbc2d668dec110c9e","messageTitle":"Update and add relevant test cases","messageBody":"","fileTypesAndContributionMap":{"test-code":{"insertions":53,"deletions":7}}},{"hash":"7a1c9e1bcea0e0f6d35fd432a5c04a60e294a677","messageTitle":"Fix checkstyle and correct test case","messageBody":"","fileTypesAndContributionMap":{"test-code":{"insertions":4,"deletions":4}}}]},{"date":"2021-10-13","commitResults":[{"hash":"ccd86e553fb13184eb519ea854a048a7dc1860c5","messageTitle":"Rename boolean fields to follow naming convention and update equals and hashCode methods","messageBody":"","fileTypesAndContributionMap":{"functional-code":{"insertions":18,"deletions":16}}},{"hash":"94b023c230383145e250053bfcffb8b0d0a1fa83","messageTitle":"Fix CommandResult to consider isListC and isListP","messageBody":"","fileTypesAndContributionMap":{"functional-code":{"insertions":3,"deletions":1},"test-code":{"insertions":4,"deletions":0}}},{"hash":"7a179a41f5aa5804d1469ed6476b4d68fa76ee3d","messageTitle":"Update UG with add_p, delete_p, list_p, and position storage","messageBody":"","fileTypesAndContributionMap":{"docs":{"insertions":56,"deletions":9}}},{"hash":"f0ff87223b26ffb2822ccacea6e6f51fef2b7d97","messageTitle":"Update DG user stories and use cases with position adding, deleting, and listing","messageBody":"","fileTypesAndContributionMap":{"docs":{"insertions":70,"deletions":26}}},{"hash":"dbbb6bc999936762c0684da469e9186d2f730e7a","messageTitle":"Remove extensions covered by included use cases","messageBody":"","fileTypesAndContributionMap":{"docs":{"insertions":0,"deletions":8}}},{"hash":"e99d742685addcc17751c0d7556aa2cd83b9d860","messageTitle":"Add position status to json example and edit_c","messageBody":"","fileTypesAndContributionMap":{"docs":{"insertions":9,"deletions":4}}},{"hash":"a14224f4fa4494f73abefca2337e088b77078d51","messageTitle":"Add use case extensions related to positions.","messageBody":"- add_c: position does not exist\n- add_p: position already exists\n","fileTypesAndContributionMap":{"docs":{"insertions":13,"deletions":0}}}]},{"date":"2021-10-14","commitResults":[{"hash":"e5db4d64f2cd5fffdf294d915cdce29d4fd4c80f","messageTitle":"Ensure person status set to default if not have one yet","messageBody":"","fileTypesAndContributionMap":{"functional-code":{"insertions":1,"deletions":0}}},{"hash":"4bfcdf87afa9268a9d40a6af14632d02f217397b","messageTitle":"Format .fxml indentation","messageBody":"","fileTypesAndContributionMap":{"functional-code":{"insertions":26,"deletions":26}}},{"hash":"1086e5422893066dd93125d54c0dc0ef96cb650d","messageTitle":"Display position status as tag","messageBody":"","fileTypesAndContributionMap":{"functional-code":{"insertions":20,"deletions":5}}}]},{"date":"2021-10-17","commitResults":[{"hash":"171a2379d6f51736be172290fb7c46e339ba9f98","messageTitle":"Add Interview class","messageBody":"","fileTypesAndContributionMap":{"functional-code":{"insertions":172,"deletions":0}}},{"hash":"ed56c2576632c9deddce4deba3e600a84f93fa9a","messageTitle":"Add relevant tests for Interview class","messageBody":"","fileTypesAndContributionMap":{"test-code":{"insertions":207,"deletions":0}}}]},{"date":"2021-10-18","commitResults":[{"hash":"f35520632b45a1bd8a17e6740eb6fb05cd95a037","messageTitle":"Correct typo from \u0027persons\u0027 to \u0027positions\u0027","messageBody":"","fileTypesAndContributionMap":{"functional-code":{"insertions":1,"deletions":1}}},{"hash":"a03f6d61f4c5be43b470d99a60bf327d71cc1a7a","messageTitle":"Remove code redundancy in UniquePositionList class","messageBody":"","fileTypesAndContributionMap":{"functional-code":{"insertions":3,"deletions":3}}},{"hash":"8140c1dc4b027f8c2730c826d83c28b9937aafd3","messageTitle":"Add UniqueInterviewList class and relevant exception classes","messageBody":"","fileTypesAndContributionMap":{"functional-code":{"insertions":156,"deletions":0}}},{"hash":"a2a66dbfa33c36b317e1bd90a04a1343ba07a844","messageTitle":"Add UniqueInterviewListTest test cases","messageBody":"","fileTypesAndContributionMap":{"test-code":{"insertions":175,"deletions":0}}},{"hash":"814d00f922497de158eaeafbf38450bf01a018d4","messageTitle":"Update Model and HrManager with interview list","messageBody":"","fileTypesAndContributionMap":{"functional-code":{"insertions":173,"deletions":4}}},{"hash":"c9eb877466f61dd70a6a935dd96819e38c1755cd","messageTitle":"Remove code redundancy in TitleContainsKeywordsPredicate class","messageBody":"","fileTypesAndContributionMap":{"functional-code":{"insertions":2,"deletions":2}}},{"hash":"f92fc474111d9d842b2742bf61174c5f639b733d","messageTitle":"Add predicate class for Interview by its position title","messageBody":"","fileTypesAndContributionMap":{"functional-code":{"insertions":35,"deletions":0}}},{"hash":"a4bf92c8b6ec22a9d81384ef17201cea146d9169","messageTitle":"Add and Update test cases related to Interview List","messageBody":"","fileTypesAndContributionMap":{"test-code":{"insertions":338,"deletions":3}}}]},{"date":"2021-10-20","commitResults":[{"hash":"64d38a722567a00360224a67ae01c55440a96184","messageTitle":"Add ListInterviewCommand class and update CommandResult","messageBody":"","fileTypesAndContributionMap":{"functional-code":{"insertions":49,"deletions":8}}},{"hash":"07eff510c7a66e4fcf773736ef03bd8f3af5edc8","messageTitle":"Update relavant command for change in CommandResult","messageBody":"","fileTypesAndContributionMap":{"functional-code":{"insertions":4,"deletions":4}}},{"hash":"9e55ae795efcaba24207d6e0928b014cce3c02b9","messageTitle":"Update Logic, Model, and Parser for ListInterviewCommand","messageBody":"","fileTypesAndContributionMap":{"functional-code":{"insertions":59,"deletions":14}}},{"hash":"e069cbf34872657e460ff6d142923cf5ef84e6c5","messageTitle":"Fix typo in header comments","messageBody":"","fileTypesAndContributionMap":{"functional-code":{"insertions":1,"deletions":1}}},{"hash":"9e71c5f92fc7c9cffac7b63f1de556c8bec78728","messageTitle":"Add interview list to main window display using list_i command","messageBody":"","fileTypesAndContributionMap":{"functional-code":{"insertions":196,"deletions":1}}},{"hash":"7ec9d1dbf1fca91f120a5737dafb456033864f69","messageTitle":"Add tests for ListInterviewCommand and update relevant tests","messageBody":"","fileTypesAndContributionMap":{"test-code":{"insertions":181,"deletions":8}}},{"hash":"1a9be8e560fab52eecda0a877129cc23cd0f1ad9","messageTitle":"Fix checkstyle for import order","messageBody":"","fileTypesAndContributionMap":{"functional-code":{"insertions":2,"deletions":2}}},{"hash":"0ca4a62d949b411614d5ca93ddcb683921765fb3","messageTitle":"Add new test cases for Interview#equals","messageBody":"","fileTypesAndContributionMap":{"functional-code":{"insertions":2,"deletions":1},"test-code":{"insertions":31,"deletions":4}}},{"hash":"754c239b5bee9e4219ff55691269fab7af4713bb","messageTitle":"Fix checkstyle for import order and indentations","messageBody":"","fileTypesAndContributionMap":{"functional-code":{"insertions":2,"deletions":2}}},{"hash":"d6b64d8649cd0bcae83fbae8d9cf76cefa4b8b1a","messageTitle":"Fix checkstyle for import statements","messageBody":"","fileTypesAndContributionMap":{"test-code":{"insertions":7,"deletions":1}}},{"hash":"366446bd4fe51cc7164707925d8d47ad4d1483c9","messageTitle":"Modify interview card display","messageBody":"- Date displays before time\n- Time now includes start and end time\n","fileTypesAndContributionMap":{"functional-code":{"insertions":4,"deletions":4}}},{"hash":"9c04703125787202c3f3ba6935f3270c92f91941","messageTitle":"Fix spelling error in method name: getHrManagerInterviewsFilePath","messageBody":"","fileTypesAndContributionMap":{"functional-code":{"insertions":3,"deletions":3}}}]},{"date":"2021-10-21","commitResults":[{"hash":"65d255643670a0b9cf729a51bff6676377a4472b","messageTitle":"Attempt to fix UG markdown formatting","messageBody":"","fileTypesAndContributionMap":{"docs":{"insertions":87,"deletions":79}}},{"hash":"e27cccd6052bcecc685f90069a31b6cf7fbd9e59","messageTitle":"Add list_i in UG and use cases for list interviews and deletean interview in DG","messageBody":"","fileTypesAndContributionMap":{"docs":{"insertions":72,"deletions":19}}},{"hash":"508550909af4344d46c46c3489169ec21d3aa5c4","messageTitle":"Format UG DG ToC following AB3 style","messageBody":"","fileTypesAndContributionMap":{"docs":{"insertions":3,"deletions":2}}}]},{"date":"2021-10-22","commitResults":[{"hash":"0c40ea399fc9b7d5fee5c9cf641ecbcc3a013473","messageTitle":"Fix diagram colour hex format","messageBody":"","fileTypesAndContributionMap":{"docs":{"insertions":6,"deletions":6}}},{"hash":"6dc3177d034a3cec4192c28df45494190c860b2d","messageTitle":"Update DeleteSequenceDiagram and ModelClassDiagram","messageBody":"","fileTypesAndContributionMap":{"docs":{"insertions":17,"deletions":17}}},{"hash":"1b81a21db349d49c25f9311ae024db3944aa0363","messageTitle":"Refactor address book to HR Manager in DG","messageBody":"","fileTypesAndContributionMap":{"docs":{"insertions":2,"deletions":2}}},{"hash":"4fb8824fcc368719646d17fcfea13a264a3427ba","messageTitle":"Resize StorageClassDiagram","messageBody":"","fileTypesAndContributionMap":{"docs":{"insertions":1,"deletions":1}}},{"hash":"5ffcd45f35f2602ab40e69af37688838dcf74ef9","messageTitle":"Update DeleteSequenceDiagram","messageBody":"","fileTypesAndContributionMap":{"docs":{"insertions":28,"deletions":28}}},{"hash":"cf8a16792ae4cfaee7235f2a6dc8ebff8ea9def2","messageTitle":"Fix method name typo in diagram","messageBody":"","fileTypesAndContributionMap":{"docs":{"insertions":1,"deletions":1}}}]},{"date":"2021-10-23","commitResults":[{"hash":"a4513b96734c6c0bf096efab91d08bf0cb5a7e6c","messageTitle":"Enable assertions in build.gradle","messageBody":"","fileTypesAndContributionMap":{"other":{"insertions":4,"deletions":0}}}]},{"date":"2021-10-25","commitResults":[{"hash":"7c90d8aed45e177ba9486bf3d74d29aa4edb8b30","messageTitle":"Display 3 panels for candidates, positions, and interviews","messageBody":"","fileTypesAndContributionMap":{"functional-code":{"insertions":116,"deletions":68}}},{"hash":"ac059eaffad04dd01e316cefcf618957caff03fc","messageTitle":"Fill each panel to full window width","messageBody":"","fileTypesAndContributionMap":{"functional-code":{"insertions":4,"deletions":14}}},{"hash":"c1a69395f12e31d239fca0c91d8f2c8b15694c58","messageTitle":"Add NewTheme.css","messageBody":"","fileTypesAndContributionMap":{"functional-code":{"insertions":387,"deletions":1}}},{"hash":"c5cbfe9ad61f884b3a832ec0dd302547825a0171","messageTitle":"Update DG with implementation of list_x and diagrams","messageBody":"","fileTypesAndContributionMap":{"docs":{"insertions":148,"deletions":2}}},{"hash":"e0f59cbe82688c6039759943070aef7642dc2d4d","messageTitle":"Update DG with description of app purpose and link to setting up page","messageBody":"","fileTypesAndContributionMap":{"docs":{"insertions":5,"deletions":1}}},{"hash":"5a9b524b4c83762f779112186df665af6190db09","messageTitle":"Wrap long candidate address display","messageBody":"","fileTypesAndContributionMap":{"functional-code":{"insertions":2,"deletions":1}}}]},{"date":"2021-10-26","commitResults":[{"hash":"cd1a56c63584edff3842ff165e36e24431da2b4e","messageTitle":"New color scheme","messageBody":"","fileTypesAndContributionMap":{"functional-code":{"insertions":14,"deletions":14}}},{"hash":"7fe686e6c24987bb3b2794eb00dd93b1d0b5ccd3","messageTitle":"Fix code style","messageBody":"","fileTypesAndContributionMap":{"functional-code":{"insertions":0,"deletions":1}}},{"hash":"f0ef0856d3bca9d82730a57718d9587b6f672f35","messageTitle":"Wrap person intervies as Text","messageBody":"","fileTypesAndContributionMap":{"functional-code":{"insertions":14,"deletions":4}}},{"hash":"6c5bbd9b504697ea3508a774d8dc89c775895a9f","messageTitle":"Refactor Text id name","messageBody":"","fileTypesAndContributionMap":{"functional-code":{"insertions":2,"deletions":2}}},{"hash":"360dd3f0c9b3ecbd761381d6617428995584eb91","messageTitle":"Add person interview text style","messageBody":"","fileTypesAndContributionMap":{"functional-code":{"insertions":6,"deletions":0}}},{"hash":"62006275859c47029d395d15697354e57ee6afc6","messageTitle":"Fix checkstyle for import","messageBody":"","fileTypesAndContributionMap":{"functional-code":{"insertions":0,"deletions":1}}}]},{"date":"2021-10-27","commitResults":[{"hash":"f135145dfb8b091cea92f61cf91f6ec3ea235413","messageTitle":"Update list panels after edit_x","messageBody":"","fileTypesAndContributionMap":{"functional-code":{"insertions":6,"deletions":3}}},{"hash":"a9f093e890001b027d7e427b4f58c392aba25af9","messageTitle":"Fix edit command test case by adding assertEditCommandSuccess method","messageBody":"","fileTypesAndContributionMap":{"test-code":{"insertions":181,"deletions":16}}},{"hash":"6fa6771ef0cf98086f8f0e9b4197de44f2d48930","messageTitle":"Refactor assertEditCommandSuccess to assertEdit\u003cX\u003eCommandSuccess respectively","messageBody":"","fileTypesAndContributionMap":{"test-code":{"insertions":40,"deletions":97}}},{"hash":"2b61b06e70d7b45a3b478eaa90f0dc97430c285a","messageTitle":"Lighten command and result box color","messageBody":"","fileTypesAndContributionMap":{"functional-code":{"insertions":2,"deletions":2}}},{"hash":"0b760beccb17eede76b0c209ac1bae393b2e3273","messageTitle":"Adjust background to be more grey","messageBody":"","fileTypesAndContributionMap":{"functional-code":{"insertions":9,"deletions":9}}}]}],"sueann-chua":[{"date":"2021-09-26","commitResults":[{"hash":"889daf3349c8f8f687079107abd42f048ef824c4","messageTitle":"Update UG, add delete and add feature for candidate management.","messageBody":"","fileTypesAndContributionMap":{"docs":{"insertions":24,"deletions":0}}},{"hash":"d3b17eeb846966fefedcf938172d25f0ed9da04f","messageTitle":"Edit according to feedback from Jiheng. Removed line breaks that looked out of place and changed format of the example.","messageBody":"","fileTypesAndContributionMap":{"docs":{"insertions":6,"deletions":4}}}]},{"date":"2021-09-27","commitResults":[{"hash":"983e39c9a8c3d504c060a248676be7329c2c526a","messageTitle":"Add photo and details to AboutUs page. Responsibilities to be filled in.","messageBody":"","fileTypesAndContributionMap":{"docs":{"insertions":10,"deletions":0}}},{"hash":"1931d4ee4fe2ff5ef628bf43ab4945dd9d367c81","messageTitle":"Add sueann-chua.md file under docs/teams.","messageBody":"","fileTypesAndContributionMap":{"docs":{"insertions":18,"deletions":0}}},{"hash":"7822831ff16ddda843b628784c53c8ee6f457234","messageTitle":"Edit MSS to omit UI-specific details as notes recommend. Add extensions to all MSS. Remove sample MSS.","messageBody":"","fileTypesAndContributionMap":{"docs":{"insertions":36,"deletions":25}}}]},{"date":"2021-09-28","commitResults":[{"hash":"0ca26395d7afc2d80aa438d1b3f7f680aac073d2","messageTitle":"Fix errors in extensions.","messageBody":"","fileTypesAndContributionMap":{"docs":{"insertions":2,"deletions":2}}}]},{"date":"2021-10-07","commitResults":[{"hash":"4c70e1596d70a4ba91660783c3d4a20e707cbd8c","messageTitle":"Change references from AddressBookParser to HRManagerParser","messageBody":"","fileTypesAndContributionMap":{"functional-code":{"insertions":5,"deletions":5},"other":{"insertions":3,"deletions":3}}}]},{"date":"2021-10-08","commitResults":[{"hash":"bb22d3888497c74cd9193741f918f2b88d7ce60e","messageTitle":"Change references in methods from Addressbook to HrManager.","messageBody":"","fileTypesAndContributionMap":{"functional-code":{"insertions":140,"deletions":139},"other":{"insertions":72,"deletions":72},"test-code":{"insertions":242,"deletions":240}}},{"hash":"017e7e0c791404b590c171de985fa3006d2af3fa","messageTitle":"Change references to HrManager for Json files","messageBody":"","fileTypesAndContributionMap":{"functional-code":{"insertions":18,"deletions":18},"other":{"insertions":0,"deletions":0},"test-code":{"insertions":24,"deletions":24}}},{"hash":"4007f3f2547ffd3ce741b4d319f01fcd333b8aec","messageTitle":"Change missed references and edit code to comply with coding standards","messageBody":"","fileTypesAndContributionMap":{"functional-code":{"insertions":6,"deletions":6},"other":{"insertions":8,"deletions":8},"test-code":{"insertions":9,"deletions":9}}},{"hash":"932d15a1875806ef02ea7ee3cb4389f4cff01fdf","messageTitle":"Fix coding standard violation","messageBody":"","fileTypesAndContributionMap":{"functional-code":{"insertions":2,"deletions":2}}},{"hash":"06449b99d2dc543ad63474882b98bcbe5ebf6b67","messageTitle":"Fix coding style violations and changed reference for missed variable","messageBody":"","fileTypesAndContributionMap":{"test-code":{"insertions":3,"deletions":4}}},{"hash":"6087f8202407a2113cb6fdd528025d5cd56f2d97","messageTitle":"Change filepath for storage","messageBody":"","fileTypesAndContributionMap":{"functional-code":{"insertions":1,"deletions":1}}},{"hash":"f73e86ec647ce36cde24a1d77453763c0e626cc1","messageTitle":"Modify filepath to candidates.json in test cases","messageBody":"","fileTypesAndContributionMap":{"test-code":{"insertions":4,"deletions":4}}}]},{"date":"2021-10-12","commitResults":[{"hash":"49118b05cc049b0dd865d8b9eba0f66222572d52","messageTitle":"Add status to position class. Default status for new position instances will be set to \u0027Open\u0027.","messageBody":"","fileTypesAndContributionMap":{"functional-code":{"insertions":27,"deletions":9},"test-code":{"insertions":9,"deletions":7}}},{"hash":"c399dffa4f66d836275dceab11e99249fb1989c5","messageTitle":"Add position status to toModelType method in JsonAdaptedPosition.java file","messageBody":"","fileTypesAndContributionMap":{"functional-code":{"insertions":7,"deletions":1}}},{"hash":"3fbe66bbaeca6b4c1f048fefde72e81339a99955","messageTitle":"Remove unused import statement.","messageBody":"","fileTypesAndContributionMap":{"functional-code":{"insertions":0,"deletions":1}}},{"hash":"0fb6d54fa4f938043207187b995db35bdb93baab","messageTitle":"Regroup import statements","messageBody":"","fileTypesAndContributionMap":{"test-code":{"insertions":1,"deletions":1}}},{"hash":"2101165936ec6112f59c673bb112b156e41bffbb","messageTitle":"Arrange import by lexicographical order","messageBody":"","fileTypesAndContributionMap":{"test-code":{"insertions":1,"deletions":1}}},{"hash":"79099548dabc3362992bf6d158e57c5b29de59d8","messageTitle":"Update positionbuilder class to include position status","messageBody":"","fileTypesAndContributionMap":{"test-code":{"insertions":4,"deletions":0}}}]},{"date":"2021-10-13","commitResults":[{"hash":"4b39c386836fe348485e274523d038194b523233","messageTitle":"Edit typicalpersonshrmanager.json to include status for tests","messageBody":"","fileTypesAndContributionMap":{"test-code":{"insertions":14,"deletions":7}}},{"hash":"bad379e0a4dfa3dde56538942135d8188d8a0c18","messageTitle":"Missing whitespace for message when invalid command used for add_c","messageBody":"","fileTypesAndContributionMap":{"functional-code":{"insertions":1,"deletions":1}}},{"hash":"31803373e19568bd05fcca20cca11ec28b2464dd","messageTitle":"Add Edit_p command. Allows users to edit positions by indicating index and field to edit, e.g title or status.","messageBody":"","fileTypesAndContributionMap":{"functional-code":{"insertions":280,"deletions":2}}},{"hash":"9b3b79db36eb2004ae5747fdb55bcbf0a561caf0","messageTitle":"Edit javafx to alter GUI for displaying of positions and status","messageBody":"","fileTypesAndContributionMap":{"functional-code":{"insertions":33,"deletions":4}}}]},{"date":"2021-10-14","commitResults":[{"hash":"b503bbf947e2af92a2f124eff7a293d77013c1ce","messageTitle":"Add test cases for editPositionCommand","messageBody":"","fileTypesAndContributionMap":{"functional-code":{"insertions":4,"deletions":4},"test-code":{"insertions":438,"deletions":43}}},{"hash":"821b5d4bea3774f485dec0c654a3578a2b36efa8","messageTitle":"Add test cases for EditPositionCommandParserTest class","messageBody":"","fileTypesAndContributionMap":{"functional-code":{"insertions":0,"deletions":1},"test-code":{"insertions":163,"deletions":6}}},{"hash":"88a2be1c11d0753436737292a6aa50e3990a6c74","messageTitle":"Add test methods for EditPositionDescriptorTest class","messageBody":"","fileTypesAndContributionMap":{"test-code":{"insertions":45,"deletions":0}}},{"hash":"3b65273d6c044ad612a8ca313eb640371105efea","messageTitle":"Save edited position in candidates.json","messageBody":"","fileTypesAndContributionMap":{"functional-code":{"insertions":28,"deletions":2}}},{"hash":"d97f34c9187793fb7b2c5ab8c6565f48d25f8975","messageTitle":"Comment out part that attempts to make changes to candidates.json.","messageBody":"","fileTypesAndContributionMap":{"functional-code":{"insertions":3,"deletions":6}}}]},{"date":"2021-10-15","commitResults":[{"hash":"d6f790ebe16d4c323c7ae2433ca399756b6bf29e","messageTitle":"Save to candidates.json","messageBody":"","fileTypesAndContributionMap":{"functional-code":{"insertions":6,"deletions":4}}},{"hash":"e5baa1399ae9221eb85c303150b93e38c4df069b","messageTitle":"Remove trailing whitespaces.","messageBody":"","fileTypesAndContributionMap":{"functional-code":{"insertions":1,"deletions":1},"docs":{"insertions":1,"deletions":1}}},{"hash":"c51ad4e4058408f1a2316672dfa6aff375fbf3fb","messageTitle":"Rearrange import statements to comply with checkstyle","messageBody":"","fileTypesAndContributionMap":{"functional-code":{"insertions":16,"deletions":16}}},{"hash":"173cd7e85206a9eede5fcf654d1ad22328eb9858","messageTitle":"Rearrange import by lexicographical order","messageBody":"","fileTypesAndContributionMap":{"functional-code":{"insertions":1,"deletions":1}}},{"hash":"c37b236a0a2c1efa00ad6d5a22be7dae98a2376b","messageTitle":"Edit code to comply with checkstyle","messageBody":"","fileTypesAndContributionMap":{"functional-code":{"insertions":1,"deletions":1},"test-code":{"insertions":49,"deletions":32}}}]},{"date":"2021-10-16","commitResults":[{"hash":"865414b57ab8f3099bd2c31c1f9362371929ce82","messageTitle":"Add position HR Manager to ALICE in TypicalPersons for testcase","messageBody":"","fileTypesAndContributionMap":{"test-code":{"insertions":1,"deletions":1}}},{"hash":"4ab3d1cdbe6994037d7ea7ed59badf02bc077933","messageTitle":"Remove unnecessary code","messageBody":"","fileTypesAndContributionMap":{"test-code":{"insertions":1,"deletions":1}}},{"hash":"98e9b02e6754ebd131c49a095918d43cded4d690","messageTitle":"Remove test for EditPositionCommandTest","messageBody":"","fileTypesAndContributionMap":{"test-code":{"insertions":0,"deletions":24}}},{"hash":"1380a015323c672f85eb4b155ecd3f46178c1797","messageTitle":"Make requested changes for PR","messageBody":"","fileTypesAndContributionMap":{"test-code":{"insertions":14,"deletions":23}}},{"hash":"ef27ca4d862b9aa54f29d31e529a02a5e2ae9d4e","messageTitle":"Remove unused import","messageBody":"","fileTypesAndContributionMap":{"test-code":{"insertions":0,"deletions":1}}},{"hash":"9d2266fbf5c8b7641cff24cdab5e70c2311d883d","messageTitle":"Add edited position to the candidate\u0027s list of positions","messageBody":"","fileTypesAndContributionMap":{"functional-code":{"insertions":10,"deletions":0}}},{"hash":"9ec5bfb6227267c1d91ec506e46944221eaad777","messageTitle":"Add condition to check if status is changed to closed","messageBody":"","fileTypesAndContributionMap":{"functional-code":{"insertions":2,"deletions":1}}}]},{"date":"2021-10-19","commitResults":[{"hash":"120fc785c97e51bed7a52910cf33b966044e2dd5","messageTitle":"Update user guide to include edit_p command","messageBody":"","fileTypesAndContributionMap":{"docs":{"insertions":13,"deletions":0}}}]},{"date":"2021-10-20","commitResults":[{"hash":"b46e349d7daa83e94d544242c1e32843c5a29d67","messageTitle":"Add EditInterviewCommand class","messageBody":"","fileTypesAndContributionMap":{"functional-code":{"insertions":257,"deletions":1}}},{"hash":"c0d8a235daed6b85d2353abb5f8a439d6ca8c3cd","messageTitle":"EditInterviewCommandParser and add Tuple class","messageBody":"","fileTypesAndContributionMap":{"functional-code":{"insertions":158,"deletions":21}}},{"hash":"90611d175fcf322d5748dda31efa5b59e7696599","messageTitle":"Add suppress warning for Tuple class and remove duplicated string in Messages","messageBody":"","fileTypesAndContributionMap":{"functional-code":{"insertions":1,"deletions":1}}},{"hash":"fb23d9eaa07da83383b8fab2e18e03ccebf47e10","messageTitle":"Add test classes","messageBody":"","fileTypesAndContributionMap":{"test-code":{"insertions":118,"deletions":0}}}]},{"date":"2021-10-21","commitResults":[{"hash":"ee2fd0f0df77b3dcbed277c16537586c2d8bc556","messageTitle":"Add to editInterviewCommand to update candidate information displayed in GUI","messageBody":"","fileTypesAndContributionMap":{"functional-code":{"insertions":26,"deletions":1}}},{"hash":"f27c0f43e0e5cd95bc65b8a915112394b6c9a078","messageTitle":"Remove obsolete code","messageBody":"","fileTypesAndContributionMap":{"functional-code":{"insertions":0,"deletions":3}}},{"hash":"3646e5964f618014d97288f404d6bf186c28706d","messageTitle":"Include edit_i in UG","messageBody":"","fileTypesAndContributionMap":{"docs":{"insertions":20,"deletions":4}}},{"hash":"6604fa25620991011c1b0ba8141d090afff391c0","messageTitle":"Update CommandResult to usegetDisplayString","messageBody":"","fileTypesAndContributionMap":{"functional-code":{"insertions":1,"deletions":1}}},{"hash":"dbbd3a82ae5caa4a5509fcd573394d8bb8e976aa","messageTitle":"Include expected result for edit_i in table","messageBody":"","fileTypesAndContributionMap":{"docs":{"insertions":2,"deletions":2}}},{"hash":"8252f968fb468bb39ba8612a7dd475ce8c6cd249","messageTitle":"Edit setCandidates to replace old data with updated data","messageBody":"","fileTypesAndContributionMap":{"functional-code":{"insertions":2,"deletions":1}}},{"hash":"9f0bd04c3d2396481d71cd763990f9678d6496e9","messageTitle":"Add more variables to interview/CommandTestUtil.java and add EditInterviewCommandTest. KIV tests that are marked with //todo","messageBody":"","fileTypesAndContributionMap":{"test-code":{"insertions":176,"deletions":0}}},{"hash":"db043c27a803ebda6224e22490be8d573ef7f286","messageTitle":"Add more final variables to commandtestutil for testing and edit typicalpersons, typicalpositions, editinterviewcommandtest","messageBody":"","fileTypesAndContributionMap":{"test-code":{"insertions":19,"deletions":9}}}]},{"date":"2021-10-22","commitResults":[{"hash":"d3619f2b24f9b3d8249f45072dfa59e04227866f","messageTitle":"Add EditInterviewDescriptorTest","messageBody":"","fileTypesAndContributionMap":{"test-code":{"insertions":66,"deletions":0}}},{"hash":"c1ddfc14fe23c18bdce675d486de851bdc7c93d1","messageTitle":"Fix bug where interview status is not parsed","messageBody":"","fileTypesAndContributionMap":{"functional-code":{"insertions":12,"deletions":1}}},{"hash":"0cb3ada0e57175ad7a673ae606687a4532966e6e","messageTitle":"Add EditInterviewCommandTest and EditInterviewCommandParser Test","messageBody":"","fileTypesAndContributionMap":{"functional-code":{"insertions":2,"deletions":16},"test-code":{"insertions":182,"deletions":5}}},{"hash":"9b721624450422ae3270ee17b56ebfbc2350245a","messageTitle":"Remove trailing whitespaces","messageBody":"","fileTypesAndContributionMap":{"docs":{"insertions":7,"deletions":7}}},{"hash":"9ac4d5e076c18750418ce4fa5adee0f71ddaef11","messageTitle":"Edit EditInterviewCommandTest.java","messageBody":"","fileTypesAndContributionMap":{"test-code":{"insertions":12,"deletions":16}}},{"hash":"ccc69aa6167fea078f01da64d2ae4cb6f7149713","messageTitle":"Edit import statements","messageBody":"","fileTypesAndContributionMap":{"test-code":{"insertions":10,"deletions":1}}},{"hash":"4e95f1fcf6c7e27872d123d7c2ec01ac6d60b64a","messageTitle":"Edit EditCommandParserTest file","messageBody":"","fileTypesAndContributionMap":{"test-code":{"insertions":11,"deletions":9}}},{"hash":"f3f477eda9a456b00f07cfb27a0615b32b9c0ef9","messageTitle":"Edit code to comply with checkstyle","messageBody":"","fileTypesAndContributionMap":{"functional-code":{"insertions":21,"deletions":14},"test-code":{"insertions":58,"deletions":28}}},{"hash":"8d84444179224565220fbef1ff08be0e9acf083f","messageTitle":"Comment out import statements for problematic code","messageBody":"","fileTypesAndContributionMap":{"test-code":{"insertions":1,"deletions":0}}},{"hash":"f9afd50b6545ba43ae816aac151d2ad7bcba89fe","messageTitle":"Edit invalid position desc and parseinvalidvalue_failure test","messageBody":"","fileTypesAndContributionMap":{"test-code":{"insertions":4,"deletions":4}}},{"hash":"f214e403eaa5fd49b22054436fe6d6b4dd1b9d7d","messageTitle":"Remove comments after bugfix","messageBody":"","fileTypesAndContributionMap":{"test-code":{"insertions":7,"deletions":5}}}]},{"date":"2021-10-23","commitResults":[{"hash":"46251b277f3d06588e67787549946633c0085ecc","messageTitle":"Remove candidates","messageBody":"","fileTypesAndContributionMap":{"test-code":{"insertions":1,"deletions":10}}}]},{"date":"2021-10-27","commitResults":[{"hash":"784637d2a2c983f701e5f685f4f83aa8f00f3792","messageTitle":"Add assign command","messageBody":"","fileTypesAndContributionMap":{"functional-code":{"insertions":165,"deletions":1},"test-code":{"insertions":149,"deletions":1}}},{"hash":"a840bae67177dc601e450858b483bc6a674b0fb6","messageTitle":"Update TypicalPersons: ALICE to have applied to \"Accountant\"","messageBody":"","fileTypesAndContributionMap":{"test-code":{"insertions":2,"deletions":2}}}]},{"date":"2021-10-28","commitResults":[{"hash":"943a4e7544e6d3e2856523bafd7028e2bd3dc1d7","messageTitle":"Bugfix for assign command where tomodeldata test was failing","messageBody":"","fileTypesAndContributionMap":{"functional-code":{"insertions":40,"deletions":6},"test-code":{"insertions":2,"deletions":4}}},{"hash":"484da476df39571269138bf147fce529ff69617e","messageTitle":"Remove whitespace","messageBody":"","fileTypesAndContributionMap":{"docs":{"insertions":1,"deletions":1}}},{"hash":"c69e835eda7db7590f002eba4fdecb45e751924b","messageTitle":"Remove whitespace","messageBody":"","fileTypesAndContributionMap":{"functional-code":{"insertions":1,"deletions":1}}},{"hash":"e009a4b980443d1d879fce51c1246bedac976795","messageTitle":"Remove whitespaces","messageBody":"","fileTypesAndContributionMap":{"docs":{"insertions":3,"deletions":3}}},{"hash":"013302df4da66fa4c49c7bf3f68187f708208d52","messageTitle":"Update UG to include assign command","messageBody":"","fileTypesAndContributionMap":{"docs":{"insertions":19,"deletions":1}}},{"hash":"f1308bdc2d622851e739cca5149358820d016f22","messageTitle":"Resolve bugfix where candidate who did not apply to position is still added to interview after error message shown","messageBody":"","fileTypesAndContributionMap":{"functional-code":{"insertions":1,"deletions":2}}}]}],"angnobel":[{"date":"2021-09-27","commitResults":[{"hash":"a6e81328f734a5519c86bca617aed92784cfeb40","messageTitle":"Add storage feature on user guide","messageBody":"","fileTypesAndContributionMap":{"docs":{"insertions":19,"deletions":0}}},{"hash":"1b9ed01f96bf65507142620d319e3780bf0b2f98","messageTitle":"Add about me Nobel","messageBody":"","fileTypesAndContributionMap":{"docs":{"insertions":25,"deletions":0}}}]},{"date":"2021-10-05","commitResults":[{"hash":"95596711d8c2b643d77468d4efaf52196dce1471","messageTitle":"Change prefix from / to \u003d * Example: /n -\u003e name\u003d","messageBody":"","fileTypesAndContributionMap":{"functional-code":{"insertions":5,"deletions":5}}},{"hash":"0aa54044990a3dd9aa9e9bc4fe8e68a3b1cd078b","messageTitle":"Update static text","messageBody":"","fileTypesAndContributionMap":{"functional-code":{"insertions":1,"deletions":1},"docs":{"insertions":1,"deletions":1}}}]},{"date":"2021-10-07","commitResults":[{"hash":"24dc6c73abdecb76b30981b5a76b2550e76e64c3","messageTitle":"Add Status class","messageBody":"","fileTypesAndContributionMap":{"functional-code":{"insertions":46,"deletions":0},"test-code":{"insertions":20,"deletions":0}}},{"hash":"8590d029dfbb71995867a3933e4d427f71f548a5","messageTitle":"Remove white spaces","messageBody":"","fileTypesAndContributionMap":{"functional-code":{"insertions":1,"deletions":2},"test-code":{"insertions":1,"deletions":1}}},{"hash":"ca723258945e34be845d9276164fbbe111a97ac7","messageTitle":"Add new line at EOF","messageBody":"","fileTypesAndContributionMap":{"functional-code":{"insertions":2,"deletions":2},"test-code":{"insertions":1,"deletions":1}}},{"hash":"6b5214ae139d40d8e121ed0e7fa300996f372922","messageTitle":"Fix Style issues","messageBody":"","fileTypesAndContributionMap":{"functional-code":{"insertions":5,"deletions":3},"test-code":{"insertions":2,"deletions":2}}},{"hash":"e90e592c73b42f1d5924ac259ad390aa32c28148","messageTitle":"Update message to remove enum reference","messageBody":"","fileTypesAndContributionMap":{"functional-code":{"insertions":1,"deletions":1}}}]},{"date":"2021-10-10","commitResults":[{"hash":"bdb51ecba59a089d2a68113fed15dca79b1f936a","messageTitle":"Update UG command format and edit_c command","messageBody":"","fileTypesAndContributionMap":{"docs":{"insertions":25,"deletions":11}}},{"hash":"aacee44ae4df18937a86750f1d038482b8055e33","messageTitle":"Add new line at EOF","messageBody":"","fileTypesAndContributionMap":{"docs":{"insertions":1,"deletions":1}}}]},{"date":"2021-10-13","commitResults":[{"hash":"668c7dbbd4a3b1ebfef47324bea68cb52dd1a4d0","messageTitle":"Integrate status into candidate * Each candidate now has a status * add_c can accept an optional status input, defaults to Applied otherwise * edit_c can accept status\u003d * Storage updated to store status * Test updated * Removed some remaining references to AddressBook","messageBody":"","fileTypesAndContributionMap":{"functional-code":{"insertions":149,"deletions":47},"other":{"insertions":1,"deletions":1},"test-code":{"insertions":73,"deletions":34}}}]},{"date":"2021-10-19","commitResults":[{"hash":"9cdf5823699588ff07c363acc942f6fe980509ff","messageTitle":"Update UG to include status field for candidate","messageBody":"","fileTypesAndContributionMap":{"docs":{"insertions":22,"deletions":5}}},{"hash":"4c6ea93b01edd05ec23778568633b5968c82959b","messageTitle":"Add back \u0027...\u0027","messageBody":"","fileTypesAndContributionMap":{"docs":{"insertions":2,"deletions":2}}},{"hash":"3d597b5208e0ce593cdc348e9e4292c2b032e778","messageTitle":"Change examples in table","messageBody":"","fileTypesAndContributionMap":{"docs":{"insertions":4,"deletions":5}}}]},{"date":"2021-10-20","commitResults":[{"hash":"e8f133fabf8de7baef654a4045c37c63289bec1d","messageTitle":"Add List Label","messageBody":"","fileTypesAndContributionMap":{"functional-code":{"insertions":18,"deletions":9}}},{"hash":"7ecdc45ef40418e7179ef1de29f34a8ad0ffb674","messageTitle":"Change command to find_c","messageBody":"","fileTypesAndContributionMap":{"functional-code":{"insertions":1,"deletions":1}}},{"hash":"678c3f8ebd6bba83122c4973da78d2ed2710daf4","messageTitle":"Update find_c command to take fields","messageBody":"","fileTypesAndContributionMap":{"functional-code":{"insertions":195,"deletions":48},"test-code":{"insertions":36,"deletions":31}}},{"hash":"3165ec84fdec4fcfcd59b83103d6f01856d15ace","messageTitle":"Add find_c position and fix tag","messageBody":"","fileTypesAndContributionMap":{"functional-code":{"insertions":38,"deletions":5}}}]},{"date":"2021-10-21","commitResults":[{"hash":"0be45559bb1b00955a18f475181983f53e5a033e","messageTitle":"Add find_p command * Fix previous bug with find_c where list will not show if position is currenty shown","messageBody":"","fileTypesAndContributionMap":{"functional-code":{"insertions":210,"deletions":16},"other":{"insertions":25,"deletions":24},"test-code":{"insertions":209,"deletions":30}}}]},{"date":"2021-10-24","commitResults":[{"hash":"b7b29ad2f754af44d158a00d178b9dc33a901284","messageTitle":"Fix Address Book Reference","messageBody":"","fileTypesAndContributionMap":{"functional-code":{"insertions":1,"deletions":1}}},{"hash":"315a47cfdf9bdd8ebc0c144050cfa36a4e19e6ed","messageTitle":"Change label to find_x to \"X (filtered)\"","messageBody":"","fileTypesAndContributionMap":{"functional-code":{"insertions":90,"deletions":11},"test-code":{"insertions":15,"deletions":7}}}]},{"date":"2021-10-25","commitResults":[{"hash":"104cff50c36eeceb57a427b460e57130c63f96d6","messageTitle":"Add DG implementation for find_x","messageBody":"","fileTypesAndContributionMap":{"docs":{"insertions":198,"deletions":0}}}]},{"date":"2021-10-26","commitResults":[{"hash":"7bbdd8ed0ccad8ae879e47e77b6bde1002f04ebc","messageTitle":"find_i command (without testing)","messageBody":"","fileTypesAndContributionMap":{"functional-code":{"insertions":295,"deletions":2}}}]},{"date":"2021-10-27","commitResults":[{"hash":"223d503fca5be6c45055008eb2ca65197a7cf628","messageTitle":"Fix checkstyle error","messageBody":"","fileTypesAndContributionMap":{"functional-code":{"insertions":0,"deletions":1}}},{"hash":"64839775d2a4de7c4c3b3ccdd837a22aba8cf70c","messageTitle":"Fix names filtering and remove debug logging","messageBody":"","fileTypesAndContributionMap":{"functional-code":{"insertions":9,"deletions":4},"test-code":{"insertions":0,"deletions":2}}}]}],"seaweediman":[{"date":"2021-09-22","commitResults":[{"hash":"16f200f46cf55c88ab9997bf6b5d2a5a54219952","messageTitle":"Tutorial 2: Add new command","messageBody":"","fileTypesAndContributionMap":{"functional-code":{"insertions":216,"deletions":25},"test-code":{"insertions":77,"deletions":18}}}]},{"date":"2021-09-26","commitResults":[{"hash":"96a10b3ea454e49a4011aa651a0b95f3626d0b98","messageTitle":"Add Command Summary","messageBody":"","fileTypesAndContributionMap":{"docs":{"insertions":6,"deletions":190}}}]},{"date":"2021-09-27","commitResults":[{"hash":"531b949fdeebb96de5f27e49041353df6b1dc613","messageTitle":"Add Iman\u0027s aboutus content","messageBody":"","fileTypesAndContributionMap":{"docs":{"insertions":26,"deletions":1}}},{"hash":"eb7818a87deb6971319dcf438725770ceb4db342","messageTitle":"Update ReadMe","messageBody":"","fileTypesAndContributionMap":{"docs":{"insertions":11,"deletions":12}}}]},{"date":"2021-10-05","commitResults":[{"hash":"25c222826276414b6cebfea5abbb9a42532cc977","messageTitle":"Fix RemarkCommandTest","messageBody":"","fileTypesAndContributionMap":{"functional-code":{"insertions":0,"deletions":2},"test-code":{"insertions":96,"deletions":3}}},{"hash":"52cf70e0e0d33311f355b9d861e50baaeab94343","messageTitle":"Fix error msg","messageBody":"","fileTypesAndContributionMap":{"functional-code":{"insertions":2,"deletions":2}}},{"hash":"3b5a620665fde4c118b91ceeb366295e266c87d5","messageTitle":"Fix trailing whitespaces and added newline EOF","messageBody":"","fileTypesAndContributionMap":{"functional-code":{"insertions":1,"deletions":1},"docs":{"insertions":10,"deletions":10},"test-code":{"insertions":1,"deletions":1}}},{"hash":"c88e20dfe04da98708422b7570ab7d07832fde4d","messageTitle":"Fix Checkstyle errors","messageBody":"","fileTypesAndContributionMap":{"functional-code":{"insertions":32,"deletions":17}}},{"hash":"a5065aa1d026a7168352559ed39dfb300bd12f41","messageTitle":"Fix Checkstyle","messageBody":"","fileTypesAndContributionMap":{"test-code":{"insertions":6,"deletions":1}}},{"hash":"fa04e674d50eb01442fdcf11212b692d271fa780","messageTitle":"Fixed some test cases","messageBody":"","fileTypesAndContributionMap":{"test-code":{"insertions":5,"deletions":2}}},{"hash":"15cd696c8a4da883caf20fc512312643cce352f9","messageTitle":"Fix testcases","messageBody":"","fileTypesAndContributionMap":{"functional-code":{"insertions":10,"deletions":0},"test-code":{"insertions":11,"deletions":8}}},{"hash":"ceeadff13b50a72963a8ad8f66e456ee7b1f20d7","messageTitle":"Fix checkstyle. pls work omg","messageBody":"","fileTypesAndContributionMap":{"functional-code":{"insertions":0,"deletions":8}}},{"hash":"e2b3d30711dcaff6f9b175cde040b653ecda7b83","messageTitle":"Deleted irrelevant lines","messageBody":"","fileTypesAndContributionMap":{"functional-code":{"insertions":0,"deletions":2},"test-code":{"insertions":0,"deletions":2}}},{"hash":"e55d314f73ea3a5d7cde5f42bf8cf3cea1904d17","messageTitle":"Change some of test case properties","messageBody":"","fileTypesAndContributionMap":{"test-code":{"insertions":5,"deletions":5}}}]},{"date":"2021-10-09","commitResults":[{"hash":"8391dd64c206499a44f7a60624f8c317195a3591","messageTitle":"Refactored commands into general,candidate,position","messageBody":"","fileTypesAndContributionMap":{"functional-code":{"insertions":4,"deletions":0},"other":{"insertions":201,"deletions":172}}},{"hash":"b528e72ebf953d7f9be2f43b44a039640820d869","messageTitle":"Fix Checkstyle","messageBody":"","fileTypesAndContributionMap":{"functional-code":{"insertions":72,"deletions":74},"docs":{"insertions":1,"deletions":1},"test-code":{"insertions":211,"deletions":200}}}]},{"date":"2021-10-10","commitResults":[{"hash":"d30d49fb24d6a9541bbb6f3c93be2bf13fb570fd","messageTitle":"Add remark comamnd to UG","messageBody":"","fileTypesAndContributionMap":{"docs":{"insertions":11,"deletions":0}}},{"hash":"8661211a07997c5a23e29ed15e6e4431c0f5d226","messageTitle":"Change remark to remark_c","messageBody":"","fileTypesAndContributionMap":{"functional-code":{"insertions":1,"deletions":1},"docs":{"insertions":2,"deletions":2}}},{"hash":"cf77fe184eaf8c4f6ea17366a84dc839a7fa8fd2","messageTitle":"updated remark to remark_C in UG","messageBody":"","fileTypesAndContributionMap":{"docs":{"insertions":1,"deletions":1}}},{"hash":"41cb5d9637e88ba63350aee7f33e4ba42d546f9c","messageTitle":"Add Add Position command","messageBody":"","fileTypesAndContributionMap":{"functional-code":{"insertions":110,"deletions":1},"test-code":{"insertions":241,"deletions":1}}},{"hash":"8bfc5f6446c691d2a38ee60b0741be5135919dfb","messageTitle":"Fix checkstyle for main package","messageBody":"","fileTypesAndContributionMap":{"functional-code":{"insertions":17,"deletions":13}}},{"hash":"a8951b7d2486a826e3b551dda3496a9c15542526","messageTitle":"Fix checktyle for test package","messageBody":"","fileTypesAndContributionMap":{"test-code":{"insertions":18,"deletions":16}}}]},{"date":"2021-10-12","commitResults":[{"hash":"393eea601717433bc082e0ba2fcab1be017bf7e9","messageTitle":"Remove candidates from Position","messageBody":"","fileTypesAndContributionMap":{"functional-code":{"insertions":6,"deletions":37},"test-code":{"insertions":7,"deletions":39}}},{"hash":"6bdf325f29b16f6f6e5e1b7e856901e7d36be29d","messageTitle":"Add position to Person class","messageBody":"","fileTypesAndContributionMap":{"functional-code":{"insertions":24,"deletions":4}}},{"hash":"5caa2a031fdc8e80b304fca47554995b6bc6755c","messageTitle":"Fix test cases","messageBody":"","fileTypesAndContributionMap":{"functional-code":{"insertions":129,"deletions":32},"test-code":{"insertions":123,"deletions":78}}},{"hash":"41237bde1f82998ec9ac5f617ba013e96aebd4f1","messageTitle":"Fix edit_c","messageBody":"","fileTypesAndContributionMap":{"functional-code":{"insertions":37,"deletions":2},"test-code":{"insertions":8,"deletions":0}}},{"hash":"13feaaaf96e0b7973a7e5ae4fe6883c159805b8b","messageTitle":"fix test cases","messageBody":"","fileTypesAndContributionMap":{"test-code":{"insertions":10,"deletions":1}}},{"hash":"6d1ee5cd016d2d0bc22b37f4c8532ce064c5df26","messageTitle":"Fix checkstyles","messageBody":"","fileTypesAndContributionMap":{"functional-code":{"insertions":28,"deletions":7},"test-code":{"insertions":136,"deletions":45}}},{"hash":"052f1a4a1f2c984266fbeb22ad0369a7c7808174","messageTitle":"Fix Checkstyles","messageBody":"","fileTypesAndContributionMap":{"test-code":{"insertions":102,"deletions":27}}}]},{"date":"2021-10-13","commitResults":[{"hash":"e153013ae2a3df458426bfc27fd0712a6ecdbaf1","messageTitle":"Remove print statements","messageBody":"","fileTypesAndContributionMap":{"test-code":{"insertions":0,"deletions":5}}}]},{"date":"2021-10-18","commitResults":[{"hash":"5e7aae7ad3f0f0ba13d1d2d3cf755dc9ac0c221c","messageTitle":"Update isSamePerson to include phone and email","messageBody":"","fileTypesAndContributionMap":{"functional-code":{"insertions":3,"deletions":1},"test-code":{"insertions":11,"deletions":3}}}]},{"date":"2021-10-19","commitResults":[{"hash":"20be113a844712089cacfb3f28c2f77ed3d4df93","messageTitle":"Update UG","messageBody":"","fileTypesAndContributionMap":{"docs":{"insertions":8,"deletions":8}}},{"hash":"c066922c2af669dd39db3af6d1658effc2c474b2","messageTitle":"Update UG","messageBody":"","fileTypesAndContributionMap":{"docs":{"insertions":33,"deletions":3}}},{"hash":"8873e3b78153f7491d833a1b8cc9ed45f0b4c18e","messageTitle":"Update add_c/edit_c where CLOSED position will throw error","messageBody":"","fileTypesAndContributionMap":{"functional-code":{"insertions":30,"deletions":5}}},{"hash":"d4e8849373580d512b3bad71ca1577623c0f5e14","messageTitle":"Fix test cases","messageBody":"","fileTypesAndContributionMap":{"test-code":{"insertions":19,"deletions":2}}},{"hash":"8971ff05162dd926c621833499beffafa607ecf0","messageTitle":"Fix checkstyle","messageBody":"","fileTypesAndContributionMap":{"functional-code":{"insertions":4,"deletions":0}}}]},{"date":"2021-10-20","commitResults":[{"hash":"f71e0c2e3deec622d48c3833724570438df91753","messageTitle":"Add delete-interview","messageBody":"","fileTypesAndContributionMap":{"functional-code":{"insertions":81,"deletions":0}}},{"hash":"7a57469fa9970302d882d895a390aaff31f0c99b","messageTitle":"add delete command","messageBody":"","fileTypesAndContributionMap":{"functional-code":{"insertions":1,"deletions":1}}},{"hash":"8b8a083255459a1a1551f97c4718a5253ae5136b","messageTitle":"Add relevant test cases","messageBody":"","fileTypesAndContributionMap":{"test-code":{"insertions":182,"deletions":1}}},{"hash":"3da8ac55c4f97cc49289f34db2df185034b7766a","messageTitle":"Fix checkstyle","messageBody":"","fileTypesAndContributionMap":{"functional-code":{"insertions":6,"deletions":6},"test-code":{"insertions":9,"deletions":8}}},{"hash":"45902a632e697de319f60e2e82dd8540a3ad9711","messageTitle":"Delete Interview from person","messageBody":"","fileTypesAndContributionMap":{"functional-code":{"insertions":66,"deletions":13}}},{"hash":"9108c61cb251953f7910cf419f302246ae59a511","messageTitle":"Fix test cases","messageBody":"","fileTypesAndContributionMap":{"test-code":{"insertions":24,"deletions":0}}},{"hash":"1ee1ce992fe7221afd0cc75bc70bc4eb3142164e","messageTitle":"Fix checkstyle","messageBody":"","fileTypesAndContributionMap":{"functional-code":{"insertions":12,"deletions":8}}}]},{"date":"2021-10-21","commitResults":[{"hash":"f9e6787be3395b60d0a0c518adb367e09cf0eb8c","messageTitle":"Update UG with delete_i","messageBody":"","fileTypesAndContributionMap":{"docs":{"insertions":17,"deletions":2}}},{"hash":"38edaac5f2e233141a6b24b30a1934b27e3fe307","messageTitle":"Fix header for User Guide","messageBody":"","fileTypesAndContributionMap":{"docs":{"insertions":4,"deletions":1}}},{"hash":"13bf885dd01cc7856eba98d0fd102018b5fb3915","messageTitle":"Add Table of Contents to UserGuide","messageBody":"","fileTypesAndContributionMap":{"docs":{"insertions":3,"deletions":1}}},{"hash":"4112e90efcb075eb7e3dbae3d9a4442dc0789851","messageTitle":"Change title for UG","messageBody":"","fileTypesAndContributionMap":{"docs":{"insertions":1,"deletions":1}}},{"hash":"8e4837e53f2bf22d3dc61173541a1021b48082df","messageTitle":"Fix Title again","messageBody":"","fileTypesAndContributionMap":{"docs":{"insertions":2,"deletions":2}}},{"hash":"33be2024ea6c9b6892514358f7c87192aa07d199","messageTitle":"Update DG","messageBody":"","fileTypesAndContributionMap":{"docs":{"insertions":27,"deletions":2}}},{"hash":"953ebeec418c636a9b582e8a9e7616c785e68a64","messageTitle":"Add use case and maybe fix for ToC","messageBody":"","fileTypesAndContributionMap":{"docs":{"insertions":9,"deletions":6}}},{"hash":"a7998b95566433852224abfed1cc89306c8c7eb7","messageTitle":"Fix UG Table of contents","messageBody":"","fileTypesAndContributionMap":{"docs":{"insertions":4,"deletions":2}}},{"hash":"21969b1bd25a4877282c317683968dc5af62be24","messageTitle":"add_p implementation + class diagram","messageBody":"","fileTypesAndContributionMap":{"docs":{"insertions":70,"deletions":0}}},{"hash":"7fbefea3ac4277a31459ebbce78d77bb840e3555","messageTitle":"Fix image","messageBody":"","fileTypesAndContributionMap":{"docs":{"insertions":1,"deletions":1}}},{"hash":"68fb946ec95f94a30715cbc9070a3c4d158b7394","messageTitle":"fix image","messageBody":"","fileTypesAndContributionMap":{"docs":{"insertions":1,"deletions":1}}},{"hash":"5f9ecebb813dead943fb002001bb5bac67cf7174","messageTitle":"fix image","messageBody":"","fileTypesAndContributionMap":{"docs":{"insertions":1,"deletions":1}}},{"hash":"4583f3847d072e0a62984a38cf85f26bc3f5892e","messageTitle":"fix image","messageBody":"","fileTypesAndContributionMap":{"docs":{"insertions":1,"deletions":1}}},{"hash":"153084dc1e25c88503f9e58246211f65ad74d504","messageTitle":"Update DG","messageBody":"","fileTypesAndContributionMap":{"docs":{"insertions":8,"deletions":1}}}]},{"date":"2021-10-22","commitResults":[{"hash":"7e6a5988f44309653dcc47d1fb4480853a5f8875","messageTitle":"Add sequence diagram for add_p","messageBody":"","fileTypesAndContributionMap":{"docs":{"insertions":70,"deletions":13}}},{"hash":"a18521e422dde48932c334485dccd397717cb9f8","messageTitle":"Fix images","messageBody":"","fileTypesAndContributionMap":{"docs":{"insertions":2,"deletions":2}}},{"hash":"943f38251b3a2b86c58c6427d3655b779dc8c16c","messageTitle":"Add diagrams to DG","messageBody":"","fileTypesAndContributionMap":{"docs":{"insertions":141,"deletions":0}}},{"hash":"acda685171b6b83951d5e1bfbf1ecdd4423b230d","messageTitle":"Update model diagram","messageBody":"","fileTypesAndContributionMap":{"docs":{"insertions":18,"deletions":7}}},{"hash":"416b72b363df872ea13230d01fe3596ad21c77e5","messageTitle":"Update ModelDiagram size","messageBody":"","fileTypesAndContributionMap":{"docs":{"insertions":1,"deletions":8}}},{"hash":"9e7ce1e49c9822bdf3dda7287c7b60820c81277d","messageTitle":"Update UG formatting","messageBody":"","fileTypesAndContributionMap":{"docs":{"insertions":27,"deletions":25}}},{"hash":"ecb7c42f71b95516df1f74e2dbe9deff6565382e","messageTitle":"Fix delete_c","messageBody":"","fileTypesAndContributionMap":{"docs":{"insertions":2,"deletions":1}}},{"hash":"da652677d08c0b1d0f078b5a663d468f8a3c34b8","messageTitle":"Fix the formatting","messageBody":"","fileTypesAndContributionMap":{"docs":{"insertions":13,"deletions":13}}}]},{"date":"2021-10-23","commitResults":[{"hash":"4fae289590b4219099207d07a06ba4e8a0ccbdf8","messageTitle":"Update sample data","messageBody":"","fileTypesAndContributionMap":{"functional-code":{"insertions":84,"deletions":18}}},{"hash":"bde72ef046f5ff2385a0e458a937fc91198f2c2e","messageTitle":"Update UG according to reviews","messageBody":"","fileTypesAndContributionMap":{"functional-code":{"insertions":1,"deletions":1},"docs":{"insertions":130,"deletions":73}}},{"hash":"9257dfa59c0d9d4dbb90073ad1a05cc58cdd9892","messageTitle":"Fix checkstyle","messageBody":"","fileTypesAndContributionMap":{"functional-code":{"insertions":4,"deletions":4}}}]},{"date":"2021-10-25","commitResults":[{"hash":"e2a500bef2966f46b169ce7c96565bd96b9d9409","messageTitle":"Add unassign command","messageBody":"","fileTypesAndContributionMap":{"functional-code":{"insertions":164,"deletions":5}}},{"hash":"080275e478d77309c445205331d26db6d4f9dadd","messageTitle":"Fix add_i and removed tags from sampledata","messageBody":"","fileTypesAndContributionMap":{"functional-code":{"insertions":10,"deletions":8}}},{"hash":"2f7edaf2ad7a78bd22cc15478fded179752484f6","messageTitle":"Update add_i to have c\u003d","messageBody":"","fileTypesAndContributionMap":{"functional-code":{"insertions":5,"deletions":20}}},{"hash":"77f2f386ac1e82b01cbf6a57fe3229fd43c7dc1b","messageTitle":"Fix test cases","messageBody":"","fileTypesAndContributionMap":{"test-code":{"insertions":13,"deletions":1}}},{"hash":"939bae7a34e41b88a9f24ae77a82cc2533cac13f","messageTitle":"Add test cases","messageBody":"","fileTypesAndContributionMap":{"functional-code":{"insertions":10,"deletions":1},"test-code":{"insertions":92,"deletions":2}}},{"hash":"4c2a78fc14702dc8d37eeeae8397f39f01d13950","messageTitle":"Add c\u003d* function to unassign","messageBody":"","fileTypesAndContributionMap":{"functional-code":{"insertions":60,"deletions":22},"docs":{"insertions":19,"deletions":0},"test-code":{"insertions":7,"deletions":6}}},{"hash":"1d24196adea0dddb9643b7b53fc1aea5d6df0b5c","messageTitle":"Fix unassign so it updates the candidate\u0027s status","messageBody":"","fileTypesAndContributionMap":{"functional-code":{"insertions":27,"deletions":9},"test-code":{"insertions":352,"deletions":93}}},{"hash":"f9cfd0d8a361f961ec2d2b8b3f378b2aad04f4e0","messageTitle":"Fix checkstyles","messageBody":"","fileTypesAndContributionMap":{"functional-code":{"insertions":38,"deletions":29},"test-code":{"insertions":0,"deletions":352}}},{"hash":"03e216077c962bdcd9d15bfd89151c7811ffe4cc","messageTitle":"fix checkstyle","messageBody":"","fileTypesAndContributionMap":{"docs":{"insertions":6,"deletions":7}}}]},{"date":"2021-10-26","commitResults":[{"hash":"83659e402ded525fd54ed36bf960f1a112a7c20a","messageTitle":"Add test to UnassignInterviewCommandTest","messageBody":"","fileTypesAndContributionMap":{"functional-code":{"insertions":2,"deletions":1},"test-code":{"insertions":92,"deletions":3}}},{"hash":"6de8261175b92965005f93a052553590da56e463","messageTitle":"Add test cases for UnassignInterviewParser","messageBody":"","fileTypesAndContributionMap":{"functional-code":{"insertions":13,"deletions":4},"test-code":{"insertions":55,"deletions":6}}},{"hash":"9ee30d084641f98a04c52f1dd9050b6ae965b817","messageTitle":"Fix checkstyle","messageBody":"","fileTypesAndContributionMap":{"functional-code":{"insertions":5,"deletions":1},"test-code":{"insertions":51,"deletions":20}}},{"hash":"c0a36d7eeb1795b63bdcf9ee340cf85b571ea49a","messageTitle":"update edit_i","messageBody":"","fileTypesAndContributionMap":{"functional-code":{"insertions":4,"deletions":2}}},{"hash":"a1b55d7ff3305e239d2dc75e3b356a1ab114f6b9","messageTitle":"fix checkstyle","messageBody":"","fileTypesAndContributionMap":{"functional-code":{"insertions":2,"deletions":2}}},{"hash":"709dcf502489b2eecffd156104048b2c182365b1","messageTitle":"Update Position::isSamePosition","messageBody":"","fileTypesAndContributionMap":{"functional-code":{"insertions":1,"deletions":1},"test-code":{"insertions":1,"deletions":1}}},{"hash":"a582f7ab5259d2e6605c30df55d8fd5cdc7dc1fb","messageTitle":"add_p implementation for DG","messageBody":"","fileTypesAndContributionMap":{"docs":{"insertions":16,"deletions":17}}},{"hash":"90b3f8908aeae834836d45882d9a75c709cb0795","messageTitle":"Fix checkstyle","messageBody":"","fileTypesAndContributionMap":{"docs":{"insertions":1,"deletions":2}}}]},{"date":"2021-10-27","commitResults":[{"hash":"c7187611e929ec430d4d98cd129bb256e061fd7d","messageTitle":"Add return arrow from Model to AddPositionCommand","messageBody":"","fileTypesAndContributionMap":{"docs":{"insertions":1,"deletions":0}}},{"hash":"3ca3b571537ad8d72fa1923b9752dad1f8ba0b0f","messageTitle":"Fix edit_c","messageBody":"","fileTypesAndContributionMap":{"functional-code":{"insertions":23,"deletions":3}}},{"hash":"ec016edeb1c3aeaa9a83c20316f46b064535853d","messageTitle":"Update index.md","messageBody":"","fileTypesAndContributionMap":{"functional-code":{"insertions":2,"deletions":11},"docs":{"insertions":7,"deletions":7}}}]}],"wanyu-l":[{"date":"2021-09-26","commitResults":[{"hash":"9cc6bde3696eb055ed14be14156a4bbbcc91f5a5","messageTitle":"Update UserGuide for intro and FAQ * added tittle \u0027User Guide\u0027 * added introduction paragraph * added FAQs section","messageBody":"","fileTypesAndContributionMap":{"docs":{"insertions":24,"deletions":0}}}]},{"date":"2021-09-27","commitResults":[{"hash":"65d7eb1e33f8e02877f1da7ad355609aa23dff56","messageTitle":"Update AboutUs for Wanyu\u0027s details * added section about Wanyu in AboutUs * added relevant png and md files","messageBody":"","fileTypesAndContributionMap":{"docs":{"insertions":26,"deletions":0}}}]},{"date":"2021-10-05","commitResults":[{"hash":"223110faaa77fa335367dc02a6404eb98036bba3","messageTitle":"Update Title of App * changed \u0027Address App\u0027 to \u0027HR Manager\u0027 * removed \u0027view\u0027 command in UserGuide and Developer Guide * edited phrasing in UserGuide","messageBody":"","fileTypesAndContributionMap":{"functional-code":{"insertions":1,"deletions":1},"docs":{"insertions":22,"deletions":48}}}]},{"date":"2021-10-06","commitResults":[{"hash":"bad3626f26cfe6210035237d2960e629de4b219e","messageTitle":"Add Position Class * added Position.java and package, modeled after \u0027Name\u0027 and \u0027Tag\u0027 * added Tests for Position","messageBody":"","fileTypesAndContributionMap":{"functional-code":{"insertions":53,"deletions":0},"test-code":{"insertions":55,"deletions":0}}},{"hash":"ef863b9c07780dbb7c7429a3bd7b9140449c9c00","messageTitle":"Update PositionTest * added tests for possible invalid position names","messageBody":"","fileTypesAndContributionMap":{"test-code":{"insertions":14,"deletions":0}}}]},{"date":"2021-10-11","commitResults":[{"hash":"22dba5c41b59f3fafdb6d52368820beaabe9c8cf","messageTitle":"Update Storage * split JsonSerializableHrManager to two separate classes to handle Positions and Persons individually * added JsonAdaptedPosition and JsonAdaptedTitle * updated various files to support saving and reading of details of persons and positions to/from candidates.json and positions.json respectively","messageBody":"","fileTypesAndContributionMap":{"functional-code":{"insertions":288,"deletions":38},"other":{"insertions":10,"deletions":12}}},{"hash":"9cf1bcd175eb94068e265742d1c4097b8f3e7625","messageTitle":"Update various files due to changes from previous commit * corrected for check style for various files * corrected some naming typos * modified existing test classes due to changes in previous commit","messageBody":"","fileTypesAndContributionMap":{"functional-code":{"insertions":49,"deletions":48},"other":{"insertions":10,"deletions":9},"test-code":{"insertions":58,"deletions":25}}},{"hash":"51801eadb406fbc2da66b4793f62af201c4d028c","messageTitle":"Add various tests * added various json files relevant to tests added * added test classes for new classes: JsonAdaptedPositionTest, JsonAdaptedTitleTest, JsonSerializableHrManagerPositionsTest * added test cases to existing test classes: JsonAdaptedPersonTest, JsonHrManagerStorageTest, StorageManagerTest","messageBody":"","fileTypesAndContributionMap":{"test-code":{"insertions":223,"deletions":12}}},{"hash":"4cec46b526217dcf181c8c89f4704a699276a157","messageTitle":"Update various files for check style * corrected for checkstyle errors","messageBody":"","fileTypesAndContributionMap":{"test-code":{"insertions":26,"deletions":18}}},{"hash":"77309617c9cba1daf9e5f11c00a571f0dfa6994d","messageTitle":"Add line to end of file at invalidAndValidPositionHrManager.json * added line at end of file","messageBody":"","fileTypesAndContributionMap":{"test-code":{"insertions":1,"deletions":1}}}]},{"date":"2021-10-12","commitResults":[{"hash":"527ef8bfc5d2d5a7153efa1d75f77bfb68d1ec6c","messageTitle":"Add DeletePositionCommand * added DeletePositionCommandParser and DeletePositionCommand classes * added Tests Classes for DeletePositionCommandParser and DeletePositionCommand * updated various files to support test cases and DeletePoisitionCommand * added test cases to existing files","messageBody":"","fileTypesAndContributionMap":{"functional-code":{"insertions":84,"deletions":1},"test-code":{"insertions":231,"deletions":18}}}]},{"date":"2021-10-18","commitResults":[{"hash":"126ab483243cdccbd785df25b9049e45bb1685b2","messageTitle":"Add AddInterviewCommand * updated CLISyntax for relevant prefixes * updated various parsers relevant to AddInterviewCommand * updated HrManager\u0027s equals() and toString()ince modification of storage * added empty methods related to UniquePositionList for easier implementation of AddInterviewCommand * added hasPersonWithName in various classes for to look among existing persons to schedule an interview * updated various json files since changing of storage content, i.e. from storing candidates to storing positionStatus * changed Interview class to store name instead of person * added various test classes and test cases to existing test classes","messageBody":"","fileTypesAndContributionMap":{"functional-code":{"insertions":384,"deletions":48},"test-code":{"insertions":664,"deletions":28}}},{"hash":"bbdc6ea0db8dc91ca3c7229995827fe163ef1ee9","messageTitle":"Update AddInterviewCommand and Interview * reverted Interview\u0027s candidate field to store persons * updated constructor of AddInterviewCommand to take in a set of indexes to add persons to interview before adding interview to model * updated and removed some test cases * changed \"candidate\" to \"index\" in CLISyntax * removed some unused methods","messageBody":"","fileTypesAndContributionMap":{"functional-code":{"insertions":67,"deletions":63},"test-code":{"insertions":28,"deletions":137}}},{"hash":"c80e2a61118e58cab7d3c19e81a62b696e378b16","messageTitle":"Update AddInterviewCommand and ParserUtil * removed unused method * added method call to add persons to interview","messageBody":"","fileTypesAndContributionMap":{"functional-code":{"insertions":1,"deletions":13}}},{"hash":"35d67d85f176d2897e890be71aba37d80b98c129","messageTitle":"Update AddInterviewCommand and UniquePersonList * corrected error in both files to check for valid index as well as use correct index","messageBody":"","fileTypesAndContributionMap":{"functional-code":{"insertions":8,"deletions":4}}}]},{"date":"2021-10-19","commitResults":[{"hash":"51460f5d92a6d675345342cba3e2629ff03504db","messageTitle":"Update AddInterviewCommandTest and AddPositionCommandTest * added methods to stubs in test classes * removed trailing white spaces","messageBody":"","fileTypesAndContributionMap":{"functional-code":{"insertions":1,"deletions":2},"test-code":{"insertions":22,"deletions":1}}},{"hash":"6ee2db0a9163134dd3bb974ebb589aed099a9fdf","messageTitle":"Update AddInterviewCommand and Interview * changed sequence of actions by program, adding candidates to interview first before checking for duplicate interviews (though it should not affect results) * changed isSameInterview to no longer check for equality of candidates * updated relevant testcases with regards to changes in isSameInterview","messageBody":"","fileTypesAndContributionMap":{"functional-code":{"insertions":7,"deletions":6},"test-code":{"insertions":13,"deletions":8}}},{"hash":"6a3c2ae39b341945b2436cd4ad2138fc56168f27","messageTitle":"Update AddInterviewCommand * integrated isPositionClosed method to AddInterviewCommand * updated corresponding test class with changes","messageBody":"","fileTypesAndContributionMap":{"functional-code":{"insertions":5,"deletions":0},"test-code":{"insertions":15,"deletions":3}}},{"hash":"c4ab9166b35d1e9c42f5dc054815df319c458ccd","messageTitle":"Update Storage component * Interviews now stored in Interviews.json and stores set of hashcode of persons * added filed in interview to store set of hashcodes to look for corresponding persons * updated relevant classes to take in additional parameter for interviews file path * corrected for duplicate \"if (remark \u003d\u003d null)\" in JsonAdaptedPerson * added test classes and test cases to existing classes to test the program * added various json files for relevant test cases","messageBody":"","fileTypesAndContributionMap":{"functional-code":{"insertions":379,"deletions":25},"test-code":{"insertions":383,"deletions":37}}},{"hash":"8dfea5b142d2200a1b0eab9d30566f056270fabf","messageTitle":"Update various Json files * added new line at end of file","messageBody":"","fileTypesAndContributionMap":{"test-code":{"insertions":6,"deletions":6}}}]},{"date":"2021-10-20","commitResults":[{"hash":"a887ed1e455cbdcc483a5661d904bd7fe490a9cd","messageTitle":"Update UG and DG with no code changes * added Use Case for Add Interview * updated UG in accordance with recent changes to Storage and addition of AddInterviewCommand","messageBody":"","fileTypesAndContributionMap":{"docs":{"insertions":105,"deletions":7}}},{"hash":"ecee11efa2968bad46d81bf145f5be80f433c1f9","messageTitle":"Update AddInterviewCommand and Interview * updated prompt messages to be displayed for AddInterviewCommand and Interview * updated AddInterviewCommandTest for relevant changes * modified display message for Interview","messageBody":"","fileTypesAndContributionMap":{"functional-code":{"insertions":35,"deletions":9},"test-code":{"insertions":3,"deletions":3}}},{"hash":"8278ff04a1a8343553cdd755f052859922007892","messageTitle":"Update Interview * corrected for checkstyle error","messageBody":"","fileTypesAndContributionMap":{"functional-code":{"insertions":1,"deletions":1}}},{"hash":"450d841c8a11095327452678e94e7af27c97fafa","messageTitle":"Update UserGuide * updated Add an interview under command summary in accordance with actual display","messageBody":"","fileTypesAndContributionMap":{"docs":{"insertions":1,"deletions":1}}},{"hash":"31ea73b42c097cd8fe18c46f3ae62d463723b030","messageTitle":"Update Developer Guide * corrected typo for step number in use case","messageBody":"","fileTypesAndContributionMap":{"docs":{"insertions":2,"deletions":2}}},{"hash":"196c8856dc94d00546117b264ba408a2be4c4595","messageTitle":"Update Storage component and Person * added field in person to store set of interviews and methods for relevant actions * updated JsonAdaptedPerson and JsonHrManagerStorage in accordance with added fied * added mechanisms for \"bi-directional references\" in addInterviewCommand and storage * added method in TypicalInterviews to support test case * removed a test case as it utilizes getFilteredPersonList (probably will add back in the future)","messageBody":"","fileTypesAndContributionMap":{"functional-code":{"insertions":56,"deletions":3},"test-code":{"insertions":25,"deletions":27}}},{"hash":"7ca6d7e849e9e19554313fb5427a5ee623a231dd","messageTitle":"Update AddInterviewCommand and Storage Component * reverted previous changes to storage related to person * changed hint text to user, for \"DATE\" \"TIME\" and \"DURATION\"","messageBody":"","fileTypesAndContributionMap":{"functional-code":{"insertions":5,"deletions":27},"test-code":{"insertions":12,"deletions":12}}},{"hash":"53caad4e51d82552afeff157d3800da614a8df5d","messageTitle":"Update HrManagerStorage * added back code to add interviews to candidates","messageBody":"","fileTypesAndContributionMap":{"functional-code":{"insertions":7,"deletions":0}}}]},{"date":"2021-10-22","commitResults":[{"hash":"fcc63efd9f5ec4a6fd8d39848ebd14c91ece57c9","messageTitle":"Update various diagrams * updated StorageClassDiagram in accordance to current structure * added DeletePositionSequenceDiagram, modeled after DeleteSequenceDiagram * changed address book references in various puml files","messageBody":"","fileTypesAndContributionMap":{"docs":{"insertions":185,"deletions":24}}}]},{"date":"2021-10-24","commitResults":[{"hash":"216aeac6a80b76841df8edeb88edc1f7659aa559","messageTitle":"Update AddInterviewCommand and EditInterviewCommand * updated  AddInterviewCommand and EditInterviewCommand to check if the person has applied for the position before they can be assigned to it * updated equals methods in classes to take into account \u0027interview\u0027 * updated addInterview method in Person to set status as \u0027scheduled\u0027 whenever it is called * updated various json files, builder and TypicalPersons to be in accordance with test methods * removed \"[]\" in UG for add_i and updated add_i\u0027s details in accordance with current behavior","messageBody":"","fileTypesAndContributionMap":{"functional-code":{"insertions":36,"deletions":14},"docs":{"insertions":3,"deletions":3},"test-code":{"insertions":168,"deletions":6}}},{"hash":"011e5398b8f00c9de4539eec33039f681fe33301","messageTitle":"Update various files for usage of \u0027address book\u0027 * changed comments and fields for usage of \u0027address book\u0027 and variants * changed Remark\u0027s message constraint","messageBody":"","fileTypesAndContributionMap":{"functional-code":{"insertions":23,"deletions":23},"test-code":{"insertions":6,"deletions":6}}},{"hash":"71df97425bef24dbc2bee536d26ad9f3d967afd4","messageTitle":"Update Remark * corrected comment for constructor","messageBody":"","fileTypesAndContributionMap":{"functional-code":{"insertions":1,"deletions":1}}}]},{"date":"2021-10-26","commitResults":[{"hash":"1f2bc72dac06efcaa5f5406927b5b5365bdf0f59","messageTitle":"Update various test classes * added new test cases to various classes to increase coverage * added DeleteInterviewCommandParserTest class","messageBody":"","fileTypesAndContributionMap":{"functional-code":{"insertions":110,"deletions":70},"test-code":{"insertions":826,"deletions":11}}},{"hash":"c8fe5aa3d11ba99b39ae76c40e64b30ff98bd3dc","messageTitle":"Revert changes to various files for UI * reverted changes accidentally committed when trying out JiHeng\u0027s branch","messageBody":"","fileTypesAndContributionMap":{"functional-code":{"insertions":69,"deletions":108}}},{"hash":"51d68f8b6975d7b05e5f84e0ad08706c1c3070ab","messageTitle":"Update CommandTestUtil * removed \"System.out.println\"","messageBody":"","fileTypesAndContributionMap":{"test-code":{"insertions":0,"deletions":2}}},{"hash":"8fc450fd3ad4b9f1b92f77ce28e3e64c96521fa4","messageTitle":"Add ModeStub Class * abstracted out commonly used ModelStub to a new class since it is long and used in various test classes","messageBody":"","fileTypesAndContributionMap":{"test-code":{"insertions":196,"deletions":913}}}]}]},"authorFileTypeContributionMap":{"JeffZincatz":{"docs":419,"functional-code":1992,"test-code":1436,"other":4},"sueann-chua":{"docs":61,"functional-code":1136,"test-code":1621},"angnobel":{"docs":234,"functional-code":977,"test-code":322,"other":2},"seaweediman":{"docs":343,"functional-code":1126,"test-code":1081},"wanyu-l":{"docs":304,"functional-code":1208,"test-code":2012}},"authorContributionVariance":{"JeffZincatz":67944.305,"sueann-chua":50447.625,"angnobel":13296.789,"seaweediman":83843.62,"wanyu-l":194540.34},"authorDisplayNameMap":{"JeffZincatz":"CS2103T-W13-1 XU J..HENG","sueann-chua":"CS2103T-W13-1 CHUA..-ANN","angnobel":"CS2103T-W13-1 NOBE.. ANG","seaweediman":"CS2103T-W13-1 MOHA..ED F","wanyu-l":"CS2103T-W13-1 LIU ..ANYU"}}
