{"authorDailyContributionsMap":{"JeffZincatz":[{"date":"2021-09-26","commitResults":[{"hash":"a0b85e5e2152df9533e409187359ee0723d5c897","messageTitle":"Update UserGuide for second half of Features \u0026 Usage","messageBody":"","fileTypesAndContributionMap":{"docs":{"insertions":19,"deletions":0}}},{"hash":"710604f84cd66c8ac5969d36d7f9fa9e585e56eb","messageTitle":"Update AboutUs with a simple template","messageBody":"","fileTypesAndContributionMap":{"docs":{"insertions":22,"deletions":36}}},{"hash":"028c2abc9f93bbe3d4034e098836c0395f936862","messageTitle":"Refactor photo image path and name","messageBody":"","fileTypesAndContributionMap":{"docs":{"insertions":1,"deletions":1}}},{"hash":"10dbb005b539dc96517eaa9a62c5a7bd2a35b75f","messageTitle":"Refactor photo from .jpg to .png","messageBody":"","fileTypesAndContributionMap":{"docs":{"insertions":1,"deletions":1}}},{"hash":"fcebc7cb81fbada0abe86b4706240f79ab651b13","messageTitle":"Add new line at EOF of AboutUs","messageBody":"","fileTypesAndContributionMap":{"docs":{"insertions":1,"deletions":1}}},{"hash":"1e1cea7ff3bfc46e0848669251352c32c1f02350","messageTitle":"Correct AboutUs portforlio path","messageBody":"","fileTypesAndContributionMap":{"docs":{"insertions":1,"deletions":1}}}]},{"date":"2021-09-27","commitResults":[{"hash":"315928d37f40006abd7ae740cb97e3a264bd3266","messageTitle":"Update DeveloperGuide.md","messageBody":"DeveloperGuide.md needs update to current HR manager application.\n\nThe unchanged parts of the original AB3 DeveloperGuide.md is kept as\nformat reference.\n\nLet\u0027s,\n* update target user profile\n* update value proposition\n* update user stories (except extensions)\n* update non-functional requirements\n* Update glossary\n","fileTypesAndContributionMap":{"docs":{"insertions":105,"deletions":35}}},{"hash":"ffd7eafa10ed8d56f5eaa7740e672b77b960f7b6","messageTitle":"Remove unchanged parts of DevelperGuide.md from AB3","messageBody":"","fileTypesAndContributionMap":{"docs":{"insertions":0,"deletions":289}}},{"hash":"a2fbdf039af869571ad037462a8855001c188b16","messageTitle":"Tidy up current DeveloperGuide.md","messageBody":"","fileTypesAndContributionMap":{"docs":{"insertions":1,"deletions":6}}}]}],"sueann-chua":[{"date":"2021-09-26","commitResults":[{"hash":"889daf3349c8f8f687079107abd42f048ef824c4","messageTitle":"Update UG, add delete and add feature for candidate management.","messageBody":"","fileTypesAndContributionMap":{"docs":{"insertions":24,"deletions":0}}},{"hash":"d3b17eeb846966fefedcf938172d25f0ed9da04f","messageTitle":"Edit according to feedback from Jiheng. Removed line breaks that looked out of place and changed format of the example.","messageBody":"","fileTypesAndContributionMap":{"docs":{"insertions":6,"deletions":4}}}]},{"date":"2021-09-27","commitResults":[{"hash":"983e39c9a8c3d504c060a248676be7329c2c526a","messageTitle":"Add photo and details to AboutUs page. Responsibilities to be filled in.","messageBody":"","fileTypesAndContributionMap":{"docs":{"insertions":10,"deletions":0}}},{"hash":"1931d4ee4fe2ff5ef628bf43ab4945dd9d367c81","messageTitle":"Add sueann-chua.md file under docs/teams.","messageBody":"","fileTypesAndContributionMap":{"docs":{"insertions":18,"deletions":0}}},{"hash":"7822831ff16ddda843b628784c53c8ee6f457234","messageTitle":"Edit MSS to omit UI-specific details as notes recommend. Add extensions to all MSS. Remove sample MSS.","messageBody":"","fileTypesAndContributionMap":{"docs":{"insertions":36,"deletions":25}}}]},{"date":"2021-09-28","commitResults":[{"hash":"0ca26395d7afc2d80aa438d1b3f7f680aac073d2","messageTitle":"Fix errors in extensions.","messageBody":"","fileTypesAndContributionMap":{"docs":{"insertions":2,"deletions":2}}}]}],"angnobel":[{"date":"2021-09-27","commitResults":[{"hash":"a6e81328f734a5519c86bca617aed92784cfeb40","messageTitle":"Add storage feature on user guide","messageBody":"","fileTypesAndContributionMap":{"docs":{"insertions":19,"deletions":0}}},{"hash":"1b9ed01f96bf65507142620d319e3780bf0b2f98","messageTitle":"Add about me Nobel","messageBody":"","fileTypesAndContributionMap":{"docs":{"insertions":25,"deletions":0}}}]}],"seaweediman":[{"date":"2021-09-26","commitResults":[{"hash":"96a10b3ea454e49a4011aa651a0b95f3626d0b98","messageTitle":"Add Command Summary","messageBody":"","fileTypesAndContributionMap":{"docs":{"insertions":6,"deletions":190}}}]},{"date":"2021-09-27","commitResults":[{"hash":"531b949fdeebb96de5f27e49041353df6b1dc613","messageTitle":"Add Iman\u0027s aboutus content","messageBody":"","fileTypesAndContributionMap":{"docs":{"insertions":26,"deletions":1}}},{"hash":"eb7818a87deb6971319dcf438725770ceb4db342","messageTitle":"Update ReadMe","messageBody":"","fileTypesAndContributionMap":{"docs":{"insertions":11,"deletions":12}}}]}],"wanyu-l":[{"date":"2021-09-26","commitResults":[{"hash":"9cc6bde3696eb055ed14be14156a4bbbcc91f5a5","messageTitle":"Update UserGuide for intro and FAQ * added tittle \u0027User Guide\u0027 * added introduction paragraph * added FAQs section","messageBody":"","fileTypesAndContributionMap":{"docs":{"insertions":24,"deletions":0}}}]},{"date":"2021-09-27","commitResults":[{"hash":"65d7eb1e33f8e02877f1da7ad355609aa23dff56","messageTitle":"Update AboutUs for Wanyu\u0027s details * added section about Wanyu in AboutUs * added relevant png and md files","messageBody":"","fileTypesAndContributionMap":{"docs":{"insertions":26,"deletions":0}}}]}]},"authorFileTypeContributionMap":{"JeffZincatz":{"docs":75,"functional-code":0,"test-code":0},"sueann-chua":{"docs":69,"functional-code":0,"test-code":0},"angnobel":{"docs":41,"functional-code":0,"test-code":0,"other":1},"seaweediman":{"docs":38,"functional-code":0,"test-code":0},"wanyu-l":{"docs":39,"functional-code":0,"test-code":0}},"authorContributionVariance":{"JeffZincatz":14558.41,"sueann-chua":645.74304,"angnobel":147.88889,"seaweediman":2989.4167,"wanyu-l":86.97223},"authorDisplayNameMap":{"JeffZincatz":"CS2103T-W13-1 XU J..HENG","sueann-chua":"CS2103T-W13-1 CHUA..-ANN","angnobel":"CS2103T-W13-1 NOBE.. ANG","seaweediman":"CS2103T-W13-1 MOHA..ED F","wanyu-l":"CS2103T-W13-1 LIU ..ANYU"}}
