{"authorDailyContributionsMap":{"aakanshanarain":[{"date":"2021-09-23","commitResults":[{"hash":"6827fac1b8ee212e471698bc2514354f8afc1652","messageTitle":"Fixes #30, Fixes #35; Add create and find features to UG","messageBody":"","fileTypesAndContributionMap":{"docs":{"insertions":33,"deletions":19}}}]}],"charltonator":[{"date":"2021-09-23","commitResults":[{"hash":"66110f41947c5260a40a8d3977d14b6685e10894","messageTitle":"Fixes  #32, Fixes #31; Add remove and view feature to UG.","messageBody":"","fileTypesAndContributionMap":{"docs":{"insertions":23,"deletions":0}}}]},{"date":"2021-09-29","commitResults":[{"hash":"1694e8f72c638ce337ff57971cb09d18b1d0c4f5","messageTitle":"Update DeveloperGuide.md","messageBody":"","fileTypesAndContributionMap":{"docs":{"insertions":16,"deletions":7}}}]}],"ngjiayuan":[{"date":"2021-09-22","commitResults":[{"hash":"a92eeea1599770eff846eb794ba9fc13369329fe","messageTitle":"Update codecov badge","messageBody":"","fileTypesAndContributionMap":{"docs":{"insertions":1,"deletions":1}}}]},{"date":"2021-09-23","commitResults":[{"hash":"34ea98016fe2a30a9bcf5ece2bcddd73ce51fd18","messageTitle":"Update README to match our project","messageBody":"","fileTypesAndContributionMap":{"docs":{"insertions":24,"deletions":12}}},{"hash":"484bd20a2faa21c288f8465e75299a924ab1ae75","messageTitle":"Update Ui image","messageBody":"","fileTypesAndContributionMap":{"docs":{"insertions":1,"deletions":1}}},{"hash":"e65edd49d7ddfd35f0a6bb80608b9159a8e4ee2a","messageTitle":"Revert \"Update readme\"","messageBody":"","fileTypesAndContributionMap":{"docs":{"insertions":14,"deletions":26}}},{"hash":"f39364b5d6a5513773b9b65a37ca63b610dae03c","messageTitle":"Update ReadMe","messageBody":"","fileTypesAndContributionMap":{"docs":{"insertions":1,"deletions":1}}}]},{"date":"2021-09-27","commitResults":[{"hash":"dde23fcdc99bc3db35f7368b36f720758ffd7cf6","messageTitle":"Update config.yml and add filter feature into User Guide","messageBody":"","fileTypesAndContributionMap":{"docs":{"insertions":17,"deletions":3}}}]}],"zacharylwy":[{"date":"2021-09-22","commitResults":[{"hash":"2909788fc854147f1a5668b9c4d74227184a42bd","messageTitle":"Update AboutUs.md","messageBody":"","fileTypesAndContributionMap":{"docs":{"insertions":14,"deletions":14}}},{"hash":"13ba28efd04bc62b49c7bee630b0523be89c9912","messageTitle":"Update AboutUs.md","messageBody":"","fileTypesAndContributionMap":{"docs":{"insertions":1,"deletions":1}}}]},{"date":"2021-09-23","commitResults":[{"hash":"66d953bac2458d386acc6020c5dd98eb055ec211","messageTitle":"Update AboutUs.md","messageBody":"","fileTypesAndContributionMap":{"docs":{"insertions":13,"deletions":20}}},{"hash":"b065212fd70e4f66b54669ded5c10deda50d4dcd","messageTitle":"Update AboutUs.md","messageBody":"","fileTypesAndContributionMap":{"docs":{"insertions":1,"deletions":1}}}]},{"date":"2021-09-29","commitResults":[{"hash":"3756d4600eefbe866201e3f90c9b5c075578a95a","messageTitle":"Update UserGuide.md","messageBody":"","fileTypesAndContributionMap":{"docs":{"insertions":22,"deletions":60}}},{"hash":"959c7286a2c70e3bf76db6f3ab8c247bbab3913e","messageTitle":"Update UserGuide.md","messageBody":"","fileTypesAndContributionMap":{"docs":{"insertions":24,"deletions":25}}}]}],"EthanWong6362":[{"date":"2021-09-29","commitResults":[{"hash":"c28f6349c31f4c73625150eb0466ece33626c7d9","messageTitle":"Update UserGuide.md","messageBody":"Updated description for \"add\" function.\n\nFixed typo in \"create\" function and added a note to say that STUDENT_ID has to be unique.\n\n\"list\" function left unchanged (tq to whoever did it)\n","fileTypesAndContributionMap":{"docs":{"insertions":8,"deletions":10}}}]}]},"authorFileTypeContributionMap":{"aakanshanarain":{"docs":11,"functional-code":0,"test-code":0},"charltonator":{"docs":30,"functional-code":0,"test-code":0},"ngjiayuan":{"docs":38,"functional-code":0,"test-code":0},"zacharylwy":{"docs":45,"functional-code":0,"test-code":0},"EthanWong6362":{"docs":7,"functional-code":0,"test-code":0}},"authorContributionVariance":{"aakanshanarain":192.0,"charltonator":68.86391,"ngjiayuan":461.82242,"zacharylwy":1256.2249,"EthanWong6362":23.005919},"authorDisplayNameMap":{"aakanshanarain":"CS2103T-W12-4 NARA..NSHA","charltonator":"CS2103T-W12-4 CHAR.. REN","ngjiayuan":"CS2103T-W12-4 NG J..YUAN","zacharylwy":"CS2103T-W12-4 ZACH.. YIK","EthanWong6362":"CS2103T-W12-4 ETHA..HONG"}}
