{"authorDailyContributionsMap":{"IceWizard4902":[{"date":"2021-09-30","commitResults":[{"hash":"977d3b2bcfb7fa5bfc3640146fae4dc7b9173b61","messageTitle":"Add member Nguyen Quang Vinh details to the AboutUs","messageBody":"","fileTypesAndContributionMap":{"docs":{"insertions":52,"deletions":6}}},{"hash":"4e5b98b43e87bb166ca88dc008b3c26148fb2410","messageTitle":"Update UserGuide.md","messageBody":"","fileTypesAndContributionMap":{"docs":{"insertions":9,"deletions":3}}}]},{"date":"2021-10-01","commitResults":[{"hash":"5bd13be7997774411990aba77cc90b2202fbf2e4","messageTitle":"Amend the wrong file name for portfolio","messageBody":"","fileTypesAndContributionMap":{"docs":{"insertions":0,"deletions":0}}}]},{"date":"2021-10-09","commitResults":[{"hash":"812ada40356ad19b107914cb04c743c50cbbd118","messageTitle":"Add basic functionalities for the ClearAllCommand","messageBody":"Todo (maybe enhancement later): Dislay that the list is empty after the clear command,\ni.e Showing a prompt saying the list is empty\n","fileTypesAndContributionMap":{"functional-code":{"insertions":72,"deletions":0}}}]},{"date":"2021-10-10","commitResults":[{"hash":"5760de3e4982a8c75ef4c7691a6b02aa904b5bfd","messageTitle":"Fix checkstyle errors","messageBody":"","fileTypesAndContributionMap":{"functional-code":{"insertions":3,"deletions":3}}},{"hash":"4cf25ad3ee9493896b0a32fe7d97528555423585","messageTitle":"Fix issues in AddCommandTest due to addition of new command","messageBody":"","fileTypesAndContributionMap":{"test-code":{"insertions":5,"deletions":0}}},{"hash":"15f4cbb4f23f3a40f941bc0d1e1a327964b57cc9","messageTitle":"Refactor code according to code reviews","messageBody":"","fileTypesAndContributionMap":{"functional-code":{"insertions":8,"deletions":13}}}]},{"date":"2021-10-25","commitResults":[{"hash":"29da2befdd0a83db71996315dbd5855ff1386d4f","messageTitle":"Implement basic features of the Clear command flags","messageBody":"","fileTypesAndContributionMap":{"functional-code":{"insertions":44,"deletions":0}}},{"hash":"de2fc34f40e0c6e94d4ed92ee959f90a8c306b42","messageTitle":"Add basic functionalities to parser and ClearCommand","messageBody":"","fileTypesAndContributionMap":{"functional-code":{"insertions":37,"deletions":17}}},{"hash":"a6d08e3c94db914453ecf647c14acb6e193255bb","messageTitle":"Add more functionalities to ClearCommand","messageBody":"","fileTypesAndContributionMap":{"functional-code":{"insertions":21,"deletions":9}}}]},{"date":"2021-10-26","commitResults":[{"hash":"ac0950408575149f278c6d3387e170f42d405ce8","messageTitle":"Change parser implementations","messageBody":"","fileTypesAndContributionMap":{"functional-code":{"insertions":5,"deletions":4}}}]},{"date":"2021-10-27","commitResults":[{"hash":"dc07c7e47a60f9dda8ed1f0b33dbb455088e0293","messageTitle":"Amend AddressBookParser","messageBody":"","fileTypesAndContributionMap":{"functional-code":{"insertions":0,"deletions":39}}},{"hash":"011df85babdbb1b2fbfaa68f612a6ddf9e23fc33","messageTitle":"Add code to aid conversion of Events to Json","messageBody":"","fileTypesAndContributionMap":{"functional-code":{"insertions":80,"deletions":2}}},{"hash":"844ee9a0f619bef6c7b2facf4ee366336239658b","messageTitle":"Resolve Checkstyle errors","messageBody":"","fileTypesAndContributionMap":{"functional-code":{"insertions":4,"deletions":2}}},{"hash":"83bbfbc6f4ee0375047b71e9ba37021501cc6e2e","messageTitle":"Update tests according to changes in Json content saved","messageBody":"","fileTypesAndContributionMap":{"test-code":{"insertions":10,"deletions":5}}},{"hash":"18653dbaaa97411a2049dcbc98feb4441f7d072e","messageTitle":"Restore unintended changes to code in UserPref","messageBody":"","fileTypesAndContributionMap":{"functional-code":{"insertions":1,"deletions":0}}}]},{"date":"2021-10-28","commitResults":[{"hash":"78407912d625738ee4a936dc32ebdf945c65b4ff","messageTitle":"Remove unnecessary code","messageBody":"","fileTypesAndContributionMap":{"functional-code":{"insertions":14,"deletions":21}}},{"hash":"d909a1c30d4b43a420a1f696d336512793870e77","messageTitle":"Implement Parser to parse clear range input","messageBody":"","fileTypesAndContributionMap":{"functional-code":{"insertions":39,"deletions":11},"test-code":{"insertions":11,"deletions":13}}},{"hash":"bd4872eea5b0b169266dfeacd34f067432e00a28","messageTitle":"Implement full functionality of clearing in a specified range","messageBody":"","fileTypesAndContributionMap":{"functional-code":{"insertions":88,"deletions":27},"test-code":{"insertions":6,"deletions":7}}},{"hash":"eebd6b89fcaf407c7c774373a2a6ee55ae49585d","messageTitle":"Fix bug in correct flag input","messageBody":"","fileTypesAndContributionMap":{"functional-code":{"insertions":2,"deletions":2}}},{"hash":"e7b2affed519633e86f4d0cde7ab70113530c3c9","messageTitle":"Fix trailing white space errors","messageBody":"","fileTypesAndContributionMap":{"docs":{"insertions":218,"deletions":127},"test-code":{"insertions":1,"deletions":1}}},{"hash":"6cac9ac9af159e3f8004adac8e551d77c49be693","messageTitle":"Fix checkstyle errors","messageBody":"","fileTypesAndContributionMap":{"functional-code":{"insertions":60,"deletions":27}}},{"hash":"329c3e520e74e59c3f0571afa09fa71e16f6b4a1","messageTitle":"Amend code according to code reviews given","messageBody":"","fileTypesAndContributionMap":{"functional-code":{"insertions":14,"deletions":10}}},{"hash":"e9bcb74d634dad012cc602a615419d1871fc3259","messageTitle":"Update the UserGuide","messageBody":"","fileTypesAndContributionMap":{"docs":{"insertions":9,"deletions":8}}}]},{"date":"2021-10-30","commitResults":[{"hash":"b1f2e9effc5c6bbffa70bd924fb0a58f3ec0e580","messageTitle":"Revert changes to DeveloperGuide","messageBody":"","fileTypesAndContributionMap":{"docs":{"insertions":127,"deletions":218}}},{"hash":"78585ff13b470e5a9d4bfcba4718a8b4776023dd","messageTitle":"Change stored json location","messageBody":"","fileTypesAndContributionMap":{"functional-code":{"insertions":1,"deletions":1}}},{"hash":"bb9391187482a35b3cbf261d81183e100b6e9fda","messageTitle":"Update the User Guide","messageBody":"","fileTypesAndContributionMap":{"docs":{"insertions":3,"deletions":3}}}]}],"yongxiangng":[{"date":"2021-09-20","commitResults":[{"hash":"a347f227cefed9142a2f90873c6c93afc11e6423","messageTitle":"Upload picture for yongxiangng","messageBody":"","fileTypesAndContributionMap":{"docs":{"insertions":52,"deletions":6}}}]},{"date":"2021-09-22","commitResults":[{"hash":"2a8a58255d96e08cb7ec109e2dafca0bf7a596c2","messageTitle":"Update user guide for find","messageBody":"","fileTypesAndContributionMap":{"docs":{"insertions":9,"deletions":11}}},{"hash":"0d26faf09c7d5d12fb07f323aee23a23a368d056","messageTitle":"Update README.md and INDEX.md documentation of project","messageBody":"","fileTypesAndContributionMap":{"docs":{"insertions":11,"deletions":14}}},{"hash":"3a10e41c4355a68e3301f265ef0c069f32e3e032","messageTitle":"Remove placeholder text in AboutUs.md","messageBody":"","fileTypesAndContributionMap":{"docs":{"insertions":0,"deletions":2}}},{"hash":"a6d1bfc649f05b971f936758f22c04627c8f7e52","messageTitle":"Update user guide contents release link","messageBody":"","fileTypesAndContributionMap":{"docs":{"insertions":4,"deletions":4}}}]},{"date":"2021-10-01","commitResults":[{"hash":"dc02b91888b8944a869e0ae253d55c896c43bdbd","messageTitle":"Update name in yongxiangng.md","messageBody":"","fileTypesAndContributionMap":{"docs":{"insertions":1,"deletions":1}}}]},{"date":"2021-10-06","commitResults":[{"hash":"3ced7a3af41e9a5c35934df541ac44c9858463df","messageTitle":"Add details command and details command parser","messageBody":"","fileTypesAndContributionMap":{"functional-code":{"insertions":77,"deletions":0}}},{"hash":"96999b99405361b5477836ea6f9ca0a9efe22403","messageTitle":"Update message usage for details command","messageBody":"","fileTypesAndContributionMap":{"functional-code":{"insertions":3,"deletions":2}}},{"hash":"9db5d60ab85919b5e488f5b248b1252c1d2041e5","messageTitle":"Fix failing checkstyle","messageBody":"","fileTypesAndContributionMap":{"functional-code":{"insertions":2,"deletions":4}}},{"hash":"ba09598c937cd0f39e07888622a3ffa38ccb1daf","messageTitle":"Update details command parser to use ParserUtil abstraction","messageBody":"","fileTypesAndContributionMap":{"functional-code":{"insertions":22,"deletions":12}}},{"hash":"23c4121f6a6f4f0c2fd44e1dc147fc584ee0701e","messageTitle":"Create details fxml","messageBody":"","fileTypesAndContributionMap":{"functional-code":{"insertions":113,"deletions":0}}},{"hash":"298be5eaf1a2e32fe9bad92ff19d3dd7ca60dd4f","messageTitle":"Add NameContainsKeywordsPredicate","messageBody":"","fileTypesAndContributionMap":{"functional-code":{"insertions":41,"deletions":11}}},{"hash":"0f63a4d401ca6e93f52aea2f353608e1a64a2d15","messageTitle":"Connect endpoints between ui and logic unit for details","messageBody":"","fileTypesAndContributionMap":{"functional-code":{"insertions":37,"deletions":13},"test-code":{"insertions":7,"deletions":7}}},{"hash":"ff95db414f9941f9e1a4fcf2ddaffbde2dcc82bb","messageTitle":"Add tests for details feature","messageBody":"","fileTypesAndContributionMap":{"functional-code":{"insertions":1,"deletions":1},"test-code":{"insertions":197,"deletions":0}}}]},{"date":"2021-10-10","commitResults":[{"hash":"db17903250b36ef07222487d84e1767ef1e16f95","messageTitle":"Update UserGuide.md","messageBody":"Rename view command to list in UserGuide.md","fileTypesAndContributionMap":{"docs":{"insertions":1,"deletions":1}}}]},{"date":"2021-10-11","commitResults":[{"hash":"2f4707c029c57c74d610fb4930750650a0422e0a","messageTitle":"Add tab pane","messageBody":"","fileTypesAndContributionMap":{"functional-code":{"insertions":18,"deletions":8}}},{"hash":"efff960093e64741ff257c6904b5326e6dee52fe","messageTitle":"Fix bug in details command","messageBody":"","fileTypesAndContributionMap":{"functional-code":{"insertions":10,"deletions":0}}},{"hash":"d58b69336f9b3acff3900f3e7ea8464ede0dc62e","messageTitle":"Add tabs in ui","messageBody":"","fileTypesAndContributionMap":{"functional-code":{"insertions":31,"deletions":0}}}]},{"date":"2021-10-13","commitResults":[{"hash":"fadd85da2891f76f7a718f5af34bf39984845f1d","messageTitle":"Update details command to accept index as argument","messageBody":"","fileTypesAndContributionMap":{"functional-code":{"insertions":56,"deletions":11},"docs":{"insertions":6,"deletions":1},"test-code":{"insertions":86,"deletions":13}}},{"hash":"826db13da580d0de21c82b8086129a367587487d","messageTitle":"Update user guide for details","messageBody":"","fileTypesAndContributionMap":{"docs":{"insertions":1,"deletions":1}}},{"hash":"4034fbea24430cd5211591d27a3abbfb2455c4c6","messageTitle":"Update UserGuide.md","messageBody":"Update details example to be consistent with application behavior.","fileTypesAndContributionMap":{"docs":{"insertions":8,"deletions":8}}}]},{"date":"2021-10-16","commitResults":[{"hash":"ad1aa1492949336eeefcc5470a550d19e774eabc","messageTitle":"Enable assertions","messageBody":"","fileTypesAndContributionMap":{"other":{"insertions":4,"deletions":0}}},{"hash":"54248a1e382ad9315465ba8359c49b1e7e34cf42","messageTitle":"Bump version to v1.3","messageBody":"","fileTypesAndContributionMap":{"functional-code":{"insertions":1,"deletions":1}}},{"hash":"5e51a33ae5a03610184caf79d7a0459700874f51","messageTitle":"Add events class","messageBody":"","fileTypesAndContributionMap":{"functional-code":{"insertions":119,"deletions":0}}},{"hash":"d1defc32fd87c620b245c56122a10469ff5adcac","messageTitle":"Add tests for event model","messageBody":"","fileTypesAndContributionMap":{"functional-code":{"insertions":19,"deletions":12},"test-code":{"insertions":148,"deletions":0}}},{"hash":"12d69c21c71ce668bb563e8a6c8193b6df5663e4","messageTitle":"Add UniqueEventList to AddressBook class","messageBody":"","fileTypesAndContributionMap":{"functional-code":{"insertions":382,"deletions":2},"test-code":{"insertions":43,"deletions":0}}},{"hash":"7975f36058c7b7cf290c529fcbcee873b553af8c","messageTitle":"Add tests for EventCommand","messageBody":"","fileTypesAndContributionMap":{"functional-code":{"insertions":0,"deletions":1},"test-code":{"insertions":242,"deletions":122}}},{"hash":"4cd381193e8d115718f269a8fd83d2fe9cb47334","messageTitle":"Add tests for UniqueEventList","messageBody":"","fileTypesAndContributionMap":{"test-code":{"insertions":166,"deletions":0}}},{"hash":"40b3ba6003411b8219672f3358c0259fc540c7da","messageTitle":"Add tests to AddressBook for event related methods","messageBody":"","fileTypesAndContributionMap":{"functional-code":{"insertions":9,"deletions":0},"test-code":{"insertions":52,"deletions":3}}},{"hash":"0c71c95d4a703cce915918df0a66bf6cc6365def","messageTitle":"Add tests to ModelManager for Events related methods","messageBody":"","fileTypesAndContributionMap":{"test-code":{"insertions":31,"deletions":1}}},{"hash":"078a8d1979d77f741636ba095c16a7b08d050efe","messageTitle":"Add EventCommandParser","messageBody":"","fileTypesAndContributionMap":{"functional-code":{"insertions":56,"deletions":7},"test-code":{"insertions":87,"deletions":0}}},{"hash":"4907524658de8a1d2f8883e852652c1d3c883343","messageTitle":"Add Event fxml","messageBody":"","fileTypesAndContributionMap":{"functional-code":{"insertions":183,"deletions":1}}},{"hash":"c1f02bf134e44f08f36ee5d7cbf3ff752044c97d","messageTitle":"Update UI diagram","messageBody":"","fileTypesAndContributionMap":{"docs":{"insertions":15,"deletions":10}}},{"hash":"11ac16620d1b7b8c297a23d6af3fac2801c38857","messageTitle":"Update DG for UI class diagram","messageBody":"","fileTypesAndContributionMap":{"docs":{"insertions":1,"deletions":1}}}]},{"date":"2021-10-17","commitResults":[{"hash":"c8d0e3ab86e6bede10618bf24e982db2ed9607a3","messageTitle":"Update user guide for UI abstractions","messageBody":"","fileTypesAndContributionMap":{"docs":{"insertions":111,"deletions":12}}},{"hash":"6024539b6368de396f91af2fdb08dd61b8142b1f","messageTitle":"Update DG with event and person abstractions","messageBody":"","fileTypesAndContributionMap":{"docs":{"insertions":82,"deletions":25}}},{"hash":"9ae97f47693c801359e0ee07985ecda29c1adc5f","messageTitle":"Add tests to LogicManager","messageBody":"","fileTypesAndContributionMap":{"test-code":{"insertions":5,"deletions":0}}},{"hash":"8acc304d1426c78a3281c48528027a816119420e","messageTitle":"Fix details help bug","messageBody":"","fileTypesAndContributionMap":{"functional-code":{"insertions":5,"deletions":0},"docs":{"insertions":1,"deletions":1}}}]},{"date":"2021-10-18","commitResults":[{"hash":"3b408cc51d3d0c023124b93e17a5ac135a4033fe","messageTitle":"Revert \"Fix details help bug\"","messageBody":"This reverts commit 8acc304d1426c78a3281c48528027a816119420e.\n","fileTypesAndContributionMap":{"functional-code":{"insertions":0,"deletions":5},"docs":{"insertions":1,"deletions":1}}},{"hash":"59bde0b19799cd06cfdf6d532d0e79184fedb856","messageTitle":"Update user guide on behavior of details command","messageBody":"","fileTypesAndContributionMap":{"docs":{"insertions":1,"deletions":1}}},{"hash":"187680d809e30eb570b762f0e042af137af3fb1a","messageTitle":"Update UserGuide.md","messageBody":"","fileTypesAndContributionMap":{"docs":{"insertions":1,"deletions":1}}}]},{"date":"2021-10-19","commitResults":[{"hash":"0b5a47df324a905bb973c740f9170f89481ae739","messageTitle":"Fix PersonClassDiagram documentation bug","messageBody":"","fileTypesAndContributionMap":{"docs":{"insertions":1,"deletions":1}}},{"hash":"abed8cd95f0f532a65adb1f0babf631a586be711","messageTitle":"Update multiplicity for member ui class diagram","messageBody":"","fileTypesAndContributionMap":{"docs":{"insertions":1,"deletions":1}}}]},{"date":"2021-10-21","commitResults":[{"hash":"60ab1d90c2873d153b0ed4acfdd66d9e7e576868","messageTitle":"Add attendee fields to Event class","messageBody":"","fileTypesAndContributionMap":{"functional-code":{"insertions":51,"deletions":3},"test-code":{"insertions":84,"deletions":2}}},{"hash":"3792163c04a87b08c0a7ee69147a5c25ab82291b","messageTitle":"Add AddPersonToEventCommand","messageBody":"","fileTypesAndContributionMap":{"functional-code":{"insertions":74,"deletions":2},"test-code":{"insertions":122,"deletions":13}}},{"hash":"9534218a57d22a66303201d35d5006d1ef8ace06","messageTitle":"Add AddPersonToEvent Parser","messageBody":"","fileTypesAndContributionMap":{"functional-code":{"insertions":185,"deletions":11},"test-code":{"insertions":61,"deletions":16}}},{"hash":"e3f4ab77aae6783502d3e905f21ab201bb24bc3a","messageTitle":"Fix failing checkstyle and tests","messageBody":"","fileTypesAndContributionMap":{"functional-code":{"insertions":2,"deletions":3},"test-code":{"insertions":2,"deletions":1}}},{"hash":"c7bc0c2cc0641c2df082d8cdead78f1630f0bbf2","messageTitle":"Add tests for AddPersonToEventCommandParser","messageBody":"","fileTypesAndContributionMap":{"test-code":{"insertions":75,"deletions":0}}},{"hash":"7adec4d8087fddc67c5f3ab2dc718026ad64ca31","messageTitle":"Add member list in event ui","messageBody":"","fileTypesAndContributionMap":{"functional-code":{"insertions":20,"deletions":1}}},{"hash":"5ad135c03a762a4d192eecc5f2977b0467dda6cb","messageTitle":"Update dg after event attendee ui implementation","messageBody":"","fileTypesAndContributionMap":{"docs":{"insertions":30,"deletions":23}}},{"hash":"9313c5d129c1ac1fdf80fc01d800febf90134513","messageTitle":"Resize uml diagrams in dg","messageBody":"","fileTypesAndContributionMap":{"docs":{"insertions":5,"deletions":3}}},{"hash":"61c82b1da3d6ed3413482e9cf11a87e858d61d96","messageTitle":"Remove new line","messageBody":"","fileTypesAndContributionMap":{"docs":{"insertions":0,"deletions":1}}}]},{"date":"2021-10-24","commitResults":[{"hash":"04df71f694de3e4fd74ff20077e7537715947417","messageTitle":"Rename PREFIX_EVENT_NAME to use ev/","messageBody":"","fileTypesAndContributionMap":{"functional-code":{"insertions":3,"deletions":3},"test-code":{"insertions":10,"deletions":4}}},{"hash":"b2d60de30a2a0c1f414c29f25121f1910b4e5496","messageTitle":"Update UserGuide.md with event commands","messageBody":"","fileTypesAndContributionMap":{"functional-code":{"insertions":2,"deletions":0},"other":{"insertions":11,"deletions":5},"docs":{"insertions":31,"deletions":19}}},{"hash":"2e1ce4216b99014c954ec77c2559b4ec7c48fe18","messageTitle":"Update UserGuide.md","messageBody":"","fileTypesAndContributionMap":{"docs":{"insertions":1,"deletions":1}}}]},{"date":"2021-10-26","commitResults":[{"hash":"ec8f163f55d7872b8135838eacd668fa4365446c","messageTitle":"Update help image for user guide","messageBody":"","fileTypesAndContributionMap":{"docs":{"insertions":1,"deletions":1}}},{"hash":"35e43ac4ea600407cef29cb7f9291b665d73acfc","messageTitle":"Update command summary","messageBody":"","fileTypesAndContributionMap":{"docs":{"insertions":10,"deletions":5}}}]},{"date":"2021-10-27","commitResults":[{"hash":"8961bb65d9a9dc35ca52d6a366a19fbc7dce845b","messageTitle":"Update TypicalIndexes.java","messageBody":"","fileTypesAndContributionMap":{"test-code":{"insertions":4,"deletions":0}}},{"hash":"656a14c9e590de5ebd0b5c4173b8f0db9edca820","messageTitle":"Improve code quality of AddPersonToEventCommand","messageBody":"","fileTypesAndContributionMap":{"functional-code":{"insertions":60,"deletions":26},"test-code":{"insertions":8,"deletions":0}}},{"hash":"bdd0b58ac9fc63612aa2f45c274e3ecec349be05","messageTitle":"Update user guide for addPersonToEvent command behavior","messageBody":"","fileTypesAndContributionMap":{"docs":{"insertions":1,"deletions":1}}}]},{"date":"2021-10-28","commitResults":[{"hash":"4d250f87449c0e9384adccbd03bdae303848d133","messageTitle":"Update userguide for quickstart","messageBody":"","fileTypesAndContributionMap":{"docs":{"insertions":1,"deletions":1}}}]},{"date":"2021-10-30","commitResults":[{"hash":"9cb264d8810ea28819a91e087ebcdd2e1adaaafe","messageTitle":"Update ppp yongxiangng","messageBody":"","fileTypesAndContributionMap":{"docs":{"insertions":24,"deletions":23}}},{"hash":"6b5ec9dc732531b1d65dba59cfec8cbbd127efa0","messageTitle":"Fix formatting issues in ppp","messageBody":"","fileTypesAndContributionMap":{"docs":{"insertions":8,"deletions":4}}},{"hash":"add8090f42424b45cd28575c1b17b4ae16395b84","messageTitle":"Fix #93","messageBody":"","fileTypesAndContributionMap":{"docs":{"insertions":5,"deletions":5}}},{"hash":"9c0c8ee3775520621a91f003ad6e6e035d8e01ce","messageTitle":"Fix 126","messageBody":"","fileTypesAndContributionMap":{"docs":{"insertions":2,"deletions":1}}},{"hash":"cdc62af6fb40276ad9769d32862aafce61541a23","messageTitle":"Fix #120","messageBody":"","fileTypesAndContributionMap":{"docs":{"insertions":4,"deletions":3}}},{"hash":"fdf3e09a2a825d81cd46d10f9b8d3e2fab1260e9","messageTitle":"Fix #110 and #104","messageBody":"","fileTypesAndContributionMap":{"docs":{"insertions":2,"deletions":0}}},{"hash":"cdcb20adf390ced2cdf2c657bb43ab513e53790c","messageTitle":"Document #100","messageBody":"","fileTypesAndContributionMap":{"docs":{"insertions":4,"deletions":0}}},{"hash":"cde24c70182bd926d041629ed66900b0f7ea31f5","messageTitle":"Update UserGuide with detailed behavior of tabbing","messageBody":"","fileTypesAndContributionMap":{"docs":{"insertions":1,"deletions":1}}},{"hash":"7be6951f96256f8116e7cb08e72d10cd91cd1e52","messageTitle":"Fix #99","messageBody":"","fileTypesAndContributionMap":{"docs":{"insertions":12,"deletions":12}}},{"hash":"9cbccec29ee6830e3610da04f2c072685b2967f7","messageTitle":"Fix #95","messageBody":"","fileTypesAndContributionMap":{"docs":{"insertions":10,"deletions":10}}},{"hash":"ffadbabd27159cb4840ccc74a2d6782dcafcfceb","messageTitle":"Fix #96","messageBody":"","fileTypesAndContributionMap":{"other":{"insertions":1,"deletions":1}}},{"hash":"63a6068e2c001cd28aaf7e40a807bdae5986126d","messageTitle":"Document #114","messageBody":"","fileTypesAndContributionMap":{"docs":{"insertions":1,"deletions":0}}},{"hash":"0289b78393556b560f0d54573e4a3ce05cd9ed32","messageTitle":"Improve code quality","messageBody":"","fileTypesAndContributionMap":{"functional-code":{"insertions":190,"deletions":19}}},{"hash":"6d37a3eb277a2efa2eeb3bdf150ba27a98b5ad5e","messageTitle":"Update PR links in yongxiang PPP","messageBody":"","fileTypesAndContributionMap":{"docs":{"insertions":5,"deletions":5}}}]}],"dannytayjy":[{"date":"2021-09-28","commitResults":[{"hash":"f24ab9d77889c157a7477aef5c52be9c828d0ba0","messageTitle":"Add member Tay Jun Yang details to AboutUs","messageBody":"","fileTypesAndContributionMap":{"docs":{"insertions":4,"deletions":4}}},{"hash":"8fa28ef92369e433bac0cc6e9cfdcc878023f6b0","messageTitle":"Add member Tay Jun Yang portfolio page","messageBody":"","fileTypesAndContributionMap":{"docs":{"insertions":46,"deletions":0}}},{"hash":"02d2ddc52497a6ed89836fce2a0cc36f2cff3f6c","messageTitle":"Update UserGuide.md","messageBody":"","fileTypesAndContributionMap":{"docs":{"insertions":9,"deletions":5}}}]},{"date":"2021-10-13","commitResults":[{"hash":"7ce89360014101dba18da0363d271b82de3138e5","messageTitle":"Modify find member feature","messageBody":"","fileTypesAndContributionMap":{"functional-code":{"insertions":41,"deletions":37},"other":{"insertions":23,"deletions":17},"test-code":{"insertions":17,"deletions":17}}}]}],"ryanongra":[{"date":"2021-09-21","commitResults":[{"hash":"b26cbfc207f399bf4a7b961dc2136901a1bd0582","messageTitle":"Update AboutUs for ryanongra","messageBody":"","fileTypesAndContributionMap":{"docs":{"insertions":51,"deletions":5}}}]},{"date":"2021-09-25","commitResults":[{"hash":"f08ddf1f53a40ff9f34f1e56ebfe7b4a2fc40864","messageTitle":"Update UserGuide.md","messageBody":"Update Add Feature\n","fileTypesAndContributionMap":{"docs":{"insertions":5,"deletions":7}}},{"hash":"0466b5a6592c0a4a325509f3d7d74c83c27451f9","messageTitle":"Update UserGuide.md","messageBody":"Update Details Feature\n","fileTypesAndContributionMap":{"docs":{"insertions":26,"deletions":0}}},{"hash":"17eddb994cbb9e214e9652a3520b7e0fbac74c6d","messageTitle":"Update ryanongra.md","messageBody":"","fileTypesAndContributionMap":{"docs":{"insertions":1,"deletions":1}}}]},{"date":"2021-10-10","commitResults":[{"hash":"c5c3bc1b9c33509a735e38757571dfc866bd1487","messageTitle":"Modify existing feature: add member details (add)","messageBody":"","fileTypesAndContributionMap":{"functional-code":{"insertions":70,"deletions":79},"other":{"insertions":12,"deletions":12},"docs":{"insertions":18,"deletions":18},"test-code":{"insertions":61,"deletions":70}}}]},{"date":"2021-10-12","commitResults":[{"hash":"38529eb9a34028e38a62a361f472aae0f65ef1e3","messageTitle":"Fix refactor","messageBody":"Fix issue for refactoring address -\u003e telegram\n","fileTypesAndContributionMap":{"functional-code":{"insertions":5,"deletions":5},"docs":{"insertions":3,"deletions":3},"test-code":{"insertions":58,"deletions":99}}},{"hash":"09054d98bbf640c51723aaffe9a1a32fca149946","messageTitle":"Fix refactor","messageBody":"","fileTypesAndContributionMap":{"functional-code":{"insertions":4,"deletions":4},"test-code":{"insertions":61,"deletions":61}}},{"hash":"2fac5b41058b661820304b235cea36728ed7492c","messageTitle":"Fix Failed Checks","messageBody":"","fileTypesAndContributionMap":{"functional-code":{"insertions":10,"deletions":7}}},{"hash":"e189d6157beba8771ee8b8578acefe0514c9cdf4","messageTitle":"Fix checks","messageBody":"","fileTypesAndContributionMap":{"functional-code":{"insertions":12,"deletions":4}}},{"hash":"f7fbef78c1c4bfee4908c4a777a607808695db68","messageTitle":"Fix checks","messageBody":"","fileTypesAndContributionMap":{"functional-code":{"insertions":38,"deletions":39},"test-code":{"insertions":102,"deletions":55}}},{"hash":"2a01c0412a9382979b10608cce240627c20950c8","messageTitle":"Update JsonAdaptedPerson.java","messageBody":"","fileTypesAndContributionMap":{"functional-code":{"insertions":7,"deletions":5}}},{"hash":"0ef9be2a039bf1c58af88b9e56990c5fcbf5cb96","messageTitle":"Fix checkstyle","messageBody":"","fileTypesAndContributionMap":{"test-code":{"insertions":56,"deletions":50}}},{"hash":"8136db8e093bc03c1c73663cd265632f9e7fda4c","messageTitle":"Update typicalPersonsAddressBook.json","messageBody":"","fileTypesAndContributionMap":{"test-code":{"insertions":7,"deletions":7}}}]},{"date":"2021-10-18","commitResults":[{"hash":"1f817870ff72c1dc277b340f73da4541ed27a548","messageTitle":"Update feature add","messageBody":"","fileTypesAndContributionMap":{"functional-code":{"insertions":54,"deletions":14}}},{"hash":"7072e457c80ab1d8de2310c49963add5d695b52e","messageTitle":"Fix checkstyle","messageBody":"","fileTypesAndContributionMap":{"functional-code":{"insertions":8,"deletions":2},"test-code":{"insertions":28,"deletions":23}}},{"hash":"084af90435f05edc07f74adbc9214091ccfae329","messageTitle":"Add test coverage AddCommandParserTest","messageBody":"","fileTypesAndContributionMap":{"test-code":{"insertions":47,"deletions":14}}},{"hash":"b4c0231af696884b0629737e1457cb9847b53a7c","messageTitle":"Update ParserUtilTest.java","messageBody":"Remove outdated tests.\nRefactor \"address\" to \"telegram\" in variable and method names.\n","fileTypesAndContributionMap":{"test-code":{"insertions":10,"deletions":28}}}]},{"date":"2021-10-23","commitResults":[{"hash":"81eb81f3a30c44f03d7bccda8fa26c9eb3950e7d","messageTitle":"Update DG for Person Class","messageBody":"","fileTypesAndContributionMap":{"docs":{"insertions":7,"deletions":7}}}]},{"date":"2021-10-24","commitResults":[{"hash":"1524e7f137f308563aa5cc43d8782c318e6bf7b9","messageTitle":"Update JsonAdaptedPerson.java","messageBody":"Allow storage and loading from storage of Persons will missing optional details\n","fileTypesAndContributionMap":{"functional-code":{"insertions":3,"deletions":3}}},{"hash":"6a7fb1c107668a4a3eb7e33d47361eeb8ef5acdc","messageTitle":"Add tests for improved storage","messageBody":"","fileTypesAndContributionMap":{"test-code":{"insertions":39,"deletions":0}}},{"hash":"53a7caefd114bf2a5e5747d65fe475530d4672bf","messageTitle":"Update JsonAdaptedPersonTest.java","messageBody":"","fileTypesAndContributionMap":{"test-code":{"insertions":18,"deletions":15}}}]},{"date":"2021-10-26","commitResults":[{"hash":"c49c7cab5b4ae36a8f18ec657240839b2dec3405","messageTitle":"Add feature command renameEvent","messageBody":"Allows user to rename an existing event\n","fileTypesAndContributionMap":{"functional-code":{"insertions":217,"deletions":1}}},{"hash":"616c3679dc7f4a0d15dad8141cc980fa646d936d","messageTitle":"Update RenameEventCommand.java","messageBody":"","fileTypesAndContributionMap":{"functional-code":{"insertions":2,"deletions":2}}}]},{"date":"2021-10-27","commitResults":[{"hash":"3cec857595db66ac91e9b4319f475b84a2b8ba12","messageTitle":"Implement command removePersonFromEvent","messageBody":"Allows the user to remove a specified person from a specified event.\n","fileTypesAndContributionMap":{"functional-code":{"insertions":307,"deletions":2}}},{"hash":"279e7acd0ef79bcce5eff7449ab6d0536b09fe36","messageTitle":"Add tests for RenameEvent feature","messageBody":"Add integration and unit tests for\n- RenameEventCommand\n- RenameEventCommandParser\n","fileTypesAndContributionMap":{"functional-code":{"insertions":2,"deletions":1},"test-code":{"insertions":208,"deletions":0}}},{"hash":"0531af980af65cf360ee2262dc424a859a005c14","messageTitle":"Add tests for feature RemovePersonFromEvent","messageBody":"Add integration and unit tests for:\n- RemovePersonFromEventCommand\n- RemovePersonFromEventCommandParser\n","fileTypesAndContributionMap":{"test-code":{"insertions":129,"deletions":0}}},{"hash":"e98a927bf98fb4889ce9d100376c812d6c282235","messageTitle":"Update Documentation","messageBody":"User Guide:\n- Added guide for `renameEvent` command\n- Added guide for `removePersonFromEvent` command\n\nDeveloper Guide:\n- Added instructions for testing of `add` command\n- Added instructions for testing of `renameEvent` command\n- Added instructions for testing of `removePersonFromEvent` command\n","fileTypesAndContributionMap":{"docs":{"insertions":84,"deletions":1}}}]},{"date":"2021-10-30","commitResults":[{"hash":"2b09e640fa3da8ca3f81d66801311d7fe8c01bb8","messageTitle":"Fix RemovePersonFromEventCommand","messageBody":"Fix bug where removePersonFromEvent command was removing the wrong person.\n","fileTypesAndContributionMap":{"functional-code":{"insertions":8,"deletions":1}}},{"hash":"80ac51e64d66fb1dcd5e47e5432d063f3436305b","messageTitle":"Fix documentation bugs for add and edit in UG","messageBody":"","fileTypesAndContributionMap":{"docs":{"insertions":10,"deletions":9}}},{"hash":"d0e65c669f906a01afe49fbe7ce3bd7188a505a7","messageTitle":"Update SampleDataUtil.java","messageBody":"Change addresses to telegram handles\n","fileTypesAndContributionMap":{"functional-code":{"insertions":6,"deletions":6}}},{"hash":"5a817f767dffcfac25860cb20d3058b9455ce151","messageTitle":"Improve messaged to user following add commands","messageBody":"","fileTypesAndContributionMap":{"functional-code":{"insertions":6,"deletions":6}}},{"hash":"15d3b8a1b8c88c27cd90e5ff11ae08b22024a294","messageTitle":"Update Telegram.java","messageBody":"Updated to disallow the use of spaces in a telegram handle.\n","fileTypesAndContributionMap":{"functional-code":{"insertions":3,"deletions":2}}},{"hash":"7e042d97be3add4e7bccc996ce4808c8b07b9a9f","messageTitle":"Update tests","messageBody":"","fileTypesAndContributionMap":{"functional-code":{"insertions":2,"deletions":2},"test-code":{"insertions":3,"deletions":3}}}]}],"nzixuan":[{"date":"2021-09-24","commitResults":[{"hash":"ef7caa6af7ed34bf40c8335f970e3beee679b6b3","messageTitle":"Update Userguide for delete","messageBody":"","fileTypesAndContributionMap":{"docs":{"insertions":3,"deletions":3}}}]},{"date":"2021-09-25","commitResults":[{"hash":"e333fb3344519743cd8808fc404e4f750aa61814","messageTitle":"Add User Stories and Use Case to Developers Guide","messageBody":"","fileTypesAndContributionMap":{"docs":{"insertions":119,"deletions":25}}},{"hash":"22b76e460e1bd81a1d1c07310844dae0ff417ae2","messageTitle":"Add numbering system to use cases","messageBody":"","fileTypesAndContributionMap":{"docs":{"insertions":10,"deletions":10}}},{"hash":"89b9be7585c9a5c2724bce667bac9f14a0bf3ffd","messageTitle":"Add member Ng Zi Xuan details into docs","messageBody":"","fileTypesAndContributionMap":{"docs":{"insertions":49,"deletions":3}}}]},{"date":"2021-10-01","commitResults":[{"hash":"e33c48cbf65a07cedb2552071cae4e2989fa8fbb","messageTitle":"Fix issue for image not appearing on website","messageBody":"","fileTypesAndContributionMap":{"docs":{"insertions":12,"deletions":12}}}]},{"date":"2021-10-08","commitResults":[{"hash":"ee688b5c1602696e3a6feadcc93c76c7f9113e8b","messageTitle":"Update link in help and title in window from addressbook to For your interest","messageBody":"","fileTypesAndContributionMap":{"functional-code":{"insertions":6,"deletions":6}}},{"hash":"063a77ea0cbc13fd50df5e907601ed52669d2640","messageTitle":"Remove excesss details from list view cards and shortened height to fit more cards.","messageBody":"","fileTypesAndContributionMap":{"functional-code":{"insertions":8,"deletions":16}}}]},{"date":"2021-10-09","commitResults":[{"hash":"1cc9c545c7e666b68dd6d973894830ca7e4d61d2","messageTitle":"Remove redundant code","messageBody":"","fileTypesAndContributionMap":{"functional-code":{"insertions":0,"deletions":4}}}]},{"date":"2021-10-14","commitResults":[{"hash":"1d2fd46650ed94d82ad29323e2b887ed7a167161","messageTitle":"Add equals method to all other commands","messageBody":"","fileTypesAndContributionMap":{"functional-code":{"insertions":19,"deletions":0}}},{"hash":"acaac2c683ae3fd3c555ab7b4841c057c1321b0b","messageTitle":"Add feature chain command as well as testing for the command","messageBody":"","fileTypesAndContributionMap":{"functional-code":{"insertions":51,"deletions":5},"docs":{"insertions":13,"deletions":0},"test-code":{"insertions":89,"deletions":0}}}]},{"date":"2021-10-17","commitResults":[{"hash":"1ecccec632366428501bac04e0155994b928ea36","messageTitle":"Edit formatting for checkstyle violations.","messageBody":"","fileTypesAndContributionMap":{"functional-code":{"insertions":10,"deletions":4}}},{"hash":"5def35c927d172356b5fd577795b6560b9ae7ad6","messageTitle":"Edit AddressbookParser to comply with checkstyle.","messageBody":"","fileTypesAndContributionMap":{"functional-code":{"insertions":3,"deletions":3}}},{"hash":"2dd42843182867d553df25f15144dd48d019f6e4","messageTitle":"Edit AddressBookParserTest to comply with checkstyle.","messageBody":"","fileTypesAndContributionMap":{"test-code":{"insertions":3,"deletions":2}}},{"hash":"a815fdd576acb96fc6065833cfab26ca6947541a","messageTitle":"Add test for commands for equals method.","messageBody":"","fileTypesAndContributionMap":{"test-code":{"insertions":75,"deletions":0}}},{"hash":"972c0e1703ff45d21c2be7d760c70841cce0c0e4","messageTitle":"Fix bug for interaction between details and chain commands","messageBody":"","fileTypesAndContributionMap":{"functional-code":{"insertions":1,"deletions":1}}},{"hash":"41d3433745b7fcf227ebcb8e621da3dacc99cda7","messageTitle":"Edit styling of code based on pull request comments.","messageBody":"","fileTypesAndContributionMap":{"functional-code":{"insertions":3,"deletions":1},"docs":{"insertions":0,"deletions":2}}}]},{"date":"2021-10-18","commitResults":[{"hash":"5dd248a0a9226b375d44bd512fb891d8474e5d80","messageTitle":"Add new feature alias with its respective command and parser","messageBody":"","fileTypesAndContributionMap":{"functional-code":{"insertions":135,"deletions":0}}}]},{"date":"2021-10-19","commitResults":[{"hash":"1ea81b02819316d1d1d83de847e3509032683453","messageTitle":"Add testing and documentation for AliasCommand and AliasCommandParser.","messageBody":"","fileTypesAndContributionMap":{"functional-code":{"insertions":11,"deletions":11},"docs":{"insertions":17,"deletions":1},"test-code":{"insertions":165,"deletions":2}}}]},{"date":"2021-10-25","commitResults":[{"hash":"0ec31190f95f9573e347fe1342c5cb1bc1cbe9d6","messageTitle":"Add developer guide for Chain Command","messageBody":"","fileTypesAndContributionMap":{"docs":{"insertions":79,"deletions":0}}}]},{"date":"2021-10-26","commitResults":[{"hash":"0c6d1aa0e59a7c02b86af51ab5b902d476187021","messageTitle":"Add event flag to delete command to delete events and refactored indexes to be more general.","messageBody":"","fileTypesAndContributionMap":{"functional-code":{"insertions":81,"deletions":13},"docs":{"insertions":5,"deletions":3},"test-code":{"insertions":99,"deletions":65}}},{"hash":"4be873e4c2f744641781affa1de640d506606e37","messageTitle":"Fixed trailing whitespace","messageBody":"","fileTypesAndContributionMap":{"functional-code":{"insertions":0,"deletions":1},"docs":{"insertions":3,"deletions":6}}}]}]},"authorFileTypeContributionMap":{"IceWizard4902":{"docs":92,"functional-code":314,"test-code":19},"yongxiangng":{"docs":332,"functional-code":1631,"test-code":1326,"other":6},"dannytayjy":{"docs":52,"functional-code":41,"test-code":40},"ryanongra":{"docs":164,"functional-code":535,"test-code":589},"nzixuan":{"docs":263,"functional-code":298,"test-code":424}},"authorContributionVariance":{"IceWizard4902":14376.601,"yongxiangng":84535.01,"dannytayjy":605.1818,"ryanongra":25546.33,"nzixuan":4511.876},"authorDisplayNameMap":{"IceWizard4902":"CS2103-T16-4 NGUY..VINH","yongxiangng":"CS2103-T16-4 NG Y..IANG","dannytayjy":"CS2103-T16-4 TAY ..YANG","ryanongra":"CS2103-T16-4 RYAN..N-AN","nzixuan":"CS2103-T16-4 NG Z..XUAN"}}
