{"authorDailyContributionsMap":{"tanjoewel":[{"date":"2021-09-29","commitResults":[{"hash":"68c306e1d92a8e1c7226c4b178bab85f9a81ca4a","messageTitle":"Update Joe Wel\u0027s part in AboutUs.md","messageBody":"","fileTypesAndContributionMap":{"docs":{"insertions":7,"deletions":9}}},{"hash":"f48930bc0dde9e1824c285078d6d185872431d05","messageTitle":"Revert \"Update Joe Wel\u0027s part in AboutUs.md\"","messageBody":"This reverts commit 68c306e1d92a8e1c7226c4b178bab85f9a81ca4a.\n","fileTypesAndContributionMap":{"docs":{"insertions":9,"deletions":7}}},{"hash":"848e3d985cb9ea462fa5a9655e571b37a8e0330a","messageTitle":"Update Joe Wel\u0027s part of AboutUs.md","messageBody":"","fileTypesAndContributionMap":{"docs":{"insertions":4,"deletions":4}}},{"hash":"ceac204602b0e3b92766d8416e86968c854721b9","messageTitle":"Update Joe Wel\u0027s part of AboutUs.md","messageBody":"","fileTypesAndContributionMap":{"docs":{"insertions":5,"deletions":7}}},{"hash":"cc8475d91574e558df27cc116ab89f7c851e446b","messageTitle":"Update User Guide for Joe Wel, Joseph and Felissa\u0027s part","messageBody":"","fileTypesAndContributionMap":{"docs":{"insertions":50,"deletions":0}}}]},{"date":"2021-09-30","commitResults":[{"hash":"db0936fa388e4b8569936590cb4bf4475fe36d57","messageTitle":"Remove all parts that contained information about AddressBook-Level-3","messageBody":"","fileTypesAndContributionMap":{"docs":{"insertions":19,"deletions":145}}}]},{"date":"2021-10-01","commitResults":[{"hash":"35765e26b8f9e07e1e49901f3e6b6e6a2b29f943","messageTitle":"Change the name of TAB3 to Teaching Assistant’s Buddy (TAB)","messageBody":"","fileTypesAndContributionMap":{"docs":{"insertions":14,"deletions":14}}},{"hash":"90dbea79e0ee2586989330485c8fb1613bbb3068","messageTitle":"Rename image file to be consistent with GitHub username","messageBody":"","fileTypesAndContributionMap":{"docs":{"insertions":1,"deletions":1}}}]},{"date":"2021-10-07","commitResults":[{"hash":"f506e274437aa5fa1128b7d6adb3b31ae895f1a7","messageTitle":"Refactor AddressBook to Module","messageBody":"","fileTypesAndContributionMap":{"functional-code":{"insertions":87,"deletions":86},"other":{"insertions":60,"deletions":60},"docs":{"insertions":1,"deletions":1},"test-code":{"insertions":56,"deletions":56}}},{"hash":"b91c0e1d83a262835ce46b2f8673e74ed7d9951b","messageTitle":"Add name field to Module Change code to comply with checkstyle","messageBody":"","fileTypesAndContributionMap":{"functional-code":{"insertions":17,"deletions":9},"other":{"insertions":8,"deletions":8}}}]},{"date":"2021-10-08","commitResults":[{"hash":"18af5d802a3d1c6e2e7f6a11ce6044541e9beec4","messageTitle":"Rename AddressBook to TeachingAssistantBuddy Manually revert changes made from previous commit to rename AddressBook to Module","messageBody":"","fileTypesAndContributionMap":{"functional-code":{"insertions":229,"deletions":216},"other":{"insertions":28,"deletions":36},"docs":{"insertions":69,"deletions":69},"test-code":{"insertions":19,"deletions":17}}}]},{"date":"2021-10-12","commitResults":[{"hash":"44805a4b1253ee207b29e9507f0f287669cbc741","messageTitle":"Implement logic and parsing for add module command","messageBody":"","fileTypesAndContributionMap":{"functional-code":{"insertions":111,"deletions":86}}},{"hash":"c1cbf024c7b62f24bb44c35f61939717e653c5eb","messageTitle":"Update README.md and UserGuide.md to be consistent with the new format of commands","messageBody":"","fileTypesAndContributionMap":{"docs":{"insertions":5,"deletions":5}}},{"hash":"4521195d26520fe8c766650aeecb02eb15531a23","messageTitle":"Update README.md to fix command syntax","messageBody":"","fileTypesAndContributionMap":{"docs":{"insertions":2,"deletions":2}}}]},{"date":"2021-10-13","commitResults":[{"hash":"797056cead6d23323ae945af70b37874de3c167f","messageTitle":"Fix AddModuleCommandParser to use the correct MESSAGE_USAGE","messageBody":"","fileTypesAndContributionMap":{"functional-code":{"insertions":1,"deletions":2}}}]}],"Ruofan1023":[{"date":"2021-09-27","commitResults":[{"hash":"992d3dd76922cde5c5ba239ac6b61f5ab5ce8ffb","messageTitle":"Update Github Actions build status badge","messageBody":"","fileTypesAndContributionMap":{"docs":{"insertions":2,"deletions":2}}},{"hash":"281c09d5ef737e7b8a21eab1034f4a3879bfbc7f","messageTitle":"update ruofan\u0027s part in AboutUs.md","messageBody":"","fileTypesAndContributionMap":{"docs":{"insertions":49,"deletions":3}}},{"hash":"f91f4179a39877ffa9bbc5413411ce8ea585a361","messageTitle":"Fix image name","messageBody":"","fileTypesAndContributionMap":{"docs":{"insertions":1,"deletions":1}}}]},{"date":"2021-09-29","commitResults":[{"hash":"4a47d7283ec9b825e474347baeeec76960f806fe","messageTitle":"Update User Guide for ruofan\u0027s part","messageBody":"","fileTypesAndContributionMap":{"docs":{"insertions":17,"deletions":0}}}]},{"date":"2021-10-01","commitResults":[{"hash":"b58f87ed616468089949d2dbd89c6859ea737193","messageTitle":"Update README.md","messageBody":"Delete irrelevant info about AB3\n","fileTypesAndContributionMap":{"docs":{"insertions":4,"deletions":15}}},{"hash":"60ac9b5695b7dcb820704980e8be679b142e5c8d","messageTitle":"Update index page","messageBody":"","fileTypesAndContributionMap":{"docs":{"insertions":3,"deletions":3}}},{"hash":"969f17be2d5aa751ff5c0c0721a905f7fddd0043","messageTitle":"Update aboutus.md","messageBody":"","fileTypesAndContributionMap":{"docs":{"insertions":0,"deletions":12}}},{"hash":"ffa30a0363a2f4e9f0b214f32eeda9ea97b1f8e6","messageTitle":"Image naming changed to lower case github name for Prof to detect","messageBody":"","fileTypesAndContributionMap":{"docs":{"insertions":1,"deletions":1}}}]},{"date":"2021-10-05","commitResults":[{"hash":"0ec7344f0b58456a97244b0ab5cf292ed105abe4","messageTitle":"Change person object to student","messageBody":"Refactored some code occurrences and removed unnecessary info\nrelated to student\n","fileTypesAndContributionMap":{"functional-code":{"insertions":532,"deletions":565},"other":{"insertions":36,"deletions":44}}}]},{"date":"2021-10-07","commitResults":[{"hash":"763a827b43b9c60f0efd9118e7fc2a99c6818b60","messageTitle":"Remove addressbook test cases","messageBody":"","fileTypesAndContributionMap":{"test-code":{"insertions":0,"deletions":4849}}},{"hash":"279ee08833158652f8762b6b5a75236ec70dfe24","messageTitle":"Commented out test cases","messageBody":"","fileTypesAndContributionMap":{"test-code":{"insertions":4854,"deletions":0}}},{"hash":"9d08d356734692d775804c7a7818b47daca03a80","messageTitle":"Revert \"Change person object to student\"","messageBody":"","fileTypesAndContributionMap":{"functional-code":{"insertions":565,"deletions":532},"other":{"insertions":44,"deletions":36}}},{"hash":"0cf0e541ae678ad0e627c63e030b81d3405e9685","messageTitle":"comment out only error-reporting test cases","messageBody":"","fileTypesAndContributionMap":{"test-code":{"insertions":1117,"deletions":1117}}},{"hash":"00acb915bdda915af4d6266522ffe3fb1b5818de","messageTitle":"Revert \"Revert \"Change person object to student\"\"","messageBody":"","fileTypesAndContributionMap":{"functional-code":{"insertions":532,"deletions":565},"other":{"insertions":36,"deletions":44}}}]},{"date":"2021-10-11","commitResults":[{"hash":"01b4856be82e627562d1119aa87aff4575b6941d","messageTitle":"Saved progress","messageBody":"","fileTypesAndContributionMap":{"functional-code":{"insertions":23,"deletions":4}}},{"hash":"180f645a237af2fc19ba24b1297909b4957fb674","messageTitle":"Implement delete module","messageBody":"","fileTypesAndContributionMap":{"functional-code":{"insertions":191,"deletions":81}}},{"hash":"dbdba9f0b66135f78a3e5dd1d9a6e3b4d940f209","messageTitle":"Formatting and stylecheck","messageBody":"","fileTypesAndContributionMap":{"functional-code":{"insertions":10,"deletions":2}}},{"hash":"a9c75bd3a577f7c03a908e10a2bc5e2b1282a8f5","messageTitle":"Update user guide","messageBody":"","fileTypesAndContributionMap":{"docs":{"insertions":4,"deletions":4}}}]},{"date":"2021-10-13","commitResults":[{"hash":"5c3b38d0fd699fceb99848072f1678f708538106","messageTitle":"UI for adding module","messageBody":"","fileTypesAndContributionMap":{"functional-code":{"insertions":132,"deletions":61},"other":{"insertions":5,"deletions":5}}}]},{"date":"2021-10-15","commitResults":[{"hash":"a9489d62a0bebd1f45857710e6060b092ce224ef","messageTitle":"Fix UI","messageBody":"","fileTypesAndContributionMap":{"functional-code":{"insertions":7,"deletions":14}}}]}],"WangGLJoseph":[{"date":"2021-09-29","commitResults":[{"hash":"bb8c0ecfdd7d043d71313b027547efa8b18d2c83","messageTitle":"update my part of AboutUs.md","messageBody":"","fileTypesAndContributionMap":{"docs":{"insertions":2,"deletions":2}}},{"hash":"f5d773d8b176aae9962e1594d11de4fc76bcc9cb","messageTitle":"add place-holder for my portfolio page","messageBody":"","fileTypesAndContributionMap":{"docs":{"insertions":15,"deletions":1}}},{"hash":"39cbd0e1260d01f1257d0f327c9f24f8939f216b","messageTitle":"update my part in AboutUs.md","messageBody":"","fileTypesAndContributionMap":{"docs":{"insertions":8,"deletions":11}}},{"hash":"863a884391d8daef9dd7e252fb8d3ac4b9442f67","messageTitle":"update my portfolio page","messageBody":"","fileTypesAndContributionMap":{"docs":{"insertions":1,"deletions":1}}}]},{"date":"2021-10-01","commitResults":[{"hash":"a9ece07d1a00495a6481299c17d68ca038e17b2d","messageTitle":"update name of product to refrain from using \u0027TAB3\u0027","messageBody":"","fileTypesAndContributionMap":{"docs":{"insertions":37,"deletions":35}}},{"hash":"9f99c3464d738503972a42e92dfb586cf98e9e95","messageTitle":"update product name","messageBody":"","fileTypesAndContributionMap":{"docs":{"insertions":3,"deletions":2}}},{"hash":"cb1684d3077e2b466bd0dea8448ee175dd6bac4a","messageTitle":"add to glossary, product scope, and NFRs","messageBody":"","fileTypesAndContributionMap":{"docs":{"insertions":1,"deletions":1}}},{"hash":"901397f4d7f248993321283c18847a8aa27bdb71","messageTitle":"update link to product release","messageBody":"","fileTypesAndContributionMap":{"docs":{"insertions":1,"deletions":1}}}]},{"date":"2021-10-07","commitResults":[{"hash":"d4c698d37a81fcac85b942c84775b462c1edd075","messageTitle":"add methods for Tasks in Module component","messageBody":"","fileTypesAndContributionMap":{"functional-code":{"insertions":57,"deletions":1}}}]},{"date":"2021-10-08","commitResults":[{"hash":"d562e829259c5429886012345c2f79e0ed966334","messageTitle":"add \"Task Add\" as a command","messageBody":"","fileTypesAndContributionMap":{"functional-code":{"insertions":16,"deletions":2}}},{"hash":"5f286dfce4549ae8b1f5c4b49a7073b82280e05d","messageTitle":"refactor AddressBookParser to TabParser","messageBody":"","fileTypesAndContributionMap":{"other":{"insertions":5,"deletions":10}}},{"hash":"2f3d7b2a9a97930b73ab6ace7b1786bd1a10967a","messageTitle":"revert refactoring of AddressBookParser","messageBody":"","fileTypesAndContributionMap":{"functional-code":{"insertions":3,"deletions":3},"other":{"insertions":1,"deletions":1}}},{"hash":"fede38cdaef767934a3444029d2cd3eb02f9c5ee","messageTitle":"update description of TaskAddCommand","messageBody":"","fileTypesAndContributionMap":{"functional-code":{"insertions":1,"deletions":1}}},{"hash":"3c4fc9d994a51cbb388e5da008288fb2f67d1999","messageTitle":"fix checkstyle errors","messageBody":"","fileTypesAndContributionMap":{"functional-code":{"insertions":10,"deletions":1}}},{"hash":"21fad09ac21716564ed1735ab7ee412ace2a1478","messageTitle":"fix incorrect use of TAB in documentation","messageBody":"","fileTypesAndContributionMap":{"docs":{"insertions":68,"deletions":68}}},{"hash":"a5cf70899cca982561afb21197a113cbcb73f362","messageTitle":"add skeleton model for Module","messageBody":"","fileTypesAndContributionMap":{"functional-code":{"insertions":218,"deletions":0}}},{"hash":"d8208a0c8c002bbd8bf8c3cd5da52f9ab4848712","messageTitle":"fix non-camelCase spellings","messageBody":"","fileTypesAndContributionMap":{"functional-code":{"insertions":10,"deletions":30}}},{"hash":"0ca30b484b94e4360ba8ab4eca78596d4382cc5e","messageTitle":"add new command prefixes into CLISyntax","messageBody":"","fileTypesAndContributionMap":{"functional-code":{"insertions":24,"deletions":82}}},{"hash":"4716a26788dbd16f64cba4854d79c38da8bfbd2e","messageTitle":"add skeleton classes for add and delete commands and parsers","messageBody":"","fileTypesAndContributionMap":{"functional-code":{"insertions":372,"deletions":0}}}]},{"date":"2021-10-11","commitResults":[{"hash":"b84a9dcb90f5c216367be12718d6ce6565a8f887","messageTitle":"add skeleton for UniqueModuleList to handle Module operations","messageBody":"","fileTypesAndContributionMap":{"functional-code":{"insertions":138,"deletions":0}}},{"hash":"85215024f4a32df99d5a38dcabc5a396f2f6df82","messageTitle":"remove usage of the \"Person\" keyword","messageBody":"","fileTypesAndContributionMap":{"functional-code":{"insertions":10,"deletions":10}}},{"hash":"cc7c77f6546e93f9381d6c02b83ffded406c871b","messageTitle":"remove the y/ prefix in favour of treating command type as a word","messageBody":"","fileTypesAndContributionMap":{"functional-code":{"insertions":0,"deletions":2}}},{"hash":"2ff92f3a1c2c83d11cd9a6b6547f1603770f8660","messageTitle":"remove usages of \"Person\"","messageBody":"","fileTypesAndContributionMap":{"functional-code":{"insertions":3,"deletions":3}}},{"hash":"4164b9ef66db921e1a9c8612f2acfde31cce2a00","messageTitle":"fix capitalization of Javadoc","messageBody":"","fileTypesAndContributionMap":{"functional-code":{"insertions":2,"deletions":2}}},{"hash":"edf5a3d08b62e5c385ab5fa130923191c37a8e91","messageTitle":"update TeachingAssistantBuddy to contain methods for Module operations","messageBody":"","fileTypesAndContributionMap":{"functional-code":{"insertions":81,"deletions":35}}}]},{"date":"2021-10-14","commitResults":[{"hash":"a6911a09f7bbad04a469cd32c726fae983de50ec","messageTitle":"implement logic for StudentCard Ui","messageBody":"","fileTypesAndContributionMap":{"functional-code":{"insertions":122,"deletions":4},"other":{"insertions":1,"deletions":1}}},{"hash":"7533de5845a70812941afbb6e43e87bc20fc1b41","messageTitle":"display StudentListPanel within ModuleCard","messageBody":"","fileTypesAndContributionMap":{"functional-code":{"insertions":20,"deletions":8}}},{"hash":"35b5ddd18675e081c9981e43a5d8f127d4cbadb9","messageTitle":"add functionality to display Students in Modules on GUI","messageBody":"","fileTypesAndContributionMap":{"functional-code":{"insertions":12,"deletions":11}}},{"hash":"d25df77e5104438a6b494d00fa4091817dd6b849","messageTitle":"add functionality to display Tasks in Students on GUI","messageBody":"","fileTypesAndContributionMap":{"functional-code":{"insertions":225,"deletions":6}}},{"hash":"5b43cea39c915fe2e9934c5c27953d4dca7c0d0a","messageTitle":"remove usage of the word \"Person\"","messageBody":"","fileTypesAndContributionMap":{"functional-code":{"insertions":4,"deletions":5}}},{"hash":"b44f1064670bc47e5bc7cc8b1f5e5a44a6d3de73","messageTitle":"fix checkstyle errors","messageBody":"","fileTypesAndContributionMap":{"functional-code":{"insertions":2,"deletions":2},"docs":{"insertions":9,"deletions":9}}}]},{"date":"2021-10-15","commitResults":[{"hash":"e95155b4c2ac2574c9b6a352be16c0d42f268788","messageTitle":"remove commented out code","messageBody":"","fileTypesAndContributionMap":{"functional-code":{"insertions":2,"deletions":12}}},{"hash":"89578efb2234f775f67781e77241717628e94b32","messageTitle":"update comments to remove incorrect descriptions","messageBody":"","fileTypesAndContributionMap":{"functional-code":{"insertions":1,"deletions":1},"docs":{"insertions":10,"deletions":10}}},{"hash":"6fef4850683cc440e69d43be12ad96b9da835527","messageTitle":"rename GUI window of TAB","messageBody":"","fileTypesAndContributionMap":{"functional-code":{"insertions":1,"deletions":1}}}]}],"felissaf":[{"date":"2021-09-29","commitResults":[{"hash":"aa948db85a8d1ff19edd61d394f6c1f069828a63","messageTitle":"Update felissa\u0027s part in AboutUs.md","messageBody":"","fileTypesAndContributionMap":{"docs":{"insertions":59,"deletions":0}}},{"hash":"c5fa429233c4bcc9010fb9848490f5dd96aeadb1","messageTitle":"Update Developer Guide\u0027s user stories and use cases","messageBody":"","fileTypesAndContributionMap":{"docs":{"insertions":117,"deletions":18}}}]},{"date":"2021-10-01","commitResults":[{"hash":"6b66c0dcde0b3c2aef9136b9ad71d8b7756ee9c3","messageTitle":"Update photo in AboutUs.md","messageBody":"","fileTypesAndContributionMap":{"docs":{"insertions":1,"deletions":1}}}]},{"date":"2021-10-06","commitResults":[{"hash":"d689eb470656c300b00e7306fcd0235a8bf48d2e","messageTitle":"Update add student to addressbook command","messageBody":"","fileTypesAndContributionMap":{"functional-code":{"insertions":159,"deletions":167},"other":{"insertions":16,"deletions":16}}}]},{"date":"2021-10-07","commitResults":[{"hash":"8518e8e5a0bcf99232671af3d384afcf073051b5","messageTitle":"Fix checkstyle","messageBody":"","fileTypesAndContributionMap":{"functional-code":{"insertions":11,"deletions":36}}},{"hash":"c12913d8b4d9ec8197e025c2520a3aa14d6e7bfd","messageTitle":"Comment test files","messageBody":"","fileTypesAndContributionMap":{"test-code":{"insertions":4713,"deletions":4707}}},{"hash":"ea7bd7cb9658e379f2489fcec22074a4f2a36d7e","messageTitle":"Uncommented some test files","messageBody":"","fileTypesAndContributionMap":{"test-code":{"insertions":1118,"deletions":1118}}}]},{"date":"2021-10-12","commitResults":[{"hash":"5262babe2c5d441b85089f1c6bb31abac56bd6f4","messageTitle":"Add add and delete student command","messageBody":"","fileTypesAndContributionMap":{"functional-code":{"insertions":347,"deletions":162},"other":{"insertions":11,"deletions":11}}},{"hash":"d44bba5a19028eeb433ac7d587dcb76449142870","messageTitle":"Update user guide about student","messageBody":"","fileTypesAndContributionMap":{"docs":{"insertions":9,"deletions":8}}}]}],"charliemoweng":[{"date":"2021-09-27","commitResults":[{"hash":"7fa880311cd18db5887581b2f98aa524ce7fd306","messageTitle":"update part of AboutUs.md","messageBody":"update AboutUs.md to include my name, photo, and GitHub page.","fileTypesAndContributionMap":{"docs":{"insertions":3,"deletions":3}}},{"hash":"917b59868909bd9ce80029b65d6f1c2dfd727cb7","messageTitle":"add in place-holder for my portfolio","messageBody":"","fileTypesAndContributionMap":{"docs":{"insertions":49,"deletions":0}}},{"hash":"5b2fbd2befe9389fdcc79d1e483d32633012a905","messageTitle":"update AboutUs.md","messageBody":"update to link to my portfolio which is only a place-holder for now.","fileTypesAndContributionMap":{"docs":{"insertions":1,"deletions":1}}},{"hash":"4063dc5c023b8f3c2cc049392be20ffa1d0a76b0","messageTitle":"fix errors picked up by Java CI","messageBody":"","fileTypesAndContributionMap":{"docs":{"insertions":3,"deletions":3}}},{"hash":"ebd7bd5bff98ac78cf8db6d8e69de91c66a08df7","messageTitle":"update README to show TAB3 Features","messageBody":"","fileTypesAndContributionMap":{"docs":{"insertions":4,"deletions":0}}},{"hash":"3aed7bb5dd9ca5d863fcef12d65a53f37e389a53","messageTitle":"Update README.md to include features for TAB3 v1.2","messageBody":"Add brief descriptions about intended features.\r\nSee User Guide for complete feature descriptions.","fileTypesAndContributionMap":{"docs":{"insertions":46,"deletions":0}}},{"hash":"3425fbec1b6865b324dc0d5e6f55ac1c0a5af222","messageTitle":"update README.md to include acknowledgement","messageBody":"Acknowledge the original source of the code.","fileTypesAndContributionMap":{"docs":{"insertions":6,"deletions":0}}},{"hash":"fec4ba135308bc92e416f8d11af9f94a7eedd3e2","messageTitle":"start update on UG","messageBody":"","fileTypesAndContributionMap":{"docs":{"insertions":2,"deletions":1}}},{"hash":"74ba7a3d6b9830552a62b5608a3d9b8c4d4c906d","messageTitle":"update UserGuide.md to include module add task","messageBody":"","fileTypesAndContributionMap":{"docs":{"insertions":11,"deletions":0}}},{"hash":"fae2fa99ba6a238a2417e1a9957019ce17781a8b","messageTitle":"change from AB3 to TAB3","messageBody":"","fileTypesAndContributionMap":{"docs":{"insertions":2,"deletions":1}}}]},{"date":"2021-10-07","commitResults":[{"hash":"36b6235b2345b07075acec7f80423151b48b2479","messageTitle":"add a Task package and a Task class","messageBody":"","fileTypesAndContributionMap":{"functional-code":{"insertions":90,"deletions":0}}},{"hash":"4b7b3e5e1010a2e1e95543a0843804733e396140","messageTitle":"Update test files to get rid of change-related errors","messageBody":"","fileTypesAndContributionMap":{"test-code":{"insertions":226,"deletions":226}}},{"hash":"df9931c076bc1eecc886a67b0408eacb87d384e5","messageTitle":"Add methods to compare two Tasks and return complete status of a Task","messageBody":"","fileTypesAndContributionMap":{"functional-code":{"insertions":19,"deletions":0}}},{"hash":"f378e2ad457a509e4e7794b7421ad6799f1fd823","messageTitle":"Add in Task exception classes","messageBody":"","fileTypesAndContributionMap":{"functional-code":{"insertions":18,"deletions":0}}},{"hash":"858c1c5494856eea64fd59cf74819ff4dd6a49c5","messageTitle":"Comment out test cases that is incompatible with current implementation.","messageBody":"","fileTypesAndContributionMap":{"test-code":{"insertions":91,"deletions":91}}},{"hash":"9b98247ddae79fadc83345d466eacff61c4f3e94","messageTitle":"Add a class for task list","messageBody":"","fileTypesAndContributionMap":{"functional-code":{"insertions":128,"deletions":0}}}]},{"date":"2021-10-12","commitResults":[{"hash":"deff044e190fb9614b8c3f66ab096d7078e16b2d","messageTitle":"Update module add task in README.md","messageBody":"","fileTypesAndContributionMap":{"docs":{"insertions":1,"deletions":1}}},{"hash":"7b017a5e5be3526475a8cd1c0205f76f16ac9a4d","messageTitle":"Update module add task in README and UserGuide","messageBody":"","fileTypesAndContributionMap":{"docs":{"insertions":6,"deletions":4}}},{"hash":"d00dec3224e2ec142425ad0116409e5b92cae2b8","messageTitle":"Create task list in Module and Student and set up logic to add task","messageBody":"","fileTypesAndContributionMap":{"functional-code":{"insertions":38,"deletions":0}}},{"hash":"f22731ac9301e441adc8dd6afc43e6e56fa7b994","messageTitle":"Update Task module field from String to type Module","messageBody":"","fileTypesAndContributionMap":{"functional-code":{"insertions":3,"deletions":3}}},{"hash":"f842a2e24c15531ea0f24d37bc3f1e448a1d1d67","messageTitle":"Update relevant higher level classes with module add task methods","messageBody":"","fileTypesAndContributionMap":{"functional-code":{"insertions":94,"deletions":52}}},{"hash":"85a648dee23a2f6d3c4af526cc451d3260f5ce96","messageTitle":"Fix issue cannot resolve Command","messageBody":"","fileTypesAndContributionMap":{"functional-code":{"insertions":2,"deletions":0}}},{"hash":"76cec5af1a7e4fb2732047a82d5485476dc6fdd7","messageTitle":"Updates add tasks methods and add has module and has task methods","messageBody":"Previous version of these higher level classes uses Module.\nAnd they do not have a method to check the presence of a module/task.\n\nChange to ModuleName and for loop to loop through module list.\nAdd in methods has module and has task.\n","fileTypesAndContributionMap":{"functional-code":{"insertions":58,"deletions":18}}},{"hash":"c2b0003da824a831207b485b8e08d1785845307e","messageTitle":"Add in logic to parse and execute add task commands","messageBody":"","fileTypesAndContributionMap":{"functional-code":{"insertions":84,"deletions":34}}},{"hash":"29719ab38d11a5a602a8c64571c6939fe6837688","messageTitle":"Fix style error","messageBody":"","fileTypesAndContributionMap":{"functional-code":{"insertions":1,"deletions":1}}},{"hash":"e85d77a17a8e8f11046a4daf0ccda5b43b4e79b6","messageTitle":"Remove redundant code","messageBody":"","fileTypesAndContributionMap":{"functional-code":{"insertions":0,"deletions":2}}}]},{"date":"2021-10-13","commitResults":[{"hash":"9edc29e009a20bc5249817393f3f492694440f91","messageTitle":"Update AddTaskCommand to extend from AddCommand","messageBody":"","fileTypesAndContributionMap":{"functional-code":{"insertions":1,"deletions":1}}},{"hash":"2374d5df0d718a79eb8835283db6ced1d6240ee5","messageTitle":"Update AddCommandParser to include AddTaskCommand case","messageBody":"","fileTypesAndContributionMap":{"functional-code":{"insertions":1,"deletions":1}}},{"hash":"dbd62f1a0127f56b6b27a06c76019985b89d2402","messageTitle":"Correct Module to ModuleName","messageBody":"","fileTypesAndContributionMap":{"functional-code":{"insertions":9,"deletions":9}}},{"hash":"3c88fe5c078e86d8694806afa6c3e8dd58922f01","messageTitle":"Fix merge conflict","messageBody":"","fileTypesAndContributionMap":{"functional-code":{"insertions":10,"deletions":0}}}]}]},"authorFileTypeContributionMap":{"tanjoewel":{"docs":24,"functional-code":320,"test-code":21},"Ruofan1023":{"docs":27,"functional-code":689,"test-code":3358},"WangGLJoseph":{"docs":97,"functional-code":1011,"test-code":0},"felissaf":{"docs":134,"functional-code":463,"test-code":212},"charliemoweng":{"docs":98,"functional-code":508,"test-code":102}},"authorContributionVariance":{"tanjoewel":22684.44,"Ruofan1023":6786225.0,"WangGLJoseph":35382.465,"felissaf":4543870.5,"charliemoweng":30966.97},"authorDisplayNameMap":{"tanjoewel":"CS2103-F09-1 TAN .. WEL","Ruofan1023":"CS2103-F09-1 WANG..OFAN","WangGLJoseph":"CS2103-F09-1 WANG..NLIN","felissaf":"CS2103-F09-1 FELI..TINE","charliemoweng":"CS2103-F09-1 WANG..GZHE"}}
