{"authorDailyContributionsMap":{"sj1999-BIT":[{"date":"2021-09-19","commitResults":[{"hash":"4fd2e547ff0af6d93ac041b84f21499822ef9f4b","messageTitle":"update AboutUs.md","messageBody":"Added my photo to src\\main\\resources\\images\n\nUpdated the AboutUs.md to format my profile info and photo.\n","fileTypesAndContributionMap":{"docs":{"insertions":6,"deletions":6}}}]},{"date":"2021-09-24","commitResults":[{"hash":"5daf126ec30edaa89fb16c96395bcddab4bc7c02","messageTitle":"Update DeveloperGuide.md","messageBody":"Added some NFRs, but may need to add more to limit the scope and functionality of the product.","fileTypesAndContributionMap":{"docs":{"insertions":5,"deletions":3}}}]},{"date":"2021-09-25","commitResults":[{"hash":"7efd7de27baa22a4f8f0f7d0bff14acfa27480d5","messageTitle":"Update DeveloperGuide.md","messageBody":"","fileTypesAndContributionMap":{"docs":{"insertions":2,"deletions":1}}}]},{"date":"2021-09-30","commitResults":[{"hash":"36f6df310c3eff075a71393533a8eff28055b70d","messageTitle":"Update UserGuide.md","messageBody":"","fileTypesAndContributionMap":{"docs":{"insertions":24,"deletions":0}}},{"hash":"32b6d31ee471b4cd50dad5ee702493f79eb1afe2","messageTitle":"Update UserGuide.md","messageBody":"","fileTypesAndContributionMap":{"docs":{"insertions":2,"deletions":2}}},{"hash":"18115a618ee319969581b10aa7997a612f80a767","messageTitle":"Update UserGuide.md","messageBody":"","fileTypesAndContributionMap":{"docs":{"insertions":1,"deletions":1}}}]},{"date":"2021-10-05","commitResults":[{"hash":"9b4a61afd9199a645fe39ad481c4fecf7706ef7d","messageTitle":"Update ClearCommand.java","messageBody":"Added a GUI to the ClearCommand class such that a warning will promp out upon the command clear is given.\n","fileTypesAndContributionMap":{"functional-code":{"insertions":34,"deletions":3}}},{"hash":"e911d7d9bf9b75a61ee5ef17dfbf80a7b2503f16","messageTitle":"Update ClearCommand.java","messageBody":"","fileTypesAndContributionMap":{"functional-code":{"insertions":0,"deletions":2}}},{"hash":"e0f09d91c9f1e257ccfe21ebf1b5b2cdeb8537f1","messageTitle":"Added size function","messageBody":"Updated 4 classes, AddressBook, Model, ModelManager and UniquePersonList such that the functions now supports inquiry regarding the number of contacts in the  the current system\n","fileTypesAndContributionMap":{"functional-code":{"insertions":23,"deletions":0}}},{"hash":"df2f074ee354f36f2e5e86daaa412b9b9a4eae2e","messageTitle":"Update ClearCommand.java","messageBody":" fixed error due to import seedu before java default\n","fileTypesAndContributionMap":{"functional-code":{"insertions":2,"deletions":4}}},{"hash":"3b8b26341b03be2634dcb77adc281fce62fc340a","messageTitle":"Update ClearCommand.java","messageBody":"removed style error at line 41\n","fileTypesAndContributionMap":{"functional-code":{"insertions":1,"deletions":1}}},{"hash":"aa8627ea0ada92147982cc430722d4729bee53c1","messageTitle":"Update AddressBook.java","messageBody":"fixed wrong order of constructor and methods in Address Book\n","fileTypesAndContributionMap":{"functional-code":{"insertions":8,"deletions":7}}},{"hash":"ec4bb9850690c1f94b87ac48a0d3af556d62c2dd","messageTitle":"Update AddCommandTest.java","messageBody":"fixed the lack of size method in AddCommandTest\n","fileTypesAndContributionMap":{"test-code":{"insertions":4,"deletions":0}}},{"hash":"354bce704280d640aa30f16b401edab5e31f30e5","messageTitle":"Update ClearCommandTest.java","messageBody":"comment out a test first due to the new warning prompt\n","fileTypesAndContributionMap":{"test-code":{"insertions":3,"deletions":2}}},{"hash":"354dc35c8973fcc794f4e1d98ac774e6aace4340","messageTitle":"Update ClearCommandTest.java","messageBody":"removed unused imports from addcommandtest\n","fileTypesAndContributionMap":{"test-code":{"insertions":2,"deletions":14}}}]},{"date":"2021-10-06","commitResults":[{"hash":"5ba17e41a2ffeabb83f79095413ade70d0651271","messageTitle":"Create new Class WarningWindow","messageBody":"new Class WarningWindow under the UI package which can create a customisable pop up window to show warning.\n","fileTypesAndContributionMap":{"functional-code":{"insertions":48,"deletions":9}}},{"hash":"29b5334bfcc16f17c34d96a236b50e318beb3ddd","messageTitle":"Update ClearCommand.java","messageBody":"removed white space\n","fileTypesAndContributionMap":{"functional-code":{"insertions":0,"deletions":1}}},{"hash":"b63be96f793414bd5be49e4e55729fa4d54b290e","messageTitle":"remove syntax error","messageBody":"mainly from warning window and clear command\n","fileTypesAndContributionMap":{"functional-code":{"insertions":8,"deletions":9}}},{"hash":"597cfaf1959ce9e9b4b75c99ab371cb8aa7012f9","messageTitle":"Update WarningWindow.java","messageBody":"","fileTypesAndContributionMap":{"functional-code":{"insertions":1,"deletions":11}}},{"hash":"143a37bf9453438dcf86bf60cf388c84adfdc184","messageTitle":"Update WarningWindow.java","messageBody":"","fileTypesAndContributionMap":{"functional-code":{"insertions":3,"deletions":2}}},{"hash":"6c0eb3b0ba04fd08eef3598b7c451f3914dca202","messageTitle":"Update ClearCommandTest.java","messageBody":"","fileTypesAndContributionMap":{"test-code":{"insertions":0,"deletions":1}}}]},{"date":"2021-10-07","commitResults":[{"hash":"6deb3eef46891641b8ffad45c867b727c77bba18","messageTitle":"added a line","messageBody":"","fileTypesAndContributionMap":{"test-code":{"insertions":3,"deletions":0}}},{"hash":"ba83a9e5d8ec01403d426d3c3d5be76469a11b3c","messageTitle":"removed syntax errors","messageBody":"","fileTypesAndContributionMap":{"functional-code":{"insertions":5,"deletions":7},"test-code":{"insertions":0,"deletions":1}}},{"hash":"f3e36342bb7270505413d793703623ce10baa664","messageTitle":"clear syntax error","messageBody":"","fileTypesAndContributionMap":{"functional-code":{"insertions":3,"deletions":2}}},{"hash":"74b1de6b7569cf74d8bc21be72ab70eff75dfc15","messageTitle":"Update WarningWindow.java","messageBody":"","fileTypesAndContributionMap":{"functional-code":{"insertions":1,"deletions":0}}},{"hash":"19a84ec811ccc9c404d0123d95241740c82c40c8","messageTitle":"Update WarningWindow.java","messageBody":"","fileTypesAndContributionMap":{"functional-code":{"insertions":0,"deletions":1}}}]},{"date":"2021-10-12","commitResults":[{"hash":"992b3d535eb0762863bce436f5cfc33d1c27dd0e","messageTitle":"Added new feature - Group Command","messageBody":"Able to add tags to a group of contacts at the same time.\n\nInput name must be exact to the stored contact name, else the command stops and return the result.\n\nUpdated Model class, Person class, AddCommandTest class and AddressBookParser class such that they support searching of person using only the string name\n","fileTypesAndContributionMap":{"functional-code":{"insertions":165,"deletions":1},"test-code":{"insertions":5,"deletions":0}}},{"hash":"7ebb0351680e4a624337e3c5c006453b710956f1","messageTitle":"remove syntax errors","messageBody":"","fileTypesAndContributionMap":{"functional-code":{"insertions":31,"deletions":11}}}]},{"date":"2021-10-18","commitResults":[{"hash":"0dbcef23064636f0b620ced7d13307602f9d8d88","messageTitle":"added new feature tagInfo","messageBody":"Added new class TagInfoCommand and\nTagInfoCommandParser.\n\nMade some small changes to Model, ModelManager by adding a new function getUniqueTagList.\n","fileTypesAndContributionMap":{"functional-code":{"insertions":151,"deletions":1},"test-code":{"insertions":7,"deletions":0}}}]},{"date":"2021-10-19","commitResults":[{"hash":"9c066d165a6319055d715b48d701abd0b90a21ca","messageTitle":"Update UserGuide.md","messageBody":"","fileTypesAndContributionMap":{"docs":{"insertions":12,"deletions":0}}},{"hash":"975e4a01370e567395f957bccf5bd286b553f97a","messageTitle":"Update TagInfoCommandParser.java","messageBody":"","fileTypesAndContributionMap":{"functional-code":{"insertions":1,"deletions":1}}}]},{"date":"2021-10-23","commitResults":[{"hash":"1759d8b5294dc285fd77e91b2783f0e455930ac5","messageTitle":"Update ClearCommand.java","messageBody":"","fileTypesAndContributionMap":{"functional-code":{"insertions":13,"deletions":2}}},{"hash":"e071ce4e7ffec7836e15c86a390a7752360c0449","messageTitle":"Update WarningWindow.java","messageBody":"","fileTypesAndContributionMap":{"functional-code":{"insertions":5,"deletions":7}}},{"hash":"6ddbfb329fe5a6909fce99451e595daa8611d714","messageTitle":"Update WarningWindow.java","messageBody":"","fileTypesAndContributionMap":{"functional-code":{"insertions":5,"deletions":2}}}]},{"date":"2021-10-24","commitResults":[{"hash":"9399d032f9b09f75ff70aebc3f7ffedb5bcb376a","messageTitle":"Update new GUI feature","messageBody":"Added new classes and  their respective new  fxml files\n1. userInfo\n2. modelInfo\n3.TagCard\n4.TagListPanel\n\nModified GUI classes and their respective fxml files.\n1.MainWindow\n2.PersonListPanel\n\nModified certain classes for logical implementations.\n1.Model\n2.Logic\n3.TagInfoCommand\n","fileTypesAndContributionMap":{"functional-code":{"insertions":500,"deletions":22}}},{"hash":"188503d9b7f8329c829bdbfb464e46e3694d571f","messageTitle":"Update syntax errors to pass CI test","messageBody":"","fileTypesAndContributionMap":{"functional-code":{"insertions":92,"deletions":69},"test-code":{"insertions":6,"deletions":1}}},{"hash":"82d89866123f6e8789bb0df5b23aae3f72b71309","messageTitle":"Update TagListPanel.fxml","messageBody":"","fileTypesAndContributionMap":{"functional-code":{"insertions":1,"deletions":1}}},{"hash":"2c0797f0f99e10191c08406b1e6c229d45950d96","messageTitle":"Update TagListPanel.fxml","messageBody":"","fileTypesAndContributionMap":{"functional-code":{"insertions":1,"deletions":1}}},{"hash":"35ccab8837157160c11ecbea151c1d30055ff1a9","messageTitle":"updated clear command","messageBody":"","fileTypesAndContributionMap":{"functional-code":{"insertions":1060,"deletions":5}}}]},{"date":"2021-10-26","commitResults":[{"hash":"c44c4ea083dfff8426357f5e9e3c23f4779e3101","messageTitle":"updated syntax errors","messageBody":"","fileTypesAndContributionMap":{"functional-code":{"insertions":6,"deletions":1061}}},{"hash":"b9417ee0da8f1e7ef4babf1a801b7b0815de4528","messageTitle":"Update UserInfo.java","messageBody":"","fileTypesAndContributionMap":{"functional-code":{"insertions":2,"deletions":5}}}]},{"date":"2021-10-27","commitResults":[{"hash":"11415d6068ded1159468c9dbb6706d2af301eacd","messageTitle":"updated GUI design","messageBody":"1. \"Good day to you too!\". This text changed to \"Welcome to WedFast!\"\n\n2. Model Info text aligned to the center instead of left.\n\n3. \"people in charge\" changed to “people in your contacts\"?\n\n4. UserInfo date changed to yellow colour.\n\n5. ModelInfo description changed to white colour\n\n6. \"All the command feedback/result will be displayed here\" is added as default to feedback box\n\n7. feedback box shifted to right above the command box instead of in between the info bar(greeting, #people incharge, countdown) and tags and contacts.\n\n8. Make the app size fixed\n","fileTypesAndContributionMap":{"functional-code":{"insertions":19,"deletions":24}}},{"hash":"ecf981dbf0e36c3ebe9f60a703289aded94effca","messageTitle":"final update","messageBody":"","fileTypesAndContributionMap":{"functional-code":{"insertions":11,"deletions":8}}},{"hash":"70d8e37e1d102dccadff09aeec30451dffdb1943","messageTitle":"Update TagCard.java","messageBody":"","fileTypesAndContributionMap":{"functional-code":{"insertions":1,"deletions":1}}}]},{"date":"2021-10-28","commitResults":[{"hash":"c6960df7caca9a55786bbef6d07cfd6763a051a0","messageTitle":"updated GUI","messageBody":"1. No longer state invalid for negative wedding date. New display is in place\n\n2. ResultDisplay is now extends to fit the height of the app\n","fileTypesAndContributionMap":{"functional-code":{"insertions":11,"deletions":8}}}]}],"Linda124":[{"date":"2021-09-25","commitResults":[{"hash":"6c45354a7efab1acdb35f55d454e244761c98f43","messageTitle":"Update DeveloperGuide.md","messageBody":"","fileTypesAndContributionMap":{"docs":{"insertions":25,"deletions":11}}},{"hash":"d65c3e14ee6a64220a9ef86a3bd3ba10aacef70c","messageTitle":"Update DeveloperGuide.md","messageBody":"","fileTypesAndContributionMap":{"docs":{"insertions":1,"deletions":1}}},{"hash":"efa2910bf4877abc105205ff041e51ba3803bcfc","messageTitle":"Update AboutUs.md","messageBody":"","fileTypesAndContributionMap":{"docs":{"insertions":2,"deletions":2}}}]},{"date":"2021-09-30","commitResults":[{"hash":"bc4b5b8feb2ea2e5acd2b340caab5bc7785eed96","messageTitle":"Add track, edit contact and add contact features.","messageBody":"","fileTypesAndContributionMap":{"docs":{"insertions":17,"deletions":28}}}]},{"date":"2021-10-05","commitResults":[{"hash":"3915b3767800013f0edd107a4462fc562b1968ed","messageTitle":"Add edit to track","messageBody":"","fileTypesAndContributionMap":{"docs":{"insertions":1,"deletions":1}}},{"hash":"6a51648fe107600d1444af4a813cc9791b16a4b9","messageTitle":"Add edits to track","messageBody":"","fileTypesAndContributionMap":{"docs":{"insertions":1,"deletions":1}}},{"hash":"71ff143167c60bd364df4115f9aedfa82732ce8c","messageTitle":"Add minor edit to track","messageBody":"","fileTypesAndContributionMap":{"docs":{"insertions":1,"deletions":1}}}]},{"date":"2021-10-07","commitResults":[{"hash":"7ea99ed727a7998662de98edde140d9b250e9668","messageTitle":"Add color,font and icon","messageBody":"","fileTypesAndContributionMap":{"functional-code":{"insertions":50,"deletions":50}}}]},{"date":"2021-10-08","commitResults":[{"hash":"61dd75d0b2c86e69e22f92883ef508d9f519dde1","messageTitle":"Add amendments to font,color and icon","messageBody":"","fileTypesAndContributionMap":{"functional-code":{"insertions":498,"deletions":35},"docs":{"insertions":52,"deletions":16},"test-code":{"insertions":292,"deletions":39}}},{"hash":"19cc3275f781d567f8620632e9bddc066f7a30d6","messageTitle":"Add testing","messageBody":"","fileTypesAndContributionMap":{"functional-code":{"insertions":51,"deletions":51}}},{"hash":"4ce5915f572c7cfa3f3cf1dd8bbb4d897e59c0f2","messageTitle":"Add wedding icon","messageBody":"","fileTypesAndContributionMap":{"functional-code":{"insertions":2,"deletions":2}}},{"hash":"77394ca30ee69a7782f8bc1a293c4da73db29d79","messageTitle":"Add color and change font size","messageBody":"","fileTypesAndContributionMap":{"functional-code":{"insertions":19,"deletions":19}}},{"hash":"469d4065775ba2718284ba20b6bf7f9def8230e2","messageTitle":"Add changes to font size and color","messageBody":"","fileTypesAndContributionMap":{"functional-code":{"insertions":4,"deletions":4}}},{"hash":"ba501146465aad757aa0745f0741de5543f8fcfe","messageTitle":"Add new font","messageBody":"","fileTypesAndContributionMap":{"functional-code":{"insertions":32,"deletions":32}}},{"hash":"8ecbff45cd97af4d322600f41bce93640f9374c3","messageTitle":"Add changes to new font","messageBody":"","fileTypesAndContributionMap":{"functional-code":{"insertions":1,"deletions":1}}},{"hash":"3d8050e8b62ae3c9c5ff79a592a9c040a255ce27","messageTitle":"Add changes to edit functionality for price and important information","messageBody":"","fileTypesAndContributionMap":{"functional-code":{"insertions":10,"deletions":7}}},{"hash":"36ee94e3a95f731dec28d77bf4d4ce08ae809898","messageTitle":"Add further changes to edit functionality for price and important information","messageBody":"","fileTypesAndContributionMap":{"functional-code":{"insertions":7,"deletions":1}}},{"hash":"10ebead01168453f17fd8cff12e4b726f0c41974","messageTitle":"Add ammendments to edit function","messageBody":"","fileTypesAndContributionMap":{"functional-code":{"insertions":2,"deletions":1}}},{"hash":"19b7eab5901a577046b76b7779bb588047863fe5","messageTitle":"Add more ammendments to edit function","messageBody":"","fileTypesAndContributionMap":{"functional-code":{"insertions":1,"deletions":2}}},{"hash":"71cba1165331edac6f5f541468d9a36c2cbbc446","messageTitle":"Add more ammendments according to checkstyle","messageBody":"","fileTypesAndContributionMap":{"functional-code":{"insertions":1,"deletions":1}}},{"hash":"b29a9755e29c675508641883f5ae3d783d7f037f","messageTitle":"Add ammendments according to tests","messageBody":"","fileTypesAndContributionMap":{"test-code":{"insertions":1,"deletions":1}}},{"hash":"504fa558998022dabc4f33f34a49c47e9410abd1","messageTitle":"Add icon,font,color and edit function","messageBody":"","fileTypesAndContributionMap":{"functional-code":{"insertions":1,"deletions":1}}}]},{"date":"2021-10-12","commitResults":[{"hash":"1afb1345774000258c2738d379e8606b3be86408","messageTitle":"Add delete by tag","messageBody":"","fileTypesAndContributionMap":{"functional-code":{"insertions":108,"deletions":6}}},{"hash":"c1fc911cba141b91e7c3698a5e33f2e3345b65cc","messageTitle":"Add minor changes to code","messageBody":"","fileTypesAndContributionMap":{"functional-code":{"insertions":11,"deletions":12}}},{"hash":"2d7efca3fff4fda6d3091b42ca01efb0e5768745","messageTitle":"Add minor fix to code","messageBody":"","fileTypesAndContributionMap":{"functional-code":{"insertions":2,"deletions":2}}},{"hash":"20b108b098aec8316b42c475783e35d2c11a39a9","messageTitle":"Add fix","messageBody":"","fileTypesAndContributionMap":{"functional-code":{"insertions":2,"deletions":2}}},{"hash":"6323e1d3a3f54c86de535db2b9f4d020c6327a58","messageTitle":"Add fix to code","messageBody":"","fileTypesAndContributionMap":{"functional-code":{"insertions":3,"deletions":3}}}]},{"date":"2021-10-13","commitResults":[{"hash":"263f283edf3ca1ec69d3a72b89a9fca2f70c7726","messageTitle":"Add changes to import statement","messageBody":"","fileTypesAndContributionMap":{"functional-code":{"insertions":3,"deletions":3}}},{"hash":"90cfa9ad2871bc0845e769d161c18d8f6cfde104","messageTitle":"Add changes to import statement and code","messageBody":"","fileTypesAndContributionMap":{"functional-code":{"insertions":2,"deletions":6}}},{"hash":"0eec89d1eb80eb8e0b0443a92706d32d1d07a969","messageTitle":"Add changes to fix checkstyle","messageBody":"","fileTypesAndContributionMap":{"functional-code":{"insertions":0,"deletions":3}}}]},{"date":"2021-10-21","commitResults":[{"hash":"a0485ef7bf52b1b1fd8a4c347cab094ac817baa1","messageTitle":"Add report functionality","messageBody":"","fileTypesAndContributionMap":{"functional-code":{"insertions":186,"deletions":5},"test-code":{"insertions":7,"deletions":7}}},{"hash":"c34af1b1409977d44493bd2832533e5b9f1c2cb8","messageTitle":"Add report function","messageBody":"","fileTypesAndContributionMap":{"functional-code":{"insertions":1244,"deletions":22},"other":{"insertions":1,"deletions":1},"docs":{"insertions":210,"deletions":14},"test-code":{"insertions":83,"deletions":23}}},{"hash":"5f646f5a2717e11794668ab70650b3c7ab302238","messageTitle":"Add changes to tests","messageBody":"","fileTypesAndContributionMap":{"functional-code":{"insertions":1,"deletions":0},"test-code":{"insertions":2,"deletions":2}}}]},{"date":"2021-10-22","commitResults":[{"hash":"ac0637ca7af64e945a6ec78cc96c0adfa71c8fe2","messageTitle":"Add modifications to report command","messageBody":"","fileTypesAndContributionMap":{"functional-code":{"insertions":31,"deletions":45}}},{"hash":"702db04b826439b5ba4fe2501f9ecf43a3bf8932","messageTitle":"Add more modifications to report command","messageBody":"","fileTypesAndContributionMap":{"functional-code":{"insertions":12,"deletions":12}}},{"hash":"2b433bc349985e3a35e145fe4905720d5fb7bdc2","messageTitle":"Add small modification to report command","messageBody":"","fileTypesAndContributionMap":{"functional-code":{"insertions":2,"deletions":2}}},{"hash":"efc00abe03b0d30c263872309109a8cb6efdd4a1","messageTitle":"Add small modification to report command","messageBody":"","fileTypesAndContributionMap":{"functional-code":{"insertions":1,"deletions":1}}}]},{"date":"2021-10-25","commitResults":[{"hash":"8c6c59b93540de7d301db27cfd344978745d5f75","messageTitle":"Create popup for report function","messageBody":"","fileTypesAndContributionMap":{"functional-code":{"insertions":129,"deletions":16}}},{"hash":"8c1ee24ad1bb5d69ed07ca41915213324ee6544c","messageTitle":"Modify popup for report function","messageBody":"","fileTypesAndContributionMap":{"functional-code":{"insertions":9,"deletions":29},"test-code":{"insertions":7,"deletions":7}}},{"hash":"4b736c0bd5f052c66e01d42b312e35fd0d03497a","messageTitle":"Add modification to main window","messageBody":"","fileTypesAndContributionMap":{"functional-code":{"insertions":0,"deletions":1}}},{"hash":"f4174b8c6a9a031699b4e89b300dbad4d4f592ac","messageTitle":"Add modification to tests","messageBody":"","fileTypesAndContributionMap":{"test-code":{"insertions":1,"deletions":1}}},{"hash":"6081e21b7ff1bc2e8054cb36a6e9d0c0a6f3526e","messageTitle":"Add small change","messageBody":"","fileTypesAndContributionMap":{"functional-code":{"insertions":0,"deletions":1}}},{"hash":"4b05677cfa255fcdc4ac97b7a7ca9cec4fb2f1cc","messageTitle":"Add small change to styling","messageBody":"","fileTypesAndContributionMap":{"functional-code":{"insertions":0,"deletions":1}}}]},{"date":"2021-10-26","commitResults":[{"hash":"045969e688192a2c10474a8809cccbf86e62d52c","messageTitle":"Add edit status function and make certain fields optional","messageBody":"","fileTypesAndContributionMap":{"functional-code":{"insertions":39,"deletions":8},"test-code":{"insertions":1,"deletions":1}}},{"hash":"0997ce75035edc264a84e192f1274e5a4c56e307","messageTitle":"Add changes to tests and add command error message","messageBody":"","fileTypesAndContributionMap":{"functional-code":{"insertions":3,"deletions":3},"test-code":{"insertions":1,"deletions":17}}},{"hash":"22bf248edc0c1be063b3956e2d062cf99a20fcb2","messageTitle":"Add clear for delete by tag","messageBody":"","fileTypesAndContributionMap":{"functional-code":{"insertions":19,"deletions":2}}},{"hash":"e58366843edc846b0575ae9c7bad163a2de8726c","messageTitle":"Add total count for report command","messageBody":"","fileTypesAndContributionMap":{"functional-code":{"insertions":50,"deletions":13}}},{"hash":"297d64a9bd392c32f3b5bf48e12e5fc23032cdcb","messageTitle":"Add fixes to styling","messageBody":"","fileTypesAndContributionMap":{"functional-code":{"insertions":2,"deletions":3},"test-code":{"insertions":1,"deletions":1}}}]},{"date":"2021-10-27","commitResults":[{"hash":"fc6a43e4387da368600c8c4597156beb000f88f4","messageTitle":"Add change to report command","messageBody":"","fileTypesAndContributionMap":{"functional-code":{"insertions":293,"deletions":40},"test-code":{"insertions":10,"deletions":0}}},{"hash":"66f2d539cb0e461b1d42a17f0f6122c8efc49479","messageTitle":"Add minor change","messageBody":"","fileTypesAndContributionMap":{"functional-code":{"insertions":1,"deletions":1}}},{"hash":"c449b4df4fdfebc469eb4cec2c890d38fa9d9b3c","messageTitle":"Add changes to prevent checkstyle violations","messageBody":"","fileTypesAndContributionMap":{"functional-code":{"insertions":4,"deletions":4},"test-code":{"insertions":1,"deletions":1}}},{"hash":"1710dac6904f6b837f6f8b0fda957e5a85918964","messageTitle":"Remove uneeded line","messageBody":"","fileTypesAndContributionMap":{"functional-code":{"insertions":15,"deletions":15}}},{"hash":"29c57b81ea11d9c6cc2e95e277dc9b82b29832df","messageTitle":"Remove uneeded line","messageBody":"","fileTypesAndContributionMap":{"functional-code":{"insertions":14,"deletions":15}}}]},{"date":"2021-10-28","commitResults":[{"hash":"6ab69c14ec4f91293620097387fcac0436f0665e","messageTitle":"Add small modification to undo","messageBody":"","fileTypesAndContributionMap":{"functional-code":{"insertions":2,"deletions":1}}},{"hash":"9cae89676a7b093e36a049624433ff9034388636","messageTitle":"Add warning window for clear","messageBody":"","fileTypesAndContributionMap":{"functional-code":{"insertions":272,"deletions":36}}},{"hash":"53f11c5597ee5b5144f7adc6bbe9afa6b2a31460","messageTitle":"Add changes for checkstyle","messageBody":"","fileTypesAndContributionMap":{"functional-code":{"insertions":27,"deletions":31}}},{"hash":"684858f230e19de83666edbc56df2373821afa75","messageTitle":"Remove whitespaces","messageBody":"","fileTypesAndContributionMap":{"functional-code":{"insertions":0,"deletions":2}}},{"hash":"0ac80dd875cd41346b0ad64e94f2dab35de58df9","messageTitle":"Add a few style changes","messageBody":"","fileTypesAndContributionMap":{"functional-code":{"insertions":6,"deletions":6}}},{"hash":"157c1302044d5c39778d50de47ad2e9fcfa3bc06","messageTitle":"Add small modification to code","messageBody":"","fileTypesAndContributionMap":{"functional-code":{"insertions":1,"deletions":1}}}]},{"date":"2021-10-29","commitResults":[{"hash":"8557f14c15868cdebc898953db2f78d514c8a8d0","messageTitle":"Update user guide","messageBody":"","fileTypesAndContributionMap":{"docs":{"insertions":16,"deletions":23}}},{"hash":"273e9b957e7ebb97282c22489097a076afe702e1","messageTitle":"Add change to clear","messageBody":"","fileTypesAndContributionMap":{"functional-code":{"insertions":7,"deletions":24}}},{"hash":"47b05150e05fd60f7e18ca7032751ceda51b4862","messageTitle":"Add change to imports","messageBody":"","fileTypesAndContributionMap":{"functional-code":{"insertions":0,"deletions":3}}},{"hash":"9d643d2c1b53f4d46fe9de138946028b3e7a715a","messageTitle":"Add change to report","messageBody":"","fileTypesAndContributionMap":{"docs":{"insertions":7,"deletions":17}}},{"hash":"c6049de301d3485b83e85fbc3f654f9942a6588b","messageTitle":"Update changes to user guide","messageBody":"","fileTypesAndContributionMap":{"docs":{"insertions":1,"deletions":3}}}]}],"DesmondTo":[{"date":"2021-09-19","commitResults":[{"hash":"9483ff91270959c3cb0bc38fb920fb316bc7f9cc","messageTitle":"Update build status badge","messageBody":"","fileTypesAndContributionMap":{"docs":{"insertions":1,"deletions":1}}},{"hash":"c2401408218574a16264e6b6b3885fc56d807588","messageTitle":"Acknowledge the original source","messageBody":"","fileTypesAndContributionMap":{"docs":{"insertions":2,"deletions":0}}},{"hash":"8a44129ada91fdd74c97277e81fdd29cf8c64a37","messageTitle":"Update About Us","messageBody":"","fileTypesAndContributionMap":{"docs":{"insertions":2,"deletions":2}}}]},{"date":"2021-09-25","commitResults":[{"hash":"e8b45e7c563a02fb2cc8599d0951a71d1eec5142","messageTitle":"Update README","messageBody":"","fileTypesAndContributionMap":{"docs":{"insertions":13,"deletions":9}}}]},{"date":"2021-09-27","commitResults":[{"hash":"a8fdb891f4bfcbbf45572abc8ef39b700c47639b","messageTitle":"UserGuide: Remove traces of AB3, update features","messageBody":"","fileTypesAndContributionMap":{"docs":{"insertions":47,"deletions":30}}},{"hash":"76ab7dc655890aec232797595218123a6f6bc8f5","messageTitle":"DeveloperGuide: Update use case","messageBody":"","fileTypesAndContributionMap":{"docs":{"insertions":38,"deletions":17}}}]},{"date":"2021-09-29","commitResults":[{"hash":"edbb4cbf08354291c6d717f0c7c5167390ddc9da","messageTitle":"DeveloperGuide: Refine use case, NFR","messageBody":"","fileTypesAndContributionMap":{"docs":{"insertions":21,"deletions":17}}}]},{"date":"2021-09-30","commitResults":[{"hash":"7bdc015e7562457460d35b00f52e47bf7d2d98f2","messageTitle":"DeveloperGuide: Update product scope","messageBody":"","fileTypesAndContributionMap":{"docs":{"insertions":7,"deletions":5}}}]},{"date":"2021-10-06","commitResults":[{"hash":"571b76cd1b06c1b53690bf179f7e959c41168779","messageTitle":"Delete Command: Add support for delete by name","messageBody":"","fileTypesAndContributionMap":{"functional-code":{"insertions":96,"deletions":5},"test-code":{"insertions":2,"deletions":1}}}]},{"date":"2021-10-07","commitResults":[{"hash":"63d9da12af063275071405597a89c9a106eb5dfe","messageTitle":"Add support for deletion by name containing number","messageBody":"","fileTypesAndContributionMap":{"functional-code":{"insertions":28,"deletions":12}}},{"hash":"05451a80158bd166bc76656211750f274442fe68","messageTitle":"Remove redundant line","messageBody":"","fileTypesAndContributionMap":{"functional-code":{"insertions":0,"deletions":1}}}]},{"date":"2021-10-10","commitResults":[{"hash":"c74c2ffda986fbf2c64be3f3ccd0b8bd21238b16","messageTitle":"StringUtil: Update JavaDoc","messageBody":"","fileTypesAndContributionMap":{"functional-code":{"insertions":4,"deletions":4}}},{"hash":"e504db16c364d5d6811cc843a6ea8cac2fe3891d","messageTitle":"ModelManager: Resolve Java coding style violation","messageBody":"","fileTypesAndContributionMap":{"functional-code":{"insertions":3,"deletions":1}}},{"hash":"4ce8416ba94b647a5664efd8c376cf2718072c8f","messageTitle":"Countdown: Handle file initiation","messageBody":"","fileTypesAndContributionMap":{"functional-code":{"insertions":133,"deletions":4}}},{"hash":"a44de3ba93b10ca037d591d62662770ddd647a3f","messageTitle":"Countdown: Implement file reading and writing","messageBody":"","fileTypesAndContributionMap":{"functional-code":{"insertions":103,"deletions":5}}},{"hash":"7a31a1680e5aa89881c57cc295761dcb19b30215","messageTitle":"Countdown: Implement Countdown classes","messageBody":"","fileTypesAndContributionMap":{"functional-code":{"insertions":63,"deletions":0}}},{"hash":"833624c7eaaaf3f191fd387bab7475f83975ec46","messageTitle":"Countdown: Add support for JSON formatting","messageBody":"","fileTypesAndContributionMap":{"functional-code":{"insertions":178,"deletions":0}}},{"hash":"7a6109a73668e7225cf9d7ad5452dd0346d4bffc","messageTitle":"Countdown: Implement command logic","messageBody":"","fileTypesAndContributionMap":{"functional-code":{"insertions":69,"deletions":0}}},{"hash":"a613c7f14da8f5843e53559b3f363a3dac4450c7","messageTitle":"Countdown: Implement file reading and writing","messageBody":"","fileTypesAndContributionMap":{"functional-code":{"insertions":11,"deletions":1}}},{"hash":"df206928526a30b8da4aacb270bad45392760f8f","messageTitle":"Countdown: Update JUnit tests","messageBody":"","fileTypesAndContributionMap":{"test-code":{"insertions":97,"deletions":23}}}]},{"date":"2021-10-12","commitResults":[{"hash":"2d7820825fefd51663a05a6166c678c079da6c93","messageTitle":"Update JavaDoc","messageBody":"","fileTypesAndContributionMap":{"functional-code":{"insertions":7,"deletions":1}}},{"hash":"6259c49655b054e63301e456709e67a98120c7e0","messageTitle":"Add line","messageBody":"","fileTypesAndContributionMap":{"functional-code":{"insertions":1,"deletions":0}}}]},{"date":"2021-10-16","commitResults":[{"hash":"ce86ecc11ca0e02e767c9ef1b4ed876aa1810b7c","messageTitle":"Enable assertions in gradle file","messageBody":"","fileTypesAndContributionMap":{"other":{"insertions":4,"deletions":0}}},{"hash":"b62cfb3fc0e897616d97385bb8caed2350cf9fb7","messageTitle":"JAR: Update version and JAR file name","messageBody":"","fileTypesAndContributionMap":{"functional-code":{"insertions":1,"deletions":1},"other":{"insertions":1,"deletions":1}}}]},{"date":"2021-10-17","commitResults":[{"hash":"12b422e9252404e6065ec04b40446d14eaa6b3e9","messageTitle":"Remove unused variable","messageBody":"","fileTypesAndContributionMap":{"functional-code":{"insertions":0,"deletions":2}}},{"hash":"b1ede6bdf8d42deaf67222cfd82612e053dfeef9","messageTitle":"Parser: Add price command parser","messageBody":"","fileTypesAndContributionMap":{"functional-code":{"insertions":40,"deletions":0}}},{"hash":"05b7af3184aa2b0c575474b3cfd280af59721a41","messageTitle":"Implement PriceCommand class","messageBody":"","fileTypesAndContributionMap":{"functional-code":{"insertions":70,"deletions":0}}},{"hash":"00a5a9623411cc5a00f588eec2564fe216cceb7f","messageTitle":"Price: Add type conversion method","messageBody":"","fileTypesAndContributionMap":{"functional-code":{"insertions":4,"deletions":0}}},{"hash":"b34fad3e8d5c82a652fcd57710633f09fe5d302c","messageTitle":"Remove redundant parameter","messageBody":"","fileTypesAndContributionMap":{"functional-code":{"insertions":2,"deletions":2}}},{"hash":"8a4342d67894c1d65d7d66248775c36dc3aa43ec","messageTitle":"Resolve java coding style violation","messageBody":"","fileTypesAndContributionMap":{"functional-code":{"insertions":1,"deletions":0}}}]},{"date":"2021-10-19","commitResults":[{"hash":"cee32129d4add5a940abca821c500f1fd2f747c7","messageTitle":"Update developer guide","messageBody":"","fileTypesAndContributionMap":{"docs":{"insertions":47,"deletions":0}}},{"hash":"788af31987b42ae9006415109f9e77b96fe1025b","messageTitle":"Update assertion","messageBody":"","fileTypesAndContributionMap":{"functional-code":{"insertions":1,"deletions":1}}},{"hash":"5e661b067cdd8723bc1ba281146198bfb9656284","messageTitle":"Add status checking before sum","messageBody":"","fileTypesAndContributionMap":{"functional-code":{"insertions":12,"deletions":4}}},{"hash":"8e22104e1bfde5ccc798d7edd517e8e7f007fd3c","messageTitle":"Add error message for invalid argument","messageBody":"","fileTypesAndContributionMap":{"functional-code":{"insertions":7,"deletions":0}}},{"hash":"f2f1c5c783a500f980ecda00b3125c04df27d86a","messageTitle":"Resolve Java coding style violation","messageBody":"","fileTypesAndContributionMap":{"functional-code":{"insertions":2,"deletions":2}}},{"hash":"6952f122a4c101284161326127ac643dcbd76f11","messageTitle":"Update execute method","messageBody":"","fileTypesAndContributionMap":{"functional-code":{"insertions":34,"deletions":11}}},{"hash":"1a83a680d0f26e2a52006cb4be4064431a897e93","messageTitle":"Add assertion and comment","messageBody":"","fileTypesAndContributionMap":{"functional-code":{"insertions":3,"deletions":1}}}]},{"date":"2021-10-20","commitResults":[{"hash":"f533900596fc21d3287cb721c51ca4e868960bf9","messageTitle":"Implement status checking class","messageBody":"","fileTypesAndContributionMap":{"functional-code":{"insertions":32,"deletions":0}}},{"hash":"c4d255bee54e79f0ae70cc813b6123ead632be66","messageTitle":"Implement status checking method","messageBody":"","fileTypesAndContributionMap":{"functional-code":{"insertions":7,"deletions":0}}},{"hash":"2c5efc34977ac162c67a1572d7c387193e4b2ba2","messageTitle":"Add support for price sum of multiple tags","messageBody":"","fileTypesAndContributionMap":{"functional-code":{"insertions":15,"deletions":5}}},{"hash":"ff4ca59df0c4647f317d170d7beb7cf51629180e","messageTitle":"PriceCommand: Refactor code","messageBody":"","fileTypesAndContributionMap":{"functional-code":{"insertions":53,"deletions":40}}},{"hash":"3f9a7adabad05263bb931d5360240398ac9243d6","messageTitle":"DeveloperGuide: Update implementation","messageBody":"","fileTypesAndContributionMap":{"docs":{"insertions":26,"deletions":26}}},{"hash":"4bc55ff0b94e4b21344e0afda81e90faa60e007d","messageTitle":"Correct color code","messageBody":"","fileTypesAndContributionMap":{"docs":{"insertions":1,"deletions":1}}},{"hash":"4390fd29c377cc402eb5e005f386876e25633927","messageTitle":"Create PUML files for delete-by-name diagrams","messageBody":"","fileTypesAndContributionMap":{"docs":{"insertions":137,"deletions":0}}},{"hash":"26b5c3ac7bfb1a8002496afdac2e406ad2ec8c46","messageTitle":"Remove trailing whitespaces","messageBody":"","fileTypesAndContributionMap":{"docs":{"insertions":5,"deletions":5}}},{"hash":"3b5dcb6e7d3239d79fc09634815de7c8c6621143","messageTitle":"UserGuide: Update delete command syntax","messageBody":"","fileTypesAndContributionMap":{"docs":{"insertions":10,"deletions":10}}},{"hash":"f54d610ae40875f205808770e19870f491021ee3","messageTitle":"Add newline at EOF","messageBody":"","fileTypesAndContributionMap":{"docs":{"insertions":4,"deletions":4}}}]},{"date":"2021-10-23","commitResults":[{"hash":"6f3aea8ab028a8bf7a9ac5cf1de7c1a7df6f18d1","messageTitle":"Update the table of content","messageBody":"","fileTypesAndContributionMap":{"docs":{"insertions":82,"deletions":68}}},{"hash":"efdf3b451750233916e06f45536c7439148cbf85","messageTitle":"Overload constructor and update method","messageBody":"","fileTypesAndContributionMap":{"functional-code":{"insertions":9,"deletions":4}}},{"hash":"05a8e8a5d343a2001c046b0db50528305efd0f87","messageTitle":"Remove redundant variable","messageBody":"","fileTypesAndContributionMap":{"functional-code":{"insertions":1,"deletions":4}}},{"hash":"dfa968afa94427340ecf490a033e92681839a343","messageTitle":"Add price sum report","messageBody":"","fileTypesAndContributionMap":{"functional-code":{"insertions":34,"deletions":5}}},{"hash":"30def6b169a9cd0fda9230fb773a131e3243705a","messageTitle":"Add Javadoc","messageBody":"","fileTypesAndContributionMap":{"functional-code":{"insertions":3,"deletions":0}}},{"hash":"dff12dc34c25b8bad1034460ceaa01ff75d0117c","messageTitle":"Remove redundant whitespace","messageBody":"","fileTypesAndContributionMap":{"functional-code":{"insertions":1,"deletions":1}}},{"hash":"7e8fb79f3105e03e10c24d85645339b0d3a0f753","messageTitle":"Revert commit back to price report implementation","messageBody":"","fileTypesAndContributionMap":{"functional-code":{"insertions":4,"deletions":12}}},{"hash":"236fef30d6d3669cbbd05fac44d26ad617d4635b","messageTitle":"Overload constructor and update method","messageBody":"","fileTypesAndContributionMap":{"functional-code":{"insertions":12,"deletions":4}}},{"hash":"71a254c08703146fbe2558e2527ebbe652cdf781","messageTitle":"Add price sum report","messageBody":"","fileTypesAndContributionMap":{"functional-code":{"insertions":34,"deletions":6}}},{"hash":"1ac8c4d7f63deb74f8ca2d2364a0e39cd64ee2a2","messageTitle":"Remove redundant variable","messageBody":"","fileTypesAndContributionMap":{"functional-code":{"insertions":1,"deletions":4}}},{"hash":"965fa433aacebc4bcc8a75077cd0a0797447fd1c","messageTitle":"Undo price report integration","messageBody":"","fileTypesAndContributionMap":{"functional-code":{"insertions":5,"deletions":34}}}]},{"date":"2021-10-24","commitResults":[{"hash":"a79c5581987501df40da4c538b14fc3d0828a1b9","messageTitle":"UserGuide: Update major layout","messageBody":"","fileTypesAndContributionMap":{"docs":{"insertions":225,"deletions":118}}},{"hash":"dfe80d0995b77a78855064521a6d5d4059400047","messageTitle":"Remove redundant symbol in link","messageBody":"","fileTypesAndContributionMap":{"docs":{"insertions":2,"deletions":2}}},{"hash":"be16ca8b6ec6d40e02842db011be65be08163926","messageTitle":"Add division line","messageBody":"","fileTypesAndContributionMap":{"docs":{"insertions":2,"deletions":0}}},{"hash":"28462c2516b71e4659e464429e5aedf85d298269","messageTitle":"Bold part of the product description","messageBody":"","fileTypesAndContributionMap":{"docs":{"insertions":4,"deletions":5}}},{"hash":"3c82929c0719adaa46d25af6d1ddfe111b7a0bb3","messageTitle":"Use better term for product description","messageBody":"","fileTypesAndContributionMap":{"docs":{"insertions":1,"deletions":1}}},{"hash":"46304ff1c408f13d59ae91cbefae6d74c13032aa","messageTitle":"Update command summary","messageBody":"","fileTypesAndContributionMap":{"docs":{"insertions":21,"deletions":15}}},{"hash":"62823d69da40b9b6fbddf1371e46c5246997691d","messageTitle":"Add heading for report feature","messageBody":"","fileTypesAndContributionMap":{"docs":{"insertions":3,"deletions":0}}},{"hash":"5e2224a8ae7d856f969d18ca199bdfdd331a26d9","messageTitle":"UserGuide: Update major layout","messageBody":"","fileTypesAndContributionMap":{"docs":{"insertions":215,"deletions":100}}},{"hash":"3ba1f7a7f5b68656865d0ae8f1df96aa24efa2f4","messageTitle":"Remove product name from the link","messageBody":"","fileTypesAndContributionMap":{"docs":{"insertions":2,"deletions":2}}},{"hash":"731cff79b444e8468b0075013fc51293b3669861","messageTitle":"Implement method to validate date string","messageBody":"","fileTypesAndContributionMap":{"functional-code":{"insertions":18,"deletions":0}}},{"hash":"737ea6a45d527f530147db149a4d0671a6979a28","messageTitle":"Update argument","messageBody":"","fileTypesAndContributionMap":{"functional-code":{"insertions":1,"deletions":1}}},{"hash":"6d1704d825d04bbd88de4ac325cbc5bf93e055ae","messageTitle":"Add date string validation","messageBody":"","fileTypesAndContributionMap":{"functional-code":{"insertions":11,"deletions":5}}},{"hash":"2c9e653f26821d5fc1b9fcc9e5a54c708b884c59","messageTitle":"Update countdown command implementation","messageBody":"","fileTypesAndContributionMap":{"functional-code":{"insertions":44,"deletions":8}}},{"hash":"95b30ca13bc914295dc60b26f1ab029b97ba9039","messageTitle":"Implement static method for returning countdown","messageBody":"","fileTypesAndContributionMap":{"functional-code":{"insertions":11,"deletions":0}}}]},{"date":"2021-10-26","commitResults":[{"hash":"3eb2ae33706b74df67d9594f56124faf9ff9369a","messageTitle":"User Guide: Update content","messageBody":"","fileTypesAndContributionMap":{"docs":{"insertions":332,"deletions":306}}},{"hash":"339294cebbfcdf2d5ce1485488a0696ac3db638b","messageTitle":"Update page break","messageBody":"","fileTypesAndContributionMap":{"docs":{"insertions":3,"deletions":0}}},{"hash":"3d5ec8d05de83036d051eb1368563bc7f1b5fd78","messageTitle":"Remove trailing whitespaces and add line at EOF","messageBody":"","fileTypesAndContributionMap":{"docs":{"insertions":22,"deletions":22}}},{"hash":"50bf7d6ca326b754921c4b688617e6bc48c30dec","messageTitle":"Remove else statements","messageBody":"","fileTypesAndContributionMap":{"functional-code":{"insertions":15,"deletions":8}}},{"hash":"739dc5f9bf8693d1eaae8410e9e28fda2720b5e8","messageTitle":"Remove trailing whitespaces","messageBody":"","fileTypesAndContributionMap":{"functional-code":{"insertions":0,"deletions":1}}}]},{"date":"2021-10-28","commitResults":[{"hash":"0eba819fd882f33f0add6aea2ba9d4cd0ed0fb62","messageTitle":"Correct grammar","messageBody":"","fileTypesAndContributionMap":{"docs":{"insertions":1,"deletions":1}}},{"hash":"a5beb57ed3e36bdb1abb94ba43fa9ebda571a16d","messageTitle":"UserGuide: Update feature details","messageBody":"","fileTypesAndContributionMap":{"docs":{"insertions":83,"deletions":75}}},{"hash":"b6d350fd7f5627145cb691bfaa1c020b4c871752","messageTitle":"Add more FAQ","messageBody":"","fileTypesAndContributionMap":{"docs":{"insertions":2,"deletions":0}}}]},{"date":"2021-10-29","commitResults":[{"hash":"47ec24aa6c6d6858cb9d0223e75f23dac51a08c8","messageTitle":"Remove redundant caution  block","messageBody":"","fileTypesAndContributionMap":{"docs":{"insertions":4,"deletions":10}}},{"hash":"8ab16bf8bcf584d74da465ceb29984991e5fba89","messageTitle":"Update User Guide","messageBody":"","fileTypesAndContributionMap":{"docs":{"insertions":1,"deletions":1}}},{"hash":"aa1b3a0649fa278838bc5f18e8f77a8a43ade1c0","messageTitle":"Update landing page","messageBody":"","fileTypesAndContributionMap":{"docs":{"insertions":3,"deletions":3}}},{"hash":"ef576b1c3459cf2ebf7cd29a2bffb115dcff0df1","messageTitle":"Update app version","messageBody":"","fileTypesAndContributionMap":{"functional-code":{"insertions":1,"deletions":1}}},{"hash":"87a1bbd70af181c067e3977936fdd24d2be7af2c","messageTitle":"Update add contact screenshot","messageBody":"","fileTypesAndContributionMap":{"docs":{"insertions":1,"deletions":1}}},{"hash":"a96fc09372e7ca2287d353c74da9ce98213a8217","messageTitle":"Update UG","messageBody":"","fileTypesAndContributionMap":{"docs":{"insertions":0,"deletions":10}}}]},{"date":"2021-10-31","commitResults":[{"hash":"2df71faf25eff42bbddb5bfd2f38641523c015cc","messageTitle":"Update User Guide based on feedbacks","messageBody":"","fileTypesAndContributionMap":{"docs":{"insertions":94,"deletions":57}}}]},{"date":"2021-11-02","commitResults":[{"hash":"49cd34cfbc886874f4106741dd8e1641a735a1ba","messageTitle":"Add more details on the coming soon features","messageBody":"","fileTypesAndContributionMap":{"docs":{"insertions":6,"deletions":3}}},{"hash":"10c77d49aa5ec1f279a1953d4a1a2c05a46ba963","messageTitle":"Make name matching to be case insensitive","messageBody":"","fileTypesAndContributionMap":{"functional-code":{"insertions":1,"deletions":1}}},{"hash":"e903c224bb83bfbce0511855138fd2b7d4e54bca","messageTitle":"Disallow setting passing day as wedding date","messageBody":"","fileTypesAndContributionMap":{"functional-code":{"insertions":11,"deletions":11}}},{"hash":"887c7ce07b9b870fb4149dab71bdc62d84382320","messageTitle":"Update person test","messageBody":"","fileTypesAndContributionMap":{"test-code":{"insertions":2,"deletions":2}}}]},{"date":"2021-11-04","commitResults":[{"hash":"50c0613789be7295e0ca0b73e2712474e3c71450","messageTitle":"Update add contact screenshot","messageBody":"","fileTypesAndContributionMap":{"docs":{"insertions":1,"deletions":1}}},{"hash":"b6a250b5bffbb2f3e7ec532e95aa88eabff2c74b","messageTitle":"Rename image","messageBody":"","fileTypesAndContributionMap":{"docs":{"insertions":1,"deletions":1}}},{"hash":"94273021e6d8f9449ed5310c5544a63a67e16786","messageTitle":"Update tip for adding contact","messageBody":"","fileTypesAndContributionMap":{"docs":{"insertions":4,"deletions":6}}},{"hash":"132a3b1b49b331ab043864b141c92900249f2f84","messageTitle":"Correct software name","messageBody":"","fileTypesAndContributionMap":{"docs":{"insertions":1,"deletions":1}}},{"hash":"83b8dc8308ca7d7ac291a28e10ccf0b19225a203","messageTitle":"Correct software name","messageBody":"","fileTypesAndContributionMap":{"docs":{"insertions":1,"deletions":1}}},{"hash":"63ea78671c68657d52d4e3e7f4efec077363ea52","messageTitle":"Correct grammatical error","messageBody":"","fileTypesAndContributionMap":{"docs":{"insertions":1,"deletions":1}}},{"hash":"7e27e46e980d4f7ee10e75ceda60ebeabc858f50","messageTitle":"Add next lines","messageBody":"","fileTypesAndContributionMap":{"docs":{"insertions":3,"deletions":0}}}]}],"yin72257":[{"date":"2021-09-23","commitResults":[{"hash":"e88c7d665589b1ebc09eb45e3b84d425d7f6640c","messageTitle":"Update user guide for shortcut and remind","messageBody":"","fileTypesAndContributionMap":{"docs":{"insertions":23,"deletions":9}}}]},{"date":"2021-09-24","commitResults":[{"hash":"c67bcd3d296ecb75feb3126e1317a4d860cb5bd9","messageTitle":"Update about us","messageBody":"","fileTypesAndContributionMap":{"docs":{"insertions":3,"deletions":3}}},{"hash":"3cb4daf6b2c326f5a05b55b14420886f5c48be49","messageTitle":"Add more NFR","messageBody":"","fileTypesAndContributionMap":{"docs":{"insertions":3,"deletions":1}}}]},{"date":"2021-09-25","commitResults":[{"hash":"13b88c207694f52ba0ee45fc49f9d25586e67187","messageTitle":"Update image name","messageBody":"","fileTypesAndContributionMap":{"docs":{"insertions":1,"deletions":1}}}]},{"date":"2021-09-28","commitResults":[{"hash":"6ecd6c66aba859be3274756eadd5c67fbb588166","messageTitle":"Modified user guide","messageBody":"","fileTypesAndContributionMap":{"docs":{"insertions":2,"deletions":2}}}]},{"date":"2021-09-29","commitResults":[{"hash":"037bbfe5380038a2dc28b2c833bb4955e078e228","messageTitle":"Change coming to coming soon","messageBody":"","fileTypesAndContributionMap":{"docs":{"insertions":2,"deletions":2}}}]},{"date":"2021-10-04","commitResults":[{"hash":"57693f1abf7366de113b0476143e3eb8f6026e67","messageTitle":"Change Help url to new repository","messageBody":"","fileTypesAndContributionMap":{"functional-code":{"insertions":1,"deletions":1}}}]},{"date":"2021-10-05","commitResults":[{"hash":"ddcafb5b9df05758910e952f50eff594ea12b911","messageTitle":"Fix Checkstyle too long","messageBody":"","fileTypesAndContributionMap":{"functional-code":{"insertions":2,"deletions":1}}},{"hash":"2a3b44d2e6ad135b6e56c5c2440e960a289cacbc","messageTitle":"Change link to project website","messageBody":"","fileTypesAndContributionMap":{"functional-code":{"insertions":1,"deletions":1}}},{"hash":"5a21042dc543b4ee526aead04f0e527e8c35cca1","messageTitle":"Create tag contains keyword predicate","messageBody":"","fileTypesAndContributionMap":{"functional-code":{"insertions":34,"deletions":0}}},{"hash":"8132948fed8014db6210b718f7a16d2d4864d4e3","messageTitle":"Add parser detection of tag prefix","messageBody":"","fileTypesAndContributionMap":{"functional-code":{"insertions":19,"deletions":4}}},{"hash":"1d79efc1ade20bbdf969c592fa4b5ac2b825b4e4","messageTitle":"Fix imports and syntax","messageBody":"","fileTypesAndContributionMap":{"functional-code":{"insertions":5,"deletions":7}}},{"hash":"39ead6eec8c7235cd5a048e49006b7c9451df12c","messageTitle":"Update find to combine both keywords and tag predicates","messageBody":"","fileTypesAndContributionMap":{"functional-code":{"insertions":39,"deletions":0}}},{"hash":"b503824fb5467f47649d904b0070856e4233bb33","messageTitle":"Add Javadoc for combining predicate","messageBody":"","fileTypesAndContributionMap":{"functional-code":{"insertions":6,"deletions":0}}}]},{"date":"2021-10-07","commitResults":[{"hash":"9ffccc553bb2a8ba81af3cd1cfd1f7fa05f5091c","messageTitle":"Change logic and fix code style","messageBody":"","fileTypesAndContributionMap":{"functional-code":{"insertions":8,"deletions":8}}}]},{"date":"2021-10-11","commitResults":[{"hash":"12edf56417e5830b6b1fef731dcc22aed7b417e8","messageTitle":"Refine predicate logic","messageBody":"","fileTypesAndContributionMap":{"functional-code":{"insertions":37,"deletions":17}}},{"hash":"cb2f92e671b88990a2e412509634ad1829536788","messageTitle":"Move Predicates to new package. Create Price Predicates","messageBody":"","fileTypesAndContributionMap":{"functional-code":{"insertions":110,"deletions":38},"other":{"insertions":6,"deletions":5},"test-code":{"insertions":6,"deletions":5}}},{"hash":"5f973d61efa6a544847f9ebf6756856d81937c90","messageTitle":"Finish logic for price","messageBody":"","fileTypesAndContributionMap":{"functional-code":{"insertions":69,"deletions":13}}},{"hash":"3dced5413e1a47793b407034338dde54bade9b96","messageTitle":"Remove FalsePredicate Fix Style issues Fix testing","messageBody":"","fileTypesAndContributionMap":{"functional-code":{"insertions":36,"deletions":47},"test-code":{"insertions":2,"deletions":2}}}]},{"date":"2021-10-12","commitResults":[{"hash":"e833dd4eac7fd2ed947c55279137cf8ed1eec3e7","messageTitle":"Remove println","messageBody":"","fileTypesAndContributionMap":{"functional-code":{"insertions":0,"deletions":1}}},{"hash":"3cbbd7874fd760fce2b5baffef08c8c3f03445f7","messageTitle":"Fix error parsing logic for price","messageBody":"","fileTypesAndContributionMap":{"functional-code":{"insertions":1,"deletions":2}}},{"hash":"60ec36a706be0656f683c4db7f8ef5ce83d30359","messageTitle":"Create javadoc for public constructor","messageBody":"","fileTypesAndContributionMap":{"functional-code":{"insertions":15,"deletions":3}}}]},{"date":"2021-10-18","commitResults":[{"hash":"cb0499f0f452c930f57c8240376285fd5a6aaaf9","messageTitle":"initiate classes for shortcut","messageBody":"","fileTypesAndContributionMap":{"functional-code":{"insertions":225,"deletions":0}}}]},{"date":"2021-10-19","commitResults":[{"hash":"dff5313cb507fb20aa36ad1a80768543d0954605","messageTitle":"Add logic for json storage","messageBody":"","fileTypesAndContributionMap":{"functional-code":{"insertions":260,"deletions":7}}},{"hash":"14e33b0a53f082660efd4d426b8c141942c3839f","messageTitle":"Resolve storage. Fix storage bugs","messageBody":"","fileTypesAndContributionMap":{"functional-code":{"insertions":160,"deletions":64},"test-code":{"insertions":12,"deletions":8}}},{"hash":"eadc3e854e8a539e9d2ad5ed58b51ca1c648dd59","messageTitle":"Fix reading of shortcut","messageBody":"","fileTypesAndContributionMap":{"functional-code":{"insertions":3,"deletions":3}}},{"hash":"83ee96c4140acf70f06014a9844a233e7b32c89f","messageTitle":"Fix command not found bug","messageBody":"","fileTypesAndContributionMap":{"functional-code":{"insertions":3,"deletions":0}}},{"hash":"8980ecb90b68bfc77b05e213af0811bea1e22856","messageTitle":"Add comments","messageBody":"","fileTypesAndContributionMap":{"functional-code":{"insertions":45,"deletions":52}}},{"hash":"dcd6ff4da1a2fcc501a91b3ae9e5762870df1b0e","messageTitle":"Fix checkstyle","messageBody":"","fileTypesAndContributionMap":{"functional-code":{"insertions":76,"deletions":48},"test-code":{"insertions":3,"deletions":2}}},{"hash":"9300a10c2ec2fda62c9ed7b370e36ed63d60cd67","messageTitle":"Fix test syntax","messageBody":"","fileTypesAndContributionMap":{"test-code":{"insertions":67,"deletions":19}}},{"hash":"5b09b9e59da5f02af8d393f046bc070aa545f8c7","messageTitle":"Change error message for incorrect command format in shortcut","messageBody":"","fileTypesAndContributionMap":{"functional-code":{"insertions":7,"deletions":3}}}]},{"date":"2021-10-20","commitResults":[{"hash":"cf7dcc4ab1ce141972c775f6cdfa13d407330a94","messageTitle":"Fix trailing white space","messageBody":"","fileTypesAndContributionMap":{"functional-code":{"insertions":1,"deletions":1}}},{"hash":"d3a94af5849bded9f6f82278177e2fdd24fe70f4","messageTitle":"Fix checkstyle from merging","messageBody":"","fileTypesAndContributionMap":{"functional-code":{"insertions":1,"deletions":1}}}]},{"date":"2021-10-26","commitResults":[{"hash":"153ee6caca4ac33b6af5f0f0ee25a1f0fd448d66","messageTitle":"Change user response for errors","messageBody":"","fileTypesAndContributionMap":{"functional-code":{"insertions":14,"deletions":7}}},{"hash":"6a8238e2a4dd6d3552bf7b55a163298ce38d12a4","messageTitle":"Add remove shortcut command","messageBody":"","fileTypesAndContributionMap":{"functional-code":{"insertions":76,"deletions":1}}},{"hash":"33d415a1a805a98df0e482dfca596f8a78ee85af","messageTitle":"Shorten shortcut command. Add list shortcut command","messageBody":"","fileTypesAndContributionMap":{"functional-code":{"insertions":66,"deletions":3}}},{"hash":"a04b98306c9ebabecf5445027b81825dba98877c","messageTitle":"Fix checkstyle and test","messageBody":"","fileTypesAndContributionMap":{"functional-code":{"insertions":5,"deletions":7},"test-code":{"insertions":10,"deletions":0}}}]},{"date":"2021-10-27","commitResults":[{"hash":"d58d2fe004ef1668f18abfd439c6cac1813d6913","messageTitle":"Change comments","messageBody":"","fileTypesAndContributionMap":{"functional-code":{"insertions":2,"deletions":3}}}]},{"date":"2021-10-28","commitResults":[{"hash":"bea97cfe63c1e1c5f112f90f8e2044b3971f6a82","messageTitle":"Changed commands for shortcut","messageBody":"","fileTypesAndContributionMap":{"functional-code":{"insertions":4,"deletions":4}}},{"hash":"34698d0c7a551448b1b74eb3cd9f15c5a8809abe","messageTitle":"Update UG Shortcut and Find Change minwidth of window Change javafx version of taglistcard and taglistpanel","messageBody":"","fileTypesAndContributionMap":{"functional-code":{"insertions":3,"deletions":3},"docs":{"insertions":55,"deletions":6}}}]},{"date":"2021-11-01","commitResults":[{"hash":"d64d5a32988249725ad841d36301eb634ac38626","messageTitle":"Add information on price range for find","messageBody":"","fileTypesAndContributionMap":{"docs":{"insertions":4,"deletions":0}}},{"hash":"49ac4a28ea303da5531dd2332e99dfb11077c274","messageTitle":"Add details to find command. Change error message for incorrect price.","messageBody":"","fileTypesAndContributionMap":{"functional-code":{"insertions":17,"deletions":8},"test-code":{"insertions":7,"deletions":7}}}]},{"date":"2021-11-02","commitResults":[{"hash":"da13e488806849ce21c0ef240467498d5474c505","messageTitle":"Fix build and tests","messageBody":"","fileTypesAndContributionMap":{"functional-code":{"insertions":5,"deletions":1},"test-code":{"insertions":3,"deletions":4}}}]},{"date":"2021-11-03","commitResults":[{"hash":"3b713ecb61a328b63f14f020f3bc1c70a2a4002a","messageTitle":"Fix issue when tag is empty","messageBody":"","fileTypesAndContributionMap":{"functional-code":{"insertions":1,"deletions":1}}}]}],"Banana3021":[{"date":"2021-09-24","commitResults":[{"hash":"fcab8ac020c3d4ed7e178b56a8b81316e38f075e","messageTitle":"Modify name and image source","messageBody":"","fileTypesAndContributionMap":{"docs":{"insertions":2,"deletions":2}}}]},{"date":"2021-09-25","commitResults":[{"hash":"628b245ab719e8578f4551615a7329b61519f55d","messageTitle":"Modify user stories and glossary","messageBody":"","fileTypesAndContributionMap":{"docs":{"insertions":24,"deletions":8}}}]},{"date":"2021-09-30","commitResults":[{"hash":"f353de3708ea5a4a65503e4cbdbc6f500c8208d2","messageTitle":"Modify user guide","messageBody":"","fileTypesAndContributionMap":{"docs":{"insertions":18,"deletions":9}}},{"hash":"4e68db919bd1b3199a85bd314f57a9f1178ca22b","messageTitle":"Add more glossary terms to DG","messageBody":"","fileTypesAndContributionMap":{"docs":{"insertions":3,"deletions":1}}}]},{"date":"2021-10-05","commitResults":[{"hash":"b756606f7a084314b361a3611f9b0befcaf369b8","messageTitle":"Add price tag and important information to contact","messageBody":"","fileTypesAndContributionMap":{"functional-code":{"insertions":269,"deletions":12},"test-code":{"insertions":138,"deletions":9}}},{"hash":"5b51f3523bcd146f1ab808668412fb28c3e1067f","messageTitle":"Add new line at EOF","messageBody":"","fileTypesAndContributionMap":{"test-code":{"insertions":2,"deletions":1}}},{"hash":"c49c9c51031d67150564f0d3f7b206d1df4b62e7","messageTitle":"Rearrange import statements","messageBody":"","fileTypesAndContributionMap":{"functional-code":{"insertions":13,"deletions":9},"test-code":{"insertions":1,"deletions":1}}},{"hash":"dda78284e2c6417536ec5bef16c4234c4e788280","messageTitle":"Remove whitespace","messageBody":"","fileTypesAndContributionMap":{"functional-code":{"insertions":2,"deletions":1}}},{"hash":"2e5b11bf9519cde74f670ae00d1424d8531739a6","messageTitle":"Rearrange import statements again","messageBody":"","fileTypesAndContributionMap":{"functional-code":{"insertions":7,"deletions":8},"test-code":{"insertions":1,"deletions":1}}},{"hash":"67e76f976fd6174b6da0f340f9a36261efd23d3b","messageTitle":"Move import statement in JsonAdaptedPerson.java","messageBody":"","fileTypesAndContributionMap":{"functional-code":{"insertions":1,"deletions":1}}},{"hash":"032e5f071974a6aca865046bfbca46a456943cb6","messageTitle":"Add new line","messageBody":"","fileTypesAndContributionMap":{"functional-code":{"insertions":1,"deletions":0}}},{"hash":"8e18d7e2864a52e7af836dc63d4279106eb27a8d","messageTitle":"Rearrange import statements","messageBody":"","fileTypesAndContributionMap":{"test-code":{"insertions":14,"deletions":0}}},{"hash":"10cacc34bab5ddd356d1695430adc2872570a9ce","messageTitle":"Add Price and Info object information","messageBody":"","fileTypesAndContributionMap":{"test-code":{"insertions":28,"deletions":1}}},{"hash":"6afcf0c47bd51ca1f956a38bd21c188fe373a24f","messageTitle":"Add more import statements","messageBody":"","fileTypesAndContributionMap":{"test-code":{"insertions":36,"deletions":11}}},{"hash":"4222f18dd23db7512398f6bdad7c57810fa5c796","messageTitle":"Add Price and Info details","messageBody":"","fileTypesAndContributionMap":{"test-code":{"insertions":2,"deletions":1}}},{"hash":"08f91ff6fe816048ea3762f6999c65d8c3c5189b","messageTitle":"Resolved style issues","messageBody":"","fileTypesAndContributionMap":{"test-code":{"insertions":13,"deletions":11}}},{"hash":"ee6afbebd6ef84af9683fc389ee640ad7b08ebf8","messageTitle":"Revert \"Resolved style issues\"","messageBody":"This reverts commit 08f91ff6fe816048ea3762f6999c65d8c3c5189b.\n","fileTypesAndContributionMap":{"test-code":{"insertions":11,"deletions":13}}},{"hash":"6adc2bccee9ec1ea6afbebb199362db5b1e04d40","messageTitle":"Revert \"Revert \"Resolved style issues\"\"","messageBody":"This reverts commit ee6afbebd6ef84af9683fc389ee640ad7b08ebf8.\n","fileTypesAndContributionMap":{"test-code":{"insertions":13,"deletions":11}}},{"hash":"b095714f2a0d0f7d1911557fb2e5a4a12776eb84","messageTitle":"Modify information","messageBody":"","fileTypesAndContributionMap":{"functional-code":{"insertions":2,"deletions":0},"test-code":{"insertions":67,"deletions":18}}},{"hash":"e660c3e8060205757dcd23d8a10eb6c5326b87c4","messageTitle":"Remove whitespace","messageBody":"","fileTypesAndContributionMap":{"test-code":{"insertions":2,"deletions":2}}},{"hash":"d417ac0b15c6976643ca05675f3e91397b660869","messageTitle":"Modify information","messageBody":"","fileTypesAndContributionMap":{"functional-code":{"insertions":2,"deletions":2},"test-code":{"insertions":6,"deletions":4}}}]},{"date":"2021-10-06","commitResults":[{"hash":"5e2939ea438a24ef4eea01a74a1d2c1813ad7ef5","messageTitle":"Make variable naming more consistent","messageBody":"","fileTypesAndContributionMap":{"functional-code":{"insertions":14,"deletions":14}}},{"hash":"ba4dfd3bfec6e610bad7286af8ae87a76333f60e","messageTitle":"Fix program errors","messageBody":"","fileTypesAndContributionMap":{"functional-code":{"insertions":5,"deletions":5},"test-code":{"insertions":3,"deletions":1}}},{"hash":"b0013f44a6736ab621c628f0a5788ead01882a81","messageTitle":"Use value as variable name","messageBody":"","fileTypesAndContributionMap":{"test-code":{"insertions":4,"deletions":4}}},{"hash":"e8e33923ab73e3b40bac72752a2ac68ab385f31c","messageTitle":"Modify output display","messageBody":"","fileTypesAndContributionMap":{"functional-code":{"insertions":5,"deletions":5}}}]},{"date":"2021-10-12","commitResults":[{"hash":"4bfd00f89955d57c012e6cc7fcce38e74ebfadc8","messageTitle":"Add status field to contact","messageBody":"","fileTypesAndContributionMap":{"functional-code":{"insertions":175,"deletions":18},"test-code":{"insertions":174,"deletions":47}}},{"hash":"33ea02cbf619a448be354f25b2117ef9d858810d","messageTitle":"Modify style","messageBody":"","fileTypesAndContributionMap":{"functional-code":{"insertions":3,"deletions":4}}},{"hash":"caec7e32540322514dcfb70c0bfe52bf94353b19","messageTitle":"Add status related fields to new classes","messageBody":"","fileTypesAndContributionMap":{"functional-code":{"insertions":3,"deletions":1}}},{"hash":"d428f6317a290be4240510a6efc9e52bae8f05ff","messageTitle":"Remove extra line","messageBody":"","fileTypesAndContributionMap":{"test-code":{"insertions":0,"deletions":1}}}]},{"date":"2021-10-19","commitResults":[{"hash":"01e4ef865d716b72add79a3016f7746c985e64fb","messageTitle":"Add undo command","messageBody":"","fileTypesAndContributionMap":{"functional-code":{"insertions":218,"deletions":6}}},{"hash":"adc407140f0f22db1fd770df32dce2a8f9eb4e6c","messageTitle":"Add undo for group command","messageBody":"","fileTypesAndContributionMap":{"functional-code":{"insertions":52,"deletions":24}}},{"hash":"d0acf339b0917c754eb60db79378009ecbb550e6","messageTitle":"Fix style issues","messageBody":"","fileTypesAndContributionMap":{"functional-code":{"insertions":36,"deletions":22}}},{"hash":"3914117dac74738a2ebe722fed3ac5c20a0995e7","messageTitle":"Remove duplicate imports","messageBody":"","fileTypesAndContributionMap":{"functional-code":{"insertions":0,"deletions":2}}}]},{"date":"2021-10-25","commitResults":[{"hash":"ee0d6ef3acc0c81536b251130583a4cf281c4865","messageTitle":"Add undo for clear command","messageBody":"","fileTypesAndContributionMap":{"functional-code":{"insertions":7,"deletions":9}}}]},{"date":"2021-10-28","commitResults":[{"hash":"60c6199ee2846254e42c88f642a28862c98eb571","messageTitle":"Modify add and undo command in UG","messageBody":"","fileTypesAndContributionMap":{"docs":{"insertions":29,"deletions":19}}},{"hash":"8f4c3278a49d93956752b53dc3508fec70946ec9","messageTitle":"Modify delete by name command for undoing","messageBody":"","fileTypesAndContributionMap":{"functional-code":{"insertions":8,"deletions":11}}}]},{"date":"2021-11-02","commitResults":[{"hash":"889b3e3f3d785173724b2dd707931bd67e782a2f","messageTitle":"Fix undo command bugs","messageBody":"","fileTypesAndContributionMap":{"functional-code":{"insertions":62,"deletions":28}}},{"hash":"2669cca20e025b78bf8e1301d44e0d789b87155e","messageTitle":"Modify invalid price output","messageBody":"","fileTypesAndContributionMap":{"functional-code":{"insertions":1,"deletions":1}}}]},{"date":"2021-11-03","commitResults":[{"hash":"6276b68a2c773b8bc9bc9897c26ef08c4d5cba4f","messageTitle":"Modify invalid price output","messageBody":"","fileTypesAndContributionMap":{"functional-code":{"insertions":1,"deletions":1}}}]},{"date":"2021-11-04","commitResults":[{"hash":"300845b78dddf13ad9f69c892f96b38cec180fd2","messageTitle":"Modify undo command implementation","messageBody":"","fileTypesAndContributionMap":{"functional-code":{"insertions":93,"deletions":25}}},{"hash":"f479725a8d6fd2f392b69e918b295f4a0df5abc5","messageTitle":"Fix checkstyle errors","messageBody":"","fileTypesAndContributionMap":{"functional-code":{"insertions":13,"deletions":3}}}]}]},"authorFileTypeContributionMap":{"sj1999-BIT":{"docs":9,"functional-code":898,"test-code":23},"Linda124":{"docs":25,"functional-code":894,"test-code":1},"DesmondTo":{"docs":770,"functional-code":883,"test-code":77,"other":4},"yin72257":{"docs":31,"functional-code":1014,"test-code":102},"Banana3021":{"docs":28,"functional-code":776,"test-code":399}},"authorContributionVariance":{"sj1999-BIT":83259.42,"Linda124":95251.1,"DesmondTo":34810.305,"yin72257":18198.29,"Banana3021":16897.682},"authorDisplayNameMap":{"sj1999-BIT":"CS2103T-W10-4 SHUI.. JIE","Linda124":"CS2103T-W10-4 LIND.. TOM","DesmondTo":"CS2103T-W10-4 DESM..HONG","yin72257":"CS2103T-W10-4 YIN ..HANG","Banana3021":"CS2103T-W10-4 RAVI..ANYA"}}
