{"authorDailyContributionsMap":{"CheongYeeMing":[{"date":"2021-09-28","commitResults":[{"hash":"ebed662cb1b7b5dcb4af27598f164a0bc85b7ac1","messageTitle":"Add use cases 1 - 3","messageBody":"","fileTypesAndContributionMap":{"docs":{"insertions":67,"deletions":6}}},{"hash":"65273b76155e8da6a907e07637256fcdd420c5b9","messageTitle":"Edit use cases 1-3","messageBody":"","fileTypesAndContributionMap":{"docs":{"insertions":3,"deletions":3}}}]},{"date":"2021-10-06","commitResults":[{"hash":"dc4f795c4845a437b77061ef24bb9bba0c71656f","messageTitle":"Fix FXML file JavaFX versioning","messageBody":"","fileTypesAndContributionMap":{"functional-code":{"insertions":6,"deletions":6}}}]},{"date":"2021-10-09","commitResults":[{"hash":"56b52496ce42da9779868f1e5a64c34604aee18c","messageTitle":"Add Telegram field","messageBody":"","fileTypesAndContributionMap":{"functional-code":{"insertions":148,"deletions":31},"test-code":{"insertions":21,"deletions":9}}},{"hash":"7236f743328b2a401c7146b513f1fc5528ea2806","messageTitle":"Fix check style issues","messageBody":"","fileTypesAndContributionMap":{"functional-code":{"insertions":8,"deletions":2}}},{"hash":"3b2d5d1efb963668a77f20eb0028db126b1b25e7","messageTitle":"Integrate tests for telegram field","messageBody":"","fileTypesAndContributionMap":{"functional-code":{"insertions":4,"deletions":4},"test-code":{"insertions":186,"deletions":78}}},{"hash":"364c28f019f963d2390c18088b7ff54bb5fa409b","messageTitle":"Fix check style issues","messageBody":"","fileTypesAndContributionMap":{"test-code":{"insertions":28,"deletions":4}}}]},{"date":"2021-10-10","commitResults":[{"hash":"e518a09da15611e80e19f8d6107cf3cf2825e9e2","messageTitle":"Add optional fields","messageBody":"","fileTypesAndContributionMap":{"functional-code":{"insertions":26,"deletions":9},"test-code":{"insertions":0,"deletions":34}}},{"hash":"22bb7d493ec01fbce106cb081de9e98a34161124","messageTitle":"Fix check style issues","messageBody":"","fileTypesAndContributionMap":{"test-code":{"insertions":0,"deletions":3}}},{"hash":"ebbdc9b03832c1e0a799feb6fce0875d5cc10276","messageTitle":"Remove debugging code","messageBody":"","fileTypesAndContributionMap":{"functional-code":{"insertions":1,"deletions":1}}}]},{"date":"2021-10-12","commitResults":[{"hash":"b43376cf2fcf928741d88013c5f26680b557877f","messageTitle":"Fix user guide bug","messageBody":"","fileTypesAndContributionMap":{"docs":{"insertions":4,"deletions":4}}}]},{"date":"2021-10-18","commitResults":[{"hash":"b7900b2b0ddabc37dc2f98e0eb3c95066db69a86","messageTitle":"Add Github field","messageBody":"","fileTypesAndContributionMap":{"functional-code":{"insertions":175,"deletions":28},"test-code":{"insertions":412,"deletions":103}}},{"hash":"896dd9115ec3156bcca163daab8ac0ab08fbc30d","messageTitle":"Fix check style issues","messageBody":"","fileTypesAndContributionMap":{"test-code":{"insertions":7,"deletions":6}}}]},{"date":"2021-10-21","commitResults":[{"hash":"913365b1980d80847673f10596a7e92bb38ef9a2","messageTitle":"Add logging to `AddressBookParser`","messageBody":"","fileTypesAndContributionMap":{"functional-code":{"insertions":7,"deletions":1}}}]},{"date":"2021-10-22","commitResults":[{"hash":"12bcd332f5efe688aaab32be6b65158a765f6f50","messageTitle":"Update Developer Guide","messageBody":"","fileTypesAndContributionMap":{"docs":{"insertions":191,"deletions":0}}},{"hash":"458602fd65836f8aa6fd64155ba05792888dc660","messageTitle":"Fix .puml file check style issues","messageBody":"","fileTypesAndContributionMap":{"docs":{"insertions":3,"deletions":3}}},{"hash":"e80fa7044d1c038e06fe88408a69217adaa9f1d7","messageTitle":"Update `Add` and `Edit` features.","messageBody":"","fileTypesAndContributionMap":{"docs":{"insertions":5,"deletions":5}}}]},{"date":"2021-10-24","commitResults":[{"hash":"eeabd5c03d95cec9931719395caa82f11de2fa8d","messageTitle":"Add `isFavourite` field to `Person` and `JsonAdaptedPerson`.","messageBody":"","fileTypesAndContributionMap":{"functional-code":{"insertions":67,"deletions":12},"test-code":{"insertions":18,"deletions":13}}},{"hash":"f782d3a374c81fed7f7d4150acc4f9d87d9a8681","messageTitle":"Fix naming convention","messageBody":"","fileTypesAndContributionMap":{"functional-code":{"insertions":3,"deletions":3},"test-code":{"insertions":1,"deletions":1}}},{"hash":"ae177ac697e6576b299d4b3d077db5c2dea19db4","messageTitle":"Link `isFavourite` to Favourite tab.","messageBody":"","fileTypesAndContributionMap":{"functional-code":{"insertions":2,"deletions":0}}},{"hash":"eb07fb18c7ee62938657210a22141c0b3d079b79","messageTitle":"Link `isFavourite` to Favourite tab.","messageBody":"","fileTypesAndContributionMap":{"functional-code":{"insertions":24,"deletions":2}}},{"hash":"667cc6fba484d227906fe63b98ca4f3d0cc4ddb1","messageTitle":"Add `FavouriteCommand`.","messageBody":"","fileTypesAndContributionMap":{"functional-code":{"insertions":49,"deletions":0}}},{"hash":"2b86ee24a4b1c4b834252a31bfdb6ed568584bef","messageTitle":"Update `model` to handle `FavouriteCommand`.","messageBody":"","fileTypesAndContributionMap":{"functional-code":{"insertions":38,"deletions":2}}},{"hash":"e07c01314c888d061f27e124beeb3629b04859c6","messageTitle":"Add `FavouriteCommandParser`.","messageBody":"","fileTypesAndContributionMap":{"functional-code":{"insertions":25,"deletions":0}}},{"hash":"272035ad45f2e3e856890d2565e7e78ac3b7dc27","messageTitle":"Add ``FavouriteCommand` to `AddressBookParser`.","messageBody":"","fileTypesAndContributionMap":{"functional-code":{"insertions":4,"deletions":0}}},{"hash":"1f4396fd5d4e456a6b6ccc69a75fc4714bbb18e3","messageTitle":"Fix `ModelStub` in `AddCommandTest`.","messageBody":"","fileTypesAndContributionMap":{"test-code":{"insertions":5,"deletions":0}}},{"hash":"58295d247f6c9b616dd1c4be911d889a04e6f98f","messageTitle":"Fix person list gui to update immediately","messageBody":"","fileTypesAndContributionMap":{"functional-code":{"insertions":9,"deletions":0}}}]},{"date":"2021-10-25","commitResults":[{"hash":"fec7ac247fd557e3fe9ca0680d3093fa9a5e9138","messageTitle":"Update model with unfavourite methods.","messageBody":"","fileTypesAndContributionMap":{"functional-code":{"insertions":39,"deletions":0}}},{"hash":"7bfd6a7130fd258ea8fb252f29c22665d5d15161","messageTitle":"Add `UnfavouriteCommand`.","messageBody":"","fileTypesAndContributionMap":{"functional-code":{"insertions":2,"deletions":0}}},{"hash":"d314553e48b9f458fcefcb59422812dd443d0e20","messageTitle":"Add `UnfavouriteCommand`.","messageBody":"","fileTypesAndContributionMap":{"functional-code":{"insertions":50,"deletions":1}}},{"hash":"d38f3e38a0cdcbd6761f8042ecb6b62e0c9addf4","messageTitle":"Add `UnfavouriteCommandParser`.","messageBody":"","fileTypesAndContributionMap":{"functional-code":{"insertions":24,"deletions":0}}},{"hash":"6c90b887f7c2618412d7147f55f181c17c188628","messageTitle":"Add `UnfavouriteCommand` to `AddressBookParser`.","messageBody":"","fileTypesAndContributionMap":{"functional-code":{"insertions":4,"deletions":0}}},{"hash":"d0f9ff162d1fbc09f9396846285f505c88bf6fe0","messageTitle":"Fix `ModelStub` in `AddCommandTest`.","messageBody":"","fileTypesAndContributionMap":{"test-code":{"insertions":5,"deletions":0}}}]}],"aishh12":[{"date":"2021-09-26","commitResults":[{"hash":"ee836798774ca06b2bcd90ad98dd4963c4293071","messageTitle":"Update DeveloperGuide.md","messageBody":"Updates use cases (Find).","fileTypesAndContributionMap":{"docs":{"insertions":40,"deletions":0}}}]},{"date":"2021-09-28","commitResults":[{"hash":"075a5e11faca58c136d66ec55c6dc6270c0e0eb0","messageTitle":"Update DeveloperGuide.md","messageBody":"","fileTypesAndContributionMap":{"docs":{"insertions":6,"deletions":4}}}]},{"date":"2021-10-06","commitResults":[{"hash":"35004aa74087ec3f7a5a3e8893ba4de28612fd44","messageTitle":"Add find by tags feature","messageBody":"","fileTypesAndContributionMap":{"functional-code":{"insertions":48,"deletions":6}}},{"hash":"1d7bf1991254d02a10702ef243d9f3cc0168cf5a","messageTitle":"add checkstyle changes","messageBody":"","fileTypesAndContributionMap":{"functional-code":{"insertions":7,"deletions":8}}}]},{"date":"2021-10-08","commitResults":[{"hash":"57400e84f45caf41d2d3210ff4b4788f2eef0d98","messageTitle":"add check for incorrect command formatting for find","messageBody":"","fileTypesAndContributionMap":{"functional-code":{"insertions":12,"deletions":3}}}]},{"date":"2021-10-11","commitResults":[{"hash":"ef836273c45b6bac71f5d6a594db33e108f9faed","messageTitle":"Add find by telegram handle(s)","messageBody":"","fileTypesAndContributionMap":{"functional-code":{"insertions":92,"deletions":16},"test-code":{"insertions":144,"deletions":10}}},{"hash":"fe7831f3443f05e2fe9e08ee18eca5e52a4a4740","messageTitle":"Add test error fix","messageBody":"","fileTypesAndContributionMap":{"test-code":{"insertions":2,"deletions":2}}}]},{"date":"2021-10-12","commitResults":[{"hash":"05a36998751391702f0e9c7acd045edcc39ff6f0","messageTitle":"Update UserGuide.md","messageBody":"Added find by telegram handle(s) as the third format for the find function and included it in the command summary table as well.","fileTypesAndContributionMap":{"docs":{"insertions":15,"deletions":2}}}]},{"date":"2021-10-18","commitResults":[{"hash":"a41389b80237bc092437a33942342eb1e9180e41","messageTitle":"Add clickable telegram handle","messageBody":"","fileTypesAndContributionMap":{"functional-code":{"insertions":43,"deletions":4}}}]},{"date":"2021-10-19","commitResults":[{"hash":"a6ec9f65991cd192342bca8e93303226442f3415","messageTitle":"Add change to format of find by telegram handle","messageBody":"","fileTypesAndContributionMap":{"functional-code":{"insertions":13,"deletions":6},"test-code":{"insertions":21,"deletions":8}}},{"hash":"d9e4fc49b530b0886cbd33c315e7fcdc6de8f167","messageTitle":"Add fix for build","messageBody":"","fileTypesAndContributionMap":{"test-code":{"insertions":1,"deletions":1}}}]},{"date":"2021-10-20","commitResults":[{"hash":"442d5e454590d8355d18d80163346d2866e3c2a5","messageTitle":"Add Type to Tag","messageBody":"","fileTypesAndContributionMap":{"functional-code":{"insertions":43,"deletions":4}}},{"hash":"f48ee2bd73cfce4364aa22fbc84f4f6e22a5c531","messageTitle":"Add clickable Github username","messageBody":"","fileTypesAndContributionMap":{"functional-code":{"insertions":21,"deletions":4}}},{"hash":"075f4b850ab63ecdf81c3ffc467c6ae5b52fb187","messageTitle":"Add find by Github username","messageBody":"","fileTypesAndContributionMap":{"functional-code":{"insertions":60,"deletions":5},"test-code":{"insertions":95,"deletions":2}}}]},{"date":"2021-10-21","commitResults":[{"hash":"4c6a08825984c148eaabe1881e41ecc37aa5a284","messageTitle":"Update Developer Guide user stories","messageBody":"Add user stories for find by telegram and github username.","fileTypesAndContributionMap":{"docs":{"insertions":3,"deletions":0}}},{"hash":"85eebd3678c399293d923b084280d6d6d8cae84c","messageTitle":"Add documentation for implementation of Find","messageBody":"","fileTypesAndContributionMap":{"docs":{"insertions":93,"deletions":0}}},{"hash":"11f58d1ed3fb1762d53441e866284e9e38dfcce7","messageTitle":"Add assertions","messageBody":"","fileTypesAndContributionMap":{"functional-code":{"insertions":7,"deletions":1}}}]},{"date":"2021-10-24","commitResults":[{"hash":"5bd49ae8cc67cd94825681711e13cc05b97b7235","messageTitle":"Add Profile Window backend","messageBody":"","fileTypesAndContributionMap":{"functional-code":{"insertions":270,"deletions":17}}},{"hash":"49fd666e107a02508832152d72c66efcd6c449c1","messageTitle":"Update test classes","messageBody":"","fileTypesAndContributionMap":{"test-code":{"insertions":46,"deletions":29}}}]}],"moreTriangles":[{"date":"2021-09-25","commitResults":[{"hash":"71f2c81a3948298035ee28e703e6e4bc869dd6e2","messageTitle":"Add acknowledgement in Devevloper Guide","messageBody":"","fileTypesAndContributionMap":{"docs":{"insertions":1,"deletions":1}}},{"hash":"b8320cd814bed4985726cf532e89981d496e7760","messageTitle":"Update target user profile and value proposition","messageBody":"","fileTypesAndContributionMap":{"docs":{"insertions":2,"deletions":1}}},{"hash":"d00135dd1769bc59d9d2a1099aa0f919fe69a197","messageTitle":"Add use cases","messageBody":"","fileTypesAndContributionMap":{"docs":{"insertions":40,"deletions":0}}},{"hash":"358a67f76777605a5755e5b927ec5b3a4ac637a0","messageTitle":"Update Non-Functional Requirement and Glossary","messageBody":"","fileTypesAndContributionMap":{"docs":{"insertions":6,"deletions":4}}}]},{"date":"2021-09-26","commitResults":[{"hash":"beb23744a2d50e38c7665c6b32aa8c33652b5442","messageTitle":"Fix minor formatting issue in Glossary","messageBody":"","fileTypesAndContributionMap":{"docs":{"insertions":1,"deletions":0}}}]},{"date":"2021-09-28","commitResults":[{"hash":"4e3f77d47f4bd9e20128e32c49ba0c61c2af1351","messageTitle":"Fix minor formatting issues","messageBody":"","fileTypesAndContributionMap":{"docs":{"insertions":25,"deletions":15}}},{"hash":"f9400610d173466d4a9774196fd94a1501fd9839","messageTitle":"Remove placeholder text","messageBody":"","fileTypesAndContributionMap":{"docs":{"insertions":0,"deletions":5}}},{"hash":"a3f344bafd26530170a83cf112ade203d7b23288","messageTitle":"Update Readme.md","messageBody":"","fileTypesAndContributionMap":{"docs":{"insertions":6,"deletions":4}}},{"hash":"5512f873e7f908b582723f1cd0e6b6846fb6dbb9","messageTitle":"Update Readme.md","messageBody":"","fileTypesAndContributionMap":{"docs":{"insertions":1,"deletions":1}}},{"hash":"ad02ab8583663df55c898cbebce9b8cad8b88c32","messageTitle":"Update Readme.md","messageBody":"","fileTypesAndContributionMap":{"docs":{"insertions":1,"deletions":2}}},{"hash":"00ca5c82668e0ed2f102c2215ffcd7b4b9ba03f7","messageTitle":"Update Readme.md","messageBody":"","fileTypesAndContributionMap":{"docs":{"insertions":3,"deletions":0}}}]},{"date":"2021-09-29","commitResults":[{"hash":"00d978791e1e1229844b1255c894940755c33c80","messageTitle":"Update DeveloperGuide.md","messageBody":"","fileTypesAndContributionMap":{"docs":{"insertions":9,"deletions":5}}},{"hash":"aaaf6563fbb97c733cd4c2bdf8040f94bd7f9e93","messageTitle":"Update use cases","messageBody":"","fileTypesAndContributionMap":{"docs":{"insertions":3,"deletions":2}}},{"hash":"bd2f3296871e39364a3a776fece42cf9b31618ff","messageTitle":"Update DeveloperGuide.md","messageBody":"","fileTypesAndContributionMap":{"docs":{"insertions":2,"deletions":2}}},{"hash":"f652dbbdf2016fc50b4d6fbb847c0305e2bd8a26","messageTitle":"Remove syntax highlighting for code blocks","messageBody":"","fileTypesAndContributionMap":{"docs":{"insertions":18,"deletions":18}}},{"hash":"2f3e7f25c42188d376ec47f26106e72b3badfb03","messageTitle":"Update build.gradle","messageBody":"","fileTypesAndContributionMap":{"other":{"insertions":6,"deletions":1}}},{"hash":"9c75897b568688959a9c8b6524a4b8b805075684","messageTitle":"Update build.gradle","messageBody":"","fileTypesAndContributionMap":{"other":{"insertions":3,"deletions":4}}},{"hash":"364c547e53f03e4cf0f85d28938162d099943e59","messageTitle":"Update build.gradle","messageBody":"","fileTypesAndContributionMap":{"other":{"insertions":3,"deletions":2}}},{"hash":"9bf74638e9a32138bab2fd56a2da31134fdbd20c","messageTitle":"Update build.gradle","messageBody":"","fileTypesAndContributionMap":{"other":{"insertions":1,"deletions":1}}}]},{"date":"2021-10-02","commitResults":[{"hash":"793e96bd762e2e59b8eb485e9698833ab8849b0b","messageTitle":"Add ExportCommand.java and recognise it in Parser","messageBody":"","fileTypesAndContributionMap":{"functional-code":{"insertions":20,"deletions":0}}},{"hash":"285e00a64b0e181f294b39226381ee1ad8806792","messageTitle":"Add ExportCommandParser.java and echo user string","messageBody":"","fileTypesAndContributionMap":{"functional-code":{"insertions":47,"deletions":2}}},{"hash":"35184d8dbf47e3e275613f0d38abdfcba1533482","messageTitle":"Refactor and implement equals in ExportCommand.java","messageBody":"","fileTypesAndContributionMap":{"functional-code":{"insertions":14,"deletions":7}}}]},{"date":"2021-10-05","commitResults":[{"hash":"59033f836fb683b8f9a86ae6549f4055e3b62b14","messageTitle":"Add and display success message","messageBody":"","fileTypesAndContributionMap":{"functional-code":{"insertions":4,"deletions":1}}},{"hash":"54bf8026f736f6c19dcb7bd6b196b1a0fb95ebe5","messageTitle":"Implement export command and error handling","messageBody":"","fileTypesAndContributionMap":{"functional-code":{"insertions":45,"deletions":2}}},{"hash":"0554f68030a4efdbbed0fb65861fed3c5ab2d4f6","messageTitle":"Add Javadocs and minor refactor","messageBody":"","fileTypesAndContributionMap":{"functional-code":{"insertions":20,"deletions":16}}}]},{"date":"2021-10-07","commitResults":[{"hash":"7c71a4b51530509fc0b12e367f262c323124a695","messageTitle":"Edit MESSAGE_USAGE for ExportCommand","messageBody":"","fileTypesAndContributionMap":{"functional-code":{"insertions":1,"deletions":1}}}]},{"date":"2021-10-10","commitResults":[{"hash":"752f97d4e1af437e8ede2e2de21e573d5b04e4bb","messageTitle":"Add unit tests for ExportCommand","messageBody":"","fileTypesAndContributionMap":{"functional-code":{"insertions":23,"deletions":1},"test-code":{"insertions":78,"deletions":0}}},{"hash":"72dcd299845c73dd3824815a8fa48b52332c935a","messageTitle":"Add javadocs for new Methods in FileUtil and ExportCommand","messageBody":"","fileTypesAndContributionMap":{"functional-code":{"insertions":12,"deletions":0}}},{"hash":"7687ec82fa42ed5fcaca26cfe8affce5edd29aba","messageTitle":"Fix checkstyle errors","messageBody":"","fileTypesAndContributionMap":{"test-code":{"insertions":5,"deletions":5}}},{"hash":"9792f3381b9731bdfd2053c0d350cb5ea68a24ff","messageTitle":"Add Javadocs","messageBody":"","fileTypesAndContributionMap":{"functional-code":{"insertions":6,"deletions":0}}},{"hash":"dc37c0351ba802e7677755fcab7f51c9efbc0454","messageTitle":"Add ImportCommand and parser to recognise imports","messageBody":"","fileTypesAndContributionMap":{"functional-code":{"insertions":95,"deletions":0}}},{"hash":"73834290f3a424b40fbb76689954613a13057d54","messageTitle":"Implement Import from JSON file","messageBody":"","fileTypesAndContributionMap":{"functional-code":{"insertions":44,"deletions":4}}},{"hash":"056e4ec531143b4d333a6f20788b1e2b7283356a","messageTitle":"Fix bug where email is displayed wrongly","messageBody":"","fileTypesAndContributionMap":{"functional-code":{"insertions":1,"deletions":1}}}]},{"date":"2021-10-11","commitResults":[{"hash":"b4c0604e149eedc41ea840a9701008158a1494ec","messageTitle":"Add test cases for ExportCommandParser","messageBody":"","fileTypesAndContributionMap":{"test-code":{"insertions":28,"deletions":0}}},{"hash":"ffeb1e53afed7cd1f385b589e66ab56f647a2c57","messageTitle":"Add ImportCommandParserTest.java","messageBody":"","fileTypesAndContributionMap":{"test-code":{"insertions":8,"deletions":0}}}]},{"date":"2021-10-12","commitResults":[{"hash":"62cb644559ee0c61fe1d7892c271e5502bf1d04d","messageTitle":"Add unit tests for Import and refactor test files","messageBody":"","fileTypesAndContributionMap":{"test-code":{"insertions":108,"deletions":10}}},{"hash":"236dd3d6606098f7ac7f547c54c619a8151e108a","messageTitle":"Add new line at EOF","messageBody":"","fileTypesAndContributionMap":{"test-code":{"insertions":1,"deletions":1}}},{"hash":"0542c9233a6d7f5901f3d6d66ee63ddc97b28128","messageTitle":"Fix Checkstyle issues","messageBody":"","fileTypesAndContributionMap":{"test-code":{"insertions":4,"deletions":3}}}]},{"date":"2021-10-18","commitResults":[{"hash":"3045c7a650a0b4d32d076b68c1437435616ce3aa","messageTitle":"Implement EventHandler for up arrow key with placeholder text","messageBody":"","fileTypesAndContributionMap":{"functional-code":{"insertions":21,"deletions":0}}},{"hash":"afe34670da7998b8b931188ed9031c3922f74ae9","messageTitle":"Implement UserStringHistory to keep track of user commands","messageBody":"","fileTypesAndContributionMap":{"functional-code":{"insertions":81,"deletions":2}}},{"hash":"a93caa1541c64dd81933a027809938bf782ffa13","messageTitle":"Refactor, changed UserStringHistory to CommandHistory","messageBody":"","fileTypesAndContributionMap":{"functional-code":{"insertions":5,"deletions":5},"other":{"insertions":8,"deletions":10}}},{"hash":"dbc5561378b00a386da51fbdea8727e8196404fb","messageTitle":"Fix Checkstyle issues","messageBody":"","fileTypesAndContributionMap":{"functional-code":{"insertions":5,"deletions":5}}}]},{"date":"2021-10-19","commitResults":[{"hash":"12a506453f3a7a5e7b0c797a7d84b3631c189a7a","messageTitle":"Minor refactor","messageBody":"","fileTypesAndContributionMap":{"functional-code":{"insertions":4,"deletions":4}}},{"hash":"47d3f15f4ee009502af692a84554e25eacbfc749","messageTitle":"Add isJson method to check if filename is Json","messageBody":"","fileTypesAndContributionMap":{"functional-code":{"insertions":16,"deletions":0}}},{"hash":"cbb430e5bf11c2a4e74b88e76f5ad9de561cc1a7","messageTitle":"Minor refactor","messageBody":"","fileTypesAndContributionMap":{"test-code":{"insertions":4,"deletions":1}}},{"hash":"df9545d26e73c3fb2db6b222b80e68c602746b60","messageTitle":"Let user input file extension and check if it is json","messageBody":"","fileTypesAndContributionMap":{"functional-code":{"insertions":7,"deletions":4}}}]},{"date":"2021-10-20","commitResults":[{"hash":"08fb948912704c9d70e81b2086cfd47b60872697","messageTitle":"Move isJson method to StringUtil.java, and add isCsv","messageBody":"","fileTypesAndContributionMap":{"functional-code":{"insertions":31,"deletions":16}}},{"hash":"09474790887d918e6150c3e394cbe3d27d0fbb14","messageTitle":"Allow input of file extension","messageBody":"","fileTypesAndContributionMap":{"functional-code":{"insertions":12,"deletions":8}}},{"hash":"f0126816bd03e6f5be56228cb0ad92dedbabaca4","messageTitle":"Refactor and add test cases","messageBody":"","fileTypesAndContributionMap":{"test-code":{"insertions":21,"deletions":20}}},{"hash":"c71d1ce21e239c3277a99174832f54fefeb6ce38","messageTitle":"Refactor execute to executeJson and executeCsv","messageBody":"","fileTypesAndContributionMap":{"functional-code":{"insertions":15,"deletions":0}}},{"hash":"434684e50cb94d3c5d1a330c1f3b78b50c1da338","messageTitle":"Minor refactor","messageBody":"","fileTypesAndContributionMap":{"functional-code":{"insertions":3,"deletions":1}}},{"hash":"73b6547a9692658c143a6b3ba74ecf9cf5ab1129","messageTitle":"Add documentation for implementation of Export","messageBody":"","fileTypesAndContributionMap":{"docs":{"insertions":102,"deletions":0}}},{"hash":"965c61c3381e007690bcbbbc7735203c350a11d2","messageTitle":"Add newline at EOF","messageBody":"","fileTypesAndContributionMap":{"docs":{"insertions":1,"deletions":1}}}]},{"date":"2021-10-21","commitResults":[{"hash":"42afae58785aaa95932b08394df400ebcd4834ab","messageTitle":"Update ExportSequenceDiagram","messageBody":"","fileTypesAndContributionMap":{"docs":{"insertions":9,"deletions":9}}},{"hash":"a5ec424d542db9f0d843f2059c80f96e73f2c27f","messageTitle":"Add logging for Command History","messageBody":"","fileTypesAndContributionMap":{"functional-code":{"insertions":7,"deletions":0}}}]},{"date":"2021-10-22","commitResults":[{"hash":"074ba5e910407ebdb6c8f56c7cf64408881d3578","messageTitle":"Update DeveloperGuide.md","messageBody":"* Add introduction paragraph\n* Fix spelling mistakes\n* Add v1.3 user stories\n* Add instructions for manual testing of saving data\n* Remove unnecessary sections from AB3\n","fileTypesAndContributionMap":{"docs":{"insertions":34,"deletions":7}}}]},{"date":"2021-10-23","commitResults":[{"hash":"0cf19757a771577951c9e7bcd12c5fef010bf178","messageTitle":"Add checks for .csv and .json","messageBody":"","fileTypesAndContributionMap":{"functional-code":{"insertions":1,"deletions":1}}}]},{"date":"2021-10-24","commitResults":[{"hash":"06801652842c90ff25bbeaa2bad61b4085ffbd27","messageTitle":"Add jackson-dataformat-csv module","messageBody":"","fileTypesAndContributionMap":{"other":{"insertions":1,"deletions":0}}},{"hash":"ea6068a99068e4d556162a895dd7718d67cd5717","messageTitle":"Fix minor formatting issue","messageBody":"","fileTypesAndContributionMap":{"functional-code":{"insertions":1,"deletions":1}}},{"hash":"977c57e2c905582462b0ff474944f567b84669fa","messageTitle":"Implement import from csv","messageBody":"","fileTypesAndContributionMap":{"functional-code":{"insertions":421,"deletions":116}}},{"hash":"a2efcc6670e8adc587027d6072195ad3c71eac3a","messageTitle":"Fix Logger message for DataConversionException","messageBody":"","fileTypesAndContributionMap":{"functional-code":{"insertions":1,"deletions":1}}},{"hash":"311657cfe925e71a4d299befbacef3ab52466c84","messageTitle":"Remove CsvAdaptedTag.java","messageBody":"","fileTypesAndContributionMap":{"functional-code":{"insertions":0,"deletions":42}}},{"hash":"8fd3ccbd035bf27cad598118c017eec7b9dd199d","messageTitle":"Remove exportToJson(), use saveAddressBook() for export instead","messageBody":"","fileTypesAndContributionMap":{"functional-code":{"insertions":2,"deletions":29}}},{"hash":"a18b65e8f6238afb0804a17c793f45a82269afd6","messageTitle":"Remove exportToJson(), use saveAddressBook() for export instead","messageBody":"","fileTypesAndContributionMap":{"functional-code":{"insertions":0,"deletions":3}}},{"hash":"b0134277c51bc289b9c01e6ac33ec78ad411d6e4","messageTitle":"Fix misleading parameter name","messageBody":"","fileTypesAndContributionMap":{"functional-code":{"insertions":2,"deletions":2}}},{"hash":"5f95f85a74d78d2ad0f710f7ab7a4bca50771c33","messageTitle":"Implement Import and Export in CSV","messageBody":"","fileTypesAndContributionMap":{"functional-code":{"insertions":110,"deletions":33}}},{"hash":"31928ffcdba99a8d9ca0e40f7af324829eedc391","messageTitle":"Fix checkstyle issues","messageBody":"","fileTypesAndContributionMap":{"functional-code":{"insertions":0,"deletions":2}}},{"hash":"fdf1fdbb318f4ec73025071023aae69ac919f0b2","messageTitle":"Make filePath final","messageBody":"","fileTypesAndContributionMap":{"functional-code":{"insertions":1,"deletions":1}}},{"hash":"b59069ebc8cf76f7d413785d5d93ec9779034f3b","messageTitle":"Update Javadocs","messageBody":"","fileTypesAndContributionMap":{"functional-code":{"insertions":3,"deletions":0}}}]},{"date":"2021-10-25","commitResults":[{"hash":"960d69397727b16f862af82307e896765f9d0df5","messageTitle":"Fix issue where `java.nio.file.Path` was serialized as absolute path","messageBody":"","fileTypesAndContributionMap":{"functional-code":{"insertions":4,"deletions":1}}},{"hash":"3bb585b3ffaf41932e3f80306fbb1c1f5d70edec","messageTitle":"Add checks to see if file exists","messageBody":"","fileTypesAndContributionMap":{"functional-code":{"insertions":10,"deletions":0}}},{"hash":"b1e9ab7d59afb7659005c9db4a379bc77782328d","messageTitle":"Update existing test cases","messageBody":"","fileTypesAndContributionMap":{"functional-code":{"insertions":12,"deletions":2},"other":{"insertions":3,"deletions":2},"test-code":{"insertions":4,"deletions":4}}},{"hash":"c73ff273b2526712614c6985737d2c2eb733db5f","messageTitle":"Add Javadocs","messageBody":"","fileTypesAndContributionMap":{"functional-code":{"insertions":5,"deletions":2}}},{"hash":"67ef309819aef2cee699629c0eb874ec2bf34c25","messageTitle":"Add new test cases, files, and update existing files","messageBody":"","fileTypesAndContributionMap":{"other":{"insertions":66,"deletions":0},"test-code":{"insertions":39,"deletions":6}}},{"hash":"aec9ebc836f7594391182498c0221756628cde8e","messageTitle":"Fix checkstyle issues","messageBody":"","fileTypesAndContributionMap":{"functional-code":{"insertions":1,"deletions":2}}},{"hash":"d4f86b487321ff8e2c43a4f71169f1bd2d8dc02e","messageTitle":"Fix formatting issue, remove extra files","messageBody":"","fileTypesAndContributionMap":{"other":{"insertions":0,"deletions":66},"test-code":{"insertions":1,"deletions":1}}}]}],"crypto-code":[{"date":"2021-09-25","commitResults":[{"hash":"572b1a0cea45257d32cd5844d202a359ab82bf4b","messageTitle":"Update AboutUs.md","messageBody":"","fileTypesAndContributionMap":{"docs":{"insertions":26,"deletions":29}}},{"hash":"bea5e1bd5903ea1b28a2662d6d84e6f00862d5d9","messageTitle":"Update README.md","messageBody":"","fileTypesAndContributionMap":{"docs":{"insertions":24,"deletions":15}}},{"hash":"42dd6ceea311f920ead57bd93e2dcb77db19f248","messageTitle":"Update index.md","messageBody":"","fileTypesAndContributionMap":{"docs":{"insertions":18,"deletions":13}}},{"hash":"2580fcf559cafba54089cb56cca6deefb608232b","messageTitle":"Update index.md","messageBody":"","fileTypesAndContributionMap":{"docs":{"insertions":3,"deletions":2}}},{"hash":"2242007379cf20920a455a9bdd57d0c8347f0c09","messageTitle":"Update index.md","messageBody":"","fileTypesAndContributionMap":{"docs":{"insertions":1,"deletions":1}}},{"hash":"3c4387a3d4f7cc2bf6ce9e7ce6a60398b91816fe","messageTitle":"Update index.md","messageBody":"","fileTypesAndContributionMap":{"docs":{"insertions":2,"deletions":2}}},{"hash":"d12f3353875cd0a54bb67b5e4e677e2a78e02f14","messageTitle":"Update index.md","messageBody":"","fileTypesAndContributionMap":{"docs":{"insertions":3,"deletions":3}}},{"hash":"716eedc9d0bd4949db1471d104d813419a3af4af","messageTitle":"Update AboutUs.md","messageBody":"","fileTypesAndContributionMap":{"docs":{"insertions":1,"deletions":1}}},{"hash":"04a78fee7b8d0278e15e50cef62bcd2a542325e0","messageTitle":"Update AboutUs.md","messageBody":"","fileTypesAndContributionMap":{"docs":{"insertions":5,"deletions":5}}},{"hash":"a1c92da51fee1feaca8a72639a8629f232ce02d6","messageTitle":"Update UserGuide.md","messageBody":"","fileTypesAndContributionMap":{"docs":{"insertions":102,"deletions":113}}},{"hash":"8b5ee41982d820b79783c9e7395e0295e2881f3c","messageTitle":"Update UserGuide.md","messageBody":"","fileTypesAndContributionMap":{"docs":{"insertions":8,"deletions":2}}},{"hash":"1cab3aa015831be2cc706272fcd6a99bfa0b72b6","messageTitle":"Update UserGuide.md","messageBody":"","fileTypesAndContributionMap":{"docs":{"insertions":3,"deletions":1}}},{"hash":"f87410574a5a5170b9fe50e06a09927873adba2a","messageTitle":"Update UserGuide.md","messageBody":"","fileTypesAndContributionMap":{"docs":{"insertions":40,"deletions":3}}},{"hash":"d7265ca0da2dc8792121bcb34bb3cb6fc481556b","messageTitle":"Update UserGuide.md","messageBody":"","fileTypesAndContributionMap":{"docs":{"insertions":11,"deletions":11}}},{"hash":"730688cffa11d864fb53dca874a775967329f3b6","messageTitle":"Update UserGuide.md","messageBody":"","fileTypesAndContributionMap":{"docs":{"insertions":14,"deletions":3}}},{"hash":"b2d12a46be9be0f27bd27c2da2a2c90619c1143f","messageTitle":"Add use case to Developer Guide","messageBody":"","fileTypesAndContributionMap":{"docs":{"insertions":41,"deletions":13}}},{"hash":"80021b651c027eb280404617295a0dac57667c7e","messageTitle":"Add use case to Developer Guide","messageBody":"","fileTypesAndContributionMap":{"docs":{"insertions":2,"deletions":2}}},{"hash":"f826e4c55a2f9f4d402390e0256c6ca29bf03f8c","messageTitle":"Add use case to Developer Guide","messageBody":"","fileTypesAndContributionMap":{"docs":{"insertions":1,"deletions":1}}}]},{"date":"2021-09-26","commitResults":[{"hash":"4767234fea8893148e4e67d65ce01fd669533f98","messageTitle":"Update DeveloperGuide.md","messageBody":"","fileTypesAndContributionMap":{"docs":{"insertions":1,"deletions":0}}},{"hash":"368201d2cdfe7e2d441c131d4fc165d714c1c470","messageTitle":"Update DeveloperGuide.md","messageBody":"","fileTypesAndContributionMap":{"docs":{"insertions":3,"deletions":3}}},{"hash":"b4e759215ff7bc0a5733b39194b4d3d532a13a72","messageTitle":"Update DeveloperGuide.md","messageBody":"","fileTypesAndContributionMap":{"docs":{"insertions":1,"deletions":1}}},{"hash":"fed7fde13e3e0b40e0b29cab10131c69e6e9c168","messageTitle":"Update DeveloperGuide.md","messageBody":"","fileTypesAndContributionMap":{"docs":{"insertions":76,"deletions":106}}},{"hash":"f1166cd9d0c5ec10a9adba7fdce9a9b682adef2b","messageTitle":"Update DeveloperGuide.md","messageBody":"","fileTypesAndContributionMap":{"docs":{"insertions":2,"deletions":2}}}]},{"date":"2021-09-28","commitResults":[{"hash":"e33ab6211f9186ee3bcec5474520ab3b93c477e3","messageTitle":"Update Developer Guide","messageBody":"","fileTypesAndContributionMap":{"docs":{"insertions":12,"deletions":13}}}]},{"date":"2021-10-05","commitResults":[{"hash":"15aee261bd19fb31a4970e7270ceb74c2eee92b6","messageTitle":"Major GUI Change with Show view","messageBody":"","fileTypesAndContributionMap":{"functional-code":{"insertions":376,"deletions":88},"test-code":{"insertions":1,"deletions":1}}}]},{"date":"2021-10-10","commitResults":[{"hash":"3f4e840f952076f00b12454e0429bbc90ce5a6d7","messageTitle":"Fix for import of optional fields","messageBody":"","fileTypesAndContributionMap":{"functional-code":{"insertions":19,"deletions":6}}},{"hash":"8a9e4637b7b12ee600eba53bed98a3eed50c16c1","messageTitle":"Updated Test Case for Optional Field","messageBody":"","fileTypesAndContributionMap":{"test-code":{"insertions":0,"deletions":9}}}]},{"date":"2021-10-11","commitResults":[{"hash":"ce0755d8510093152dbcf6da45debf1b3056dae3","messageTitle":"Add a Show Command to show user details","messageBody":"","fileTypesAndContributionMap":{"functional-code":{"insertions":259,"deletions":17},"test-code":{"insertions":96,"deletions":7}}},{"hash":"0194bf4a64c1870e4d407a84e5444d9d32c257ca","messageTitle":"JSON Test Case Fix","messageBody":"","fileTypesAndContributionMap":{"test-code":{"insertions":1,"deletions":1}}},{"hash":"75c433e0dce6c083bf5285a61d47eb1ab1ec4bd1","messageTitle":"Update NameContainsKeywordsPredicate.java","messageBody":"","fileTypesAndContributionMap":{"functional-code":{"insertions":1,"deletions":2}}},{"hash":"6031bfc12d7e02cad1142a62aa58e3ba2cd030a6","messageTitle":"Readability Fix","messageBody":"","fileTypesAndContributionMap":{"functional-code":{"insertions":37,"deletions":25}}},{"hash":"29f693c2c8623851330aa1fe6112d776acf404dd","messageTitle":"Update NameContainsKeywordsPredicate.java","messageBody":"","fileTypesAndContributionMap":{"functional-code":{"insertions":2,"deletions":0}}},{"hash":"d32a88ab72a938bd2afc5d47c03cae847b90f1b6","messageTitle":"Readability Fix","messageBody":"","fileTypesAndContributionMap":{"functional-code":{"insertions":6,"deletions":0}}}]},{"date":"2021-10-12","commitResults":[{"hash":"e39374b851111512e1edbdd7873a7c48a9fb657c","messageTitle":"Main Window Delay","messageBody":"","fileTypesAndContributionMap":{"functional-code":{"insertions":13,"deletions":26}}}]},{"date":"2021-10-18","commitResults":[{"hash":"f50e4a248878096107523c0dd25bcb823184dd4a","messageTitle":"Major GUI Changes","messageBody":"","fileTypesAndContributionMap":{"functional-code":{"insertions":362,"deletions":47}}}]},{"date":"2021-10-19","commitResults":[{"hash":"44ba08b71d9e6d7082cd7878c85bc3aeaab44e78","messageTitle":"Add CSV File Utils","messageBody":"","fileTypesAndContributionMap":{"functional-code":{"insertions":130,"deletions":0},"test-code":{"insertions":5,"deletions":0}}},{"hash":"232f649cc2f7c7f71258dc426f37e994d21c0d99","messageTitle":"Fix Minor Style Issue","messageBody":"","fileTypesAndContributionMap":{"functional-code":{"insertions":6,"deletions":6}}}]},{"date":"2021-10-20","commitResults":[{"hash":"23fe90347585e1115201df576b4d56b0875148af","messageTitle":"Update PersonDetails.java","messageBody":"","fileTypesAndContributionMap":{"functional-code":{"insertions":0,"deletions":1}}},{"hash":"86bc48c2a7417d57b673fade3079d86dc932ab8f","messageTitle":"Github Utils switch to Webscraping","messageBody":"","fileTypesAndContributionMap":{"functional-code":{"insertions":168,"deletions":274},"test-code":{"insertions":28,"deletions":71}}},{"hash":"e0b524c543fcb38d222c2c60e6bbaf97f3555a25","messageTitle":"Update ExportSequenceDiagram.puml","messageBody":"","fileTypesAndContributionMap":{"docs":{"insertions":1,"deletions":1}}}]},{"date":"2021-10-21","commitResults":[{"hash":"9481af6ba61833adef6f0003626478315c3d2a69","messageTitle":"Add Auto-Switch Tab Feature","messageBody":"","fileTypesAndContributionMap":{"functional-code":{"insertions":53,"deletions":12},"other":{"insertions":2,"deletions":2},"test-code":{"insertions":5,"deletions":0}}},{"hash":"6c9ede5aae82e130eec66da13aca78f313550c0f","messageTitle":"Scale Based on Resolution","messageBody":"","fileTypesAndContributionMap":{"functional-code":{"insertions":82,"deletions":66},"docs":{"insertions":2,"deletions":2}}},{"hash":"88131893e1983d1f3e2fba8469b8a77b32d0f1bb","messageTitle":"Update DG with Show Command","messageBody":"","fileTypesAndContributionMap":{"functional-code":{"insertions":1,"deletions":1},"docs":{"insertions":240,"deletions":255}}}]},{"date":"2021-10-22","commitResults":[{"hash":"b73e9b92c9f6851c628a29e85528d1cf26583ba3","messageTitle":"Update UserGuide.md","messageBody":"","fileTypesAndContributionMap":{"docs":{"insertions":7,"deletions":4}}},{"hash":"50d5df9ce112aac617fed6c19bcc312171619df3","messageTitle":"Update UserGuide.md","messageBody":"","fileTypesAndContributionMap":{"docs":{"insertions":29,"deletions":29}}}]},{"date":"2021-10-23","commitResults":[{"hash":"259c102b2634ce2b1991011ddf64cab6e69872f3","messageTitle":"Add Favorite Button","messageBody":"","fileTypesAndContributionMap":{"functional-code":{"insertions":70,"deletions":45}}},{"hash":"86ed124cb49a209a431887973ec0087bc0a78642","messageTitle":"Fix JavaFX Version","messageBody":"","fileTypesAndContributionMap":{"functional-code":{"insertions":3,"deletions":3}}},{"hash":"c8ffacf17c1b93df83ae22a4219b1c50728b57a8","messageTitle":"Fix JavaFX Version","messageBody":"","fileTypesAndContributionMap":{"functional-code":{"insertions":3,"deletions":3}}},{"hash":"3a8636cc9c1c831c3a42aeba20f0ccbfbb5f9cc0","messageTitle":"Update Regex and Sample Data","messageBody":"","fileTypesAndContributionMap":{"functional-code":{"insertions":62,"deletions":37},"test-code":{"insertions":1,"deletions":0}}}]},{"date":"2021-10-26","commitResults":[{"hash":"eb7ea68d018486bad07f0c4d3c38fb18c5e11025","messageTitle":"Update UserGuide.md","messageBody":"","fileTypesAndContributionMap":{"docs":{"insertions":15,"deletions":7}}}]}],"Jai2501":[{"date":"2021-09-25","commitResults":[{"hash":"47e1ec7897610b2829de5cbcd0f0825c35113cea","messageTitle":"Update UserGuide.md","messageBody":"Add Command Summary","fileTypesAndContributionMap":{"docs":{"insertions":9,"deletions":9}}},{"hash":"862342f842716eca6bd6a271566b5b23202ef72f","messageTitle":"Update DeveloperGuide.md","messageBody":"Updated User stories.\n","fileTypesAndContributionMap":{"docs":{"insertions":15,"deletions":7}}},{"hash":"d7e33137d4128ca5ca49da8423324d6c5ff42078","messageTitle":"Update DeveloperGuide.md","messageBody":"Adjust Indentation at various places.","fileTypesAndContributionMap":{"docs":{"insertions":2,"deletions":2}}}]},{"date":"2021-09-26","commitResults":[{"hash":"94a23961113f3e6e817ef67db5711ddfadba7ab8","messageTitle":"Minor Refactor","messageBody":"","fileTypesAndContributionMap":{"functional-code":{"insertions":1,"deletions":0}}}]},{"date":"2021-10-06","commitResults":[{"hash":"f7084f30db14f3c738b488d6e1f1c2123c56c797","messageTitle":"Add a backbone for displaying the table","messageBody":"To revamp the help Window UI, and enhance it\u0027s\nutility.\n\nAdd backend structure to support table view.\n","fileTypesAndContributionMap":{"functional-code":{"insertions":80,"deletions":4}}},{"hash":"238ee3a454d3e6a8ddf60f413b28e028243893d5","messageTitle":"Minor update to user guide","messageBody":"Anything in \"\u003c\" and \"\u003e\" was not\nbeing displayed well. Also, some\ncommands have variations like \"find\"\nand \"show.\"\n\nFix rendering issue, and add command\nvariations.\n","fileTypesAndContributionMap":{"docs":{"insertions":4,"deletions":2}}}]},{"date":"2021-10-07","commitResults":[{"hash":"ebb390b61dedaa501b001fedc64eb9538980d216","messageTitle":"Refactoring and Updating Help Window","messageBody":"Stage 1\n","fileTypesAndContributionMap":{"functional-code":{"insertions":115,"deletions":20}}},{"hash":"06f1962e44b996610ca38b10613b453cf313dd5d","messageTitle":"Major Refactor to help section.","messageBody":"Major Refactor to the help section,\nto adapt to the apps improved UI, and\nguide users better.\n","fileTypesAndContributionMap":{"functional-code":{"insertions":66,"deletions":37}}},{"hash":"d0ee20e87b6317362c7d2628733c6a8057e55e2a","messageTitle":"Further Enhanced the Help Section Ui","messageBody":"","fileTypesAndContributionMap":{"functional-code":{"insertions":10,"deletions":22}}},{"hash":"e0ea0c53f5009dbd9ea9f015ccce50fe4a522189","messageTitle":"Bug Fix","messageBody":"On opening the help section,\nthe commands were repeated over\nand over again.\n\nFix infinite list of commands bug.\n","fileTypesAndContributionMap":{"functional-code":{"insertions":2,"deletions":1}}},{"hash":"bcc5e61b9021f2f3863ec9cd3d255c6b1f42803f","messageTitle":"Add a button to open the user guide in the browser","messageBody":"Previously, there was a \"Copy URL\" button, and\nit was a hassle when someone had to open the URL.\nThey would have to paste it into the browser.\n\nAdd a \"Visit URL\" button to open the URL in the\ndefault browser on the system.\n","fileTypesAndContributionMap":{"functional-code":{"insertions":19,"deletions":6}}},{"hash":"23e8e00454762a0cfad1c9e577a8fe4636484a75","messageTitle":"Tweak code to follow coding standard","messageBody":"","fileTypesAndContributionMap":{"functional-code":{"insertions":33,"deletions":14}}},{"hash":"d0a51035437e96fc3e686a1c8511ef39da1092fd","messageTitle":"Tweak code to follow coding standard","messageBody":"","fileTypesAndContributionMap":{"functional-code":{"insertions":7,"deletions":2}}}]},{"date":"2021-10-11","commitResults":[{"hash":"b0114f01656c76c5c0a6f56823729cbdb0f4d3f7","messageTitle":"Add Welcome Splash Screen","messageBody":"The user should be greeted with our\napp logo and tagline.\n\nAdd backbone structure for showing a\nwelcome splash screen pop up.\n","fileTypesAndContributionMap":{"functional-code":{"insertions":124,"deletions":0}}},{"hash":"b7ecd66b4fa3778797b1c48c0b9cc11c1f4e0f3d","messageTitle":"Add Style To The Welcome Window","messageBody":"It is important for all the componenets\nof the app to blend together and have\nsimilar formatting styles.\n","fileTypesAndContributionMap":{"functional-code":{"insertions":26,"deletions":5}}},{"hash":"92971f4db2abb394d0aa528f9aea43129c3d29a6","messageTitle":"Add Set On Top And Automatic Window Close","messageBody":"The window should open in front of the main\nwindow, and not towards the back or somewhere\nhidden. Also, as this is a welcome splash\nscreen, it should automatically close in a\ncertain amount of time.\n","fileTypesAndContributionMap":{"functional-code":{"insertions":18,"deletions":5}}},{"hash":"85386835511e6410113be97afe9b3b8154d07be5","messageTitle":"Add Fade In Open Effect To Welcome Window","messageBody":"To enhance the UI, added fading in effect\nto the logo in the welcome window. This can\nbe observed when the App is launched.\n","fileTypesAndContributionMap":{"functional-code":{"insertions":12,"deletions":4}}},{"hash":"0b15329a7b29414991652d6965dc887d7aa19ed5","messageTitle":"Add Comments","messageBody":"","fileTypesAndContributionMap":{"functional-code":{"insertions":33,"deletions":8}}},{"hash":"ac69d2c153c3df2d148f922614c23c569c6dc861","messageTitle":"Tweak Code to follow Coding Style","messageBody":"","fileTypesAndContributionMap":{"functional-code":{"insertions":8,"deletions":23}}},{"hash":"52247080aea236e79cac8a8d103fb99de3ba36d3","messageTitle":"Tweak Code to follow Coding Style","messageBody":"","fileTypesAndContributionMap":{"functional-code":{"insertions":5,"deletions":13}}},{"hash":"b5b1eef7b1148a4c1543b1b0341455164c2ce5f5","messageTitle":"Tweak Code to follow Coding Style","messageBody":"","fileTypesAndContributionMap":{"functional-code":{"insertions":13,"deletions":13}}},{"hash":"eb0c14e7bd3f0c8cb252702c107c81fe9bf3a397","messageTitle":"Tweak Code to follow Coding Style","messageBody":"","fileTypesAndContributionMap":{"functional-code":{"insertions":1,"deletions":0}}},{"hash":"61ee58f2dffabb1d90a68d062b426e51a0ffa842","messageTitle":"Tweak Code to follow Coding Style","messageBody":"","fileTypesAndContributionMap":{"functional-code":{"insertions":1,"deletions":2}}},{"hash":"6e8bff2b5521bb4d3ffc5ac99d47a12a7797b2a8","messageTitle":"Update and Fix User Guide Bug","messageBody":"","fileTypesAndContributionMap":{"docs":{"insertions":3,"deletions":3}}}]},{"date":"2021-10-12","commitResults":[{"hash":"0a2206c4ce639e10c4a5b8912b2a127cc3a2ba7d","messageTitle":"Refinements to the Welcome Window","messageBody":"Update padding and minor code\nrefactor.\n","fileTypesAndContributionMap":{"functional-code":{"insertions":8,"deletions":8}}}]},{"date":"2021-10-18","commitResults":[{"hash":"97b99aee7fad94c9cdb762f2382b8fdd36b476bd","messageTitle":"Add Backbone Structure","messageBody":"Added backbone structure to retrieve user\ndata and image using the GitHub API\n","fileTypesAndContributionMap":{"functional-code":{"insertions":94,"deletions":0},"other":{"insertions":3,"deletions":0}}},{"hash":"44d8d90d19fc85922d534babbd5a832d8332396b","messageTitle":"Add get commits functionality","messageBody":"","fileTypesAndContributionMap":{"functional-code":{"insertions":5,"deletions":10}}},{"hash":"80f00159e337bc505837bdb84ae7aea553417cf1","messageTitle":"Add fallback for profile picture","messageBody":"","fileTypesAndContributionMap":{"functional-code":{"insertions":26,"deletions":7}}},{"hash":"24a3519545b999d1e8b9f3428e66d236dd4f1aee","messageTitle":"Major Refactor","messageBody":"1. Updated some deprecated versions of libraries.\n2. Updates GitHubUtil Class structure.\n3. Add Comments.\n","fileTypesAndContributionMap":{"functional-code":{"insertions":57,"deletions":21},"other":{"insertions":1,"deletions":1}}},{"hash":"4470805d688a957e045e6369669b714d8f627c6b","messageTitle":"Tweak Code to follow Coding Style","messageBody":"","fileTypesAndContributionMap":{"functional-code":{"insertions":4,"deletions":3}}},{"hash":"55a0cb939bce3953ab3ab4c8e23d1b25c8aa80e4","messageTitle":"For trial purpose, use different account","messageBody":"","fileTypesAndContributionMap":{"functional-code":{"insertions":2,"deletions":1}}},{"hash":"c47494e50897b2614c0518aba2d5c2e84ec4037a","messageTitle":"After Merge, Critical Bug Encounter Fix","messageBody":"","fileTypesAndContributionMap":{"functional-code":{"insertions":1,"deletions":1}}},{"hash":"bf55e1913bfb0f58fbc6c1fc8307cf494e7e8af3","messageTitle":"Adapt App to showcase GitHub Profiles","messageBody":"","fileTypesAndContributionMap":{"functional-code":{"insertions":12,"deletions":18}}},{"hash":"8b07b6ec820e2235b01056edf0f1079a0d0a4b14","messageTitle":"Add new Method, to get repo count","messageBody":"","fileTypesAndContributionMap":{"functional-code":{"insertions":27,"deletions":2}}},{"hash":"1e74efb835d75e288b86ae35552a50ba1d3a94fc","messageTitle":"Update Comments","messageBody":"","fileTypesAndContributionMap":{"functional-code":{"insertions":1,"deletions":1}}},{"hash":"cab31aa0fd82fc061fc3352ae3312d6a4b8f14d0","messageTitle":"Tweak Code to follow Coding Style","messageBody":"","fileTypesAndContributionMap":{"functional-code":{"insertions":0,"deletions":5}}}]},{"date":"2021-10-19","commitResults":[{"hash":"63874e56631f8a5654945da28bb3b02fa944fc51","messageTitle":"Made Various Methods and Fields Static","messageBody":"","fileTypesAndContributionMap":{"functional-code":{"insertions":10,"deletions":10}}},{"hash":"5582fe05efd1d6edeb51a2313e03dd22eb30b771","messageTitle":"Add Methods To Retrieve Data","messageBody":"Added methods to retrieve various types\nof data of the user from GitHub, including\nNumber of Repos and Programming Languages\nfamiliar with.\n","fileTypesAndContributionMap":{"functional-code":{"insertions":128,"deletions":1}}},{"hash":"936985803bf9d8ab5eedb4c0359aa91f0f1e19b1","messageTitle":"Add Web Scrappers to obtain various counts","messageBody":"Added Web Scrappers to obtain count of\ntotal commits a person had made, and the\ntotal number of repositories the person has.\n","fileTypesAndContributionMap":{"functional-code":{"insertions":130,"deletions":6}}},{"hash":"114e1210c97cfd8afba1724e769798c8a44e10c8","messageTitle":"Delete Redundant Methods","messageBody":"","fileTypesAndContributionMap":{"functional-code":{"insertions":1,"deletions":40}}},{"hash":"c612ac048640b88a7593fd2991266d8657d198de","messageTitle":"Tweak Code to follow Coding Style","messageBody":"","fileTypesAndContributionMap":{"functional-code":{"insertions":3,"deletions":3}}}]},{"date":"2021-10-20","commitResults":[{"hash":"e4e7c7d5dd9ae33b8ebfa339c196d4428a842b43","messageTitle":"Add Unit Test for GitHubUtil Class","messageBody":"","fileTypesAndContributionMap":{"functional-code":{"insertions":4,"deletions":4},"test-code":{"insertions":161,"deletions":0}}},{"hash":"14b18ab85dc8b319c8935f1f370b063ccd094826","messageTitle":"Tweak Test Cases","messageBody":"","fileTypesAndContributionMap":{"test-code":{"insertions":10,"deletions":16}}},{"hash":"92d6aa95ad4cde57b3f995f4ad70b38e3c6ecba5","messageTitle":"Tweak Code to follow Coding Style","messageBody":"","fileTypesAndContributionMap":{"functional-code":{"insertions":1,"deletions":1}}}]},{"date":"2021-10-21","commitResults":[{"hash":"e0a63790394450495d7571224b204dc3a824c51b","messageTitle":"Update Developer Guide","messageBody":"Updated Developer Guide to add in\ndetails about the implementation of\nthe Welcome Window.\n","fileTypesAndContributionMap":{"docs":{"insertions":52,"deletions":0}}},{"hash":"b6697ef9b8e527457b4e814a69064d30710f3757","messageTitle":"Add EOF","messageBody":"","fileTypesAndContributionMap":{"docs":{"insertions":1,"deletions":1}}},{"hash":"ee58c989a8cad209ae9b3353831e5c30ec66c74c","messageTitle":"Add Sequence Diagram","messageBody":"","fileTypesAndContributionMap":{"docs":{"insertions":2,"deletions":0}}},{"hash":"e2028daa7fee86fcffc0c96bc10c3727776d20ec","messageTitle":"Update Image Name","messageBody":"","fileTypesAndContributionMap":{"docs":{"insertions":1,"deletions":1}}},{"hash":"b834f6666f97018bf559bf3d8a0d83687a6340e5","messageTitle":"Update Sequence Diagram","messageBody":"","fileTypesAndContributionMap":{"docs":{"insertions":1,"deletions":1}}},{"hash":"fb01528ab317e8047094e23d398a88d718906670","messageTitle":"Update Log Messages","messageBody":"Updated Logging Messages to reflect\nthe new name of the App.\n","fileTypesAndContributionMap":{"functional-code":{"insertions":7,"deletions":7},"other":{"insertions":5,"deletions":0}}}]},{"date":"2021-10-22","commitResults":[{"hash":"f9b86f31859ad98c72393149da0ea8d48eb21858","messageTitle":"Enable Assertions","messageBody":"","fileTypesAndContributionMap":{"other":{"insertions":5,"deletions":0}}}]},{"date":"2021-10-25","commitResults":[{"hash":"7590e204578479421bd26475f5cd3773a646db94","messageTitle":"Add Backbone Structure","messageBody":"","fileTypesAndContributionMap":{"functional-code":{"insertions":116,"deletions":1}}},{"hash":"9f768f3cf988073dc0690dbdcb9c7c93f1e87fad","messageTitle":"Improve Ui","messageBody":"","fileTypesAndContributionMap":{"functional-code":{"insertions":40,"deletions":15}}},{"hash":"2e935d60e366e180449b9111bc8057e27081dc06","messageTitle":"Backend Wrap Up","messageBody":"","fileTypesAndContributionMap":{"functional-code":{"insertions":102,"deletions":7}}},{"hash":"d23631294238acbcd1f033e32e75c9b0e4011645","messageTitle":"Add log to ProfileWindow","messageBody":"","fileTypesAndContributionMap":{"functional-code":{"insertions":11,"deletions":0}}},{"hash":"fe13b58a998c206d98b039215d196d7f1200a75e","messageTitle":"Minor Refactor","messageBody":"","fileTypesAndContributionMap":{"functional-code":{"insertions":7,"deletions":16}}},{"hash":"8ceeb7abd370c80ca94fb1f334ae3e255cec43d1","messageTitle":"Major Ui Refactor","messageBody":"","fileTypesAndContributionMap":{"functional-code":{"insertions":39,"deletions":18}}},{"hash":"6d1b1e42c809eaf2feaba183ab91e6a46aa4d1e2","messageTitle":"Remove Unnecessary Fields","messageBody":"","fileTypesAndContributionMap":{"functional-code":{"insertions":11,"deletions":55}}},{"hash":"507eaee056024c08601f2414a67a4e13897bc18d","messageTitle":"Major Ui Redesign","messageBody":"The Profile Window Ui has been reworked\nfrom ground up.\n\nThis Window would be shown when the user\nlaunches the app for the first time, to\ncollect some essential information like\nGitHub Username, so that they can access\nthe \"Find a Buddy\" feature, and match with\nsome like-minded people.\n","fileTypesAndContributionMap":{"functional-code":{"insertions":61,"deletions":17}}},{"hash":"a00c2072fbacf554edb6642f81d275318ffc58ec","messageTitle":"Code Cleanup","messageBody":"","fileTypesAndContributionMap":{"functional-code":{"insertions":0,"deletions":23}}},{"hash":"d2dee83da933db024a1714d161c069257520da71","messageTitle":"Minor Ui Tweak and Cleanup","messageBody":"","fileTypesAndContributionMap":{"functional-code":{"insertions":40,"deletions":38}}}]},{"date":"2021-10-26","commitResults":[{"hash":"a087d699f552034abab84049330f3673aa519261","messageTitle":"Add Comments","messageBody":"","fileTypesAndContributionMap":{"functional-code":{"insertions":37,"deletions":14}}},{"hash":"e5d3bf4e7172b34501d94d9bd5ee1453e5d1d55c","messageTitle":"Tweak Code to Follow Code Standards","messageBody":"","fileTypesAndContributionMap":{"functional-code":{"insertions":10,"deletions":5}}},{"hash":"0df8098e47236e773160aaaaaa2b48f4bd054788","messageTitle":"Update Messages","messageBody":"","fileTypesAndContributionMap":{"functional-code":{"insertions":15,"deletions":5}}},{"hash":"92d8c51570987cff595cbfd2601f879be61439c2","messageTitle":"Update Messages","messageBody":"","fileTypesAndContributionMap":{"functional-code":{"insertions":2,"deletions":2}}}]}]},"authorFileTypeContributionMap":{"CheongYeeMing":{"docs":229,"functional-code":623,"test-code":547},"aishh12":{"docs":123,"functional-code":573,"test-code":283},"moreTriangles":{"docs":207,"functional-code":902,"test-code":247,"other":8},"crypto-code":{"docs":477,"functional-code":1295,"test-code":137,"other":7},"Jai2501":{"docs":66,"functional-code":780,"test-code":82,"other":8}},"authorContributionVariance":{"CheongYeeMing":21277.152,"aishh12":6055.2773,"moreTriangles":17917.7,"crypto-code":35709.676,"Jai2501":18102.209},"authorDisplayNameMap":{"CheongYeeMing":"CS2103T-T10-1 CHEO..MING","aishh12":"CS2103T-T10-1 AISH..NAIR","moreTriangles":"CS2103T-T10-1 ADAM..HONG","crypto-code":"CS2103T-T10-1 ATIN..SAIN","Jai2501":"CS2103T-T10-1 JAI ..ULLA"}}
