{"authorDailyContributionsMap":{"marcuspeh":[{"date":"2021-09-22","commitResults":[{"hash":"5fee7aece5ae86ddb18aec667d017e827598a80d","messageTitle":"Update AboutUs to include details on Marcus","messageBody":"","fileTypesAndContributionMap":{"docs":{"insertions":7,"deletions":5}}}]},{"date":"2021-09-23","commitResults":[{"hash":"50e21b05d7b60af5488647e8ba7714f8c9231ddf","messageTitle":"Update ReadMe with details on project","messageBody":"","fileTypesAndContributionMap":{"docs":{"insertions":13,"deletions":11}}},{"hash":"374d1d13f155d7b0f1cfda48388337e85c38faff","messageTitle":"Add newline at EOF","messageBody":"","fileTypesAndContributionMap":{"docs":{"insertions":1,"deletions":1}}},{"hash":"19c8e43fb06cd06c77a450c4b0411b322438f7c4","messageTitle":"Update user guide with view expenses details and FAQs","messageBody":"","fileTypesAndContributionMap":{"docs":{"insertions":21,"deletions":4}}}]},{"date":"2021-09-24","commitResults":[{"hash":"c7f54ab76038bd0909c929ed9faa8aedc37422ae","messageTitle":"Update developer guide with view expenses","messageBody":"","fileTypesAndContributionMap":{"docs":{"insertions":77,"deletions":31}}},{"hash":"a2e7c58962a98a5e09b67eaa50e62cfce9719475","messageTitle":"Update developer guide with minor styling fixes","messageBody":"","fileTypesAndContributionMap":{"docs":{"insertions":7,"deletions":7}}},{"hash":"b27fec0bceffcf96419be48606b224e649dce6af","messageTitle":"Update help link","messageBody":"","fileTypesAndContributionMap":{"functional-code":{"insertions":1,"deletions":1}}},{"hash":"a9fbf24aca4fa521980c24781fdef9e639dc8140","messageTitle":"Add javafx for showing groups","messageBody":"","fileTypesAndContributionMap":{"functional-code":{"insertions":382,"deletions":4}}},{"hash":"f7ff6ecebfed90925bc7be2891f6de481348c8b1","messageTitle":"Fix checkstyle issues","messageBody":"","fileTypesAndContributionMap":{"functional-code":{"insertions":10,"deletions":176}}}]},{"date":"2021-09-29","commitResults":[{"hash":"daf87fdd8e322aa407cf852177ece071fed52489","messageTitle":"Add in UI to toggle between group list and person list","messageBody":"","fileTypesAndContributionMap":{"functional-code":{"insertions":342,"deletions":61}}},{"hash":"e78738006be73c15d073496b8d75761be8f9a6d2","messageTitle":"Add in use case for workflow","messageBody":"","fileTypesAndContributionMap":{"docs":{"insertions":1,"deletions":1}}},{"hash":"f66f859dcf0ec374c1f0ae1473c181bf664bb141","messageTitle":"Update user guide with view groups and minor changes to structure","messageBody":"","fileTypesAndContributionMap":{"docs":{"insertions":52,"deletions":44}}},{"hash":"074eb599d6e4432b70cef002952c7984f5c262df","messageTitle":"Add in use cases for \"view groups\" and \"find person\"","messageBody":"","fileTypesAndContributionMap":{"docs":{"insertions":43,"deletions":5}}},{"hash":"2691a9904c2086b1334cfd5cd729de13fc3d7620","messageTitle":"Fix bug where button show wrong text","messageBody":"","fileTypesAndContributionMap":{"functional-code":{"insertions":2,"deletions":2}}},{"hash":"72f5d8dd3d3185e6c6f291f22fcde94bd5040739","messageTitle":"Update result display to wrap text","messageBody":"","fileTypesAndContributionMap":{"functional-code":{"insertions":2,"deletions":3}}},{"hash":"dfeb64c19a2cf690dd2e4657722638c21375c35d","messageTitle":"Update result display to wrap text","messageBody":"","fileTypesAndContributionMap":{"functional-code":{"insertions":1,"deletions":1}}}]},{"date":"2021-09-30","commitResults":[{"hash":"b446ba580c62e3a8bd57c9e068f383fb091211c1","messageTitle":"Package UI fxml and update javafx version","messageBody":"","fileTypesAndContributionMap":{"functional-code":{"insertions":7,"deletions":5},"other":{"insertions":8,"deletions":4},"docs":{"insertions":1,"deletions":1}}},{"hash":"59d256a9be7323f3542aa40446d55876873dedf4","messageTitle":"Add in command for changing between groups and contacts","messageBody":"","fileTypesAndContributionMap":{"functional-code":{"insertions":61,"deletions":7},"test-code":{"insertions":20,"deletions":7}}},{"hash":"2bdaf1ef438b23ca700518678a3ffd2d5d9b4cfa","messageTitle":"Fix junit test for list command","messageBody":"","fileTypesAndContributionMap":{"test-code":{"insertions":13,"deletions":2}}}]},{"date":"2021-10-03","commitResults":[{"hash":"acd9b60d1b623c4b2494b519f15923fcf666f496","messageTitle":"Update test case for groups command","messageBody":"","fileTypesAndContributionMap":{"test-code":{"insertions":26,"deletions":0}}},{"hash":"793ee4c5023f517a0f07cacee0b0bff7c08c924b","messageTitle":"Format user story table in DeveloperGuide","messageBody":"","fileTypesAndContributionMap":{"docs":{"insertions":1,"deletions":2}}},{"hash":"fdd60c3d5dea8a08a52f41068e84d687404c2642","messageTitle":"Update AboutUs with marcuspeh portfolio","messageBody":"","fileTypesAndContributionMap":{"docs":{"insertions":37,"deletions":1}}},{"hash":"2ef66f1ab0c6a20936684e96a957fd4e6518bd86","messageTitle":"Update list command to contacts","messageBody":"","fileTypesAndContributionMap":{"functional-code":{"insertions":3,"deletions":3},"other":{"insertions":3,"deletions":3},"test-code":{"insertions":13,"deletions":10}}},{"hash":"e0b60a35fe467f62b2d48402bccae0b3b0685d75","messageTitle":"Replace setting of view when the app start with `toggleView`","messageBody":"","fileTypesAndContributionMap":{"functional-code":{"insertions":1,"deletions":1}}},{"hash":"7dfbd8099d98b0f4f91ed0a0527351ebbd127eca","messageTitle":"Update contribution","messageBody":"","fileTypesAndContributionMap":{"docs":{"insertions":1,"deletions":1}}}]},{"date":"2021-10-04","commitResults":[{"hash":"d412dfa8511fc47df065c2ef35f10fc8c3c68224","messageTitle":"Add in logic for groups and incorporated it into the UI","messageBody":"","fileTypesAndContributionMap":{"functional-code":{"insertions":47,"deletions":1}}},{"hash":"75699969352ced5f528caefacfd6ee2de8564541","messageTitle":"Update test case and remove unused import","messageBody":"","fileTypesAndContributionMap":{"functional-code":{"insertions":0,"deletions":3},"test-code":{"insertions":14,"deletions":0}}},{"hash":"537972e2acb4a411cd520f7c31d793885ff4b3d6","messageTitle":"Update portfolio for marcuspeh","messageBody":"","fileTypesAndContributionMap":{"docs":{"insertions":4,"deletions":3}}}]},{"date":"2021-10-05","commitResults":[{"hash":"0c1b4967fc324dd66143996e0d1695f112165f04","messageTitle":"Update code base on code quality guide","messageBody":"","fileTypesAndContributionMap":{"functional-code":{"insertions":142,"deletions":63}}},{"hash":"cc1d1972b0f3b0f95423ca40538478a78b7f0c66","messageTitle":"Fix xlint warning","messageBody":"","fileTypesAndContributionMap":{"functional-code":{"insertions":1,"deletions":1}}},{"hash":"f4131c6b2ff3f80d2aa9323d7dd9cfffe996738c","messageTitle":"Change boolean names","messageBody":"","fileTypesAndContributionMap":{"functional-code":{"insertions":10,"deletions":10}}},{"hash":"27d5da48dfdb9ecf235e3c067dc47ae77895d9aa","messageTitle":"Update javadocs comments","messageBody":"","fileTypesAndContributionMap":{"functional-code":{"insertions":2,"deletions":2}}},{"hash":"20eeaf12b767cbbfe025c426f7b013d8708173a0","messageTitle":"Update location of common files","messageBody":"","fileTypesAndContributionMap":{"docs":{"insertions":1,"deletions":1}}}]},{"date":"2021-10-07","commitResults":[{"hash":"96539b5d77d609869900bba28817457491a3c09d","messageTitle":"Update JavaDocs on list command test","messageBody":"","fileTypesAndContributionMap":{"other":{"insertions":6,"deletions":3}}},{"hash":"0c513bf9b6945e76553d39832972e13cda829691","messageTitle":"Update PR review list","messageBody":"","fileTypesAndContributionMap":{"docs":{"insertions":1,"deletions":1}}},{"hash":"46297b2f21b893e827fc01a24dcdb36438d6bf3e","messageTitle":"Update RepoSense link","messageBody":"","fileTypesAndContributionMap":{"docs":{"insertions":2,"deletions":2}}}]}],"Jingwencloud":[{"date":"2021-09-25","commitResults":[{"hash":"5cd4d505e60c498b91c0912db6f8a5d00a1e6f06","messageTitle":"Update User Guide to include delete expense feature","messageBody":"","fileTypesAndContributionMap":{"docs":{"insertions":14,"deletions":0}}},{"hash":"98eb1788c3806028eefacc1cc7b4e313aed6d580","messageTitle":"Update command summary","messageBody":"","fileTypesAndContributionMap":{"docs":{"insertions":2,"deletions":1}}}]},{"date":"2021-09-26","commitResults":[{"hash":"581b1e39730468110a306f7ff62846c2f59440f6","messageTitle":"Update user stories and use case in Developer Guide","messageBody":"","fileTypesAndContributionMap":{"docs":{"insertions":38,"deletions":3}}},{"hash":"8cbd0b05321864311ed8a613bb5de55080e3bd31","messageTitle":"Update AboutUs to include Jingwen details","messageBody":"","fileTypesAndContributionMap":{"docs":{"insertions":5,"deletions":5}}},{"hash":"1d6f019fc5b788c75c51f8eb6f8e33f8194816e1","messageTitle":"Change file name of photo to be in lower case","messageBody":"","fileTypesAndContributionMap":{"docs":{"insertions":1,"deletions":1}}}]},{"date":"2021-09-30","commitResults":[{"hash":"4ecae08614b89c3944b147f034d60d4bf70d43bf","messageTitle":"Update glossary and use case in Developer Guide","messageBody":"","fileTypesAndContributionMap":{"docs":{"insertions":18,"deletions":0}}}]},{"date":"2021-10-05","commitResults":[{"hash":"3ad6297646e6e370767bed3d200efa2f40dc9d53","messageTitle":"Add ui for expenses","messageBody":"","fileTypesAndContributionMap":{"functional-code":{"insertions":160,"deletions":0}}},{"hash":"1e7fb0eac8b801534fac3fbe4897eb847910503e","messageTitle":"Add list expenses command","messageBody":"","fileTypesAndContributionMap":{"functional-code":{"insertions":47,"deletions":8}}}]},{"date":"2021-10-06","commitResults":[{"hash":"b5d7b241c829ff113b9f4cbbc899c42446ef72ad","messageTitle":"merge branch","messageBody":"","fileTypesAndContributionMap":{"functional-code":{"insertions":526,"deletions":0},"other":{"insertions":618,"deletions":479},"docs":{"insertions":41,"deletions":0},"test-code":{"insertions":5670,"deletions":0}}},{"hash":"ac6955da3be05851147962572abfdef199ad9b07","messageTitle":"Add expense card","messageBody":"","fileTypesAndContributionMap":{"functional-code":{"insertions":70,"deletions":0}}},{"hash":"1bfa0d7a584b4ef4848019d3956fff947576d750","messageTitle":"Update ui to show list of expenses","messageBody":"","fileTypesAndContributionMap":{"functional-code":{"insertions":246,"deletions":6},"test-code":{"insertions":19,"deletions":12}}},{"hash":"f4db01d1e245c58255b14ec34829c81d311389ad","messageTitle":"Fix checkstyle errors","messageBody":"","fileTypesAndContributionMap":{"functional-code":{"insertions":13,"deletions":17}}}]},{"date":"2021-10-07","commitResults":[{"hash":"509d3cae8b6243f3ad98d2c42e84588a998c0516","messageTitle":"Update list expenses command and ui","messageBody":"","fileTypesAndContributionMap":{"functional-code":{"insertions":162,"deletions":191},"test-code":{"insertions":15,"deletions":3}}},{"hash":"ec02ccad80f2683689638aee834c59dd0c5c9a9d","messageTitle":"Update list expenses command to handle errors","messageBody":"","fileTypesAndContributionMap":{"functional-code":{"insertions":22,"deletions":19},"test-code":{"insertions":2,"deletions":2}}},{"hash":"c2ae3cb6062ec75da02e716872a265f3968cef5d","messageTitle":"Fix checkstyle errors","messageBody":"","fileTypesAndContributionMap":{"functional-code":{"insertions":12,"deletions":18},"test-code":{"insertions":23,"deletions":10}}},{"hash":"adbc6b5727432856ce09aa92ccc209d93e2563f3","messageTitle":"Update merge conflicts","messageBody":"","fileTypesAndContributionMap":{"functional-code":{"insertions":9,"deletions":8}}},{"hash":"e9d9f06c1464b8609761bfdb2a9f98c2bafd2d31","messageTitle":"Remove unnecessary lines","messageBody":"","fileTypesAndContributionMap":{"functional-code":{"insertions":0,"deletions":3}}},{"hash":"5593bd78d059a9d157938ca1ac852e3a5640d4db","messageTitle":"Add new line at EOF","messageBody":"","fileTypesAndContributionMap":{"functional-code":{"insertions":2,"deletions":1}}},{"hash":"857ca06927e383ac6f57cad44778522ad62cdd72","messageTitle":"Update AddressBook","messageBody":"","fileTypesAndContributionMap":{"functional-code":{"insertions":1,"deletions":1}}},{"hash":"9ec849e9207dcd9d840e892d6c2e2056ed6d47bd","messageTitle":"Remove unnecessary line spacings and update javadocs","messageBody":"","fileTypesAndContributionMap":{"functional-code":{"insertions":8,"deletions":29}}},{"hash":"73da57f387804b2a286b3b0c4b3285203bed9850","messageTitle":"Edit line spacing to be consistent","messageBody":"","fileTypesAndContributionMap":{"functional-code":{"insertions":1,"deletions":5}}},{"hash":"2b1f52936e3fdab5fa13e4b5a8d8999683a7b8c5","messageTitle":"Add portfolio","messageBody":"","fileTypesAndContributionMap":{"docs":{"insertions":34,"deletions":1}}},{"hash":"222807add698beab50a161545f7a9518ca788484","messageTitle":"Revert \"Add portfolio\"","messageBody":"This reverts commit 2b1f52936e3fdab5fa13e4b5a8d8999683a7b8c5.\n","fileTypesAndContributionMap":{"docs":{"insertions":1,"deletions":34}}},{"hash":"5058935ccbc3a01eb4e7a40b5fe35a302bf9c8e9","messageTitle":"Add portfolio","messageBody":"","fileTypesAndContributionMap":{"docs":{"insertions":32,"deletions":1}}},{"hash":"a3edabab40cc1e0c769b034a30f4785bd7e105cd","messageTitle":"Remove expense ui classes","messageBody":"","fileTypesAndContributionMap":{"functional-code":{"insertions":0,"deletions":118}}}]},{"date":"2021-10-08","commitResults":[{"hash":"83f631e0c14e9e5f6222b51b9e48272f845e1b67","messageTitle":"Add tests for list expenses command","messageBody":"","fileTypesAndContributionMap":{"test-code":{"insertions":38,"deletions":0}}},{"hash":"455ae41cc8b8bd36ff86ff3b47dbe95cd47cf457","messageTitle":"Remove additional expense ui classes","messageBody":"","fileTypesAndContributionMap":{"functional-code":{"insertions":0,"deletions":115}}},{"hash":"7a2a3043a622c846d8873c268a482c1497932543","messageTitle":"Fix bug in listing expenses","messageBody":"","fileTypesAndContributionMap":{"functional-code":{"insertions":1,"deletions":0}}},{"hash":"6edd2c6ab18bca64d9f621c1205e6aff272eb515","messageTitle":"Update expenses ui","messageBody":"","fileTypesAndContributionMap":{"functional-code":{"insertions":7,"deletions":5}}},{"hash":"ead10afc3b563d6e5b9d9c445e2c67402ada773c","messageTitle":"Fix checkstyle errors","messageBody":"","fileTypesAndContributionMap":{"functional-code":{"insertions":0,"deletions":1},"test-code":{"insertions":7,"deletions":7}}}]}],"chrus-chong":[{"date":"2021-09-18","commitResults":[{"hash":"fd4ae770dbcfcce9e81d3df6e2d8c18893053f0b","messageTitle":"Add create group functionality","messageBody":"","fileTypesAndContributionMap":{"functional-code":{"insertions":177,"deletions":1}}},{"hash":"afcd87195129c228aeb18156ab7bebd77344f978","messageTitle":"Display associated group names in GUI for each contact","messageBody":"","fileTypesAndContributionMap":{"functional-code":{"insertions":107,"deletions":16}}}]},{"date":"2021-09-22","commitResults":[{"hash":"788fba9df21063124051439d47856e654fba399e","messageTitle":"Add chrus-chong section of AboutUs.md","messageBody":"","fileTypesAndContributionMap":{"docs":{"insertions":5,"deletions":5}}},{"hash":"629841021ff93282b05e83ff215c562759a196d1","messageTitle":"Update chrus-chong portion of UserGuide","messageBody":"","fileTypesAndContributionMap":{"docs":{"insertions":14,"deletions":0}}},{"hash":"ce5a67d28105a7fda2ee27b40d780eb6f5abdbf3","messageTitle":"Fix typo for create group feature","messageBody":"","fileTypesAndContributionMap":{"docs":{"insertions":1,"deletions":1}}}]},{"date":"2021-09-23","commitResults":[{"hash":"4b37733df59c8d426166658d7f75f19ec86fb571","messageTitle":"Add table of contents","messageBody":"","fileTypesAndContributionMap":{"docs":{"insertions":5,"deletions":1}}},{"hash":"84b15964573a5de145f358ec822430f6631f1bef","messageTitle":"Add table of contents, user stories, and create group use case","messageBody":"DeveloperGuide.md not updated.\n\nDeveloper Guide needs to be up-to-date and readable.\n\nAdd table of contents.\nAdd user stories.\nAdd create group use case.\n\nDeveloper Guide easy to read and contains updated information.\n","fileTypesAndContributionMap":{"docs":{"insertions":60,"deletions":12}}}]},{"date":"2021-09-24","commitResults":[{"hash":"cc31b25d3a12251a5c02c7d86a4f2986788f7260","messageTitle":"Add getters and tag attribute for Group class","messageBody":"Getters not present in Group class.\nTag attribute not present in Group class.\n\nAll Group class attributes are private and getters are necessary.\nTag attribute useful to describe group in a concise manner.\n\nAdd tag attribute for Group class.\nAdd getters for members, name, and tags.\n\nOther functions can work with data in Group class more easily.\n","fileTypesAndContributionMap":{"functional-code":{"insertions":34,"deletions":4}}}]},{"date":"2021-09-29","commitResults":[{"hash":"2a9387160e7d1d6a0b3a1578fd710b136e3f99e9","messageTitle":"Add clear and add person use case and rearrange user stories","messageBody":"User stories not arranged in decreasing priority order.\n\nUser stories may be difficult to read.\n\nRearrange user stories in decreasing priority order\n\nArrangement of user stories more intuitive.\n","fileTypesAndContributionMap":{"docs":{"insertions":61,"deletions":21}}}]},{"date":"2021-10-02","commitResults":[{"hash":"529440c5cbebd96765e9137d3ef754f4728077ee","messageTitle":"Modify creategroup to save new group to addressbook.json","messageBody":"addressbook.json does not update to reflect creation of new groups.\n\nAWE has to be able to save data on new and existing groups.\n\nModify creategroup functionality to save group data to addressbook.json.\n\nAWE able to save group data into addressbook.json.\n","fileTypesAndContributionMap":{"functional-code":{"insertions":79,"deletions":11}}}]},{"date":"2021-10-03","commitResults":[{"hash":"2fc03f48406e3a7fb49073e34b0600452528dcdb","messageTitle":"Remove Group attribute from Person class","messageBody":"Person class contains Group attribute.\nAWE unable to update group attribute for each person.\nGradle test task fails.\n\nCircular dependency between Group and Person class.\nCircular dependency between JsonAdaptedGroup and JsonAdaptedPerson.\nGradle tests should pass to ensure bugs are not found too late.\n\nRemove Group attribute from Person class.\nAdd functionality to find group membership for Person given AddressBook.\nAdd addressbook as argument for PersonCard.\nAdd overriding addGroup method to AddCommandTest.\n\nCircular dependency between Group and Person class removed.\nPersonCard able to display group membership of Person.\nAll 248 Gradle test cases pass.\n","fileTypesAndContributionMap":{"functional-code":{"insertions":83,"deletions":105},"test-code":{"insertions":5,"deletions":0}}},{"hash":"8127c496af1ce5ecd0d45edeeb5de75977cef9a4","messageTitle":"Remove overloaded getGroupsName from Person class","messageBody":"","fileTypesAndContributionMap":{"functional-code":{"insertions":1,"deletions":11}}},{"hash":"61936edd247fed05de6a45d33dfcb3766fb685ec","messageTitle":"Use Optional within CreateGroupParser","messageBody":"Parser functions within CreateGroupParser return null if invalid input.\n\nMany conditional statements needed to handle null return.\n\nUse Optional class within CreateGroupParser.\n\nReduce the number of conditionals to handle null return.\nCode is neater and more readable.\n","fileTypesAndContributionMap":{"functional-code":{"insertions":43,"deletions":32}}}]},{"date":"2021-10-05","commitResults":[{"hash":"b5dac661d3074183fc592d3d740e1f3637a5c512","messageTitle":"Add chruschong.md for chrus-chong portfolio","messageBody":"","fileTypesAndContributionMap":{"docs":{"insertions":45,"deletions":4}}},{"hash":"fb9dc48ee19c7da15604801350e0cb3363f1c51c","messageTitle":"Add CreateGroupCommandTest.java","messageBody":"CreateGroupCommand does not check if groupname or members are null.\nexecute() method does not check if model already has a given group.\nNo tests for CreateGroupCommand.\n\nGroup is created with null parameters.\nDuplicateGroupException thrown.\n\nCheck groupname and members with requireNonNull()\nexecute() method checks if model has given group.\nAdd CreateGroupCommandTest.java.\n\nConstructor for CreateGroupCommand throws NullPointerException\nwhen given null arguments.\nexecute() method throws CommandException when creating duplicate.\nTests covers CreateGroupCommand.\n","fileTypesAndContributionMap":{"functional-code":{"insertions":5,"deletions":0},"other":{"insertions":1,"deletions":1},"test-code":{"insertions":260,"deletions":6}}}]},{"date":"2021-10-06","commitResults":[{"hash":"796cb908ffd4770b0c955106166dfe0f9dadada6","messageTitle":"Add CreateGroupCommandTest and CreateGroupCommandParserTest","messageBody":"CreateGroupCommand does not contain equals() method.\nCreateGroupCommandParser does not check for repeated names.\nGroup.MESSAGE_CONSTRAINTS contain placeholder text.\nNo abstraction to create Model objects efficiently for testing.\nNo tests for CreateGroupCommandParser.\n\nUnable to check equality between instances of CreateGroupCommand.\nUnable to use creategroup command with repeat names.\nPlaceholder text displayed when use creategroup command with\ninvalid group member name.\nInconvenient to create Model objects for testing.\nTests for CreateGroupCommandParser should be automated.\n\nAdd equal method to CreateGroupCommand.\nModify CreateGroupCommandParser to handle repeat names\nin creategroup command.\nReplace placeholder text for Group.MESSAGE_CONTRAINTS.\nAdd ModelBuilder.\nAdd CreateGroupCommandParserTest.\n\nEquality between CreateGroupCommand objects can be checked.\ncreategroup command can function with repeated names.\nOnly a repeated members will only be added to the group once.\nRelevant error text displayed when use creategroup command with\ninvalid group member name.\nModel objects can be created easily for testing.\nTests cover CreateGroupCommandParser.\n","fileTypesAndContributionMap":{"functional-code":{"insertions":87,"deletions":3},"test-code":{"insertions":228,"deletions":32}}},{"hash":"56767bcaa8fa80f1cb9ef49090a4544b9eb21cf5","messageTitle":"Refactor code to follow Java Coding Standard","messageBody":"","fileTypesAndContributionMap":{"functional-code":{"insertions":10,"deletions":12},"test-code":{"insertions":4,"deletions":11}}}]}],"kheekheekhee":[{"date":"2021-09-25","commitResults":[{"hash":"4686f18b5b41855d17e717ac74416b41c8e8af31","messageTitle":"Update DeveloperGuide.md with Add Expense use case","messageBody":"","fileTypesAndContributionMap":{"docs":{"insertions":20,"deletions":0}}},{"hash":"0b7bfad61b6454250472aed26ae20a7ad72280c8","messageTitle":"Update UserGuide.md with add expense","messageBody":"","fileTypesAndContributionMap":{"docs":{"insertions":19,"deletions":0}}},{"hash":"ef9c2da404102b9ce8542dabebcb3ac2b01ee03e","messageTitle":"Update AboutUs.md","messageBody":"","fileTypesAndContributionMap":{"docs":{"insertions":6,"deletions":5}}}]},{"date":"2021-09-29","commitResults":[{"hash":"6915fc7fea2feca9d9135159aa30612607bddeeb","messageTitle":"Add preconditions to add expense use case","messageBody":"","fileTypesAndContributionMap":{"docs":{"insertions":2,"deletions":0}}},{"hash":"2825b5d1cf35ed007eacb54fa94be26ee71bc0fd","messageTitle":"Add use case for editing a person","messageBody":"","fileTypesAndContributionMap":{"docs":{"insertions":52,"deletions":18}}}]},{"date":"2021-09-30","commitResults":[{"hash":"8d20773b84f66a6cc0b45b8b97dc8c5f1bcfccb6","messageTitle":"Update non-functional requirements in DeveloperGuide","messageBody":"","fileTypesAndContributionMap":{"docs":{"insertions":3,"deletions":0}}}]},{"date":"2021-10-06","commitResults":[{"hash":"1cf59cf5fb630cb269572fff6e86a1cebd82247a","messageTitle":"Add ability to add expenses","messageBody":"","fileTypesAndContributionMap":{"functional-code":{"insertions":472,"deletions":4},"test-code":{"insertions":3,"deletions":3}}},{"hash":"dd197bda9fc2e1c916d06c0d128208479f4c6e46","messageTitle":"Add JavaDocs for expense related methods","messageBody":"","fileTypesAndContributionMap":{"functional-code":{"insertions":97,"deletions":23},"test-code":{"insertions":24,"deletions":0}}},{"hash":"6331e61da94727eaa5e3cd8544097e17ede1048c","messageTitle":"Add need for person to be in the specified group to add expense","messageBody":"","fileTypesAndContributionMap":{"functional-code":{"insertions":19,"deletions":5}}},{"hash":"baef57f49868bbb297b9b9e1b1a92da3195ce1e5","messageTitle":"Fix code to fit checkstyle requirements","messageBody":"","fileTypesAndContributionMap":{"functional-code":{"insertions":0,"deletions":11}}}]},{"date":"2021-10-07","commitResults":[{"hash":"1ca09cccc0f1c9627a661d8ac4b970a2029b16e5","messageTitle":"Fix checkstyle errors","messageBody":"","fileTypesAndContributionMap":{"functional-code":{"insertions":11,"deletions":2}}},{"hash":"5151cb0664bbf119d7c48ba8510e1a00a043785c","messageTitle":"Add portfolio for Nicholas","messageBody":"","fileTypesAndContributionMap":{"docs":{"insertions":36,"deletions":2}}}]}],"ramapriyan912001":[{"date":"2021-09-23","commitResults":[{"hash":"0e82915b18757ec4128c54808ff7d4e99e9b2aab","messageTitle":"Edit UserGuide Quick Start and Delete Group Feature","messageBody":"","fileTypesAndContributionMap":{"docs":{"insertions":25,"deletions":9}}},{"hash":"7e99717eacbae32551b06740bb4df052172cf413","messageTitle":"Update personal info on AboutUs page","messageBody":"","fileTypesAndContributionMap":{"docs":{"insertions":7,"deletions":5}}},{"hash":"3f1620c148859d301ade4736429d1cbaf55ef18d","messageTitle":"Add user stories to Developer Guide","messageBody":"","fileTypesAndContributionMap":{"docs":{"insertions":8,"deletions":1}}}]},{"date":"2021-09-24","commitResults":[{"hash":"a2b8d8306ed92ffca80159cf773a04e42ef7a9af","messageTitle":"Add use case delete travel group","messageBody":"","fileTypesAndContributionMap":{"docs":{"insertions":17,"deletions":0}}}]},{"date":"2021-09-26","commitResults":[{"hash":"e5c732b997056691855ce2c6bcdc0ae9e011af27","messageTitle":"Edit CreateGroup and DeleteGroup functionality","messageBody":"","fileTypesAndContributionMap":{"functional-code":{"insertions":511,"deletions":19},"test-code":{"insertions":20,"deletions":0}}},{"hash":"a5da476fa8b7dbd6059d5fc7fe3c1a93469a240a","messageTitle":"Fix testing issue due to addition of groups features","messageBody":"","fileTypesAndContributionMap":{"functional-code":{"insertions":1,"deletions":1},"test-code":{"insertions":33,"deletions":3}}}]},{"date":"2021-09-30","commitResults":[{"hash":"aa74b1c9612f12e084e598abcb289fddfecbd10b","messageTitle":"Add help use case to developer guide","messageBody":"","fileTypesAndContributionMap":{"docs":{"insertions":14,"deletions":0}}},{"hash":"597fbf17f7df97d74e3c9c8bc669a9e977fdcbab","messageTitle":"Fix error in developer guide use case in DG","messageBody":"","fileTypesAndContributionMap":{"docs":{"insertions":1,"deletions":1}}},{"hash":"2856bc9b1b5e20544e56b4bd6183d939610c01c7","messageTitle":"Replace AddressBook with AWE in User Guide","messageBody":"","fileTypesAndContributionMap":{"docs":{"insertions":1,"deletions":1}}},{"hash":"fa073ca72da6fc402c3cd780369f78e6b48c7706","messageTitle":"Fix error in table of dev guide","messageBody":"","fileTypesAndContributionMap":{"docs":{"insertions":2,"deletions":2}}}]},{"date":"2021-10-03","commitResults":[{"hash":"24f04f6d9bcf69da940c69a60084fabfa099cf99","messageTitle":"Fill out Javadocs comments for some methods","messageBody":"","fileTypesAndContributionMap":{"functional-code":{"insertions":11,"deletions":4},"test-code":{"insertions":0,"deletions":1}}},{"hash":"9928000fd349ae3e5e095df27ce1839261110733","messageTitle":"Change command format of creategroup command and improve functionality of deletegroup command","messageBody":"","fileTypesAndContributionMap":{"functional-code":{"insertions":86,"deletions":14},"other":{"insertions":3,"deletions":0}}}]},{"date":"2021-10-04","commitResults":[{"hash":"8886b902a6a0f4ce787bb436d59c830533025ea6","messageTitle":"Add template for aboutus portfolio","messageBody":"","fileTypesAndContributionMap":{"docs":{"insertions":36,"deletions":0}}},{"hash":"b5792033d614f35e0dee55a8e26b90226f1beced","messageTitle":"Update CreateGroupParser","messageBody":"Fix conflict issues.\r\nRemoved Optional from architecture.","fileTypesAndContributionMap":{"functional-code":{"insertions":25,"deletions":31}}},{"hash":"df52cc54e094649dc3c37bc6713f7db6cda07de0","messageTitle":"Update ArgumentTokenizer.java","messageBody":"Remove unused import of HashMap.","fileTypesAndContributionMap":{"functional-code":{"insertions":0,"deletions":1}}},{"hash":"44e36faeb54059af284f82e78e386d5aa6275e10","messageTitle":"Update EmptyGroupException.java","messageBody":"Remove unused import IllegalValueException.","fileTypesAndContributionMap":{"functional-code":{"insertions":0,"deletions":2}}},{"hash":"16f59bcaf303c8ba780f3d9dc742890b2e88d669","messageTitle":"Update CreateGroupParser.java","messageBody":"Fix order of static imports","fileTypesAndContributionMap":{"functional-code":{"insertions":2,"deletions":1}}},{"hash":"b93ede5d42e5d43f6b586f92513b857119455cfe","messageTitle":"Update CreateGroupParser.java","messageBody":"Move static imports to the top of imports.","fileTypesAndContributionMap":{"functional-code":{"insertions":5,"deletions":6}}},{"hash":"8a504ad6be31e060d4bbbcc3fc57f4b1db05792d","messageTitle":"Update CreateGroupParser.java","messageBody":"Move GroupName import above Name to maintain lexicographical order.","fileTypesAndContributionMap":{"functional-code":{"insertions":1,"deletions":1}}},{"hash":"83f667b7f92a44fdd265e5b2134ed2d4253b70b7","messageTitle":"Update aboutus with ramapriyansrivatsanpurisaidevarajan portfolio","messageBody":"","fileTypesAndContributionMap":{"docs":{"insertions":17,"deletions":13}}},{"hash":"7033d251858fca631049935b57fc232ca47ac9a7","messageTitle":"Updated john doe md link to personal portoflio page","messageBody":"","fileTypesAndContributionMap":{"docs":{"insertions":1,"deletions":1}}},{"hash":"4bdf9c38c91ccc31921cd23341201ac316da6992","messageTitle":"Add line at EOF","messageBody":"","fileTypesAndContributionMap":{"docs":{"insertions":5,"deletions":4}}},{"hash":"c7e555fb553ff1f063586c089779e1e0f5f7a643","messageTitle":"Add new line without whitespace at EOF","messageBody":"","fileTypesAndContributionMap":{"docs":{"insertions":0,"deletions":1}}},{"hash":"cec44aab818deb8d9a70f678b72237404937e5cb","messageTitle":"Fix empty command bug","messageBody":"","fileTypesAndContributionMap":{"functional-code":{"insertions":4,"deletions":2}}},{"hash":"f083cd4f87d148e3adf68b5c9cce3585f7f60ad5","messageTitle":"Fix duplicate groups bug","messageBody":"","fileTypesAndContributionMap":{"functional-code":{"insertions":20,"deletions":9}}},{"hash":"afd1aef52f35c0459d5fe9c8433b35bf6ffb11ba","messageTitle":"Remove unused import from LogicManager.java","messageBody":"","fileTypesAndContributionMap":{"functional-code":{"insertions":0,"deletions":1}}},{"hash":"682d3be6dbe687b3afeb2324b017c6dcfd831a2c","messageTitle":"Add DuplicateGroupException error handling to test method","messageBody":"","fileTypesAndContributionMap":{"test-code":{"insertions":3,"deletions":0}}},{"hash":"98862fcb3dfc1842e92dfedf0774b6436f13f640","messageTitle":"Fix creategroup command bug for multiple names","messageBody":"","fileTypesAndContributionMap":{"functional-code":{"insertions":57,"deletions":20},"test-code":{"insertions":13,"deletions":0}}},{"hash":"4ab86d78fd690105c445fc1cbd83f4ae5f36b085","messageTitle":"Restore duplicate group error handling","messageBody":"","fileTypesAndContributionMap":{"functional-code":{"insertions":5,"deletions":2}}}]},{"date":"2021-10-05","commitResults":[{"hash":"42d94c25311bced3db673f598bb57aaf2da1d77f","messageTitle":"Add tests for Group classes","messageBody":"","fileTypesAndContributionMap":{"functional-code":{"insertions":55,"deletions":21},"test-code":{"insertions":465,"deletions":10}}},{"hash":"09643f25dcf4c15b220972cdd7d3e1f24e8d43b3","messageTitle":"Introduce tests for deletegroup and creategroup parser and command classes","messageBody":"","fileTypesAndContributionMap":{"functional-code":{"insertions":34,"deletions":7},"other":{"insertions":4,"deletions":4},"test-code":{"insertions":98,"deletions":0}}},{"hash":"51501706bf78b6634cfb6f9340648100e8ebb3cd","messageTitle":"Remove duplicate json creator in JsonAdaptedGroup.java","messageBody":"","fileTypesAndContributionMap":{"functional-code":{"insertions":0,"deletions":12}}},{"hash":"05b0080c006993d41e66f4b1e7c60111e7493ca5","messageTitle":"Fix missing param in jsonadaptedgroup constructor","messageBody":"","fileTypesAndContributionMap":{"test-code":{"insertions":2,"deletions":2}}},{"hash":"59a885712ad1e505b0f390c3e26e60b54b94e251","messageTitle":"Delete incomplete test","messageBody":"","fileTypesAndContributionMap":{"test-code":{"insertions":0,"deletions":10}}},{"hash":"a8220b56fcc7308269ed7d115ee18ba16620d279","messageTitle":"Fix code quality issue","messageBody":"","fileTypesAndContributionMap":{"functional-code":{"insertions":6,"deletions":2}}},{"hash":"f46c337ec6a97264a842ac3d79814ff992adea3a","messageTitle":"Fix minor bug in creategroup parser","messageBody":"","fileTypesAndContributionMap":{"functional-code":{"insertions":1,"deletions":1}}},{"hash":"3dbe6370982bafce9075bdc9044d66f1fdab1dee","messageTitle":"Create test classes for deletegroupcommand and creategroupcommand","messageBody":"","fileTypesAndContributionMap":{"test-code":{"insertions":33,"deletions":0}}},{"hash":"8e5a857e38302902d13a60f2ab56779e6129a0d8","messageTitle":"Replace address mentions with awe","messageBody":"","fileTypesAndContributionMap":{"other":{"insertions":981,"deletions":981},"docs":{"insertions":13,"deletions":13},"test-code":{"insertions":36,"deletions":36}}},{"hash":"fe4929d9309bc4da50a02c72c70c3623436023b3","messageTitle":"Add links to portfolio page","messageBody":"","fileTypesAndContributionMap":{"docs":{"insertions":5,"deletions":3}}}]},{"date":"2021-10-07","commitResults":[{"hash":"0400f4ac6bdeb47fc5ab425385d7521e39d97120","messageTitle":"Add DeleteGroup tests","messageBody":"","fileTypesAndContributionMap":{"functional-code":{"insertions":25,"deletions":21},"test-code":{"insertions":251,"deletions":25}}},{"hash":"4e8da2a60b1f0cece5f35b3e7e9e8eca35a1a3de","messageTitle":"Change expected error message in CreateGroupCommandParser test","messageBody":"","fileTypesAndContributionMap":{"test-code":{"insertions":2,"deletions":1}}}]}]},"authorFileTypeContributionMap":{"marcuspeh":{"docs":204,"functional-code":727,"test-code":64,"other":1},"Jingwencloud":{"docs":97,"functional-code":378,"test-code":89},"chrus-chong":{"docs":166,"functional-code":359,"test-code":452},"kheekheekhee":{"docs":94,"functional-code":530,"test-code":25},"ramapriyan912001":{"docs":126,"functional-code":1128,"test-code":1322,"other":4}},"authorContributionVariance":{"marcuspeh":33152.977,"Jingwencloud":2571264.8,"chrus-chong":14933.447,"kheekheekhee":18880.498,"ramapriyan912001":353138.66},"authorDisplayNameMap":{"marcuspeh":"CS2103T-F13-1 PEH ..RCUS","Jingwencloud":"CS2103T-F13-1 ONG ..GWEN","chrus-chong":"CS2103T-F13-1 CHRU..NGEE","kheekheekhee":"CS2103T-F13-1 EE K..OLAS","ramapriyan912001":"CS2103T-F13-1 RAMA..AJAN"}}
