{"authorDailyContributionsMap":{"LeopardMerkava":[{"date":"2021-09-25","commitResults":[{"hash":"0ff6bdd52441c8efefa1eb585b6f922104b6ef8d","messageTitle":"Add Remark","messageBody":"","fileTypesAndContributionMap":{"functional-code":{"insertions":208,"deletions":13},"test-code":{"insertions":246,"deletions":37}}}]},{"date":"2021-09-28","commitResults":[{"hash":"0b5da0fd23f7d0a2e05d5dc7b08d56560c595577","messageTitle":"Update AboutUs.md","messageBody":"Update name, image, role \u0026 responsibilities.","fileTypesAndContributionMap":{"docs":{"insertions":5,"deletions":5}}},{"hash":"79443647f9ae682f5026f8ab28eb2b91f0faf0c8","messageTitle":"Update UserGuide.md","messageBody":"Add \"Add Task\" and \"Delete Task\" and update command summar","fileTypesAndContributionMap":{"docs":{"insertions":25,"deletions":0}}},{"hash":"5557a7b6fa401d06e2a2679721b1d6edeb6147f8","messageTitle":"Revert \"Add Remark\"","messageBody":"This reverts commit 0ff6bdd52441c8efefa1eb585b6f922104b6ef8d.\n","fileTypesAndContributionMap":{"functional-code":{"insertions":13,"deletions":208},"test-code":{"insertions":37,"deletions":246}}},{"hash":"c7ea6a07f5a7a5709b0aa5501acbffd49787bd18","messageTitle":"Update AboutUs.md","messageBody":"Remove Spacing","fileTypesAndContributionMap":{"docs":{"insertions":1,"deletions":1}}},{"hash":"f8e3e61ccaa553cb2234827f2c07d085941d9485","messageTitle":"Update UserGuide.md","messageBody":"Remove spacing","fileTypesAndContributionMap":{"docs":{"insertions":7,"deletions":7}}}]},{"date":"2021-09-30","commitResults":[{"hash":"8f546f9fffaa7e778a4e6134ff0a94b476463538","messageTitle":"Add portfolio","messageBody":"","fileTypesAndContributionMap":{"docs":{"insertions":29,"deletions":0}}},{"hash":"9538616ebdbc6b53d53e37537124d7553e8ca17f","messageTitle":"Update Portfolio Link","messageBody":"","fileTypesAndContributionMap":{"docs":{"insertions":1,"deletions":1}}}]},{"date":"2021-10-05","commitResults":[{"hash":"abe862c40a31062d6d4320e5b5a2ba9d5c0fb5b6","messageTitle":"Add addtask function","messageBody":"Task list is one of the core feature\n\nAdding addtask allows the early usage of task list\n\nLets add teh tasklist function, adding a new feature.\n","fileTypesAndContributionMap":{"functional-code":{"insertions":350,"deletions":28}}},{"hash":"926625f748341458e9423bf0709c1fa639768f25","messageTitle":"Add deletetask feature.","messageBody":"Tasks need to be able to be deleted too.\n\nAdding function to delete task ensures the feature is usable.\n","fileTypesAndContributionMap":{"functional-code":{"insertions":136,"deletions":13},"test-code":{"insertions":4,"deletions":0}}},{"hash":"69cce5e46f0328603433c7c89b876332ccc8f865","messageTitle":"Update AddCommandIntegrationTest to new commandResult","messageBody":"","fileTypesAndContributionMap":{"functional-code":{"insertions":14,"deletions":2},"test-code":{"insertions":21,"deletions":2}}},{"hash":"031eff44e695db1ae648a6a134c79de8aa9dc726","messageTitle":"Update AddCommandTest","messageBody":"","fileTypesAndContributionMap":{"test-code":{"insertions":7,"deletions":1}}},{"hash":"9ed1d87b560a5aa51ebbed1ddd2e7fb5d922b549","messageTitle":"Add AddTaskCommandTest","messageBody":"","fileTypesAndContributionMap":{"functional-code":{"insertions":4,"deletions":5},"test-code":{"insertions":77,"deletions":1}}},{"hash":"83bf6f06a42c8a56dd8a913fcc2d78dd03b1784d","messageTitle":"Fix Checkstyle","messageBody":"","fileTypesAndContributionMap":{"functional-code":{"insertions":1,"deletions":1},"test-code":{"insertions":0,"deletions":1}}}]},{"date":"2021-10-06","commitResults":[{"hash":"36bbb721bffd5492430cd6b7fdbbe705f63f7cfd","messageTitle":"Add more test \u0026 fix comments","messageBody":"","fileTypesAndContributionMap":{"functional-code":{"insertions":3,"deletions":3},"test-code":{"insertions":19,"deletions":0}}}]},{"date":"2021-10-14","commitResults":[{"hash":"1806d895b55950b2f11e2fce76020de5a332c426","messageTitle":"Add AddTaskCommandParserTest","messageBody":"","fileTypesAndContributionMap":{"test-code":{"insertions":44,"deletions":0}}}]},{"date":"2021-10-19","commitResults":[{"hash":"726765e79fdacb954ea0fa02c2caad1831ec5ef3","messageTitle":"Add Description Task","messageBody":"User may want to add some notes on the person\n\nLet\u0027s:\n* Add a Description Class\n* Attach it to person\n* Limit to 500 characters\n* Allow for any characters\n","fileTypesAndContributionMap":{"functional-code":{"insertions":138,"deletions":25},"test-code":{"insertions":43,"deletions":12}}},{"hash":"b5a12c86b304226f4103cd1b8e947a8f1081f231","messageTitle":"Fix Tests","messageBody":"","fileTypesAndContributionMap":{"functional-code":{"insertions":1,"deletions":1},"test-code":{"insertions":84,"deletions":29}}}]},{"date":"2021-10-20","commitResults":[{"hash":"64909e7b95398d5720ec3e3c1b3e2e4976b1ffdc","messageTitle":"Change deletetask to delete multiple task","messageBody":"User with lots of task on hand may finish lots of task at once\n\nLets allow the user to delete multiple tasks from the same person at\nonce\n","fileTypesAndContributionMap":{"functional-code":{"insertions":63,"deletions":18}}},{"hash":"6e6326e798629f4bbb7ea35c416c7d32462835de","messageTitle":"Fix typo","messageBody":"","fileTypesAndContributionMap":{"functional-code":{"insertions":1,"deletions":1}}},{"hash":"0493781c0070f7a02dac8dd3775632e3f4c03c9c","messageTitle":"Fix typo","messageBody":"","fileTypesAndContributionMap":{"functional-code":{"insertions":1,"deletions":0},"test-code":{"insertions":1,"deletions":1}}},{"hash":"9ebbd43f9577695b1e4185efcc756ac16b342955","messageTitle":"Fix typo","messageBody":"","fileTypesAndContributionMap":{"functional-code":{"insertions":2,"deletions":2}}},{"hash":"57d297f7f665f5afbe8778c08b5401142ccce978","messageTitle":"Fix Test","messageBody":"","fileTypesAndContributionMap":{"test-code":{"insertions":54,"deletions":12}}},{"hash":"6b7b4b22aa23be4b36a192398f9e3c5c99a1d226","messageTitle":"Change DeleteTask to use Set","messageBody":"Deleting the same task twice makes no sense. It causes the next task\nto be deleted which is bad.\n\nLet\u0027s:\n* Use sets instead\n\nNotes:\n* Duplicate task index in `deletecommand` now causes only that 1 of\nthose to be parsed\n","fileTypesAndContributionMap":{"functional-code":{"insertions":8,"deletions":1}}},{"hash":"2153ff83a3aed4284ce55121add7ad924a1091a2","messageTitle":"Coded hashCode in Index","messageBody":"To indicate duplciates in HashSet\n","fileTypesAndContributionMap":{"functional-code":{"insertions":11,"deletions":11}}},{"hash":"0e50eaac935cbbf25be44d55913ca6eb685503c6","messageTitle":"Fix Description Edit","messageBody":"","fileTypesAndContributionMap":{"functional-code":{"insertions":2,"deletions":2}}},{"hash":"11189da5ec4e5db7e6f725c9b0d4d75a2dde3693","messageTitle":"Added Tests","messageBody":"","fileTypesAndContributionMap":{"functional-code":{"insertions":2,"deletions":2},"test-code":{"insertions":65,"deletions":6}}}]},{"date":"2021-10-21","commitResults":[{"hash":"04f56e9a1ac487ec456d29397c6fd7062530cf9a","messageTitle":"Fix bug","messageBody":"","fileTypesAndContributionMap":{"functional-code":{"insertions":2,"deletions":2}}},{"hash":"32c8ae4f08f290eb37dc05a8a4f9cddd3340e1a4","messageTitle":"Fix bug \u0026 Add tests","messageBody":"","fileTypesAndContributionMap":{"functional-code":{"insertions":2,"deletions":1},"test-code":{"insertions":17,"deletions":1}}},{"hash":"021cb511b9c3a66e46b89a0f84de858124f0f34b","messageTitle":"Fix bug","messageBody":"","fileTypesAndContributionMap":{"test-code":{"insertions":1,"deletions":1}}},{"hash":"24b109a8eb9d79c16fffc36a88e442a8090c9764","messageTitle":"Hotfix (Typo)","messageBody":"","fileTypesAndContributionMap":{"test-code":{"insertions":3,"deletions":1}}},{"hash":"1b8d69ddfc295b2a59343e61a7c55e565e0d98c9","messageTitle":"Update AddTask and DeleteTask","messageBody":"","fileTypesAndContributionMap":{"docs":{"insertions":13,"deletions":11}}}]}],"limzk126":[{"date":"2021-09-27","commitResults":[{"hash":"2428e3a3e2443dd1bebd4b06485868a216eafeb0","messageTitle":"Update AboutUs.md","messageBody":"","fileTypesAndContributionMap":{"docs":{"insertions":5,"deletions":5}}},{"hash":"5e4adb79855c6e1c0f4094341c1f31efcfc90709","messageTitle":"Add viewtask command guide to user guide","messageBody":"","fileTypesAndContributionMap":{"docs":{"insertions":15,"deletions":0}}}]},{"date":"2021-09-28","commitResults":[{"hash":"b1a552939a71521624815c9f952ad634224e4152","messageTitle":"Update dg product scope, user stories","messageBody":"","fileTypesAndContributionMap":{"docs":{"insertions":61,"deletions":31}}},{"hash":"a8e3b5454fdfb77e837b6307c5da4c53abc5fb02","messageTitle":"Update user stories\u0027 priority","messageBody":"","fileTypesAndContributionMap":{"docs":{"insertions":34,"deletions":34}}}]},{"date":"2021-09-29","commitResults":[{"hash":"22338ebab8fd33ffa1142e5986d043c367059cb4","messageTitle":"Update AboutUs.md","messageBody":"Added my own project portfolio page.\n","fileTypesAndContributionMap":{"docs":{"insertions":31,"deletions":1}}}]},{"date":"2021-10-08","commitResults":[{"hash":"925814a4ef4d8fd7ba344ddc652e726bca203a0d","messageTitle":"Add ability to view tasks of specified contact on GUI","messageBody":"","fileTypesAndContributionMap":{"functional-code":{"insertions":270,"deletions":14},"test-code":{"insertions":12,"deletions":0}}},{"hash":"19d164cc895d557690c44676033e46445b32ac5f","messageTitle":"Improve GUI for Person panel","messageBody":"Added text wrapping and enhanced GUI readability\n","fileTypesAndContributionMap":{"functional-code":{"insertions":45,"deletions":5}}},{"hash":"16fc77f3c56a70ee07e37451d4afd7d16204a834","messageTitle":"Fix minor style issues","messageBody":"","fileTypesAndContributionMap":{"functional-code":{"insertions":6,"deletions":8}}},{"hash":"49d93d0b3f4ebc893564057e22401cc626ebacba","messageTitle":"Fix minor issue","messageBody":"","fileTypesAndContributionMap":{"functional-code":{"insertions":0,"deletions":1}}},{"hash":"a52a84342cda49bbbaf34f31cbb9f414ab617515","messageTitle":"Fix minor checkstyle issue","messageBody":"","fileTypesAndContributionMap":{"functional-code":{"insertions":1,"deletions":1}}},{"hash":"419da1a52559e5b6ac0b850cd5936f30427924ba","messageTitle":"Fix minor naming issues","messageBody":"","fileTypesAndContributionMap":{"functional-code":{"insertions":5,"deletions":5}}},{"hash":"75854113fef06ad9a7553e30dba47685288a051c","messageTitle":"Fix minor compilation error issue","messageBody":"","fileTypesAndContributionMap":{"functional-code":{"insertions":1,"deletions":1}}}]},{"date":"2021-10-12","commitResults":[{"hash":"24c7d5701550b857537e6b4e16eecf69e3520c82","messageTitle":"Add more Junit tests for LogicManager and ModelManager","messageBody":"","fileTypesAndContributionMap":{"functional-code":{"insertions":2,"deletions":1},"test-code":{"insertions":69,"deletions":3}}},{"hash":"b06542afe23e19cb7e0605274aa009bda9b625bf","messageTitle":"Fix indendations","messageBody":"","fileTypesAndContributionMap":{"test-code":{"insertions":3,"deletions":3}}},{"hash":"d5d1704a4f262132c85e8f21d886edece1d309ff","messageTitle":"Update getDisplayTaskList Junit test","messageBody":"","fileTypesAndContributionMap":{"test-code":{"insertions":2,"deletions":0}}}]},{"date":"2021-10-14","commitResults":[{"hash":"0837fcb5a58d9bbcd95f5997eae3229c110360da","messageTitle":"Add Junit tests for DeleteTaskCommand and DeleteTaskCommandParser","messageBody":"","fileTypesAndContributionMap":{"functional-code":{"insertions":13,"deletions":2},"test-code":{"insertions":242,"deletions":22}}},{"hash":"f59d8bda8d40140254f9cfcaf42dce478425ffe1","messageTitle":"Update assertThrows method","messageBody":"","fileTypesAndContributionMap":{"test-code":{"insertions":1,"deletions":4}}},{"hash":"a83b0edf2b1f9b4fa0e00d03cbbd9d30a7345551","messageTitle":"Improve code quality for DeleteTaskCommandTest","messageBody":"","fileTypesAndContributionMap":{"test-code":{"insertions":7,"deletions":9}}},{"hash":"026f78c1743236ee74de2839e1757a40f5b3f095","messageTitle":"Fix minor Javadoc issue","messageBody":"","fileTypesAndContributionMap":{"test-code":{"insertions":0,"deletions":1}}}]},{"date":"2021-10-19","commitResults":[{"hash":"38736b2a7aed68850a89bd9bc0ab5ccfbc3ddea0","messageTitle":"Implement taskListManager class to handle tasks viewing","messageBody":"","fileTypesAndContributionMap":{"functional-code":{"insertions":231,"deletions":45},"test-code":{"insertions":76,"deletions":40}}},{"hash":"f140b3590528d1a55837fa62c861fdbbc7914c66","messageTitle":"Enable assertions in Gradle","messageBody":"","fileTypesAndContributionMap":{"other":{"insertions":5,"deletions":0}}}]},{"date":"2021-10-20","commitResults":[{"hash":"78ba9ca9eba491f6533c2ee356d5f406f1e66676","messageTitle":"Implement ViewTaskListCommand and ViewTaskListCommandParser class","messageBody":"","fileTypesAndContributionMap":{"functional-code":{"insertions":105,"deletions":2}}},{"hash":"7178bf4d0327d4ba444efe0a8e92c7d7cc3206a5","messageTitle":"Fix code style","messageBody":"","fileTypesAndContributionMap":{"functional-code":{"insertions":30,"deletions":30},"test-code":{"insertions":5,"deletions":5}}}]},{"date":"2021-10-21","commitResults":[{"hash":"00d0c9dc22a0a41f9bf1c10c8c48d7a4d1de84ee","messageTitle":"Update Dg","messageBody":"Added view task list feature implementation.\n","fileTypesAndContributionMap":{"functional-code":{"insertions":0,"deletions":1},"docs":{"insertions":163,"deletions":1}}},{"hash":"0e7d271915ad40c56cb7114f4df644537f5c80ac","messageTitle":"Fix trailing whitespaces","messageBody":"","fileTypesAndContributionMap":{"docs":{"insertions":6,"deletions":6}}},{"hash":"1dd890d75a70bf48210f6a7a0378370022d4c94f","messageTitle":"Fix Dg typo","messageBody":"","fileTypesAndContributionMap":{"docs":{"insertions":2,"deletions":2}}},{"hash":"2fac7b92e0b0347938a11d924a8fb9dcef04705c","messageTitle":"Add some logging","messageBody":"","fileTypesAndContributionMap":{"functional-code":{"insertions":11,"deletions":0}}},{"hash":"12a560fc385233d5fa60291001bb72b5de1046fd","messageTitle":"Update version and jar file name for trial release","messageBody":"","fileTypesAndContributionMap":{"functional-code":{"insertions":1,"deletions":1},"other":{"insertions":1,"deletions":1}}}]}],"kflim":[{"date":"2021-09-28","commitResults":[{"hash":"98a715f9288f890f12becb11bd4957277e0be2b4","messageTitle":"Update AboutUs.md","messageBody":"","fileTypesAndContributionMap":{"docs":{"insertions":9,"deletions":0}}},{"hash":"bd08f5386ec78c72099feb1015d302ed5795fbf5","messageTitle":"Update UserGuide.md","messageBody":"","fileTypesAndContributionMap":{"docs":{"insertions":15,"deletions":3}}},{"hash":"8e29fee2fff6f8a5587bec41f054085bb286177c","messageTitle":"Update DeveloperGuide.md","messageBody":"","fileTypesAndContributionMap":{"docs":{"insertions":11,"deletions":3}}},{"hash":"9d45d2fd62dcd94fbd7f068458c672f28f79db64","messageTitle":"Update AboutUs.md","messageBody":"","fileTypesAndContributionMap":{"docs":{"insertions":2,"deletions":2}}},{"hash":"c2cfa32162fa7c63d09b748c84ad6354f816ba81","messageTitle":"Fix whitespaces","messageBody":"","fileTypesAndContributionMap":{"docs":{"insertions":20,"deletions":20}}},{"hash":"44fd957ced30c5ecf6b27335dc762aa459ab100e","messageTitle":"Fix trailing whitespace","messageBody":"","fileTypesAndContributionMap":{"docs":{"insertions":2,"deletions":2}}},{"hash":"f77a9424e7a309328f8b7d4bb0f4a207e2d6af3c","messageTitle":"Fix trailing whitespace","messageBody":"","fileTypesAndContributionMap":{"docs":{"insertions":2,"deletions":2}}}]},{"date":"2021-09-29","commitResults":[{"hash":"e941917c4a8257af35ba5e1fcd15390ab6f11c11","messageTitle":"Update AboutUs.md","messageBody":"","fileTypesAndContributionMap":{"docs":{"insertions":35,"deletions":1}}},{"hash":"7b3499cc86c4d7519b3c3bf5b8f1393c9f43292e","messageTitle":"Add EOF line","messageBody":"","fileTypesAndContributionMap":{"docs":{"insertions":1,"deletions":1}}}]},{"date":"2021-10-07","commitResults":[{"hash":"ec08bbd12b6d9dd0c720e496a0ef28c20a7db7a8","messageTitle":"Add functionality to view list of instructions.","messageBody":"The current help command only shows the link to the user guide and\nmakes it necessary for a new user to go outside of the application to\nknow how to start using it.\n\nThis makes getting to know the basics of the application unnecessarily\ntedious as the user has to go to an external source of information.\n\nImplementing a list of instructions inside the app will make the\nprocess of trying to understand the basics as a new user much simpler.\n","fileTypesAndContributionMap":{"functional-code":{"insertions":321,"deletions":75}}},{"hash":"666755efaf64c0ece1dea09fd1464a43b1ceaf08","messageTitle":"Update instruction list","messageBody":"","fileTypesAndContributionMap":{"functional-code":{"insertions":39,"deletions":12}}},{"hash":"d802ab03bbe0d14ec8d432f9e622a7ac66c0d9de","messageTitle":"Fix checkstyle errors","messageBody":"","fileTypesAndContributionMap":{"functional-code":{"insertions":63,"deletions":35}}},{"hash":"ef2fac216099c7b71b2584b5b21acafa54a2da4a","messageTitle":"Fix checkstyle errors","messageBody":"","fileTypesAndContributionMap":{"functional-code":{"insertions":2,"deletions":2}}},{"hash":"d0327848d7eb29199404da9c39e02852b3c10c3f","messageTitle":"Fix long method","messageBody":"","fileTypesAndContributionMap":{"functional-code":{"insertions":57,"deletions":40}}}]},{"date":"2021-10-08","commitResults":[{"hash":"3e7283795cdcee07981d07864b4e529d8a917cc4","messageTitle":"Update instruction list","messageBody":"","fileTypesAndContributionMap":{"functional-code":{"insertions":18,"deletions":11}}},{"hash":"dc8500254e2e5a9e38bb6915b5246fbb7de15ec1","messageTitle":"Fix imports","messageBody":"","fileTypesAndContributionMap":{"functional-code":{"insertions":12,"deletions":1}}},{"hash":"182b60d0a32e704b0e01ccd74dc2e955791faea3","messageTitle":"Fix naming and update HelpWindow.java","messageBody":"","fileTypesAndContributionMap":{"functional-code":{"insertions":22,"deletions":22}}},{"hash":"db4414dcf2025dbf00752dbaf1bb741b5d1242b4","messageTitle":"Style the GUI to fit the application","messageBody":"","fileTypesAndContributionMap":{"functional-code":{"insertions":71,"deletions":25}}},{"hash":"53a445483dc94ea5c47ab9c945bf49571efb9d8e","messageTitle":"Fix trailing whitespaces","messageBody":"","fileTypesAndContributionMap":{"functional-code":{"insertions":1,"deletions":1},"docs":{"insertions":17,"deletions":17}}},{"hash":"bc555855d9975e42b6be1bb66bdc087e6ef9aa1a","messageTitle":"Slightly change instruction list","messageBody":"","fileTypesAndContributionMap":{"functional-code":{"insertions":4,"deletions":4}}}]},{"date":"2021-10-10","commitResults":[{"hash":"9b1ba40fa944f5f36ed5493f10f0dc8b5b018068","messageTitle":"Add tests for SortCommand and HelpWindow","messageBody":"","fileTypesAndContributionMap":{"functional-code":{"insertions":17,"deletions":8},"test-code":{"insertions":41,"deletions":0}}},{"hash":"2e06147922f0c76fbdb20e2f89334c65dea340f1","messageTitle":"Fix checkstyle errors","messageBody":"","fileTypesAndContributionMap":{"test-code":{"insertions":8,"deletions":6}}},{"hash":"0e68d52e8ede3e95f958cb93aee5d89226e23e98","messageTitle":"Fix import order","messageBody":"","fileTypesAndContributionMap":{"test-code":{"insertions":2,"deletions":2}}}]},{"date":"2021-10-12","commitResults":[{"hash":"fcea3d2f6ae3f587783ec89ba00caa8f8f36771e","messageTitle":"Fix User Guide link and update README.md","messageBody":"","fileTypesAndContributionMap":{"functional-code":{"insertions":1,"deletions":1},"docs":{"insertions":2,"deletions":2}}},{"hash":"855713d84f4e92edf2e03c6c1642a4743ef33941","messageTitle":"Fix traces of AddressBook left in index.md","messageBody":"","fileTypesAndContributionMap":{"docs":{"insertions":5,"deletions":6}}}]},{"date":"2021-10-15","commitResults":[{"hash":"049b7fd2b1e6d78a59621036d0bcddd994bc58d5","messageTitle":"Add JUnit tests","messageBody":"","fileTypesAndContributionMap":{"functional-code":{"insertions":6,"deletions":2},"test-code":{"insertions":129,"deletions":10}}},{"hash":"17064c201d47d52591b2c88de7ce66d0f00cb450","messageTitle":"Fix checkstyle issues","messageBody":"","fileTypesAndContributionMap":{"test-code":{"insertions":20,"deletions":10}}},{"hash":"fac98997f95c4581d78ad29d58012f9f0eb4a64c","messageTitle":"Change import order","messageBody":"","fileTypesAndContributionMap":{"test-code":{"insertions":5,"deletions":7}}},{"hash":"7e73a06aa50bb586aa0c8a75894885fc98791356","messageTitle":"Change import order","messageBody":"","fileTypesAndContributionMap":{"test-code":{"insertions":4,"deletions":2}}}]},{"date":"2021-10-19","commitResults":[{"hash":"a75cdc01135917055accd63f6b4eb912668e2d9f","messageTitle":"Enhance find functionality and update HelpWindow","messageBody":"","fileTypesAndContributionMap":{"functional-code":{"insertions":251,"deletions":48}}}]},{"date":"2021-10-20","commitResults":[{"hash":"8fdf4e103a967cb04a293af9252f99e960ad1218","messageTitle":"Update find functionality and add tests","messageBody":"","fileTypesAndContributionMap":{"functional-code":{"insertions":223,"deletions":93},"test-code":{"insertions":656,"deletions":63}}},{"hash":"8a676c53c1aef69d4d307adde9227a6bcfa6e203","messageTitle":"Fix imports","messageBody":"","fileTypesAndContributionMap":{"test-code":{"insertions":45,"deletions":30}}},{"hash":"0d4a724b6914cc4938ce046f5c1203874f8c7585","messageTitle":"Test lambda","messageBody":"","fileTypesAndContributionMap":{"test-code":{"insertions":4,"deletions":2}}},{"hash":"a11058f1696b9ddf7c96a43aab1aaccee87919fc","messageTitle":"Change lambda format","messageBody":"","fileTypesAndContributionMap":{"test-code":{"insertions":17,"deletions":11}}}]},{"date":"2021-10-21","commitResults":[{"hash":"e2b91ba3c0c7a215b42d416f9cbf69c947da1b18","messageTitle":"Implement functionality to delete multiple contacts at once","messageBody":"","fileTypesAndContributionMap":{"functional-code":{"insertions":107,"deletions":8},"test-code":{"insertions":67,"deletions":4}}},{"hash":"79c76085124a41a77c80889585dcb3bae9053196","messageTitle":"Update tests","messageBody":"","fileTypesAndContributionMap":{"test-code":{"insertions":3,"deletions":1}}}]}],"eugenecsa":[{"date":"2021-09-28","commitResults":[{"hash":"c8b31950f98fd6314969e01a681470d7eb121304","messageTitle":"Update AboutUs.md","messageBody":"","fileTypesAndContributionMap":{"docs":{"insertions":6,"deletions":6}}},{"hash":"754f08a1a5a959eac879374521379eb1dad4dfc3","messageTitle":"Update User Guide for Edit Person function.","messageBody":"","fileTypesAndContributionMap":{"docs":{"insertions":8,"deletions":3}}},{"hash":"937845f4ab5883e3cd494fd5e4751111061112cf","messageTitle":"Add use cases to DeveloperGuide.md","messageBody":"","fileTypesAndContributionMap":{"docs":{"insertions":100,"deletions":7}}}]},{"date":"2021-09-29","commitResults":[{"hash":"355a764fb5ef44456a8ef81695ccec25713987a6","messageTitle":"Update config files","messageBody":"","fileTypesAndContributionMap":{"docs":{"insertions":0,"deletions":10}}},{"hash":"8ca6b37932b680ce0e796b2348bebd2fc82bd510","messageTitle":"Update UserGuide.md","messageBody":"","fileTypesAndContributionMap":{"docs":{"insertions":14,"deletions":14}}}]},{"date":"2021-10-07","commitResults":[{"hash":"e75f91782430b926d269fbbe7b0ae6f5c4d643f9","messageTitle":"Update UserGuide.md","messageBody":"Edit UserGuide.md to reflect edit task function\n","fileTypesAndContributionMap":{"docs":{"insertions":15,"deletions":6}}},{"hash":"d90a8cc419ba8b0f3388c1a75abfb50484ae6d2f","messageTitle":"Add functionality to edit task of contacts.","messageBody":"","fileTypesAndContributionMap":{"functional-code":{"insertions":208,"deletions":42},"docs":{"insertions":29,"deletions":1}}},{"hash":"966c775160eb51dea0291b1acb09a6c861ac9898","messageTitle":"Update portfolios","messageBody":"","fileTypesAndContributionMap":{"docs":{"insertions":2,"deletions":2}}},{"hash":"154da2c073e4071fe91de2d3fbcca66769078d33","messageTitle":"Edit formatting to fit checkstyle","messageBody":"","fileTypesAndContributionMap":{"functional-code":{"insertions":47,"deletions":54}}},{"hash":"44bde26913212425800f083f09f8f45f9e7d167b","messageTitle":"Edit formatting","messageBody":"","fileTypesAndContributionMap":{"functional-code":{"insertions":5,"deletions":4}}}]},{"date":"2021-10-08","commitResults":[{"hash":"5a527af86d15e4372447cfc78366c4d7322aeb75","messageTitle":"Fix formatting error","messageBody":"","fileTypesAndContributionMap":{"functional-code":{"insertions":1,"deletions":1}}}]},{"date":"2021-10-12","commitResults":[{"hash":"efc0fbc7c6c5419669abc934a0be7857dfe50ecb","messageTitle":"Add test for edittaskcommand","messageBody":"","fileTypesAndContributionMap":{"test-code":{"insertions":99,"deletions":1}}},{"hash":"67a8f8d002231171499796eac45fa9fd42991862","messageTitle":"Fix bugs for edittaskcommandparser","messageBody":"","fileTypesAndContributionMap":{"functional-code":{"insertions":6,"deletions":1}}}]},{"date":"2021-10-13","commitResults":[{"hash":"95d63da97d828a3b2720f19d9c299b0ad2e1b472","messageTitle":"Add EditTaskCommandParserTest.java","messageBody":"","fileTypesAndContributionMap":{"test-code":{"insertions":98,"deletions":0}}},{"hash":"40383b07dd2a49a1d00bf81954b4ccea4871b40c","messageTitle":"Fix tests","messageBody":"","fileTypesAndContributionMap":{"test-code":{"insertions":13,"deletions":15}}},{"hash":"52720367529ba19caf38eeb1942c7a1473f025e7","messageTitle":"Fix checkstyle","messageBody":"","fileTypesAndContributionMap":{"test-code":{"insertions":1,"deletions":1}}}]}],"wz27":[{"date":"2021-09-28","commitResults":[{"hash":"9a92b7efdc30720b98737185956dd837aca04b32","messageTitle":"Update AboutUs.md","messageBody":"","fileTypesAndContributionMap":{"docs":{"insertions":7,"deletions":6}}},{"hash":"f73b80f62b0a02b2ca30bb338031494760f1548d","messageTitle":"Update README.md","messageBody":"","fileTypesAndContributionMap":{"docs":{"insertions":10,"deletions":7}}},{"hash":"edce9e753498f345190ea8d6870f7efafffe4f52","messageTitle":"Update UserGuide.md","messageBody":"","fileTypesAndContributionMap":{"docs":{"insertions":10,"deletions":0}}}]},{"date":"2021-10-06","commitResults":[{"hash":"4600a79bdb37c326119592b55da066918e7ec191","messageTitle":"Add sort","messageBody":"","fileTypesAndContributionMap":{"functional-code":{"insertions":102,"deletions":13},"docs":{"insertions":1,"deletions":1}}},{"hash":"c9983aa95bf536e65c559837fc9875dae0a96736","messageTitle":"Fix CI error","messageBody":"","fileTypesAndContributionMap":{"functional-code":{"insertions":11,"deletions":11}}},{"hash":"ea0b289ed7de809762abdb939bb18891d85bc831","messageTitle":"Fix CI errors","messageBody":"","fileTypesAndContributionMap":{"functional-code":{"insertions":4,"deletions":4}}},{"hash":"5da305413647b5b26e1f9f328592c46960060485","messageTitle":"Fix CI error","messageBody":"","fileTypesAndContributionMap":{"functional-code":{"insertions":13,"deletions":8},"test-code":{"insertions":5,"deletions":0}}}]},{"date":"2021-10-07","commitResults":[{"hash":"e0b80a93c3c29437cf4df0281de7d26fc68995d2","messageTitle":"Include suggested changes","messageBody":"","fileTypesAndContributionMap":{"functional-code":{"insertions":17,"deletions":12}}},{"hash":"9fdd564130086fb77d41948644429d7ba7e16f3a","messageTitle":"Change more boolean variable names","messageBody":"","fileTypesAndContributionMap":{"functional-code":{"insertions":3,"deletions":3},"test-code":{"insertions":1,"deletions":1}}}]},{"date":"2021-10-08","commitResults":[{"hash":"d8828cba1b0fc680a65483af36eb253620900557","messageTitle":"Add wz27.md","messageBody":"","fileTypesAndContributionMap":{"docs":{"insertions":29,"deletions":0}}}]},{"date":"2021-10-22","commitResults":[{"hash":"76364268d0481cd0f0c389b1c3321af78a75874d","messageTitle":"Update DG","messageBody":"","fileTypesAndContributionMap":{"docs":{"insertions":22,"deletions":0}}},{"hash":"7165995e2752f54c7cff4488341da0baeb73787a","messageTitle":"Update DG","messageBody":"","fileTypesAndContributionMap":{"docs":{"insertions":29,"deletions":38}}}]}]},"authorFileTypeContributionMap":{"LeopardMerkava":{"docs":66,"functional-code":652,"test-code":425},"limzk126":{"docs":257,"functional-code":623,"test-code":327,"other":6},"kflim":{"docs":69,"functional-code":924,"test-code":913},"eugenecsa":{"docs":138,"functional-code":175,"test-code":187},"wz27":{"docs":91,"functional-code":93,"test-code":3}},"authorContributionVariance":{"LeopardMerkava":28485.408,"limzk126":11334.361,"kflim":47758.242,"eugenecsa":5548.007,"wz27":1052.7284},"authorDisplayNameMap":{"LeopardMerkava":"CS2103T-W10-1 ANDR..RUCH","limzk126":"CS2103T-W10-1 LIM ..KANG","kflim":"CS2103T-W10-1 LIM ..FANG","eugenecsa":"CS2103T-W10-1 CHAN..GENE","wz27":"CS2103T-W10-1 HO W..HONG"}}
