{"authorDailyContributionsMap":{"bharathcs":[{"date":"2021-09-23","commitResults":[{"hash":"86d559a0f43063c35274265c82862fa5db13c6d0","messageTitle":"Remove the Storage - Logic link.","messageBody":"Currently logic updates storage directly.\n\nWe want model to update storage instead.\n\nModel should now expect to be passed storage for use in\n`saveAddressBook()`. Wherever model is not being tested in conjunction\nwith storage, just pass null for storage instead. (Relevant in the test\nsuite).\n","fileTypesAndContributionMap":{"functional-code":{"insertions":21,"deletions":12},"test-code":{"insertions":49,"deletions":33}}}]},{"date":"2021-09-24","commitResults":[{"hash":"1dbff113938f994d9f92232f5a1ef83491a825b1","messageTitle":"Update Model and Logic Class Diagrams.","messageBody":"Updated the puml and regenerated the png too\n","fileTypesAndContributionMap":{"docs":{"insertions":4,"deletions":6}}},{"hash":"c34d71baab26f4f5bd497a3a416e80b554d19a0f","messageTitle":"Fix problems from merge","messageBody":"","fileTypesAndContributionMap":{"test-code":{"insertions":5,"deletions":3}}}]},{"date":"2021-09-25","commitResults":[{"hash":"2f7fb0064db8fc074674290cd491c2a03c3e2521","messageTitle":"Add assert statement","messageBody":"","fileTypesAndContributionMap":{"functional-code":{"insertions":1,"deletions":0}}},{"hash":"7ed8017500223717e671c86fd37896ebc37e6e03","messageTitle":"Update user guide","messageBody":"","fileTypesAndContributionMap":{"docs":{"insertions":19,"deletions":1}}},{"hash":"5a30f57178e3776233ce16d0067975fd4a8a9982","messageTitle":"Update user guide","messageBody":"","fileTypesAndContributionMap":{"docs":{"insertions":1,"deletions":1}}},{"hash":"7218ab156f853194330c07d1a6158b8814a93935","messageTitle":"Update UserGuide.md","messageBody":"following shee hui\u0027s recommendation [here](https://github.com/AY2122S1-CS2103T-W16-1/tp/pull/27/files#r716039016)","fileTypesAndContributionMap":{"docs":{"insertions":1,"deletions":1}}},{"hash":"d815d7f64d9ac976e9976091a57a0eb310098d8e","messageTitle":"Add in info for bharathcs.","messageBody":"","fileTypesAndContributionMap":{"docs":{"insertions":49,"deletions":6}}}]},{"date":"2021-09-26","commitResults":[{"hash":"65bdb0a82e0a73545325861beb335e858d3030c9","messageTitle":"Test Github CI","messageBody":"","fileTypesAndContributionMap":{"docs":{"insertions":1,"deletions":1}}}]},{"date":"2021-09-29","commitResults":[{"hash":"bd40fa6618e97ddb966fcb6080062b05ac842e8a","messageTitle":"Update user guide with table for commands.","messageBody":"","fileTypesAndContributionMap":{"docs":{"insertions":10,"deletions":10}}}]},{"date":"2021-09-30","commitResults":[{"hash":"7ef0fe035665a6ad81012998a1bd45ac0beba7e4","messageTitle":"Scaffold the `PersonAdapter` for Client View.","messageBody":"","fileTypesAndContributionMap":{"functional-code":{"insertions":55,"deletions":0}}},{"hash":"48c7969a78544843156ddac978163955bf99ba5e","messageTitle":"Update UserGuide.md","messageBody":"","fileTypesAndContributionMap":{"docs":{"insertions":1,"deletions":1}}},{"hash":"f45cd51a7493c4e74771d6c7b2dbe96ba62286b2","messageTitle":"Recognise the Inspector.","messageBody":"","fileTypesAndContributionMap":{"docs":{"insertions":2,"deletions":2}}},{"hash":"4283083be483150b1b31c92802065b438bc6a40d","messageTitle":"Update JAR name to donnafin.","messageBody":"","fileTypesAndContributionMap":{"other":{"insertions":1,"deletions":1}}}]},{"date":"2021-10-06","commitResults":[{"hash":"597fe99bfc713c0d6841e364ed43064f43f422d5","messageTitle":"Change the exception handling \u0026 some javadocs.","messageBody":"","fileTypesAndContributionMap":{"functional-code":{"insertions":3,"deletions":4}}}]}],"DonnyS57":[{"date":"2021-09-25","commitResults":[{"hash":"868c5a1eb1e357213f6fce154b0f371b8fc21110","messageTitle":"Update Developer Guide","messageBody":"","fileTypesAndContributionMap":{"docs":{"insertions":1,"deletions":0}}}]},{"date":"2021-09-26","commitResults":[{"hash":"1b8064edc475a1f211064b1c40cdb3b0f2ad68b0","messageTitle":"Add About Me for Donny","messageBody":"","fileTypesAndContributionMap":{"docs":{"insertions":41,"deletions":6}}},{"hash":"260297576bcba818c28556ccf1031b4eccf9d015","messageTitle":"Revised Developer Guide","messageBody":"","fileTypesAndContributionMap":{"docs":{"insertions":1,"deletions":2}}}]},{"date":"2021-09-30","commitResults":[{"hash":"4ba5e85024f1f17eb513a4f4e70a157f6c7e06bd","messageTitle":"Edit Developer Guide","messageBody":"","fileTypesAndContributionMap":{"docs":{"insertions":51,"deletions":6}}},{"hash":"3a1687da69372de1d40b969bcfe0b965b3a8eab2","messageTitle":"Improved Developer Guide according to comments","messageBody":"","fileTypesAndContributionMap":{"docs":{"insertions":27,"deletions":23}}}]}],"sheehui":[{"date":"2021-09-24","commitResults":[{"hash":"1c77886b1b08cec24667b5133dbc084844cf8d29","messageTitle":"Update info on sheehui in our AboutMe page","messageBody":"Add github link.\nAdd profile photo in .png as specified by 2103T website.\nAdd a pseudo portfolio in tp/team.\n","fileTypesAndContributionMap":{"docs":{"insertions":52,"deletions":6}}},{"hash":"60f5428ea635e9bfd30207809b8f91704f369e5b","messageTitle":"Remove placeholder information and update project info","messageBody":"Update sheehui.md according to PR comments.\n","fileTypesAndContributionMap":{"docs":{"insertions":12,"deletions":22}}}]},{"date":"2021-09-25","commitResults":[{"hash":"22ef853abd275604deb935c2048bd9f6b4c5baa8","messageTitle":"Update user stories according to Google Docs","messageBody":"","fileTypesAndContributionMap":{"docs":{"insertions":43,"deletions":12}}}]},{"date":"2021-09-26","commitResults":[{"hash":"8793ff51f7fd2ee6b206647b7538145bdc7fa6b1","messageTitle":"Update readme to match our project","messageBody":"Redirect GitHub Actions build status badge to our repo.\nUpdate content on DonnaFin.\nAcknowledged AB3.\n","fileTypesAndContributionMap":{"docs":{"insertions":13,"deletions":9}}}]},{"date":"2021-10-05","commitResults":[{"hash":"cd93bbde8362fc9dea890d135db57b53046e2960","messageTitle":"Remove edit command","messageBody":"We will be creating a client window, where edit will be accessed there\nthrough a PersonAdaptor. Edit CLI command is now redundant.\n","fileTypesAndContributionMap":{"functional-code":{"insertions":0,"deletions":312},"test-code":{"insertions":0,"deletions":577}}},{"hash":"aa9758789df20d41f0fc98c99122e25cd7b160a6","messageTitle":"Update User Guide","messageBody":"Reflects changes in types of commands.\nEdit cli command now removed.\n","fileTypesAndContributionMap":{"docs":{"insertions":0,"deletions":17}}}]},{"date":"2021-10-06","commitResults":[{"hash":"097384179dda17f56c135ff7665ab44d1617aec8","messageTitle":"Set up javafx for clientview panel switching","messageBody":"","fileTypesAndContributionMap":{"functional-code":{"insertions":14,"deletions":1}}},{"hash":"3d73161c48053dd798af28b623b9dd579a960abe","messageTitle":"Fix checkstyle","messageBody":"","fileTypesAndContributionMap":{"functional-code":{"insertions":2,"deletions":2}}}]}],"mrmrinal":[{"date":"2021-09-26","commitResults":[{"hash":"000bb120608adfdf912283ada6266dd662e57a47","messageTitle":"Add info for Mrinal to his about me page and the team page","messageBody":"","fileTypesAndContributionMap":{"docs":{"insertions":41,"deletions":5}}},{"hash":"7111b80f25d5142ef8f93dad9ac5d82cf3a75d81","messageTitle":"Edit Mrinal\u0027s picture name file to mrmrinal","messageBody":"","fileTypesAndContributionMap":{"docs":{"insertions":1,"deletions":1}}},{"hash":"8ad0cd6767818a213d90a781a8d8e2ffd6bee5d8","messageTitle":"Edit team/mrinal.md to team/mrmrinal.md","messageBody":"","fileTypesAndContributionMap":{"docs":{"insertions":1,"deletions":1}}}]},{"date":"2021-09-29","commitResults":[{"hash":"c89085102fe3445a3fcac342d2a295ee870cc8cd","messageTitle":"Change instances of \u0027addressBook\u0027 and \u0027Address Book\u0027 to \u0027DonnaFin\u0027","messageBody":"","fileTypesAndContributionMap":{"docs":{"insertions":14,"deletions":14}}}]},{"date":"2021-10-06","commitResults":[{"hash":"423dfa64cd854d986f24aca9fbbda51796b7117d","messageTitle":"Modify edit command in PersonAdapter to support enums and Person Fields","messageBody":"","fileTypesAndContributionMap":{"functional-code":{"insertions":78,"deletions":14}}},{"hash":"58d59390fa432b5ee200c07997c1607b4d2d2f1d","messageTitle":"Modify such that PersonAdapter error is handled by above class","messageBody":"","fileTypesAndContributionMap":{"functional-code":{"insertions":40,"deletions":44}}}]}],"Bluntsord":[{"date":"2021-09-23","commitResults":[{"hash":"d132e6a62e52d39e21b27133835da0d9aa30464b","messageTitle":"Add logic functions to UIManager","messageBody":"","fileTypesAndContributionMap":{"functional-code":{"insertions":28,"deletions":0}}},{"hash":"edb7ccd3e18328b08b1b4ba0227576da56e15d7f","messageTitle":"Add tests to check that UiManager is working perfectly for functions added previously","messageBody":"","fileTypesAndContributionMap":{"functional-code":{"insertions":10,"deletions":13},"test-code":{"insertions":224,"deletions":0}}}]},{"date":"2021-09-24","commitResults":[{"hash":"cb3eb5b72888c5b8f863e63dc12f7c8ebd1f4a76","messageTitle":"Modify Architecture and UiClassDiagrams","messageBody":"","fileTypesAndContributionMap":{"docs":{"insertions":0,"deletions":2}}}]},{"date":"2021-09-26","commitResults":[{"hash":"07ab430a018559df0f3e09e232174950e3fab877","messageTitle":"Add bluntsord profile to AboutUs and add bluntsord.md","messageBody":"","fileTypesAndContributionMap":{"docs":{"insertions":40,"deletions":6}}},{"hash":"f3aee3bb49613e9f4f46b6596e4f2d8831bea109","messageTitle":"Update link for dev guide","messageBody":"","fileTypesAndContributionMap":{"docs":{"insertions":1,"deletions":1}}},{"hash":"9bcdb44b9b7c99af36a54f28d88b3a36ad906ad6","messageTitle":"Update bluntsord.md project infomation","messageBody":"","fileTypesAndContributionMap":{"docs":{"insertions":3,"deletions":1}}}]},{"date":"2021-09-29","commitResults":[{"hash":"8bb0a74a27391807ab298eb7328f5b870103f351","messageTitle":"Update github features","messageBody":"","fileTypesAndContributionMap":{"docs":{"insertions":2,"deletions":2}}},{"hash":"c7921fb794f7ef80e3d44fed58216993adbd223d","messageTitle":"Update index.md for github pages","messageBody":"","fileTypesAndContributionMap":{"docs":{"insertions":3,"deletions":3}}}]}]},"authorFileTypeContributionMap":{"bharathcs":{"docs":76,"functional-code":66,"test-code":49,"other":1},"DonnyS57":{"docs":97,"functional-code":0,"test-code":0},"sheehui":{"docs":96,"functional-code":14,"test-code":0},"mrmrinal":{"docs":53,"functional-code":70,"test-code":0},"Bluntsord":{"docs":47,"functional-code":35,"test-code":221}},"authorContributionVariance":{"bharathcs":985.9875,"DonnyS57":635.08997,"sheehui":38666.41,"mrmrinal":1551.7101,"Bluntsord":3634.3481},"authorDisplayNameMap":{"bharathcs":"CS2103T-W16-1 BHAR..HEER","DonnyS57":"CS2103T-W16-1 DONN..ANTO","sheehui":"CS2103T-W16-1 TAN .. HUI","mrmrinal":"CS2103T-W16-1 MRIN..NESH","Bluntsord":"CS2103T-W16-1 YEO ..CHIN"}}
