{"authorDailyContributionsMap":{"janjanchen":[{"date":"2021-09-23","commitResults":[{"hash":"a6c72eaaf0c6da9586830481ca799c16b51cbb65","messageTitle":"Update User Guide - Managing contacts (first 4)","messageBody":"","fileTypesAndContributionMap":{"docs":{"insertions":41,"deletions":30}}}]},{"date":"2021-09-26","commitResults":[{"hash":"7fb9ee90e066843f087d378dd5695c5aa072129d","messageTitle":"Add AboutUs - Janice","messageBody":"","fileTypesAndContributionMap":{"docs":{"insertions":52,"deletions":6}}},{"hash":"1e520e97e7f13bf8c8f6d6cb34039fec1b11b186","messageTitle":"Change image to png format","messageBody":"","fileTypesAndContributionMap":{"docs":{"insertions":1,"deletions":1}}},{"hash":"a17fb3a4dad63d7e87f605bdbdf843cf6e7ecde2","messageTitle":"Fix formats in UserGuide","messageBody":"","fileTypesAndContributionMap":{"docs":{"insertions":11,"deletions":9}}}]}],"pcgiang":[{"date":"2021-09-26","commitResults":[{"hash":"c47d94dae23325241a0d0c88b3d0eb313b27e84a","messageTitle":"Update About Us","messageBody":"","fileTypesAndContributionMap":{"docs":{"insertions":52,"deletions":6}}},{"hash":"7bdb44f23a3bb61a2f244b14a8e11606983b2deb","messageTitle":"update user guide (Quickstart, Features, Command Summary)","messageBody":"","fileTypesAndContributionMap":{"docs":{"insertions":32,"deletions":12}}},{"hash":"07bf1755748b0d0a7fcd01ae6694c1ab33c535b9","messageTitle":"Fix checkstyle errors","messageBody":"","fileTypesAndContributionMap":{"docs":{"insertions":2,"deletions":2}}},{"hash":"8305132535209514826c01be0baa031af5aebd37","messageTitle":"fix checkstyle error","messageBody":"","fileTypesAndContributionMap":{"docs":{"insertions":2,"deletions":2}}}]},{"date":"2021-09-27","commitResults":[{"hash":"218dd8fd79ef7c977432cd1ccf88caccf5306422","messageTitle":"Update user guide and about us","messageBody":"","fileTypesAndContributionMap":{"docs":{"insertions":13,"deletions":10}}},{"hash":"84ba0fd3fff4810bbcd10c5c3f2ed43a84d1378b","messageTitle":"update about us","messageBody":"","fileTypesAndContributionMap":{"docs":{"insertions":1,"deletions":1}}}]}],"chunweii":[{"date":"2021-09-22","commitResults":[{"hash":"f7180a14fe6ed5959240560e3ee4aa02a2fca168","messageTitle":"Update AboutUs.md for Chun Wei and include portfolio","messageBody":"","fileTypesAndContributionMap":{"docs":{"insertions":14,"deletions":7}}},{"hash":"b85b5eaf8767156108c0c1b4150eda28ebcbab8c","messageTitle":"Edit User guide for general commands","messageBody":"","fileTypesAndContributionMap":{"docs":{"insertions":13,"deletions":16}}}]},{"date":"2021-09-23","commitResults":[{"hash":"4f48c62b55f7a4532082c2b6f387a0590a48c3c6","messageTitle":"Update README.md","messageBody":"","fileTypesAndContributionMap":{"docs":{"insertions":19,"deletions":11}}}]},{"date":"2021-09-24","commitResults":[{"hash":"eb12e7a1b4b91d4015dd5f65494558411ae18b6c","messageTitle":"Fix CI issues","messageBody":"","fileTypesAndContributionMap":{"docs":{"insertions":1,"deletions":1}}}]},{"date":"2021-09-26","commitResults":[{"hash":"4289825a7c0150f90565534d332730682df18a55","messageTitle":"Remove emails in AboutUs and edit hyperlink in README","messageBody":"","fileTypesAndContributionMap":{"docs":{"insertions":3,"deletions":11}}}]}],"Gordon25":[],"xiangjunn":[{"date":"2021-09-23","commitResults":[{"hash":"65f83d8635921046482fb75c8bcd9b1ee19b4dfd","messageTitle":"Update user guide","messageBody":"","fileTypesAndContributionMap":{"docs":{"insertions":55,"deletions":11}}}]},{"date":"2021-09-25","commitResults":[{"hash":"e9e8ec26bd116cbe594f8c38bb372e19305722d2","messageTitle":"Update AboutUs for Xiang Jun","messageBody":"","fileTypesAndContributionMap":{"docs":{"insertions":52,"deletions":6}}}]}]},"authorFileTypeContributionMap":{"janjanchen":{"docs":90,"functional-code":0,"test-code":0},"pcgiang":{"docs":89,"functional-code":0,"test-code":0,"other":1},"chunweii":{"docs":38,"functional-code":0,"test-code":0},"Gordon25":{"docs":0,"functional-code":0,"test-code":0},"xiangjunn":{"docs":106,"functional-code":0,"test-code":0}},"authorContributionVariance":{"janjanchen":851.65295,"pcgiang":1006.1983,"chunweii":251.10744,"Gordon25":0.0,"xiangjunn":574.7437},"authorDisplayNameMap":{"janjanchen":"CS2103T-W15-3 JANI..CHEN","pcgiang":"CS2103T-W15-3 PHAM..IANG","chunweii":"CS2103T-W15-3 LEE .. WEI","Gordon25":"CS2103T-W15-3 GORD..GYAO","xiangjunn":"CS2103T-W15-3 NG X.. JUN"}}
