{"authorDailyContributionsMap":{"janjanchen":[{"date":"2021-09-23","commitResults":[{"hash":"a6c72eaaf0c6da9586830481ca799c16b51cbb65","messageTitle":"Update User Guide - Managing contacts (first 4)","messageBody":"","fileTypesAndContributionMap":{"docs":{"insertions":41,"deletions":30}}}]},{"date":"2021-09-26","commitResults":[{"hash":"7fb9ee90e066843f087d378dd5695c5aa072129d","messageTitle":"Add AboutUs - Janice","messageBody":"","fileTypesAndContributionMap":{"docs":{"insertions":52,"deletions":6}}},{"hash":"1e520e97e7f13bf8c8f6d6cb34039fec1b11b186","messageTitle":"Change image to png format","messageBody":"","fileTypesAndContributionMap":{"docs":{"insertions":1,"deletions":1}}},{"hash":"a17fb3a4dad63d7e87f605bdbdf843cf6e7ecde2","messageTitle":"Fix formats in UserGuide","messageBody":"","fileTypesAndContributionMap":{"docs":{"insertions":11,"deletions":9}}}]},{"date":"2021-09-29","commitResults":[{"hash":"42a30bc091dfa69edf118a158ced51a385d70999","messageTitle":"Minor punctuation fix in user guide","messageBody":"","fileTypesAndContributionMap":{"docs":{"insertions":7,"deletions":7}}},{"hash":"2b474b63c9b794e7fc9adb214b3c8936a1a1010a","messageTitle":"Fix image file name in AboutUs","messageBody":"","fileTypesAndContributionMap":{"docs":{"insertions":4,"deletions":2}}},{"hash":"92e0a601c8af1bd97cbfe8aae403f2ee1c9b6aa5","messageTitle":"Fix name title","messageBody":"","fileTypesAndContributionMap":{"docs":{"insertions":1,"deletions":1}}}]},{"date":"2021-10-04","commitResults":[{"hash":"8451a1423ea27ec2c279c43ac6f0e49dd7b2e8b8","messageTitle":"Add Event Exceptions","messageBody":"","fileTypesAndContributionMap":{"functional-code":{"insertions":22,"deletions":0}}}]},{"date":"2021-10-05","commitResults":[{"hash":"a7d912b8cdf30afcbf431f5cf022ca5da68f856f","messageTitle":"Add Event Class","messageBody":"","fileTypesAndContributionMap":{"functional-code":{"insertions":158,"deletions":0}}},{"hash":"32a7197cdc4efefc3b754c1615aea652cea1a703","messageTitle":"Add NameContainsKeywordPredicate and Unique EventList Classes","messageBody":"","fileTypesAndContributionMap":{"functional-code":{"insertions":168,"deletions":0}}},{"hash":"cdad11919dd0ea85ee353b4f8d04880aca513204","messageTitle":"Fix typo","messageBody":"","fileTypesAndContributionMap":{"functional-code":{"insertions":1,"deletions":1}}},{"hash":"699100687565d5e9c15c7b7c4c51d9e229da473c","messageTitle":"Add Event Test Classes","messageBody":"","fileTypesAndContributionMap":{"test-code":{"insertions":92,"deletions":0}}},{"hash":"8513688c8357cd42e26d51d04644690bc739e639","messageTitle":"Remove import statements","messageBody":"","fileTypesAndContributionMap":{"test-code":{"insertions":2,"deletions":6}}}]},{"date":"2021-10-06","commitResults":[{"hash":"fd8374af7ec209c08cd1a78d9130b46cc65e3c08","messageTitle":"Add NameContainsKeywordPredicateTest for event","messageBody":"","fileTypesAndContributionMap":{"test-code":{"insertions":18,"deletions":0}}},{"hash":"752d31f88cbdc0601355f5220f0fa793b3df64d7","messageTitle":"update event class","messageBody":"","fileTypesAndContributionMap":{"functional-code":{"insertions":10,"deletions":10}}}]},{"date":"2021-10-07","commitResults":[{"hash":"02a7cd8f5eda23ada68778ae7a478a528d019d43","messageTitle":"Update JavaDoc for UniqueEventList","messageBody":"","fileTypesAndContributionMap":{"functional-code":{"insertions":2,"deletions":2}}},{"hash":"31a58279a747b78d56fa32d3333c54a6a4581872","messageTitle":"Update UniqueEventList.java","messageBody":"","fileTypesAndContributionMap":{"functional-code":{"insertions":1,"deletions":1}}},{"hash":"92df8c89eb7903ba2324148c45fc45a399c01caf","messageTitle":"Update UniqueEventList.java","messageBody":"","fileTypesAndContributionMap":{"functional-code":{"insertions":1,"deletions":1}}},{"hash":"9a4876b252c31d580fb6edf968a7f2820f9185bc","messageTitle":"Add Event methods in AddressBook","messageBody":"","fileTypesAndContributionMap":{"functional-code":{"insertions":62,"deletions":2}}},{"hash":"c742bd1ef8006825ac2112a2761cc8797f5e21e4","messageTitle":"Add Stub for AddressBookTest","messageBody":"","fileTypesAndContributionMap":{"test-code":{"insertions":7,"deletions":0}}}]},{"date":"2021-10-11","commitResults":[{"hash":"86f1316291a07e52934d9dad2e19216eb50a2c51","messageTitle":"Add EDeleteCommand and EDeleteCommandParser","messageBody":"","fileTypesAndContributionMap":{"functional-code":{"insertions":89,"deletions":0}}},{"hash":"8f44ee2fc6e17e8c4de55486184980e8f84bfc54","messageTitle":"Add EFindCommand and EFindCommandParser","messageBody":"","fileTypesAndContributionMap":{"functional-code":{"insertions":78,"deletions":0}}},{"hash":"b6a38705cd88cc409d4d1034618f850527a30d53","messageTitle":"Add EClearCommand","messageBody":"","fileTypesAndContributionMap":{"functional-code":{"insertions":42,"deletions":0},"test-code":{"insertions":5,"deletions":0}}}]},{"date":"2021-10-12","commitResults":[{"hash":"1410256e47e122335586062f0d180f7734f25a14","messageTitle":"Update find commands to support partial word search","messageBody":"","fileTypesAndContributionMap":{"functional-code":{"insertions":8,"deletions":10},"test-code":{"insertions":1,"deletions":1}}},{"hash":"37b3fec30b61ce384a76baa174cc67665777bc47","messageTitle":"Update AddressBookParser for edelete, efind and eclear","messageBody":"","fileTypesAndContributionMap":{"functional-code":{"insertions":14,"deletions":0}}},{"hash":"070027c6b0bd5c5c3217fc39f5ddb1f552e91947","messageTitle":"Add example for EDeleteCommand","messageBody":"","fileTypesAndContributionMap":{"functional-code":{"insertions":3,"deletions":2}}},{"hash":"ca0a07eb692d3ff8b5f02fe5a86eb3f74d2ae064","messageTitle":"Change EDelete to support delete a range of events","messageBody":"","fileTypesAndContributionMap":{"functional-code":{"insertions":29,"deletions":10}}},{"hash":"67f80b401e4c8a47d28e31836a100f14510878e1","messageTitle":"Add toString() and hashCode() to Name and Description classes in event","messageBody":"","fileTypesAndContributionMap":{"functional-code":{"insertions":20,"deletions":0}}}]},{"date":"2021-10-17","commitResults":[{"hash":"4cd6535d3c9b62ec90ca83b297ca18f4df3025f3","messageTitle":"Refactor file names and move Name class to common package","messageBody":"","fileTypesAndContributionMap":{"functional-code":{"insertions":28,"deletions":82},"other":{"insertions":11,"deletions":11},"test-code":{"insertions":56,"deletions":88}}},{"hash":"74197df51bbff50d8135d65105488cb7c7274a1f","messageTitle":"Refactor test file names","messageBody":"","fileTypesAndContributionMap":{"other":{"insertions":2,"deletions":2}}},{"hash":"ed9f14225c33e0f0cfe794aaa6a78abaabc84e96","messageTitle":"Change data file name and log file name","messageBody":"","fileTypesAndContributionMap":{"functional-code":{"insertions":4,"deletions":4}}}]},{"date":"2021-10-18","commitResults":[{"hash":"713ff5529f0bb45f88920532b32ce4c9d044c96d","messageTitle":"add EFindCommandTest","messageBody":"","fileTypesAndContributionMap":{"test-code":{"insertions":86,"deletions":0}}},{"hash":"9a6a69b2d1cd6d5a82e0091255a37c1c3ac7b714","messageTitle":"add EDeleteCommandTest","messageBody":"","fileTypesAndContributionMap":{"test-code":{"insertions":126,"deletions":1}}},{"hash":"55bb3355672162a2657801c9dd206720fd6e423e","messageTitle":"add EClearCommandTest","messageBody":"","fileTypesAndContributionMap":{"test-code":{"insertions":33,"deletions":1}}}]},{"date":"2021-10-21","commitResults":[{"hash":"dbc8fa655a5c87528576bc62c49f7f831aae4651","messageTitle":"iplement CView","messageBody":"","fileTypesAndContributionMap":{"functional-code":{"insertions":127,"deletions":6}}},{"hash":"a2b6c70b380b8e8a1e76c5719be7bc9b3032e86a","messageTitle":"Add Model stubs for CView","messageBody":"","fileTypesAndContributionMap":{"functional-code":{"insertions":7,"deletions":1},"test-code":{"insertions":22,"deletions":0}}},{"hash":"cc71b61849467f35775154abab87eb2a407dd8c0","messageTitle":"Implement EView","messageBody":"","fileTypesAndContributionMap":{"functional-code":{"insertions":98,"deletions":5}}},{"hash":"de9cd30d97d2e5897f36783810d40cc112f8369a","messageTitle":"Fix CI Issues","messageBody":"","fileTypesAndContributionMap":{"functional-code":{"insertions":6,"deletions":5}}},{"hash":"6dc8726df5ad0930d5b2cc4c2c0fcb2644c35255","messageTitle":"Adjust Event and Contact Cards to remove truncation in viewing mode","messageBody":"","fileTypesAndContributionMap":{"functional-code":{"insertions":47,"deletions":10}}},{"hash":"ddf923f3d4b5019c9156154f3520c4194dae6f81","messageTitle":"Update DG for Model component","messageBody":"","fileTypesAndContributionMap":{"docs":{"insertions":58,"deletions":30}}}]},{"date":"2021-10-22","commitResults":[{"hash":"3ab8d25d97837c64aeed825786c24a863cda8be1","messageTitle":"Update DG for edelete implementation","messageBody":"","fileTypesAndContributionMap":{"docs":{"insertions":57,"deletions":89}}},{"hash":"4d9ce5cc6d2856d454286b96a7486bf531351f85","messageTitle":"Update use cases and manual testing for edelete","messageBody":"","fileTypesAndContributionMap":{"docs":{"insertions":55,"deletions":9}}},{"hash":"1abcbaef3e0ea47661443ea8cb8640997793c7b6","messageTitle":"Upload UML diagrams","messageBody":"","fileTypesAndContributionMap":{"docs":{"insertions":0,"deletions":0}}},{"hash":"7e8ac2936687b142f5ec6b727f19167b5d94b466","messageTitle":"Change diagram size","messageBody":"","fileTypesAndContributionMap":{"docs":{"insertions":2,"deletions":4}}},{"hash":"0490a8c14fd4ab1b60f85738ff2cad000655227f","messageTitle":"Change diagram size","messageBody":"","fileTypesAndContributionMap":{"docs":{"insertions":0,"deletions":3}}},{"hash":"3c66c8f5f5a0b1cc3cc45eb160de0ca8f9c60209","messageTitle":"Reupload model UML diagram","messageBody":"","fileTypesAndContributionMap":{"docs":{"insertions":1,"deletions":0}}},{"hash":"bf58897418021e218cb88863f262c9be1d8e2ce0","messageTitle":"Add multiplicities to Model diagram","messageBody":"","fileTypesAndContributionMap":{"docs":{"insertions":12,"deletions":12}}},{"hash":"b8a46c2589c72b8943b07e4240c5ed49fce0ccb1","messageTitle":"Edit Model UML diagram","messageBody":"","fileTypesAndContributionMap":{"docs":{"insertions":4,"deletions":1}}},{"hash":"a294ba7476a5bb6ab8e6f912e984165c9c912089","messageTitle":"Resolve conflicts","messageBody":"","fileTypesAndContributionMap":{"docs":{"insertions":0,"deletions":44}}}]},{"date":"2021-10-25","commitResults":[{"hash":"4dfb8028e543195adc5cd4dd5774a252c1d62b98","messageTitle":"Exit viewing mode after find command","messageBody":"","fileTypesAndContributionMap":{"functional-code":{"insertions":4,"deletions":0}}}]}],"pcgiang":[{"date":"2021-09-26","commitResults":[{"hash":"c47d94dae23325241a0d0c88b3d0eb313b27e84a","messageTitle":"Update About Us","messageBody":"","fileTypesAndContributionMap":{"docs":{"insertions":52,"deletions":6}}},{"hash":"7bdb44f23a3bb61a2f244b14a8e11606983b2deb","messageTitle":"update user guide (Quickstart, Features, Command Summary)","messageBody":"","fileTypesAndContributionMap":{"docs":{"insertions":32,"deletions":12}}},{"hash":"07bf1755748b0d0a7fcd01ae6694c1ab33c535b9","messageTitle":"Fix checkstyle errors","messageBody":"","fileTypesAndContributionMap":{"docs":{"insertions":2,"deletions":2}}},{"hash":"8305132535209514826c01be0baa031af5aebd37","messageTitle":"fix checkstyle error","messageBody":"","fileTypesAndContributionMap":{"docs":{"insertions":2,"deletions":2}}}]},{"date":"2021-09-27","commitResults":[{"hash":"218dd8fd79ef7c977432cd1ccf88caccf5306422","messageTitle":"Update user guide and about us","messageBody":"","fileTypesAndContributionMap":{"docs":{"insertions":13,"deletions":10}}},{"hash":"84ba0fd3fff4810bbcd10c5c3f2ed43a84d1378b","messageTitle":"update about us","messageBody":"","fileTypesAndContributionMap":{"docs":{"insertions":1,"deletions":1}}}]},{"date":"2021-09-28","commitResults":[{"hash":"f07e56e35769721fb5bc6c5a578f0cb537fd561c","messageTitle":"Update DeveloperGuide.md","messageBody":"","fileTypesAndContributionMap":{"docs":{"insertions":194,"deletions":14}}}]},{"date":"2021-10-05","commitResults":[{"hash":"a533d3fdf2a9398812526a0f924609cc30978c82","messageTitle":"Create Event model and add event fields","messageBody":"","fileTypesAndContributionMap":{"functional-code":{"insertions":289,"deletions":0},"test-code":{"insertions":62,"deletions":0}}},{"hash":"26e7168725bb4688b2e5c52e931b90753cef1b60","messageTitle":"add test cases for event components","messageBody":"","fileTypesAndContributionMap":{"test-code":{"insertions":126,"deletions":10}}},{"hash":"e358a0accacd75404001eba214d96a991d012d66","messageTitle":"update test cases","messageBody":"","fileTypesAndContributionMap":{"functional-code":{"insertions":0,"deletions":33},"test-code":{"insertions":20,"deletions":3}}},{"hash":"85d1e3ff1dafdbbc35b6e71f74cd220a702c2d21","messageTitle":"update fields","messageBody":"","fileTypesAndContributionMap":{"functional-code":{"insertions":2,"deletions":44},"test-code":{"insertions":0,"deletions":20}}}]},{"date":"2021-10-06","commitResults":[{"hash":"05a036ee8d3a0087f1824ab94f03baabb311c51f","messageTitle":"update test cases","messageBody":"","fileTypesAndContributionMap":{"functional-code":{"insertions":6,"deletions":2},"test-code":{"insertions":1,"deletions":30}}},{"hash":"0220579148eb34a1db62aa4ccf7366f2d6b5e0fa","messageTitle":"Apply suggestions from code review","messageBody":"Co-authored-by: Ng Xiang Jun \u003cngxiangjun1999@gmail.com\u003e","fileTypesAndContributionMap":{"functional-code":{"insertions":3,"deletions":3}}},{"hash":"3033b805d2521eb3410a4b4ef1b5ddc7e6b71c6c","messageTitle":"add changes requested","messageBody":"","fileTypesAndContributionMap":{"functional-code":{"insertions":29,"deletions":5},"test-code":{"insertions":27,"deletions":0}}}]},{"date":"2021-10-07","commitResults":[{"hash":"44e6df6c34d44c0ba20ffaf944a06bc0f4470284","messageTitle":"Fix bugs in UniqueEventList","messageBody":"","fileTypesAndContributionMap":{"functional-code":{"insertions":1,"deletions":1}}},{"hash":"44a8398946273f9e9bf4e153188080bd300a99d6","messageTitle":"update event fields","messageBody":"","fileTypesAndContributionMap":{"functional-code":{"insertions":48,"deletions":1}}},{"hash":"666fe03ccfaea4b0bb057b8573fc2b579835d6e7","messageTitle":"update model manager for event","messageBody":"- Add minor changes to Address and ZoomLink classes\n- Update Model Manager to support managing events\n","fileTypesAndContributionMap":{"functional-code":{"insertions":56,"deletions":9}}},{"hash":"1626c4f54dc266bd8d792afe201d79e9aa53050f","messageTitle":"Update model manager","messageBody":"- update changes to Model Manager Stub\n- update Address test case\n","fileTypesAndContributionMap":{"test-code":{"insertions":51,"deletions":6}}}]},{"date":"2021-10-08","commitResults":[{"hash":"e39507f2b1d3e54fda9082f758d504da571b472a","messageTitle":"add requested changes","messageBody":"","fileTypesAndContributionMap":{"functional-code":{"insertions":7,"deletions":6}}}]},{"date":"2021-10-09","commitResults":[{"hash":"9450f72427c71c2df4452a628c79cc1534e6f4c7","messageTitle":"Refractor code","messageBody":"","fileTypesAndContributionMap":{"functional-code":{"insertions":322,"deletions":318},"other":{"insertions":483,"deletions":447},"docs":{"insertions":73,"deletions":73},"test-code":{"insertions":331,"deletions":331}}},{"hash":"8236a5bdc71b976e59a83c6d3ea590c13d4bfa42","messageTitle":"fix checkstyle error","messageBody":"","fileTypesAndContributionMap":{"functional-code":{"insertions":22,"deletions":22},"other":{"insertions":16,"deletions":17},"test-code":{"insertions":58,"deletions":58}}}]},{"date":"2021-10-10","commitResults":[{"hash":"9c6597654ffecdc031cc67d29d6d6cad306eef52","messageTitle":"fix existing bugs","messageBody":"","fileTypesAndContributionMap":{"docs":{"insertions":27,"deletions":27}}},{"hash":"dc44aa0b8e4118d244da733871aca47b0be43cf2","messageTitle":"fix existing bugs","messageBody":"","fileTypesAndContributionMap":{"docs":{"insertions":48,"deletions":48}}},{"hash":"4be4071e93cfe8332702241dc80ccba574d996a4","messageTitle":"fix bugs","messageBody":"","fileTypesAndContributionMap":{"docs":{"insertions":5,"deletions":5}}},{"hash":"65b16dfccd12995a288c5a4b066890547b3e45c9","messageTitle":"rename methods in model and storage","messageBody":"","fileTypesAndContributionMap":{"functional-code":{"insertions":34,"deletions":34},"other":{"insertions":14,"deletions":14},"test-code":{"insertions":85,"deletions":85}}}]},{"date":"2021-10-12","commitResults":[{"hash":"7f23fce95963020d4dbd730c36b863be74afe804","messageTitle":"Add validation check and test cases for model","messageBody":"- Add validation checks for Zoomlink and DateAndTime\n- Update test cases for Zoomlink and DateAndTime\n","fileTypesAndContributionMap":{"functional-code":{"insertions":64,"deletions":12},"test-code":{"insertions":100,"deletions":0}}}]},{"date":"2021-10-13","commitResults":[{"hash":"bab8a51a2711a71382c396bcb0c69a397c198ac7","messageTitle":"update DateAndTime regex to the correct format","messageBody":"","fileTypesAndContributionMap":{"functional-code":{"insertions":3,"deletions":3},"test-code":{"insertions":14,"deletions":14}}},{"hash":"15d0baf2cd8fd3f1c2ffdd6fa39d0813b36788f3","messageTitle":"fix dateTime validation check bugs","messageBody":"","fileTypesAndContributionMap":{"functional-code":{"insertions":1,"deletions":1}}},{"hash":"8196cc9a22c20aa6fd366f1681e9a8b43a6cc11f","messageTitle":"Create new classes for testutil to support testing events","messageBody":"- add test cases for AddressBookParser\n- create eventBuilder and typicalEvents\n","fileTypesAndContributionMap":{"test-code":{"insertions":362,"deletions":22}}},{"hash":"c00af09c1fdbfd0186e892aeb760eaf9fe931712","messageTitle":"fix failed test cases","messageBody":"","fileTypesAndContributionMap":{"test-code":{"insertions":29,"deletions":38}}},{"hash":"100aa329b0217459417eb86384344688cb13956e","messageTitle":"fix validation bugs","messageBody":"","fileTypesAndContributionMap":{"functional-code":{"insertions":4,"deletions":4},"test-code":{"insertions":4,"deletions":3}}},{"hash":"a4c565eebec26419db3f80d9be5d889a0bd681ad","messageTitle":"update AddressBookTest","messageBody":"","fileTypesAndContributionMap":{"test-code":{"insertions":2,"deletions":2}}}]},{"date":"2021-10-14","commitResults":[{"hash":"dd82893135b3f3e9578455f7b87c2158a07e0dc0","messageTitle":"fix bug in parserUtil,","messageBody":"","fileTypesAndContributionMap":{"functional-code":{"insertions":1,"deletions":1}}},{"hash":"1748f14d403d77f151d6212b8bfa9085a6056a88","messageTitle":"update DateTime format in Event","messageBody":"","fileTypesAndContributionMap":{"functional-code":{"insertions":5,"deletions":5}}},{"hash":"8e5c11fc5add2450896567524e51b4cb58c3c7e7","messageTitle":"update test cases","messageBody":"","fileTypesAndContributionMap":{"test-code":{"insertions":351,"deletions":19}}},{"hash":"c7cb501e01004d9db26b65f7c2cbe7177ec7ebdb","messageTitle":"update typicalPersonAndEventsAddressBook.json","messageBody":"","fileTypesAndContributionMap":{"test-code":{"insertions":50,"deletions":3}}},{"hash":"3ec00c5a7c96596ebf36783f358be4da1b3348e7","messageTitle":"remove repeated parseZoomLink() method in parserUtil","messageBody":"","fileTypesAndContributionMap":{"functional-code":{"insertions":2,"deletions":17}}},{"hash":"d8693ed320496057b3ced52e2b84c47bfaf74888","messageTitle":"remove unnecessary test cases","messageBody":"","fileTypesAndContributionMap":{"test-code":{"insertions":0,"deletions":2}}}]},{"date":"2021-10-22","commitResults":[{"hash":"e54959c48b288a9c525b356a83d4b3f24ec3f35f","messageTitle":"update UG and DG for undo command","messageBody":"","fileTypesAndContributionMap":{"docs":{"insertions":82,"deletions":24}}},{"hash":"8e0b8dd01c70f4f1351f6c4a64fe05e552b1923d","messageTitle":"fix dg bugs","messageBody":"","fileTypesAndContributionMap":{"docs":{"insertions":2,"deletions":2}}},{"hash":"448582ffe25460e3378594852ff9f0ebc7c17ba3","messageTitle":"add undo/redo to UG command summary","messageBody":"","fileTypesAndContributionMap":{"docs":{"insertions":3,"deletions":1}}}]},{"date":"2021-10-24","commitResults":[{"hash":"a0b04e8d50f3055a726e00fd8d7ad86f054fc126","messageTitle":"enable colorful tags","messageBody":"","fileTypesAndContributionMap":{"functional-code":{"insertions":59,"deletions":2},"test-code":{"insertions":15,"deletions":1}}},{"hash":"3646e24cb8755e41916fc445db77d0c7463b00aa","messageTitle":"fix checkstyle","messageBody":"","fileTypesAndContributionMap":{"test-code":{"insertions":2,"deletions":2}}},{"hash":"37aee97749d60841f31479a84066a0bc75bd6717","messageTitle":"update class name and fix bug","messageBody":"","fileTypesAndContributionMap":{"functional-code":{"insertions":45,"deletions":43},"test-code":{"insertions":26,"deletions":15}}}]},{"date":"2021-10-25","commitResults":[{"hash":"c45692b50b8818f7b8f9d0fdaf6bcceedc02b2b9","messageTitle":"Update Colours.java","messageBody":"","fileTypesAndContributionMap":{"functional-code":{"insertions":2,"deletions":2}}}]}],"chunweii":[{"date":"2021-09-22","commitResults":[{"hash":"f7180a14fe6ed5959240560e3ee4aa02a2fca168","messageTitle":"Update AboutUs.md for Chun Wei and include portfolio","messageBody":"","fileTypesAndContributionMap":{"docs":{"insertions":14,"deletions":7}}},{"hash":"b85b5eaf8767156108c0c1b4150eda28ebcbab8c","messageTitle":"Edit User guide for general commands","messageBody":"","fileTypesAndContributionMap":{"docs":{"insertions":13,"deletions":16}}}]},{"date":"2021-09-23","commitResults":[{"hash":"4f48c62b55f7a4532082c2b6f387a0590a48c3c6","messageTitle":"Update README.md","messageBody":"","fileTypesAndContributionMap":{"docs":{"insertions":19,"deletions":11}}}]},{"date":"2021-09-24","commitResults":[{"hash":"eb12e7a1b4b91d4015dd5f65494558411ae18b6c","messageTitle":"Fix CI issues","messageBody":"","fileTypesAndContributionMap":{"docs":{"insertions":1,"deletions":1}}}]},{"date":"2021-09-26","commitResults":[{"hash":"4289825a7c0150f90565534d332730682df18a55","messageTitle":"Remove emails in AboutUs and edit hyperlink in README","messageBody":"","fileTypesAndContributionMap":{"docs":{"insertions":3,"deletions":11}}}]},{"date":"2021-09-28","commitResults":[{"hash":"c711a1d5a5fb8b98804f4cb90a0216e3be803323","messageTitle":"Change help message website","messageBody":"","fileTypesAndContributionMap":{"functional-code":{"insertions":1,"deletions":1}}}]},{"date":"2021-10-01","commitResults":[{"hash":"ac48b38a22e1beb6aea321e9645d4c891cedb9f4","messageTitle":"Update index.md","messageBody":"","fileTypesAndContributionMap":{"docs":{"insertions":5,"deletions":5}}}]},{"date":"2021-10-03","commitResults":[{"hash":"8c9be8460464d641ada80770e52cd2b020683156","messageTitle":"Add event card and panel","messageBody":"","fileTypesAndContributionMap":{"functional-code":{"insertions":266,"deletions":6}}},{"hash":"ab661f46f0d77d89adbd1f856d4446adcabdd50e","messageTitle":"Fix CI issues","messageBody":"","fileTypesAndContributionMap":{"functional-code":{"insertions":61,"deletions":33}}}]},{"date":"2021-10-05","commitResults":[{"hash":"6505dad6828dfb06fdb1933580621a292ad3425d","messageTitle":"Edit Event card fields","messageBody":"","fileTypesAndContributionMap":{"functional-code":{"insertions":10,"deletions":34},"test-code":{"insertions":14,"deletions":0}}},{"hash":"310d1e5640f4abbd20df206aa36ed3718b2d0294","messageTitle":"Remove Event card test","messageBody":"","fileTypesAndContributionMap":{"test-code":{"insertions":0,"deletions":14}}}]},{"date":"2021-10-06","commitResults":[{"hash":"78dde9c0eae0ab0fb14123483ace0f5e2cbec4e7","messageTitle":"Change name of link field for event","messageBody":"","fileTypesAndContributionMap":{"functional-code":{"insertions":9,"deletions":9}}},{"hash":"a1ba76fca5c0fbc04ed245d1b7270bf6821d8fc8","messageTitle":"Change EventCard equals method","messageBody":"","fileTypesAndContributionMap":{"functional-code":{"insertions":10,"deletions":10}}}]},{"date":"2021-10-07","commitResults":[{"hash":"96ceeb79b59146189b5b22011b7f63d8c3314b79","messageTitle":"Add more event test cards","messageBody":"","fileTypesAndContributionMap":{"functional-code":{"insertions":15,"deletions":4}}},{"hash":"ddae5c925132e8a2973a1ca908698eda3c72269b","messageTitle":"Integrate with new Event class","messageBody":"","fileTypesAndContributionMap":{"functional-code":{"insertions":29,"deletions":101}}}]},{"date":"2021-10-08","commitResults":[{"hash":"a05fb815488eb25ed5f3a334c94e5cc88cdc3548","messageTitle":"Add TelegramHandle and ZoomLink","messageBody":"","fileTypesAndContributionMap":{"functional-code":{"insertions":101,"deletions":1}}},{"hash":"ccecbe9eac22e588f25f058ebbd5758ffb4e20ed","messageTitle":"Shift common fields to new package","messageBody":"","fileTypesAndContributionMap":{"functional-code":{"insertions":56,"deletions":82},"other":{"insertions":1,"deletions":1},"test-code":{"insertions":3,"deletions":1}}},{"hash":"550c78e5132331a0f79fbe71c93dd7a440ccd126","messageTitle":"Add tests","messageBody":"","fileTypesAndContributionMap":{"functional-code":{"insertions":12,"deletions":3},"other":{"insertions":1,"deletions":3},"test-code":{"insertions":62,"deletions":0}}},{"hash":"4cc3e9f693076ebdc42fdcd7c72d5e8e362c6e14","messageTitle":"Move Address to common package","messageBody":"","fileTypesAndContributionMap":{"functional-code":{"insertions":8,"deletions":52},"other":{"insertions":2,"deletions":2},"docs":{"insertions":1,"deletions":1},"test-code":{"insertions":6,"deletions":42}}},{"hash":"460d73d7a652df572b4657f5b8fec9ab1e3c9d00","messageTitle":"Remove redundant test","messageBody":"","fileTypesAndContributionMap":{"test-code":{"insertions":0,"deletions":30}}},{"hash":"28e5c7bc5b5fa9a10257b5d7e82b3def6c6f5b37","messageTitle":"Fix merge errors","messageBody":"","fileTypesAndContributionMap":{"functional-code":{"insertions":2,"deletions":2}}},{"hash":"917fe2143b3a6be88730374070cc420895988eaf","messageTitle":"Add zoom link and telegram to person card","messageBody":"","fileTypesAndContributionMap":{"functional-code":{"insertions":14,"deletions":8}}}]},{"date":"2021-10-10","commitResults":[{"hash":"bf069960980235d974335ad92eb26f6502543fce","messageTitle":"Change more person to contact","messageBody":"Json and storage are untouched. Certain test methods are not renamed for now.\n","fileTypesAndContributionMap":{"functional-code":{"insertions":110,"deletions":109},"other":{"insertions":1,"deletions":1},"test-code":{"insertions":100,"deletions":99}}},{"hash":"aa55b8db927222783ffb42203408a7cae0668c86","messageTitle":"Fix more incorrect namings","messageBody":"","fileTypesAndContributionMap":{"functional-code":{"insertions":10,"deletions":10},"test-code":{"insertions":13,"deletions":14}}},{"hash":"3aba18a43f32bfd84d27c731173a854d83bcee04","messageTitle":"Add cadd command","messageBody":"","fileTypesAndContributionMap":{"functional-code":{"insertions":77,"deletions":13}}}]},{"date":"2021-10-11","commitResults":[{"hash":"b8585619f92e25a5b7d8a5384f7a1e17ef16f07d","messageTitle":"Enable optional event fields","messageBody":"","fileTypesAndContributionMap":{"functional-code":{"insertions":52,"deletions":55}}},{"hash":"486757dfede6726ec581623462233c0f8abb8f44","messageTitle":"Edit typical json test file","messageBody":"","fileTypesAndContributionMap":{"test-code":{"insertions":2,"deletions":2}}}]},{"date":"2021-10-12","commitResults":[{"hash":"7f8e2955dee31863bd9c4e28be99595d729e2d4f","messageTitle":"Edit contact edit commands","messageBody":"* Add editable fields: telegram and zoom\n","fileTypesAndContributionMap":{"functional-code":{"insertions":96,"deletions":52}}},{"hash":"570c82c59a561e8102603c60ec9dc50572c553d4","messageTitle":"Allow deletion of tags for contacts","messageBody":"","fileTypesAndContributionMap":{"functional-code":{"insertions":43,"deletions":5}}},{"hash":"7b39ac3c915598c4cb4208df3260e9336b7cea9d","messageTitle":"Allow deletion of all tags for contacts","messageBody":"","fileTypesAndContributionMap":{"functional-code":{"insertions":25,"deletions":7}}},{"hash":"58f3202178d6a945df5f7285d1c71f111fc3c091","messageTitle":"Edit clist command","messageBody":"","fileTypesAndContributionMap":{"functional-code":{"insertions":155,"deletions":12}}},{"hash":"d73e8515d9397d5f7b007462e710b67fa6ac3424","messageTitle":"Fix clist gui issues","messageBody":"","fileTypesAndContributionMap":{"functional-code":{"insertions":3,"deletions":0}}},{"hash":"65e86b191797b8e3b25abcad6b73a7498ad32ce6","messageTitle":"Fix tests","messageBody":"","fileTypesAndContributionMap":{"functional-code":{"insertions":3,"deletions":3},"test-code":{"insertions":152,"deletions":102}}},{"hash":"baa05f845a5ce35a8b1981ef84b4a967a9502f86","messageTitle":"Add new line to EOF to pass CI","messageBody":"","fileTypesAndContributionMap":{"test-code":{"insertions":1,"deletions":1}}},{"hash":"8f097f7aa0c88ee03768c4ea8850df5ae699e0fd","messageTitle":"Update UG","messageBody":"","fileTypesAndContributionMap":{"docs":{"insertions":8,"deletions":8}}},{"hash":"838367cf23981d7bc4e3509cfe59452bfc2ec341","messageTitle":"Reformat code","messageBody":"","fileTypesAndContributionMap":{"functional-code":{"insertions":3,"deletions":3}}}]},{"date":"2021-10-13","commitResults":[{"hash":"205e1e213c54eac5d329608a3de98c12dc16af2b","messageTitle":"Change date and time format","messageBody":"","fileTypesAndContributionMap":{"functional-code":{"insertions":2,"deletions":2},"test-code":{"insertions":13,"deletions":13}}}]},{"date":"2021-10-14","commitResults":[{"hash":"b6ec0916d059d45187b573632638623c959f07ca","messageTitle":"Add tests for contact list command","messageBody":"","fileTypesAndContributionMap":{"functional-code":{"insertions":55,"deletions":7},"test-code":{"insertions":175,"deletions":5}}}]},{"date":"2021-10-15","commitResults":[{"hash":"127e8253e163008b272019293721f1434f7761ea","messageTitle":"Add examples for contact list command","messageBody":"","fileTypesAndContributionMap":{"functional-code":{"insertions":2,"deletions":1}}}]},{"date":"2021-10-17","commitResults":[{"hash":"c4670e4a7571b5e1523bffa83ebf22acae4c2981","messageTitle":"Add esort command","messageBody":"","fileTypesAndContributionMap":{"functional-code":{"insertions":68,"deletions":3},"test-code":{"insertions":27,"deletions":1}}}]},{"date":"2021-10-18","commitResults":[{"hash":"7ccc7507297f0512af61dca7f1936a9cfb76c0f5","messageTitle":"Add tests for esort","messageBody":"","fileTypesAndContributionMap":{"functional-code":{"insertions":9,"deletions":7},"test-code":{"insertions":67,"deletions":7}}},{"hash":"f33cd890924a69321f1aeb4370e14fedd73dd248","messageTitle":"Add entry for sorting events","messageBody":"","fileTypesAndContributionMap":{"docs":{"insertions":6,"deletions":0}}},{"hash":"7cef2dcfc618e848032b07610e6af700d2ef7995","messageTitle":"Add esort parsing test","messageBody":"","fileTypesAndContributionMap":{"test-code":{"insertions":7,"deletions":0}}},{"hash":"431017a1c3c523b45ca6a6ba6ee5e2185058cb4a","messageTitle":"Improve code quality","messageBody":"","fileTypesAndContributionMap":{"functional-code":{"insertions":10,"deletions":7},"test-code":{"insertions":20,"deletions":25}}}]},{"date":"2021-10-19","commitResults":[{"hash":"8b2ca4981845e6ac1326fc16176deef595d76488","messageTitle":"Insert more test cases","messageBody":"","fileTypesAndContributionMap":{"test-code":{"insertions":11,"deletions":0}}},{"hash":"a509199ba04240dd6b859c04f4c3a86e488668a3","messageTitle":"Add calendar ui","messageBody":"","fileTypesAndContributionMap":{"functional-code":{"insertions":238,"deletions":5},"other":{"insertions":2,"deletions":0},"test-code":{"insertions":7,"deletions":7}}}]},{"date":"2021-10-20","commitResults":[{"hash":"b09dfa7fc8b04372643290ef84ba12f74fe17e4d","messageTitle":"Calendar UI: Add auto-update feature","messageBody":"","fileTypesAndContributionMap":{"functional-code":{"insertions":40,"deletions":17}}},{"hash":"4d0fd8f778b55a586fa3778905cbe044784a31e2","messageTitle":"Calendar UI: Add menu item dropdown and shortcut","messageBody":"","fileTypesAndContributionMap":{"functional-code":{"insertions":5,"deletions":0}}},{"hash":"2b143f4da1bc6e36d4da9de51ceea3e3936b8ad5","messageTitle":"Update documentation for calendar","messageBody":"","fileTypesAndContributionMap":{"docs":{"insertions":9,"deletions":3}}},{"hash":"aa78e6b1c54c574cdf9f1d1ee7aa91f5bd5257ca","messageTitle":"Update DG for UI","messageBody":"Include new UI picture and acknowledgements to CalendarFX\n","fileTypesAndContributionMap":{"docs":{"insertions":24,"deletions":14}}}]},{"date":"2021-10-21","commitResults":[{"hash":"0f8a45102a5a3fa72689d7eba2e004827b88d151","messageTitle":"Optimise calendar update and add tests","messageBody":"","fileTypesAndContributionMap":{"functional-code":{"insertions":170,"deletions":15},"test-code":{"insertions":96,"deletions":5}}},{"hash":"a3ab427d5dc8e2e2988d287ef0a1e6f0b1081d0c","messageTitle":"Create empty puml for calendar ui","messageBody":"","fileTypesAndContributionMap":{"docs":{"insertions":11,"deletions":0}}},{"hash":"47987f812d5baebd3c6743b2409d200ff3fdfd3f","messageTitle":"Add event changer tests","messageBody":"","fileTypesAndContributionMap":{"test-code":{"insertions":63,"deletions":0}}},{"hash":"43cb34285ef25aad611faf5ee7324e2c01704fc3","messageTitle":"Fix checkstyle","messageBody":"","fileTypesAndContributionMap":{"test-code":{"insertions":12,"deletions":5}}},{"hash":"5fea63e4993b370827f2eac37a04b3bec407ce0e","messageTitle":"Fix CI","messageBody":"","fileTypesAndContributionMap":{"test-code":{"insertions":26,"deletions":5}}},{"hash":"4c914be329a93d7f006ba57a5a7332f082ac5c43","messageTitle":"Fix CI","messageBody":"","fileTypesAndContributionMap":{"test-code":{"insertions":6,"deletions":1}}},{"hash":"e3206323f251ef0fd2a3156006e6afc06b0711da","messageTitle":"Fix more CI","messageBody":"","fileTypesAndContributionMap":{"test-code":{"insertions":21,"deletions":9}}},{"hash":"b18633f5c69e1930391ae7b58e031fa6f2fa109d","messageTitle":"Add basic calendar UML sequence diagram","messageBody":"","fileTypesAndContributionMap":{"docs":{"insertions":15,"deletions":5}}}]},{"date":"2021-10-22","commitResults":[{"hash":"ef0e7dbfed6d44225040ecc4336f13bf2217ca17","messageTitle":"Update DG for Calendar implementation","messageBody":"","fileTypesAndContributionMap":{"docs":{"insertions":68,"deletions":5}}},{"hash":"2f327f70adccda3f4f5ac9584f914d1c287eecd2","messageTitle":"Add new line (thanks checkstyle!)","messageBody":"","fileTypesAndContributionMap":{"docs":{"insertions":1,"deletions":1}}},{"hash":"90239e885d4b8392f0fb8f41a9f71e86f5d240da","messageTitle":"Remove activation bar for StackPane","messageBody":"","fileTypesAndContributionMap":{"docs":{"insertions":0,"deletions":2}}},{"hash":"68f7528825c28d382e67dd4cec30170ff4ecb78d","messageTitle":"Change images","messageBody":"","fileTypesAndContributionMap":{"docs":{"insertions":2,"deletions":2}}},{"hash":"8300cc8d55e2c2811b2f4a0d5e0aaa59c3747e40","messageTitle":"Improve description of command","messageBody":"","fileTypesAndContributionMap":{"docs":{"insertions":2,"deletions":6}}},{"hash":"3adce50723ed2165168da92cd9c7c175ba91c82e","messageTitle":"Fix minor typo","messageBody":"","fileTypesAndContributionMap":{"docs":{"insertions":1,"deletions":1}}}]},{"date":"2021-10-23","commitResults":[{"hash":"4f083151f1b04daebebf17badfb324c2fb4a8d63","messageTitle":"Fix DG major bugs","messageBody":"","fileTypesAndContributionMap":{"docs":{"insertions":135,"deletions":124}}},{"hash":"4ffb7a73d0347b76f2f40f9d1584e2fec33f0027","messageTitle":"Fix more UG DG bugs","messageBody":"","fileTypesAndContributionMap":{"docs":{"insertions":55,"deletions":15}}},{"hash":"c4bef09c2c01ce57944e10aa141ec32c4fc72ba2","messageTitle":"Fix even more DG issues","messageBody":"","fileTypesAndContributionMap":{"docs":{"insertions":10,"deletions":10}}},{"hash":"e093440d44e1f40ebaf7617e1065573d1f06bdd2","messageTitle":"DG: Change Person to Contact and Event","messageBody":"","fileTypesAndContributionMap":{"docs":{"insertions":2,"deletions":2}}},{"hash":"11a309baff9c1e2706d5cff1316eb68d74613bfd","messageTitle":"DG: Resolve PR comments","messageBody":"","fileTypesAndContributionMap":{"docs":{"insertions":6,"deletions":5}}},{"hash":"b04ae943cf696b87b12d51ad2866ebfa6fb976dd","messageTitle":"Enhance DG and fix minor bug","messageBody":"* Add class diagram for EventChanger.java\n* Ensure that the entire list of events is passed to the calendar, not just the filtered ones.\n","fileTypesAndContributionMap":{"functional-code":{"insertions":1,"deletions":1},"docs":{"insertions":56,"deletions":3}}},{"hash":"e49aa8a54ca71b4e0a78387bb77158a696836f69","messageTitle":"Rename variable calendarui","messageBody":"","fileTypesAndContributionMap":{"functional-code":{"insertions":3,"deletions":4}}}]},{"date":"2021-10-24","commitResults":[{"hash":"01411ceb3d662ce5762f7691264865d266663ec2","messageTitle":"Resolve code quality issues","messageBody":"","fileTypesAndContributionMap":{"functional-code":{"insertions":7,"deletions":4},"docs":{"insertions":4,"deletions":0}}}]}],"Gordon25":[{"date":"2021-09-25","commitResults":[{"hash":"dbccb9c47205af368e2380f0d2ed79e958c35b99","messageTitle":"Create Gordon25.md","messageBody":"","fileTypesAndContributionMap":{"docs":{"insertions":9,"deletions":0}}},{"hash":"fb6755cf0504fd16b6cf0312d601e42e3e57db70","messageTitle":"Update UserGuide.md #13","messageBody":"Added explanation and examples for eedit, efind, edelete and eclear commands","fileTypesAndContributionMap":{"docs":{"insertions":63,"deletions":0}}}]},{"date":"2021-09-26","commitResults":[{"hash":"ce14ba32c3c8b855ad0ab4d11be67e428d3aadd7","messageTitle":"Update Gordon25.md","messageBody":"","fileTypesAndContributionMap":{"docs":{"insertions":1,"deletions":1}}}]},{"date":"2021-09-27","commitResults":[{"hash":"d48c7e1fa9306dc11816234147397155c2c48c88","messageTitle":"Update AboutUs.md","messageBody":"","fileTypesAndContributionMap":{"docs":{"insertions":6,"deletions":6}}},{"hash":"8c38bef651d9888b45e6c1460266da2aca3966d9","messageTitle":"Update AboutUs.md #4","messageBody":"","fileTypesAndContributionMap":{"docs":{"insertions":0,"deletions":10}}},{"hash":"c08585c4242fb7e89061a4d4c122812937f376d3","messageTitle":"Update Profile Page","messageBody":"","fileTypesAndContributionMap":{"docs":{"insertions":55,"deletions":6}}},{"hash":"73207fc53f06bab9e89275d0251205f901ab7a88","messageTitle":"Move profile pic to team folder","messageBody":"","fileTypesAndContributionMap":{"docs":{"insertions":0,"deletions":0}}},{"hash":"8c2a016bb02ad8c875d4f0bcaa6566819c331554","messageTitle":"Update UserGuide.md #13","messageBody":"","fileTypesAndContributionMap":{"docs":{"insertions":55,"deletions":77}}}]},{"date":"2021-09-28","commitResults":[{"hash":"598f17a2d9386c387f5d9d7a39c4cf70a6c00ba6","messageTitle":"Update AboutUs.md","messageBody":"","fileTypesAndContributionMap":{"docs":{"insertions":3,"deletions":3}}},{"hash":"55ef78c1106499964121bd643b749f011ea18bfd","messageTitle":"Update UserGuide.md","messageBody":"Fixed wrapping alert alert -info div wrapping issue, should have included space between div and the text otherwise format appear correctly.","fileTypesAndContributionMap":{"docs":{"insertions":4,"deletions":2}}},{"hash":"38c775b271b10193760b017b56a05eb8719e659f","messageTitle":"Update UserGuide.md","messageBody":"Add line to make it more obvious","fileTypesAndContributionMap":{"docs":{"insertions":1,"deletions":1}}},{"hash":"f4bedaa60b8d885c670b19c7ebacb4b5cf51c539","messageTitle":"Rename Gordon25.md to gordon25.md","messageBody":"","fileTypesAndContributionMap":{"docs":{"insertions":0,"deletions":0}}},{"hash":"2e1e283640c5824339619ba25ec8993e224e84b2","messageTitle":"Update AboutUs.md","messageBody":"","fileTypesAndContributionMap":{"docs":{"insertions":1,"deletions":1}}},{"hash":"3d97a88aa4dc2e9c6a07ac847656ed5d1d399291","messageTitle":"Update UserGuide.md","messageBody":"","fileTypesAndContributionMap":{"docs":{"insertions":1,"deletions":0}}},{"hash":"064fdfd687ac025d2d3c78d3b9f693a1eb31f3a9","messageTitle":"Update UserGuide.md","messageBody":"Add line between General and table","fileTypesAndContributionMap":{"docs":{"insertions":1,"deletions":1}}}]},{"date":"2021-09-29","commitResults":[{"hash":"69efc0b3898bd41158dd7db5b24a3347d572b265","messageTitle":"Update AboutUs.md","messageBody":"Add full name and fix Chunwei\u0027s photo","fileTypesAndContributionMap":{"docs":{"insertions":2,"deletions":1}}},{"hash":"8b6c04a57453188593711f55479777c7120d1a47","messageTitle":"Update AboutUs.md","messageBody":"Add individual members email, change format of personal particulars row","fileTypesAndContributionMap":{"docs":{"insertions":15,"deletions":10}}},{"hash":"349ece80ecda60fa56de7a45836c51bb64bf2347","messageTitle":"Update AboutUs.md","messageBody":"Update email links","fileTypesAndContributionMap":{"docs":{"insertions":5,"deletions":5}}},{"hash":"e092b3e5b6467c72b5e14950124836bbf777aa45","messageTitle":"Update AboutUs.md","messageBody":"Fix email links","fileTypesAndContributionMap":{"docs":{"insertions":5,"deletions":5}}},{"hash":"a6faa58edb4621c43ac2e4018c39f39e6272685e","messageTitle":"Update AboutUs.md","messageBody":"","fileTypesAndContributionMap":{"docs":{"insertions":1,"deletions":1}}}]},{"date":"2021-09-30","commitResults":[{"hash":"ca6579b56df93ab74ab67acaa982dbe8aeac6cc4","messageTitle":"Update AboutUs.md","messageBody":"Updated Giang\u0027s photo link","fileTypesAndContributionMap":{"docs":{"insertions":1,"deletions":1}}},{"hash":"f88e9e65a552a771cd8276946cfd7167d1aaf264","messageTitle":"Update AboutUs.md","messageBody":"Fix Giang\u0027s github link","fileTypesAndContributionMap":{"docs":{"insertions":1,"deletions":1}}},{"hash":"19a8efc12ae1abea9b37e7bfce2baa9d3611d345","messageTitle":"Update AboutUs.md","messageBody":"Removed duplicate line","fileTypesAndContributionMap":{"docs":{"insertions":0,"deletions":1}}}]},{"date":"2021-10-05","commitResults":[{"hash":"cca26ae0965d120b3722b107715b8427b95e3258","messageTitle":"Add Event and Time class","messageBody":"","fileTypesAndContributionMap":{"functional-code":{"insertions":205,"deletions":0}}}]},{"date":"2021-10-06","commitResults":[{"hash":"7628612d786d459db7ef40b984ad885c453c8cfa","messageTitle":"Modify JsonSerializableAddressBook to handle events Add JsonAdaptedEvent","messageBody":"","fileTypesAndContributionMap":{"functional-code":{"insertions":150,"deletions":4}}}]},{"date":"2021-10-07","commitResults":[{"hash":"8a297ecb64d706df14e7fa328b4770d6a2439a7f","messageTitle":"Change JsonAdaptedPerson to handle the event class","messageBody":"","fileTypesAndContributionMap":{"functional-code":{"insertions":56,"deletions":95}}},{"hash":"4993ab9f3375736abd463a724558e21df02d3a4d","messageTitle":"Change JsonSerializableAddressBook to handle events","messageBody":"","fileTypesAndContributionMap":{"functional-code":{"insertions":4,"deletions":4},"test-code":{"insertions":11,"deletions":0}}},{"hash":"8cc2f3bd8dc43300be2821079b86f76fedace103","messageTitle":"Add Test classes","messageBody":"","fileTypesAndContributionMap":{"test-code":{"insertions":144,"deletions":0}}},{"hash":"c50cc8e84bfc47b79eda67e39378363a733eb872","messageTitle":"Fix checkstyle issues","messageBody":"","fileTypesAndContributionMap":{"functional-code":{"insertions":3,"deletions":5},"test-code":{"insertions":2,"deletions":3}}},{"hash":"540a449ae96bfdd206aa0416b08bc4b5c4cdf3fc","messageTitle":"Fix more checkstyle errors","messageBody":"","fileTypesAndContributionMap":{"functional-code":{"insertions":1,"deletions":0},"test-code":{"insertions":6,"deletions":5}}}]},{"date":"2021-10-08","commitResults":[{"hash":"c448c3723001baafa70f40edcf2187babbb9db0e","messageTitle":"Combine person and event json files together Add missing fields","messageBody":"","fileTypesAndContributionMap":{"test-code":{"insertions":203,"deletions":171}}},{"hash":"f65fe4a1b36ad91722905080f4970093434a4e2b","messageTitle":"Fix checkstyle errors","messageBody":"","fileTypesAndContributionMap":{"test-code":{"insertions":14,"deletions":7}}},{"hash":"a128503f8e299fac7343780aa973b83ad07df06d","messageTitle":"Add dummy values to json files and change test case","messageBody":"","fileTypesAndContributionMap":{"functional-code":{"insertions":1,"deletions":1},"other":{"insertions":3,"deletions":3},"test-code":{"insertions":45,"deletions":40}}},{"hash":"011c843903b21e687766790229150e364385aba5","messageTitle":"Fix checkstyle error","messageBody":"","fileTypesAndContributionMap":{"test-code":{"insertions":1,"deletions":1}}},{"hash":"ac3bc4fb77fe6131b3d69cc6f59e993019c71422","messageTitle":"Resolve merge conflict","messageBody":"","fileTypesAndContributionMap":{"functional-code":{"insertions":23,"deletions":23},"test-code":{"insertions":26,"deletions":26}}}]},{"date":"2021-10-11","commitResults":[{"hash":"1ee2f4e96b4324f1bd94ab34665aaad1b43ba114","messageTitle":"Refactor CAddCommand code, AddCommandParser into CAddCommandParser and EAddCommandParser","messageBody":"","fileTypesAndContributionMap":{"functional-code":{"insertions":6,"deletions":7}}},{"hash":"77bb2cdcca7c89f7c732e06829a84720b33eee8c","messageTitle":"Add EAddCommand and EAddCommandParser and test classes","messageBody":"","fileTypesAndContributionMap":{"functional-code":{"insertions":149,"deletions":0},"test-code":{"insertions":32,"deletions":0}}},{"hash":"e71cece5a52ad8acb843042b690ed5673ce555eb","messageTitle":"Refactor ParserUtil into ContactParserUtil and EventParserUtil","messageBody":"","fileTypesAndContributionMap":{"functional-code":{"insertions":131,"deletions":48},"test-code":{"insertions":192,"deletions":185}}},{"hash":"2bfb0a4d93fa95522249ad6b3c41364bf1c82fa8","messageTitle":"Fix checkstyle errors","messageBody":"","fileTypesAndContributionMap":{"functional-code":{"insertions":27,"deletions":23},"test-code":{"insertions":1,"deletions":1}}},{"hash":"7aa66e839d783f5c18a90b4e7919e7fa510e16cd","messageTitle":"Refactor existing code","messageBody":"","fileTypesAndContributionMap":{"functional-code":{"insertions":13,"deletions":2}}},{"hash":"b03a44521473326e098186046dff7362a1f795b8","messageTitle":"Add EEditCommand, EditEventDescriptor, EEditCommandParser and EListCommand","messageBody":"","fileTypesAndContributionMap":{"functional-code":{"insertions":388,"deletions":0},"test-code":{"insertions":58,"deletions":0}}}]},{"date":"2021-10-12","commitResults":[{"hash":"5d02afefcfbe579a2ac80be67f85f1335d41a0b1","messageTitle":"Edit EListCommand to allow optional fields","messageBody":"","fileTypesAndContributionMap":{"functional-code":{"insertions":74,"deletions":0}}},{"hash":"6112956bcf69370921ed3579ea1670a45cab62c2","messageTitle":"Edit EEdit to support /dt and EAdd Command to allow optional fields","messageBody":"","fileTypesAndContributionMap":{"functional-code":{"insertions":237,"deletions":57}}}]},{"date":"2021-10-13","commitResults":[{"hash":"d7090aa71f7b84e133be8a31d097b0795a68dbe2","messageTitle":"Fix bugs","messageBody":"","fileTypesAndContributionMap":{"functional-code":{"insertions":7,"deletions":9}}},{"hash":"ca043d981b9380e034e81b501c3ba6f728c113ed","messageTitle":"Update EAddCommand message","messageBody":"","fileTypesAndContributionMap":{"functional-code":{"insertions":5,"deletions":7}}},{"hash":"44d86a6d234d85f7070d21ef6b01e8800ad838e9","messageTitle":"Update eadd message","messageBody":"","fileTypesAndContributionMap":{"functional-code":{"insertions":1,"deletions":1}}},{"hash":"6501636568a9fa77bd0b49bc6ba30fd4a8abe17f","messageTitle":"Fix CI check errors","messageBody":"","fileTypesAndContributionMap":{"functional-code":{"insertions":12,"deletions":15}}},{"hash":"1b8d4d652cf4082849afd254fdc9660dfb9030d8","messageTitle":"Change date time format","messageBody":"","fileTypesAndContributionMap":{"functional-code":{"insertions":3,"deletions":3},"test-code":{"insertions":13,"deletions":13}}},{"hash":"49ca3830c6675d5bef6ad536e7809a619a01b728","messageTitle":"Fix bugs","messageBody":"","fileTypesAndContributionMap":{"functional-code":{"insertions":105,"deletions":104}}},{"hash":"51d4378c997a827103f3a5702dc94c73b6727309","messageTitle":"Fix bugs","messageBody":"","fileTypesAndContributionMap":{"functional-code":{"insertions":2,"deletions":5}}},{"hash":"1802a45885b391168b4cd17892112225eb17c783","messageTitle":"Undo refactoring","messageBody":"","fileTypesAndContributionMap":{"functional-code":{"insertions":102,"deletions":164},"test-code":{"insertions":6,"deletions":215}}},{"hash":"eea0db4ec08ea8b7ca7d9e8dcf7f5db6181b034d","messageTitle":"Fix more bugs","messageBody":"","fileTypesAndContributionMap":{"functional-code":{"insertions":18,"deletions":4}}},{"hash":"d2bc420867ec64a8430a5378eb85a5e6540b9536","messageTitle":"Make changes","messageBody":"","fileTypesAndContributionMap":{"functional-code":{"insertions":8,"deletions":7}}}]},{"date":"2021-10-18","commitResults":[{"hash":"5978ed08d153e6ea83d47d0a6409a582f6660912","messageTitle":"Add EAddCommandTest","messageBody":"","fileTypesAndContributionMap":{"test-code":{"insertions":228,"deletions":3}}}]},{"date":"2021-10-19","commitResults":[{"hash":"5dad23642b703c81cbda09c443d72ccfbd90f315","messageTitle":"Add tests for eadd, eedit, elist commands","messageBody":"","fileTypesAndContributionMap":{"functional-code":{"insertions":42,"deletions":1},"test-code":{"insertions":944,"deletions":57}}},{"hash":"8da38ab00eff1b6b580885d2dc45cfdb27bd38f5","messageTitle":"Add more test case to increase test coverage","messageBody":"","fileTypesAndContributionMap":{"test-code":{"insertions":17,"deletions":0}}},{"hash":"ef03b5ee6dda328c8ffd2c6106113a138d608dd9","messageTitle":"Make changes","messageBody":"","fileTypesAndContributionMap":{"functional-code":{"insertions":1,"deletions":1},"test-code":{"insertions":34,"deletions":37}}}]},{"date":"2021-10-22","commitResults":[{"hash":"510b5fe00c974d6426b211f2a593b7e0b97a277b","messageTitle":"Update developer guide","messageBody":"","fileTypesAndContributionMap":{"docs":{"insertions":230,"deletions":10},"test-code":{"insertions":0,"deletions":5}}},{"hash":"f405ccfbab35880ae82c0df457dae71925495053","messageTitle":"Add whitespace to EOF","messageBody":"","fileTypesAndContributionMap":{"docs":{"insertions":1,"deletions":1}}},{"hash":"11bbb5b26cf0bf9d8f407e1737432c40a19d8c53","messageTitle":"fix DG bugs","messageBody":"","fileTypesAndContributionMap":{"docs":{"insertions":33,"deletions":29}}},{"hash":"48f2766e0ad116a45c361681aaea25410e237114","messageTitle":"fix DG bg","messageBody":"","fileTypesAndContributionMap":{"docs":{"insertions":1,"deletions":1}}},{"hash":"3c71e1ea8f0ed7304f1e742b11958d634f8f4289","messageTitle":"Fix bug in use cases","messageBody":"","fileTypesAndContributionMap":{"docs":{"insertions":38,"deletions":39}}}]}],"xiangjunn":[{"date":"2021-09-23","commitResults":[{"hash":"663b05d9faad3df24f624bbe3c5be9690075af1f","messageTitle":"Modify UI to suit project","messageBody":"","fileTypesAndContributionMap":{"functional-code":{"insertions":32,"deletions":7}}},{"hash":"65f83d8635921046482fb75c8bcd9b1ee19b4dfd","messageTitle":"Update user guide","messageBody":"","fileTypesAndContributionMap":{"docs":{"insertions":55,"deletions":11}}}]},{"date":"2021-09-25","commitResults":[{"hash":"e9e8ec26bd116cbe594f8c38bb372e19305722d2","messageTitle":"Update AboutUs for Xiang Jun","messageBody":"","fileTypesAndContributionMap":{"docs":{"insertions":52,"deletions":6}}}]},{"date":"2021-09-28","commitResults":[{"hash":"3365329244b684261e076458e191985f79976cee","messageTitle":"Update product scope and user stories","messageBody":"","fileTypesAndContributionMap":{"docs":{"insertions":43,"deletions":16}}}]},{"date":"2021-09-29","commitResults":[{"hash":"025bc4b782f8e8cc912eab76c33ebf25d5cf6cc8","messageTitle":"Fix some minor text issues","messageBody":"","fileTypesAndContributionMap":{"docs":{"insertions":9,"deletions":9}}},{"hash":"6d92b78b0c24566d366bc5c49df2b775110fd469","messageTitle":"Remove additional word \u0027to\u0027 in some user stories","messageBody":"","fileTypesAndContributionMap":{"docs":{"insertions":2,"deletions":2}}},{"hash":"6b1c1ae740dea2621037b977bffdbe08ee0b54ed","messageTitle":"Define terms TA and Prof at first occurrence","messageBody":"","fileTypesAndContributionMap":{"docs":{"insertions":2,"deletions":2}}}]},{"date":"2021-09-30","commitResults":[{"hash":"8c1ae152e55df3527c224f23abcaa118c1babe78","messageTitle":"Remove additional \u0027/\u0027 before \u0027Prof\u0027 in line 283","messageBody":"","fileTypesAndContributionMap":{"docs":{"insertions":1,"deletions":1}}},{"hash":"3935342cebfcc8376ab1a33faade753b3ba53b86","messageTitle":"Improve on use cases","messageBody":"","fileTypesAndContributionMap":{"docs":{"insertions":40,"deletions":38}}},{"hash":"45f3dd6d4faad3ba2e35534c8bb046bd72fdb444","messageTitle":"Update glossary","messageBody":"","fileTypesAndContributionMap":{"docs":{"insertions":1,"deletions":1}}},{"hash":"212e258b70e2a5a86b28c9bc809b2eee199e41e4","messageTitle":"Fix formatting issues","messageBody":"","fileTypesAndContributionMap":{"docs":{"insertions":4,"deletions":4}}}]},{"date":"2021-10-01","commitResults":[{"hash":"c128f4418f24dace9075f87b530b8fa25c930773","messageTitle":"Fix font issues","messageBody":"","fileTypesAndContributionMap":{"docs":{"insertions":3,"deletions":1}}},{"hash":"1157efdaa7a34c3cd4c152bb6fe83db03333350f","messageTitle":"Improve quality of developer guide","messageBody":"","fileTypesAndContributionMap":{"docs":{"insertions":48,"deletions":42}}},{"hash":"db2e4e39d25c95b908aea2289c8e2ecadad8a623","messageTitle":"Further improvements on developer guide","messageBody":"","fileTypesAndContributionMap":{"docs":{"insertions":4,"deletions":4}}},{"hash":"7d0e57d9270894ebf3ce743f71b2b46b207fce3c","messageTitle":"Resolve changes requested","messageBody":"","fileTypesAndContributionMap":{"docs":{"insertions":12,"deletions":12}}},{"hash":"0ebb511e27a385ada21462551be45e91e68cf362","messageTitle":"Update user stories","messageBody":"","fileTypesAndContributionMap":{"docs":{"insertions":1,"deletions":1}}}]},{"date":"2021-10-03","commitResults":[{"hash":"e8a0a426acc05f94da8f71647c62450ca4397465","messageTitle":"Change the created JAR file name to SoConnect","messageBody":"","fileTypesAndContributionMap":{"other":{"insertions":1,"deletions":1}}}]},{"date":"2021-10-05","commitResults":[{"hash":"1834bd55cf75aab3571b9f140b7141c74da63536","messageTitle":"Rename Soconnect.jar to soconnect.jar in build.gradle","messageBody":"","fileTypesAndContributionMap":{"other":{"insertions":1,"deletions":1}}},{"hash":"514524bbecbfad67abb6d118eda588d840dbe6e3","messageTitle":"Add event components to UI","messageBody":"","fileTypesAndContributionMap":{"functional-code":{"insertions":9,"deletions":2}}},{"hash":"098a8cf8637f4fc45d5be8a8f81ebc9cb1ece62d","messageTitle":"Update contacts in UI to include new fields","messageBody":"","fileTypesAndContributionMap":{"functional-code":{"insertions":20,"deletions":6}}},{"hash":"fd80e632da5ae0b75ce1eb80d4d9dfc625ef5531","messageTitle":"Style title of contact and event list","messageBody":"","fileTypesAndContributionMap":{"functional-code":{"insertions":6,"deletions":5}}},{"hash":"e820bb16c2ce59c8f87e8624136c9c824557a9a3","messageTitle":"Remove unused imports","messageBody":"","fileTypesAndContributionMap":{"functional-code":{"insertions":0,"deletions":1}}}]},{"date":"2021-10-06","commitResults":[{"hash":"24767cf57c772f2b644194c488f7ece94030863f","messageTitle":"Update MainWindow.fxml","messageBody":"","fileTypesAndContributionMap":{"functional-code":{"insertions":1,"deletions":0}}}]},{"date":"2021-10-08","commitResults":[{"hash":"be52ea1ccc5cb9046e34aef6aa38ac9f10b906d2","messageTitle":"Add comments about optional fields","messageBody":"","fileTypesAndContributionMap":{"functional-code":{"insertions":11,"deletions":7}}},{"hash":"a4843ce140c1e38f2ea548002f1bd5422a8b5f85","messageTitle":"Update UI to display date in the format inputted by user","messageBody":"","fileTypesAndContributionMap":{"functional-code":{"insertions":19,"deletions":10}}},{"hash":"3ff11679f87b42c11c2c2e17eeadb341e3e0dacc","messageTitle":"Improve code qualtiy","messageBody":"","fileTypesAndContributionMap":{"functional-code":{"insertions":2,"deletions":1}}},{"hash":"6a683d9bfe6056cf954fd8ae0602c1c73329413a","messageTitle":"Add event methods in logic","messageBody":"","fileTypesAndContributionMap":{"functional-code":{"insertions":10,"deletions":0}}},{"hash":"6591f2d8c2c12b776ec6b4457035ded2f92ec239","messageTitle":"Integrate ui with logic","messageBody":"","fileTypesAndContributionMap":{"functional-code":{"insertions":32,"deletions":41},"test-code":{"insertions":5,"deletions":0}}}]},{"date":"2021-10-10","commitResults":[{"hash":"245139152f42fa88200b8074c3128e8f6e75603d","messageTitle":"Fix indentation issue","messageBody":"","fileTypesAndContributionMap":{"functional-code":{"insertions":2,"deletions":2}}}]},{"date":"2021-10-11","commitResults":[{"hash":"6119d50a124668927784ac03c8c7800277e298cf","messageTitle":"Update cdelete command","messageBody":"","fileTypesAndContributionMap":{"functional-code":{"insertions":1,"deletions":1}}},{"hash":"9ebf6b3d88b919ef972632f59eebce57f56d3bcc","messageTitle":"Update cclear command","messageBody":"","fileTypesAndContributionMap":{"functional-code":{"insertions":29,"deletions":5}}},{"hash":"afebd2ca5b1ce51701ce443be6b57fb889c0fc4f","messageTitle":"Update Json","messageBody":"","fileTypesAndContributionMap":{"functional-code":{"insertions":7,"deletions":0},"test-code":{"insertions":47,"deletions":10}}},{"hash":"0c607623429a49564936f6c8dbadfa9675b00acc","messageTitle":"Fix new fields not showing in UI after reopening","messageBody":"","fileTypesAndContributionMap":{"functional-code":{"insertions":20,"deletions":1}}},{"hash":"901d6d32a3081ccea2ca420ecbd902c5f808135d","messageTitle":"Fix json to pass test cases","messageBody":"","fileTypesAndContributionMap":{"functional-code":{"insertions":6,"deletions":12},"test-code":{"insertions":5,"deletions":4}}},{"hash":"4f3d6bc295fc3e566d9d8535cc1eccf603348a96","messageTitle":"Update message and javadocs for CClearCommand","messageBody":"","fileTypesAndContributionMap":{"functional-code":{"insertions":2,"deletions":2}}},{"hash":"59ba42e7a8e499233d1170397c7b8f6d808d7e68","messageTitle":"Add toString method for ZoomLink","messageBody":"","fileTypesAndContributionMap":{"functional-code":{"insertions":5,"deletions":0}}},{"hash":"48de364f5ed644b67e36baa2f57f49312635ee01","messageTitle":"Change address and phone to optional fields","messageBody":"","fileTypesAndContributionMap":{"functional-code":{"insertions":14,"deletions":17},"test-code":{"insertions":14,"deletions":14}}},{"hash":"47719dad74973cb196140e04bd3d7da80ead7016","messageTitle":"Update UI to not show empty optional fields","messageBody":"","fileTypesAndContributionMap":{"functional-code":{"insertions":11,"deletions":7}}},{"hash":"aced4cff4cf199cc9899781707dd744835fd0358","messageTitle":"Implement delete a range of contact command","messageBody":"","fileTypesAndContributionMap":{"functional-code":{"insertions":103,"deletions":12},"test-code":{"insertions":6,"deletions":1}}},{"hash":"f3d51e242e420fd078ff638b0848cf1d5c7aa2e8","messageTitle":"Update JavaDoc for Range.java","messageBody":"","fileTypesAndContributionMap":{"functional-code":{"insertions":1,"deletions":1}}},{"hash":"44576967658ee731ee34f28c6d5ce2bd1d9959c6","messageTitle":"Improve CDeleteCommand logic","messageBody":"","fileTypesAndContributionMap":{"functional-code":{"insertions":23,"deletions":5}}},{"hash":"8f423405647c02f71082e209465f21594ab7d593","messageTitle":"Standardize JavaDoc","messageBody":"","fileTypesAndContributionMap":{"functional-code":{"insertions":1,"deletions":1}}}]},{"date":"2021-10-12","commitResults":[{"hash":"4c2c7210b4a2a0a9555dc9b5bbe9f05590517ccd","messageTitle":"Make changes to messages displayed","messageBody":"","fileTypesAndContributionMap":{"functional-code":{"insertions":3,"deletions":3}}},{"hash":"3dc6ede0cf82c721abb24ee51ed99b1bcf1dfdb5","messageTitle":"Update JavaDocs","messageBody":"","fileTypesAndContributionMap":{"functional-code":{"insertions":2,"deletions":2}}}]},{"date":"2021-10-13","commitResults":[{"hash":"537e3abb43e304eecde83a71cae675fd8fb43ca8","messageTitle":"Fix date issue for sample events","messageBody":"","fileTypesAndContributionMap":{"functional-code":{"insertions":7,"deletions":7}}}]},{"date":"2021-10-15","commitResults":[{"hash":"a1dcfcc038f574fa31a5361e23aca3c511e9da62","messageTitle":"Create Range test","messageBody":"","fileTypesAndContributionMap":{"functional-code":{"insertions":10,"deletions":1},"test-code":{"insertions":41,"deletions":2}}}]},{"date":"2021-10-17","commitResults":[{"hash":"88b19c620e29648e7514d7f96241bc20ca6aea36","messageTitle":"Refactor parsing of range","messageBody":"","fileTypesAndContributionMap":{"functional-code":{"insertions":14,"deletions":14},"test-code":{"insertions":16,"deletions":7}}},{"hash":"aa15749b97167cd6d55d735e915579c3aa7299d3","messageTitle":"Add assertions in Range class","messageBody":"","fileTypesAndContributionMap":{"functional-code":{"insertions":2,"deletions":0}}},{"hash":"e98a1ab01c8e7d4d19b3e9c8ab06b4c503b6fab3","messageTitle":"Add test cases for Range class","messageBody":"","fileTypesAndContributionMap":{"test-code":{"insertions":42,"deletions":3}}},{"hash":"6a779cd93ec4c63620b65ee488a12fc2626ee7da","messageTitle":"Add test cases for cdelete command","messageBody":"","fileTypesAndContributionMap":{"test-code":{"insertions":26,"deletions":4}}},{"hash":"f905133bb313f1e07b3d15a6e578491e77e21482","messageTitle":"Update test cases in cclear command","messageBody":"","fileTypesAndContributionMap":{"test-code":{"insertions":3,"deletions":3}}},{"hash":"cbc68d6793782fa5225ee0c92cf3129f78c13752","messageTitle":"Update test cases in cfind command","messageBody":"","fileTypesAndContributionMap":{"test-code":{"insertions":11,"deletions":1}}},{"hash":"1f7f628b2a9b375c15febfeb5998f5c1081d5158","messageTitle":"Fix typo","messageBody":"","fileTypesAndContributionMap":{"test-code":{"insertions":1,"deletions":1}}},{"hash":"175524dbf9e096356faed6da5898401fa9f0de6a","messageTitle":"Add more test cases for Range class","messageBody":"","fileTypesAndContributionMap":{"functional-code":{"insertions":4,"deletions":0},"test-code":{"insertions":9,"deletions":0}}},{"hash":"77f0ffcfaba24ef5b4cd314be9424b23f6f04466","messageTitle":"Add more test case for IndexTest","messageBody":"","fileTypesAndContributionMap":{"test-code":{"insertions":9,"deletions":0}}},{"hash":"056f5cda52365c5ac61524e4509b66e2bc6e071c","messageTitle":"Fix checkstyle issues","messageBody":"","fileTypesAndContributionMap":{"test-code":{"insertions":0,"deletions":1}}}]},{"date":"2021-10-18","commitResults":[{"hash":"7f87aad426865183ce9cd5c669e58d9d98ea47a9","messageTitle":"Add ElinkCommand","messageBody":"","fileTypesAndContributionMap":{"functional-code":{"insertions":63,"deletions":2}}},{"hash":"c40ecc25b0de926266a463278ac0131e7280d5fb","messageTitle":"Add more test cases","messageBody":"","fileTypesAndContributionMap":{"functional-code":{"insertions":1,"deletions":1},"test-code":{"insertions":51,"deletions":0}}}]},{"date":"2021-10-20","commitResults":[{"hash":"741f8e59a969779ef575e0a462d450d247ada3aa","messageTitle":"Create basic functionality for elink","messageBody":"","fileTypesAndContributionMap":{"functional-code":{"insertions":34,"deletions":3}}}]},{"date":"2021-10-21","commitResults":[{"hash":"b23d8f3bfa95da27fb74f526dbe4c47b8465e2d5","messageTitle":"Integrate link command with storage, model and ui","messageBody":"","fileTypesAndContributionMap":{"functional-code":{"insertions":188,"deletions":9}}},{"hash":"f393c93d1f118b4c1c055786360e6b9e89b1d93d","messageTitle":"Update fxml to style linked events and contacts","messageBody":"","fileTypesAndContributionMap":{"functional-code":{"insertions":14,"deletions":2}}},{"hash":"6a156c89b19ab5c51dd992df4d75e1d1261a2472","messageTitle":"Unlink linked contacts/events before deletion","messageBody":"","fileTypesAndContributionMap":{"functional-code":{"insertions":23,"deletions":0}}},{"hash":"1932bb88835cc5d735619dab284120b4b7882a87","messageTitle":"Fix ui not updating promptly after elink command is executed","messageBody":"","fileTypesAndContributionMap":{"functional-code":{"insertions":9,"deletions":0}}},{"hash":"00542a26d82c7922635252888e93e151e58bef95","messageTitle":"Fix unlink not working properly when contacte/event is deleted","messageBody":"","fileTypesAndContributionMap":{"functional-code":{"insertions":25,"deletions":1}}},{"hash":"dd5a21afb149bd6df2724931152f7beb3dae9753","messageTitle":"Fix truncate issue in links label","messageBody":"","fileTypesAndContributionMap":{"functional-code":{"insertions":12,"deletions":2}}}]},{"date":"2021-10-22","commitResults":[{"hash":"f887cd3f1ce5ecb1b3fbbba0e1c272f6eee866d8","messageTitle":"Add sequence diagram for ELink","messageBody":"","fileTypesAndContributionMap":{"docs":{"insertions":69,"deletions":0}}},{"hash":"ba2d55934ebd93f4948be30eed4ac6f58114a842","messageTitle":"Update test files affected by elink changes","messageBody":"","fileTypesAndContributionMap":{"test-code":{"insertions":15,"deletions":7}}},{"hash":"f8c9bac5561d0886f2134c2993fab23a76f93dac","messageTitle":"Fix test cases bugs","messageBody":"","fileTypesAndContributionMap":{"functional-code":{"insertions":1,"deletions":1},"test-code":{"insertions":39,"deletions":19}}},{"hash":"8a46b9818671b4f52e9c13cd81e9d81598b3db08","messageTitle":"Add ELink implementation","messageBody":"","fileTypesAndContributionMap":{"docs":{"insertions":19,"deletions":0}}},{"hash":"5a6f6fab848961fe0cfa3afb095a1e7a3bf25df3","messageTitle":"Fix other commands not working as expected with new elink feature","messageBody":"","fileTypesAndContributionMap":{"functional-code":{"insertions":36,"deletions":10}}},{"hash":"45a023af30d16c3c0145eae4b71271255167d380","messageTitle":"Update UI to not show linked label if there is no link","messageBody":"","fileTypesAndContributionMap":{"functional-code":{"insertions":23,"deletions":10}}},{"hash":"c2658aa0059e31101f46d1af971ba83a902297b1","messageTitle":"Fix delete test cases","messageBody":"","fileTypesAndContributionMap":{"test-code":{"insertions":2,"deletions":0}}},{"hash":"388236d8f28dfd896211afd74650006becc2c73a","messageTitle":"Remove method not used in AddressBook","messageBody":"","fileTypesAndContributionMap":{"functional-code":{"insertions":13,"deletions":5}}},{"hash":"46308bfa1a28da15670d5feac6de73c84dc8b665","messageTitle":"Add JavaDoc comments for new added methods","messageBody":"","fileTypesAndContributionMap":{"functional-code":{"insertions":25,"deletions":10}}},{"hash":"0e638cddc53c23cad9ff143f6797a844df43dc4b","messageTitle":"Update user guide for elink command","messageBody":"","fileTypesAndContributionMap":{"docs":{"insertions":16,"deletions":0}}},{"hash":"d057834c597be6ec68e5ecb11128294266746588","messageTitle":"Make message displayed for command result of elink show name of event and contact linked","messageBody":"","fileTypesAndContributionMap":{"functional-code":{"insertions":2,"deletions":2}}},{"hash":"d4027bd4ad87fbcdae37856b9e3871f25aff9f08","messageTitle":"Add elink use case in developer guide","messageBody":"","fileTypesAndContributionMap":{"docs":{"insertions":38,"deletions":5}}},{"hash":"35cd854ccb113f3d0b73025f3a71b53c92ff0bba","messageTitle":"Enable assertions","messageBody":"","fileTypesAndContributionMap":{"other":{"insertions":4,"deletions":0}}}]},{"date":"2021-10-24","commitResults":[{"hash":"42f530565ec1a8a370e05157317e8d7ecca99e66","messageTitle":"Make links appear before tags in GUI list cards","messageBody":"","fileTypesAndContributionMap":{"functional-code":{"insertions":2,"deletions":2}}},{"hash":"0ee9feb27b2d500a4c38fdc6d91a93c89ab8edd6","messageTitle":"Update elink to be able to link multiple contacts","messageBody":"","fileTypesAndContributionMap":{"functional-code":{"insertions":38,"deletions":16}}}]},{"date":"2021-10-25","commitResults":[{"hash":"9d5c9702ab936408e1121bd7d7b89f6a6c91b595","messageTitle":"Improve elink logic and efficiency","messageBody":"","fileTypesAndContributionMap":{"functional-code":{"insertions":44,"deletions":25}}},{"hash":"8d538a01a766c9f716911fa5b6344c2235f50126","messageTitle":"Remove PREFIX_LINK and update message usage for elink","messageBody":"","fileTypesAndContributionMap":{"functional-code":{"insertions":5,"deletions":4}}},{"hash":"8def70e04a8bcffa3537f47921933469da9f4933","messageTitle":"Remove the need to check for null for uuid in JsonAdapted","messageBody":"","fileTypesAndContributionMap":{"functional-code":{"insertions":2,"deletions":2},"test-code":{"insertions":2,"deletions":2}}},{"hash":"f486f2e1c1c73814ab74c5064f51946643d18c76","messageTitle":"Update user guide for latest elink changes","messageBody":"","fileTypesAndContributionMap":{"docs":{"insertions":9,"deletions":8}}},{"hash":"5b1818600d1deeb02ebdb1006303f17e111de837","messageTitle":"Update developer guide according to latest elink changes","messageBody":"","fileTypesAndContributionMap":{"docs":{"insertions":16,"deletions":13}}},{"hash":"75b5fb444caaaa8f1843bb2ef04a20cad1c0515e","messageTitle":"Fix user guide issues for elink","messageBody":"","fileTypesAndContributionMap":{"docs":{"insertions":4,"deletions":4}}},{"hash":"4e93043161248e3d012704904303d8e80e573f91","messageTitle":"Refactor code","messageBody":"","fileTypesAndContributionMap":{"functional-code":{"insertions":71,"deletions":49},"test-code":{"insertions":31,"deletions":1}}},{"hash":"16b9fb9d0fa1e663a20f8b7c4ecec9a95cc87ffa","messageTitle":"Add missing JavaDoc comments","messageBody":"","fileTypesAndContributionMap":{"functional-code":{"insertions":59,"deletions":3}}},{"hash":"f598e18842df7f5a2f964f909d6bd8b0df0fc2b6","messageTitle":"Change elink command syntax","messageBody":"","fileTypesAndContributionMap":{"functional-code":{"insertions":6,"deletions":5}}},{"hash":"cb756c01723a683ccb989735cbbdf4f20ddb31da","messageTitle":"Update UG and DG to align to new elink syntax","messageBody":"","fileTypesAndContributionMap":{"docs":{"insertions":6,"deletions":6}}},{"hash":"c6c60f8db179612d26d557ff4dc515a7959ab5aa","messageTitle":"Add test cases for elink","messageBody":"","fileTypesAndContributionMap":{"functional-code":{"insertions":8,"deletions":0},"test-code":{"insertions":44,"deletions":0}}}]},{"date":"2021-10-26","commitResults":[{"hash":"68a5c450e6a133415e23cee5197007c0cf6a690f","messageTitle":"Fix missing space bug in ContactListCard.fxml","messageBody":"","fileTypesAndContributionMap":{"functional-code":{"insertions":1,"deletions":1}}}]}]},"authorFileTypeContributionMap":{"janjanchen":{"docs":246,"functional-code":870,"test-code":431},"pcgiang":{"docs":309,"functional-code":724,"test-code":1517,"other":1},"chunweii":{"docs":280,"functional-code":1354,"test-code":828,"other":2},"Gordon25":{"docs":339,"functional-code":1059,"test-code":1437},"xiangjunn":{"docs":318,"functional-code":860,"test-code":377,"other":3}},"authorContributionVariance":{"janjanchen":13340.979,"pcgiang":174938.33,"chunweii":32183.49,"Gordon25":90733.12,"xiangjunn":12509.773},"authorDisplayNameMap":{"janjanchen":"CS2103T-W15-3 JANI..CHEN","pcgiang":"CS2103T-W15-3 PHAM..IANG","chunweii":"CS2103T-W15-3 LEE .. WEI","Gordon25":"CS2103T-W15-3 GORD..GYAO","xiangjunn":"CS2103T-W15-3 NG X.. JUN"}}
