{"authorDailyContributionsMap":{"thanwinnikki":[{"date":"2021-09-25","commitResults":[{"hash":"24404caacc8c9f59a956d3e293271166d65b294f","messageTitle":"Change title of application.","messageBody":"","fileTypesAndContributionMap":{"functional-code":{"insertions":1,"deletions":1}}}]},{"date":"2021-09-27","commitResults":[{"hash":"5d32b5e71a07b2cb4c283945f8c834386029fc3d","messageTitle":"Update AboutUs page for Nikki.","messageBody":"","fileTypesAndContributionMap":{"docs":{"insertions":0,"deletions":0}}},{"hash":"496dcb3b46f9531a18b05705fe2c0ee1da1e5c44","messageTitle":"Update AboutUs page for Nikki Than Win.","messageBody":"","fileTypesAndContributionMap":{"docs":{"insertions":30,"deletions":45}}},{"hash":"673f486bd261f1efc5d604802aea43aedbae028b","messageTitle":"Fix check style issues with thanwinnikki.md","messageBody":"","fileTypesAndContributionMap":{"docs":{"insertions":1,"deletions":1}}},{"hash":"97d037b64c10046d6570fceeb0cce67baba7c3ad","messageTitle":"Remove trailing white space issue.","messageBody":"","fileTypesAndContributionMap":{"docs":{"insertions":0,"deletions":1}}},{"hash":"885a9fffd0ea91f5908ed5e69baeb9da33d9b046","messageTitle":"Update UG for the commands \u0027deleteG\u0027 and \u0027addG\u0027.","messageBody":"","fileTypesAndContributionMap":{"docs":{"insertions":30,"deletions":0}}},{"hash":"1dd8deba2696475fe44b1993efeadcf6eaa69498","messageTitle":"Update DG with correct user profile.","messageBody":"","fileTypesAndContributionMap":{"docs":{"insertions":8,"deletions":5}}}]},{"date":"2021-10-02","commitResults":[{"hash":"ae97f0e6a5e2f9fef286c6fe5191f3805d373913","messageTitle":"Remove destroy command from summary table of user guide.","messageBody":"","fileTypesAndContributionMap":{"docs":{"insertions":0,"deletions":1}}}]},{"date":"2021-10-06","commitResults":[{"hash":"b63f048e14e57415470deffd9438895212b1fc21","messageTitle":"Create group class.","messageBody":"","fileTypesAndContributionMap":{"functional-code":{"insertions":83,"deletions":0}}}]},{"date":"2021-10-07","commitResults":[{"hash":"2e32947f23538714d398f963e0b730b46f43fe7b","messageTitle":"Move name class into name package in model package from person package.","messageBody":"","fileTypesAndContributionMap":{"functional-code":{"insertions":12,"deletions":7},"other":{"insertions":2,"deletions":2},"test-code":{"insertions":8,"deletions":6}}},{"hash":"6dd5ef042520e5e635882bd4cb26fb98ea704326","messageTitle":"Add UniqueGroupList class to group package.","messageBody":"","fileTypesAndContributionMap":{"functional-code":{"insertions":176,"deletions":2}}},{"hash":"94cceee0a44d84df9c02ea5bbc6682668f41141c","messageTitle":"Cleanup code according to check style.","messageBody":"","fileTypesAndContributionMap":{"functional-code":{"insertions":12,"deletions":14}}},{"hash":"f5cbc73d28a77899384299094747df3f092d31f1","messageTitle":"Implement method.","messageBody":"","fileTypesAndContributionMap":{"test-code":{"insertions":7,"deletions":0}}},{"hash":"2cb010db7b473a9b3536bf07ad2d57bf159bb059","messageTitle":"Optimize imports.","messageBody":"","fileTypesAndContributionMap":{"test-code":{"insertions":6,"deletions":6}}}]},{"date":"2021-10-11","commitResults":[{"hash":"2edbda25caabebac3861c1fbb8b0f6e1ad44ba8e","messageTitle":"Add addG basic function.","messageBody":"","fileTypesAndContributionMap":{"functional-code":{"insertions":127,"deletions":1}}},{"hash":"1c45ad7fef17d7e7b01a34d4fedc503e6b683754","messageTitle":"Add full functionality to addG command.","messageBody":"","fileTypesAndContributionMap":{"functional-code":{"insertions":58,"deletions":13}}},{"hash":"9546accdfdac5a16b9ee4687c2aa12aff11ceb72","messageTitle":"Fix bugs for AddCommandTest.","messageBody":"","fileTypesAndContributionMap":{"functional-code":{"insertions":1,"deletions":1},"test-code":{"insertions":7,"deletions":1}}},{"hash":"4a194329a8e2c88ba19f88cdf36bcaa1bb6b3593","messageTitle":"Update user guide.","messageBody":"","fileTypesAndContributionMap":{"docs":{"insertions":2,"deletions":2}}}]},{"date":"2021-10-16","commitResults":[{"hash":"458cffdf0bc35ab6a1613563db213bdb02c03018","messageTitle":"Add GroupBuilder class.","messageBody":"","fileTypesAndContributionMap":{"test-code":{"insertions":62,"deletions":0}}},{"hash":"444195da1d8657a6409be4413616cf13558da59b","messageTitle":"Update GroupBuilder.","messageBody":"","fileTypesAndContributionMap":{"test-code":{"insertions":1,"deletions":0}}},{"hash":"7dc21d8c622973cbb6a1c220f2cf73974dac5570","messageTitle":"Update checkstyle.","messageBody":"","fileTypesAndContributionMap":{"test-code":{"insertions":79,"deletions":2}}},{"hash":"1be2cfda75ef8639e66c5e73aa47e290949e9f8f","messageTitle":"Update group builder class.","messageBody":"","fileTypesAndContributionMap":{"test-code":{"insertions":7,"deletions":7}}},{"hash":"daa773493244fe6b77f673f9d9851afa760678a6","messageTitle":"Fix GroupBuilder class for testing.","messageBody":"","fileTypesAndContributionMap":{"test-code":{"insertions":8,"deletions":2}}},{"hash":"f0021630f3145f215644a0c732870f6c8eca952d","messageTitle":"Add test class for group class.","messageBody":"","fileTypesAndContributionMap":{"test-code":{"insertions":52,"deletions":2}}},{"hash":"0bb687fb01b3b8d3f1758b647b9f1840f99ef39c","messageTitle":"Ammend check style issues.","messageBody":"","fileTypesAndContributionMap":{"test-code":{"insertions":5,"deletions":1}}},{"hash":"77f42629b49d54f1150473e6db43f3ea2424183c","messageTitle":"Fix checkstyle issues and change typical groups conflict.","messageBody":"","fileTypesAndContributionMap":{"test-code":{"insertions":10,"deletions":10}}},{"hash":"c9832a9c7f5c2c5cd49a41c8b731d83d8b910926","messageTitle":"Fix checkstyle issues.","messageBody":"","fileTypesAndContributionMap":{"test-code":{"insertions":3,"deletions":3}}}]},{"date":"2021-10-17","commitResults":[{"hash":"fd5cd3ba4ffe689e86771a95d6d45ccb28472c34","messageTitle":"Add tests for UniqueGroupList class.","messageBody":"","fileTypesAndContributionMap":{"test-code":{"insertions":170,"deletions":0}}}]},{"date":"2021-10-18","commitResults":[{"hash":"981088f01079ceb55d10dbfef1f445bd567de92f","messageTitle":"Add AddGCommantTest class.","messageBody":"","fileTypesAndContributionMap":{"test-code":{"insertions":218,"deletions":0}}},{"hash":"b5a96ea47cc0b14463b9b1504e6fc9ed4b94dadb","messageTitle":"Add AddGCommandParser tests.","messageBody":"","fileTypesAndContributionMap":{"functional-code":{"insertions":6,"deletions":0},"test-code":{"insertions":41,"deletions":0}}},{"hash":"30098ccceadeb2513d0c2aba3db1ecebfe8d400e","messageTitle":"Update checkstyle issues.","messageBody":"","fileTypesAndContributionMap":{"test-code":{"insertions":13,"deletions":7}}},{"hash":"c40c6304d9e3c865a52dfd46c34c8fe2f2f7a0c9","messageTitle":"Ammend UniqueGroupListTesting.","messageBody":"","fileTypesAndContributionMap":{"test-code":{"insertions":8,"deletions":5}}}]},{"date":"2021-10-20","commitResults":[{"hash":"7a635fe366fd74f06953b07b45455154b7b503a0","messageTitle":"Add Task class.","messageBody":"","fileTypesAndContributionMap":{"functional-code":{"insertions":76,"deletions":0}}}]},{"date":"2021-10-22","commitResults":[{"hash":"e1a33fad96299b0180076932eb37ef5716c6af02","messageTitle":"Add DeleteTCommand related classes.","messageBody":"","fileTypesAndContributionMap":{"functional-code":{"insertions":113,"deletions":0}}},{"hash":"9e929fadf037d889ada53f0f69c07314983fada4","messageTitle":"Fix code for group class.","messageBody":"","fileTypesAndContributionMap":{"functional-code":{"insertions":1,"deletions":0}}},{"hash":"3e33e9405d835f28d2b03939a66fe652831353e3","messageTitle":"Add use case to DG for Task action.","messageBody":"","fileTypesAndContributionMap":{"docs":{"insertions":22,"deletions":1}}},{"hash":"a5338371af17e7955eee89efdb11594876f76643","messageTitle":"Refactor class names to be independent of command keyword.","messageBody":"","fileTypesAndContributionMap":{"functional-code":{"insertions":6,"deletions":6},"other":{"insertions":41,"deletions":41}}}]}],"asherhy":[{"date":"2021-09-26","commitResults":[{"hash":"3105aca45d69e7921b7d378eae08b211c16e8973","messageTitle":"Update README.md","messageBody":"","fileTypesAndContributionMap":{"docs":{"insertions":1,"deletions":1}}},{"hash":"3dfda234b332e3085b4979b83e69b9152922dcf7","messageTitle":"Update README.md","messageBody":"","fileTypesAndContributionMap":{"docs":{"insertions":1,"deletions":1}}},{"hash":"964bc273d8c93223272629749f4160a4f8cbeb87","messageTitle":"Update README.md","messageBody":"","fileTypesAndContributionMap":{"docs":{"insertions":0,"deletions":9}}}]},{"date":"2021-09-27","commitResults":[{"hash":"80b4c8c7a829a02421a1705d1650efc43e9a6601","messageTitle":"Update AboutUs.md","messageBody":"","fileTypesAndContributionMap":{"docs":{"insertions":10,"deletions":0}}},{"hash":"cdc47cd83684e1d8339e477f6b3c8541be6de2a0","messageTitle":"Create asherhy.md","messageBody":"","fileTypesAndContributionMap":{"docs":{"insertions":24,"deletions":0}}},{"hash":"977d64998a78c90b68b4735c8564684c01bb6bc4","messageTitle":"Update DeveloperGuide.md","messageBody":"","fileTypesAndContributionMap":{"docs":{"insertions":9,"deletions":6}}}]},{"date":"2021-09-28","commitResults":[{"hash":"04bc42c79c68bcd29f073ed99e6a21a3a57db2b4","messageTitle":"Update UserGuide.md","messageBody":"","fileTypesAndContributionMap":{"docs":{"insertions":2,"deletions":2}}},{"hash":"5ca65b0f4568cfe2b8b3dd796683be7ef03d6ea8","messageTitle":"Update UserGuide.md","messageBody":"","fileTypesAndContributionMap":{"docs":{"insertions":1,"deletions":1}}},{"hash":"fb70cda8501ef52a48eb4ee3cb5c17fc4e2ade02","messageTitle":"Update DeveloperGuide.md","messageBody":"","fileTypesAndContributionMap":{"docs":{"insertions":35,"deletions":6}}}]},{"date":"2021-09-29","commitResults":[{"hash":"e949dc279597ed72a2ef916d70b07bc9d129fd8e","messageTitle":"Update UserGuide.md","messageBody":"","fileTypesAndContributionMap":{"docs":{"insertions":18,"deletions":18}}}]},{"date":"2021-10-07","commitResults":[{"hash":"447ba7297430f466dd205491bf7c506f941810c7","messageTitle":"Add AddGCommand and AddGCommandParser","messageBody":"","fileTypesAndContributionMap":{"functional-code":{"insertions":87,"deletions":0}}},{"hash":"32e2de9ba7c647ecb68cd7bf5fd483cd65d0cf2c","messageTitle":"Update AddressBookParser.java","messageBody":"","fileTypesAndContributionMap":{"functional-code":{"insertions":3,"deletions":1}}},{"hash":"ff00fc8a323fcdb5021cfe6c58c129eea4bcb912","messageTitle":"Update AddressBook.java","messageBody":"","fileTypesAndContributionMap":{"functional-code":{"insertions":16,"deletions":0}}},{"hash":"cdd5599f2686550020783a8705f45e414bc06274","messageTitle":"Update Model.java","messageBody":"","fileTypesAndContributionMap":{"functional-code":{"insertions":11,"deletions":0}}},{"hash":"6395eb594d5e90f209eaa44fbbfe885d691d0872","messageTitle":"Update ModelManager.java","messageBody":"","fileTypesAndContributionMap":{"functional-code":{"insertions":12,"deletions":0}}},{"hash":"39e6796e640bcf774070da8ac9f137e5becd1a8e","messageTitle":"Update Model.java","messageBody":"","fileTypesAndContributionMap":{"functional-code":{"insertions":10,"deletions":0}}},{"hash":"7a490d0990db462102026ba9de406424397f91ff","messageTitle":"Update ModelManager.java","messageBody":"","fileTypesAndContributionMap":{"functional-code":{"insertions":20,"deletions":1}}}]},{"date":"2021-10-08","commitResults":[{"hash":"2b1cac06dd1eb7f37bba47b8064f9cd318c0a78d","messageTitle":"Integrate Group class","messageBody":"","fileTypesAndContributionMap":{"functional-code":{"insertions":13,"deletions":5},"test-code":{"insertions":32,"deletions":13}}},{"hash":"b1bd0153ef34fecfc7f49fb8c226e3e03aabf27d","messageTitle":"Update Checkstyle","messageBody":"","fileTypesAndContributionMap":{"functional-code":{"insertions":11,"deletions":11},"test-code":{"insertions":13,"deletions":10}}},{"hash":"9c847f607a5b0583dbf2326ddb791ca49c260abe","messageTitle":"Fixed Success Message for AddGCommand","messageBody":"","fileTypesAndContributionMap":{"functional-code":{"insertions":2,"deletions":1}}},{"hash":"401edc6d0bd513b37dbbb52f157604db72cd064c","messageTitle":"Refactor Group Command name","messageBody":"","fileTypesAndContributionMap":{"functional-code":{"insertions":7,"deletions":7},"other":{"insertions":5,"deletions":5}}},{"hash":"a446d438eec92e57e57d832a3657fa259419efd8","messageTitle":"Update redirect location","messageBody":"","fileTypesAndContributionMap":{"functional-code":{"insertions":3,"deletions":1}}},{"hash":"6d08edf5152b09a7f07006db11d2f2f68c3470b3","messageTitle":"Rename parser","messageBody":"","fileTypesAndContributionMap":{"functional-code":{"insertions":1,"deletions":1},"other":{"insertions":1,"deletions":1}}},{"hash":"e492bc4010779bb05b79ff40d68c4ceef349f350","messageTitle":"Fix Checkstyle","messageBody":"","fileTypesAndContributionMap":{"functional-code":{"insertions":1,"deletions":1}}}]},{"date":"2021-10-10","commitResults":[{"hash":"a48b08db0957af321f44801ade80137fd09b65e0","messageTitle":"Add Remove Command","messageBody":"","fileTypesAndContributionMap":{"functional-code":{"insertions":84,"deletions":0}}},{"hash":"8ddbe612bcaa8821f3bc850db234644116d70a08","messageTitle":"Update javadoc","messageBody":"","fileTypesAndContributionMap":{"functional-code":{"insertions":2,"deletions":2}}}]},{"date":"2021-10-11","commitResults":[{"hash":"7cd3e7cbfe1c33f6912ab5d427d426eca10a0d24","messageTitle":"Fix bugs","messageBody":"1) Fixed bugs where filteredPersonList did not change\n","fileTypesAndContributionMap":{"functional-code":{"insertions":1,"deletions":1}}},{"hash":"30efc0f3adde21031cfe90f80ead2473b6a14279","messageTitle":"Update UserGuide.md","messageBody":"","fileTypesAndContributionMap":{"docs":{"insertions":14,"deletions":0}}},{"hash":"efac21d8cbfdedeb24fc7b4286057618525b3e93","messageTitle":"Update RemoveCommand.java","messageBody":"","fileTypesAndContributionMap":{"functional-code":{"insertions":2,"deletions":0}}}]},{"date":"2021-10-12","commitResults":[{"hash":"3d4868dbe7691c7de3bfe686ee794c291bfb0bfe","messageTitle":"Update UserGuide.md","messageBody":"","fileTypesAndContributionMap":{"docs":{"insertions":1,"deletions":1}}}]},{"date":"2021-10-16","commitResults":[{"hash":"7b40d92940cb0c7fe13b0481a62b1b6a72a049c4","messageTitle":"Add GroupCommand Test","messageBody":"","fileTypesAndContributionMap":{"test-code":{"insertions":310,"deletions":0}}}]},{"date":"2021-10-18","commitResults":[{"hash":"063e4be3a552c1c8f6d865f9c3d775f57434c5ef","messageTitle":"Update group to builder","messageBody":"","fileTypesAndContributionMap":{"test-code":{"insertions":6,"deletions":8}}}]},{"date":"2021-10-19","commitResults":[{"hash":"5e76fabec24f563da49bfdf35b4d13a02919a901","messageTitle":"Add RemoveCommand test","messageBody":"","fileTypesAndContributionMap":{"functional-code":{"insertions":9,"deletions":2},"test-code":{"insertions":130,"deletions":0}}}]},{"date":"2021-10-21","commitResults":[{"hash":"b17998078ff1cacfca98e2105619d4c806eb297b","messageTitle":"Update Group.java","messageBody":"","fileTypesAndContributionMap":{"functional-code":{"insertions":13,"deletions":6}}},{"hash":"767bcc4242bc41a116a1c14f29aa710a4aa5e934","messageTitle":"Create Description.java","messageBody":"","fileTypesAndContributionMap":{"functional-code":{"insertions":51,"deletions":0}}},{"hash":"b03d6e45bf77cec57f11598d6eee738f224d7477","messageTitle":"Update GroupCommand.java","messageBody":"","fileTypesAndContributionMap":{"functional-code":{"insertions":4,"deletions":1}}},{"hash":"3770cdfc25dc5472205a2fad1b6b5b28ba2bc80d","messageTitle":"Update GroupCommandParser.java","messageBody":"","fileTypesAndContributionMap":{"functional-code":{"insertions":8,"deletions":5}}},{"hash":"5d012ce09e94e80d76fcd4cf2344c8e85643bf01","messageTitle":"Update CliSyntax.java","messageBody":"","fileTypesAndContributionMap":{"functional-code":{"insertions":1,"deletions":0}}},{"hash":"2252028d1fdc7ff3cb8d125f51f04e66372be2b9","messageTitle":"Update ParserUtil.java","messageBody":"","fileTypesAndContributionMap":{"functional-code":{"insertions":17,"deletions":0}}},{"hash":"b5c975db1d65357e8e9016f80346a3df9aa47d7f","messageTitle":"Update ModelManager.java","messageBody":"","fileTypesAndContributionMap":{"functional-code":{"insertions":0,"deletions":1}}},{"hash":"95b392d190242427b5e4a965b50dd6ef524593af","messageTitle":"Update GroupBuilder.java","messageBody":"","fileTypesAndContributionMap":{"test-code":{"insertions":14,"deletions":1}}},{"hash":"1ecfe94b0cde096c9884762ebb199461603b2ba4","messageTitle":"Update TypicalGroups.java","messageBody":"","fileTypesAndContributionMap":{"test-code":{"insertions":6,"deletions":5}}},{"hash":"0b23c9a9e12f43f0dcbcac61bbf6550505dc1924","messageTitle":"Add temporary fix","messageBody":"","fileTypesAndContributionMap":{"functional-code":{"insertions":9,"deletions":1}}}]},{"date":"2021-10-22","commitResults":[{"hash":"82a96bf737e4ad6a7d4a1bcfaa556419a7cd6e3c","messageTitle":"Update GroupCommandTests","messageBody":"","fileTypesAndContributionMap":{"functional-code":{"insertions":7,"deletions":3},"test-code":{"insertions":15,"deletions":8}}},{"hash":"002a102343596b42aa369fce3756552859bb1723","messageTitle":"Update DeveloperGuide.md","messageBody":"","fileTypesAndContributionMap":{"docs":{"insertions":15,"deletions":1}}},{"hash":"6cd2b011f5908015f4cea9c819bb46de786bcca8","messageTitle":"Refactor description and name to common package","messageBody":"","fileTypesAndContributionMap":{"functional-code":{"insertions":15,"deletions":14},"other":{"insertions":2,"deletions":2},"test-code":{"insertions":11,"deletions":11}}},{"hash":"d21b0cadf906475798ca4081b1da00483209d116","messageTitle":"Update group description optional","messageBody":"","fileTypesAndContributionMap":{"functional-code":{"insertions":8,"deletions":2},"test-code":{"insertions":1,"deletions":1}}},{"hash":"ab1219413fe64fb8c05f4667e59633f984d62157","messageTitle":"Add UI for descriptions","messageBody":"","fileTypesAndContributionMap":{"functional-code":{"insertions":6,"deletions":2}}},{"hash":"5714557b970e2bf41c3cbb0df47e9f7267fe6f13","messageTitle":"Fix markdown","messageBody":"","fileTypesAndContributionMap":{"docs":{"insertions":2,"deletions":4}}},{"hash":"e878916e2b922975e6494c12d9e8415ff7a34f8b","messageTitle":"Update DeveloperGuide.md","messageBody":"","fileTypesAndContributionMap":{"docs":{"insertions":1,"deletions":1}}}]}],"wonyeji":[{"date":"2021-09-27","commitResults":[{"hash":"b4b8aa7ab21b5f84266c8a0f847725e922ce6fd3","messageTitle":"Update AboutUs (Ye Ji)","messageBody":"","fileTypesAndContributionMap":{"docs":{"insertions":27,"deletions":43}}},{"hash":"5a4f85086ad6b8093df0033376dcd1f46a21b893","messageTitle":"Add entries for \"group\" and \"groups\" in the User Guide Features section","messageBody":"","fileTypesAndContributionMap":{"docs":{"insertions":16,"deletions":0}}},{"hash":"7f65d9b5a73faecdd414dc800b516d35a5c482f4","messageTitle":"Add value proposition","messageBody":"","fileTypesAndContributionMap":{"docs":{"insertions":3,"deletions":2}}}]},{"date":"2021-10-07","commitResults":[{"hash":"6b9a22c78b9a2b66cfc19f78e53fc74ece83c257","messageTitle":"Add Groups Command","messageBody":"","fileTypesAndContributionMap":{"functional-code":{"insertions":149,"deletions":2}}},{"hash":"f01af188ff6afc9b424a4cbc3974a4d3ee809aee","messageTitle":"Add test cases for Groups Command","messageBody":"","fileTypesAndContributionMap":{"test-code":{"insertions":172,"deletions":35}}},{"hash":"f4b24d9bc51ebdfbe8b448092bd57e25da29195a","messageTitle":"Rebranch Group Exceptions","messageBody":"","fileTypesAndContributionMap":{"functional-code":{"insertions":1,"deletions":22}}}]},{"date":"2021-10-08","commitResults":[{"hash":"37c6fdf0b74982d27674f55a69a859c6458b279f","messageTitle":"Merge branch \u0027master\u0027 into add-groups-command","messageBody":"# Conflicts:\n#\tsrc/main/java/seedu/address/model/group/Group.java\n#\tsrc/main/java/seedu/address/model/group/UniqueGroupList.java\n","fileTypesAndContributionMap":{"functional-code":{"insertions":2,"deletions":4},"test-code":{"insertions":45,"deletions":61}}}]},{"date":"2021-10-10","commitResults":[{"hash":"789a43292dcc0899271dc5e31c25fa2c94d1f48c","messageTitle":"Add mates command","messageBody":"","fileTypesAndContributionMap":{"functional-code":{"insertions":111,"deletions":3}}},{"hash":"9f00fabe4e884730c705143e53cc2dc1ae149a78","messageTitle":"Fix checkstyle errors","messageBody":"","fileTypesAndContributionMap":{"functional-code":{"insertions":3,"deletions":2}}},{"hash":"0bd0f93b0e06db5b476ffb6e3ce5720a0ef46638","messageTitle":"Update FilteredGroupList to only hold group whose persons are currently being displayed","messageBody":"","fileTypesAndContributionMap":{"functional-code":{"insertions":28,"deletions":0}}}]},{"date":"2021-10-16","commitResults":[{"hash":"638b54cd6a01fc6f789902cae60465c85ea0a91e","messageTitle":"Change CommandTestUtil to accommodate Group","messageBody":"","fileTypesAndContributionMap":{"functional-code":{"insertions":36,"deletions":5},"other":{"insertions":15,"deletions":15},"test-code":{"insertions":39,"deletions":25}}},{"hash":"7bc6bbf7bdac9ce00d09a0344b25e156ebb7a9a5","messageTitle":"Refactor Typical Indexes","messageBody":"","fileTypesAndContributionMap":{"test-code":{"insertions":57,"deletions":55}}},{"hash":"908a0ec5dca101d7cdb016eac9dc520e0671afe6","messageTitle":"Add TypicalGroups","messageBody":"","fileTypesAndContributionMap":{"test-code":{"insertions":65,"deletions":0}}},{"hash":"afc80c11b3ede3badd6fd9886a86b74c9ac1376f","messageTitle":"Add test for GroupsCommand","messageBody":"","fileTypesAndContributionMap":{"test-code":{"insertions":39,"deletions":0}}},{"hash":"b96bf0bf9b3f9466b3796540edaf4aa0d6e06312","messageTitle":"Update TypicalGroups","messageBody":"","fileTypesAndContributionMap":{"test-code":{"insertions":9,"deletions":9}}},{"hash":"ac6eba99d20e15fe14ac979055b0625f6631972e","messageTitle":"Fix checkstyle","messageBody":"","fileTypesAndContributionMap":{"functional-code":{"insertions":1,"deletions":1}}},{"hash":"867774b3cf8af86fd01b27c4cc7f4eba6870a5d3","messageTitle":"Update TypicalGroups","messageBody":"","fileTypesAndContributionMap":{"test-code":{"insertions":6,"deletions":1}}},{"hash":"67b8b7dbe297cd62ad81abed80109e8dc052c4b7","messageTitle":"Add testing for mates command and parser","messageBody":"","fileTypesAndContributionMap":{"test-code":{"insertions":157,"deletions":1}}},{"hash":"13f4a4ee521a3024666dcf85c6ad961b78828713","messageTitle":"Add test class for GroupNameContainsKeywordPredicate","messageBody":"","fileTypesAndContributionMap":{"test-code":{"insertions":79,"deletions":0}}},{"hash":"31b19b88502a449789ef947a589dc8015c261e2b","messageTitle":"Fix merge conflicts","messageBody":"","fileTypesAndContributionMap":{"test-code":{"insertions":14,"deletions":9}}},{"hash":"5f2c3d094f9ae740377ba215807d07f004ca64ab","messageTitle":"Fix Checkstyle errors","messageBody":"","fileTypesAndContributionMap":{"test-code":{"insertions":1,"deletions":1}}}]},{"date":"2021-10-17","commitResults":[{"hash":"2e0f15a257dc3a1c5879d2ef06e75591f0e3c49f","messageTitle":"Fix checkstyle errors","messageBody":"","fileTypesAndContributionMap":{"functional-code":{"insertions":1,"deletions":2},"test-code":{"insertions":39,"deletions":18}}},{"hash":"bfdb19fdf8f4787f5579c35bcc2797f0948a54f3","messageTitle":"Fix Checkstyle errors","messageBody":"","fileTypesAndContributionMap":{"test-code":{"insertions":0,"deletions":1}}},{"hash":"4e0b4a6427ce7bb092eb24b865cfd66a52144498","messageTitle":"Fix test errors","messageBody":"","fileTypesAndContributionMap":{"functional-code":{"insertions":2,"deletions":2},"test-code":{"insertions":24,"deletions":12}}},{"hash":"32ef928363a3d7a5b2ca5a569799df9a2af69db4","messageTitle":"Fix Checkstyle Errors","messageBody":"","fileTypesAndContributionMap":{"test-code":{"insertions":10,"deletions":10}}},{"hash":"91b2bce2c706366b2f06ba12b3550f216b176d6e","messageTitle":"Refactor getTypicalAddressBook method","messageBody":"","fileTypesAndContributionMap":{"test-code":{"insertions":36,"deletions":23}}},{"hash":"7e9a5167f92e19350e4f8c15e8cba76e9312bd3a","messageTitle":"Fix checkstyle errors","messageBody":"","fileTypesAndContributionMap":{"test-code":{"insertions":14,"deletions":15}}},{"hash":"7ffa70fc2dbd613aedf4d3d00f8ba89b044eb25d","messageTitle":"Fix checkstyle errors","messageBody":"","fileTypesAndContributionMap":{"test-code":{"insertions":0,"deletions":3}}},{"hash":"28cef44571182a8d3e63152123996e9229191716","messageTitle":"Override equals method in MatesCommand","messageBody":"","fileTypesAndContributionMap":{"functional-code":{"insertions":7,"deletions":0},"test-code":{"insertions":17,"deletions":12}}},{"hash":"c72a49f4968f701c8b35f659aa7019c63fc97550","messageTitle":"Fix checkstyle errors","messageBody":"","fileTypesAndContributionMap":{"test-code":{"insertions":2,"deletions":4}}}]},{"date":"2021-10-18","commitResults":[{"hash":"d9c9b542e1f9d4075a8d86a7049e3d5d9e65181e","messageTitle":"Add testing for predicate classes","messageBody":"","fileTypesAndContributionMap":{"test-code":{"insertions":110,"deletions":0}}},{"hash":"e0e662eaf7f2469633e80cb904d527d58550446a","messageTitle":"Add Unique Task List","messageBody":"","fileTypesAndContributionMap":{"functional-code":{"insertions":138,"deletions":0}}},{"hash":"2bc912242fde74f7ba0c4b945e731e799a1812ef","messageTitle":"Add Task exception classes","messageBody":"","fileTypesAndContributionMap":{"functional-code":{"insertions":18,"deletions":0}}}]},{"date":"2021-10-20","commitResults":[{"hash":"e48bf6df32bc60518cc2dc230eef8256defb55c6","messageTitle":"Fix checkstyle errors","messageBody":"","fileTypesAndContributionMap":{"functional-code":{"insertions":2,"deletions":3}}},{"hash":"d7018a74411afca677a77847bd600184696711c0","messageTitle":"Add AddTaskCommand and parser","messageBody":"","fileTypesAndContributionMap":{"functional-code":{"insertions":127,"deletions":1}}}]},{"date":"2021-10-21","commitResults":[{"hash":"7180a2e95536078344718e5795e4be2b26c4cb4c","messageTitle":"Refactor code according to Description class","messageBody":"","fileTypesAndContributionMap":{"functional-code":{"insertions":7,"deletions":3}}},{"hash":"3998befe969aaaf8668e98dce2c91f934a814a94","messageTitle":"Add more refactoring","messageBody":"","fileTypesAndContributionMap":{"functional-code":{"insertions":4,"deletions":4}}}]},{"date":"2021-10-22","commitResults":[{"hash":"41a509e597589cdbdaf07d8877707eaad7ab3916","messageTitle":"Fix errors","messageBody":"","fileTypesAndContributionMap":{"functional-code":{"insertions":2,"deletions":2}}},{"hash":"d86846f3ab0c73c7eb19ce236648afbdad2c83da","messageTitle":"Fix errors","messageBody":"","fileTypesAndContributionMap":{"functional-code":{"insertions":2,"deletions":1}}},{"hash":"4bfba6638c172e71e9bcf8287f7b955a991b1df4","messageTitle":"Refactor description in Task class","messageBody":"","fileTypesAndContributionMap":{"functional-code":{"insertions":8,"deletions":5}}},{"hash":"b0bc051339d2de126bcd2acd6e00a56e5bf207b8","messageTitle":"Fix Checkstyle errors","messageBody":"","fileTypesAndContributionMap":{"functional-code":{"insertions":0,"deletions":1}}},{"hash":"23be66a261829a59e9532b60e62fc738fb03958e","messageTitle":"Add MarkAsDoneCommand","messageBody":"","fileTypesAndContributionMap":{"functional-code":{"insertions":98,"deletions":1}}},{"hash":"b462f836d3f3a16fdcfc3bce209f13dda8d9b150","messageTitle":"Fix error","messageBody":"","fileTypesAndContributionMap":{"functional-code":{"insertions":3,"deletions":3}}},{"hash":"5f0dd26ce01d3fb3d59dac1a3e614151b4fc8656","messageTitle":"Update AddressBookParser.java","messageBody":"","fileTypesAndContributionMap":{"functional-code":{"insertions":0,"deletions":2}}}]}],"hungkhoaitay":[{"date":"2021-09-26","commitResults":[{"hash":"18601c0c76b2ed7066a4fb72736e19441472f776","messageTitle":"Hung AboutUs","messageBody":"","fileTypesAndContributionMap":{"docs":{"insertions":17,"deletions":5}}},{"hash":"772e2cd4e692cd688fc1e3d14c6425b0812379fa","messageTitle":"Create Command Summary Table","messageBody":"","fileTypesAndContributionMap":{"docs":{"insertions":7,"deletions":0}}},{"hash":"e9d71d517e6a0cba5dc8299266ac020f1a41b497","messageTitle":"Hung AboutUs","messageBody":"","fileTypesAndContributionMap":{"docs":{"insertions":31,"deletions":14}}},{"hash":"e8e7401bfc6ce6938fb7fd44d037aff35c59c026","messageTitle":"Hung AboutUs","messageBody":"","fileTypesAndContributionMap":{"docs":{"insertions":7,"deletions":8}}},{"hash":"37c862cdc7e0006718faefb6f5e30eeeb8c9ef6e","messageTitle":"Hung AboutUs","messageBody":"","fileTypesAndContributionMap":{"docs":{"insertions":1,"deletions":1}}},{"hash":"9ca303adc5a4feaac191480a218ef23205097e88","messageTitle":"Add use cases","messageBody":"","fileTypesAndContributionMap":{"docs":{"insertions":44,"deletions":13}}},{"hash":"54340835805569ecd4ea9d0a08ed2fec920f5742","messageTitle":"Update table","messageBody":"","fileTypesAndContributionMap":{"docs":{"insertions":15,"deletions":15}}}]},{"date":"2021-09-30","commitResults":[{"hash":"fd78d8297f736935307451b275f44707e8f146c2","messageTitle":"DeleteGroupCommand implemented","messageBody":"","fileTypesAndContributionMap":{"functional-code":{"insertions":184,"deletions":9}}}]},{"date":"2021-10-08","commitResults":[{"hash":"c24f5aebbbd6f17ee62528f2978c6dc03e085e58","messageTitle":"Merge","messageBody":"","fileTypesAndContributionMap":{"functional-code":{"insertions":6,"deletions":16}}},{"hash":"9c9d051540b38e67174c20844a5bd44c1defd42b","messageTitle":"Import style","messageBody":"","fileTypesAndContributionMap":{"functional-code":{"insertions":11,"deletions":29},"test-code":{"insertions":5,"deletions":0}}},{"hash":"c1fa653f3fb740f797157b48ffb675544ddc5b3f","messageTitle":"removePersonFromAllGroups works","messageBody":"","fileTypesAndContributionMap":{"functional-code":{"insertions":12,"deletions":0}}}]},{"date":"2021-10-16","commitResults":[{"hash":"6579e4aa12c48c61de0bc1b6ef6ff5dada45c18d","messageTitle":"DeleteGroupCommandTest","messageBody":"","fileTypesAndContributionMap":{"functional-code":{"insertions":29,"deletions":1},"test-code":{"insertions":136,"deletions":2}}},{"hash":"634926ef6f1d5b7baca4bd41adaf768c82bb8794","messageTitle":"Fix style","messageBody":"","fileTypesAndContributionMap":{"functional-code":{"insertions":5,"deletions":3}}},{"hash":"c29631f9b0079c9330021c255cda857564e83aa0","messageTitle":"Fix style","messageBody":"","fileTypesAndContributionMap":{"functional-code":{"insertions":1,"deletions":0}}},{"hash":"d9c1f7ec689c98f41af6ffc17af5ee5f13684323","messageTitle":"Merge with Group testing","messageBody":"","fileTypesAndContributionMap":{"test-code":{"insertions":5,"deletions":4}}},{"hash":"39a48bc6ededb03cf2501d5a5a4aad8d2bb624be","messageTitle":"Update","messageBody":"","fileTypesAndContributionMap":{"test-code":{"insertions":25,"deletions":0}}}]},{"date":"2021-10-17","commitResults":[{"hash":"5f8c9fb9283f1f8ef64060c8d9e29930d748a13e","messageTitle":"Temp","messageBody":"","fileTypesAndContributionMap":{"test-code":{"insertions":1,"deletions":1}}},{"hash":"536457f50670da1247074b0be0e80f7b808a029b","messageTitle":"temp","messageBody":"","fileTypesAndContributionMap":{"test-code":{"insertions":0,"deletions":3}}},{"hash":"da8326594e9b32eb25c7ef88790c049f474f4867","messageTitle":"Add testing with Group","messageBody":"","fileTypesAndContributionMap":{"test-code":{"insertions":9,"deletions":4}}},{"hash":"553c8ced668950926ffb2be6f7614abdc0541eb6","messageTitle":"DeleteGroupCommandParserTest works","messageBody":"","fileTypesAndContributionMap":{"test-code":{"insertions":36,"deletions":0}}},{"hash":"80ab2342706b7abbf3f1de1b21cc6073d9401120","messageTitle":"Temp FindG","messageBody":"","fileTypesAndContributionMap":{"functional-code":{"insertions":80,"deletions":0},"test-code":{"insertions":118,"deletions":0}}},{"hash":"a0eaa31e01192ca02320d0eaad2132c2ddcb2210","messageTitle":"Resolved merge confict DeleteGroupCommandTest","messageBody":"","fileTypesAndContributionMap":{"test-code":{"insertions":12,"deletions":12}}},{"hash":"a0a9aa05609bf1c1ac7fac6636b175babfe3c59a","messageTitle":"Resolved merge confict 2","messageBody":"","fileTypesAndContributionMap":{"functional-code":{"insertions":0,"deletions":31}}},{"hash":"4563c68c49d7fb502581499eba95bd255d756f99","messageTitle":"Resolved merge conflict","messageBody":"","fileTypesAndContributionMap":{"test-code":{"insertions":5,"deletions":3}}},{"hash":"a0ac51234a83d8dd745eaddeb7c33b40e35abf5c","messageTitle":"Resolved merge conflict","messageBody":"","fileTypesAndContributionMap":{"test-code":{"insertions":2,"deletions":2}}},{"hash":"3c1b25b2f3970da53e051e7e1b5f133cf7ce5b72","messageTitle":"Implement FindGroupCommand and Testing","messageBody":"","fileTypesAndContributionMap":{"functional-code":{"insertions":5,"deletions":5},"test-code":{"insertions":21,"deletions":23}}}]},{"date":"2021-10-18","commitResults":[{"hash":"67850d5f9b209d64a64cc678d3e54ee36784c478","messageTitle":"Create new Groups objects with GroupBuilder","messageBody":"","fileTypesAndContributionMap":{"test-code":{"insertions":41,"deletions":41}}}]},{"date":"2021-10-21","commitResults":[{"hash":"ce5ee86637b2e83d694bd16c995b7245990a6f3f","messageTitle":"Temp UI","messageBody":"","fileTypesAndContributionMap":{"functional-code":{"insertions":17,"deletions":12}}},{"hash":"8442bcc7e6f30ac617e7094c307529041fc8bd17","messageTitle":"UI basically works","messageBody":"","fileTypesAndContributionMap":{"functional-code":{"insertions":30,"deletions":21}}},{"hash":"55e02422d2016f8074c97121c83978eb9234268a","messageTitle":"Update getListPanel","messageBody":"","fileTypesAndContributionMap":{"functional-code":{"insertions":4,"deletions":0}}}]}],"jayasting98":[{"date":"2021-09-26","commitResults":[{"hash":"428d7ca66efae25a7d2e038c0c338a7481793ff7","messageTitle":"Update the AboutUs page for my part","messageBody":"","fileTypesAndContributionMap":{"docs":{"insertions":5,"deletions":45}}},{"hash":"f3eb5bb38e64686b018b32e394576fab602b3ffb","messageTitle":"Add my project portfolio page","messageBody":"","fileTypesAndContributionMap":{"docs":{"insertions":35,"deletions":0}}},{"hash":"634bf30df0ce81b45b949e2552b4f87eb4aa9b11","messageTitle":"Add entries for \"join\" and \"mates\" in the User Guide Features section","messageBody":"","fileTypesAndContributionMap":{"docs":{"insertions":19,"deletions":0}}},{"hash":"cae388742c6b16b4e6dab79508b63d2d24786690","messageTitle":"Update the Developer Guide\u0027s Non-Functional Requirements section","messageBody":"","fileTypesAndContributionMap":{"docs":{"insertions":18,"deletions":5}}},{"hash":"11c054f82bfc1439de6758a0cf9f9cce5d7c7fc7","messageTitle":"Fix the role and responsibilities section of my part in the AboutUs page","messageBody":"","fileTypesAndContributionMap":{"docs":{"insertions":2,"deletions":1}}},{"hash":"702cb7d7c2cb4a1c0814508a50dbd68b4bd6928b","messageTitle":"Update links to relevant documentation pull requests","messageBody":"","fileTypesAndContributionMap":{"docs":{"insertions":4,"deletions":15}}}]},{"date":"2021-09-27","commitResults":[{"hash":"9e490d09fbf5db53e7fb9874b378103d3d1a21fa","messageTitle":"Update my Project Portfolio Page","messageBody":"","fileTypesAndContributionMap":{"docs":{"insertions":5,"deletions":3}}},{"hash":"b9b54fddb55161c69ab69b623dafcd00c666aec3","messageTitle":"Add more details for commands \"join\" and \"mates\" in the User Guide","messageBody":"","fileTypesAndContributionMap":{"docs":{"insertions":10,"deletions":0}}}]},{"date":"2021-09-28","commitResults":[{"hash":"de9d9e0a4fa4911915e8de6774f2cb8db561b71d","messageTitle":"Change numbering of the non-functional requirements to sequential","messageBody":"","fileTypesAndContributionMap":{"docs":{"insertions":15,"deletions":15}}}]},{"date":"2021-09-29","commitResults":[{"hash":"9246ef9e7959eb537e39cd6614aa7d8922652892","messageTitle":"Update badges on README.md","messageBody":"","fileTypesAndContributionMap":{"docs":{"insertions":2,"deletions":1}}},{"hash":"fb6bbfb91016c423812c50021d11cf1f8dd8c0c1","messageTitle":"Add more details on the README.md","messageBody":"","fileTypesAndContributionMap":{"docs":{"insertions":19,"deletions":1}}}]},{"date":"2021-10-05","commitResults":[{"hash":"bf493d62c29bc93dd42b74b89f21a9154c34e3a2","messageTitle":"Extract PersonListPanel::setPersonList method","messageBody":"","fileTypesAndContributionMap":{"functional-code":{"insertions":7,"deletions":3}}},{"hash":"9f7fb613f9ea73c0eda5a21c3f11bcf6e1c65fef","messageTitle":"Generalise the code related to the list panel GUI","messageBody":"","fileTypesAndContributionMap":{"functional-code":{"insertions":55,"deletions":11}}},{"hash":"a6acd20dd7503b519a9c7520adf601319f85f4b5","messageTitle":"Rename person list panel related things to match generalisation","messageBody":"","fileTypesAndContributionMap":{"functional-code":{"insertions":11,"deletions":11},"other":{"insertions":12,"deletions":12}}},{"hash":"86ce8623c534ad901757b230875be4ebabb410f5","messageTitle":"Add the group card UI code","messageBody":"","fileTypesAndContributionMap":{"functional-code":{"insertions":100,"deletions":0}}},{"hash":"8db34c369dfb75c762d48b766dcbda62919faee7","messageTitle":"Add Javadoc and make some minor changes","messageBody":"","fileTypesAndContributionMap":{"functional-code":{"insertions":34,"deletions":3}}},{"hash":"207de36f22cce305152c969a4b6fe8a9ff5988ce","messageTitle":"Remove magic strings","messageBody":"","fileTypesAndContributionMap":{"functional-code":{"insertions":2,"deletions":2}}},{"hash":"83d8c7257a3dc4d9094c68616283fa9b418f2846","messageTitle":"Change exception thrown in Listable::convertModelEntityToListable to assertion","messageBody":"","fileTypesAndContributionMap":{"functional-code":{"insertions":8,"deletions":5}}}]},{"date":"2021-10-06","commitResults":[{"hash":"198f5b74ee4edc36b6fbb208752e91ba8de907b0","messageTitle":"Integrate group list UI with commands","messageBody":"","fileTypesAndContributionMap":{"functional-code":{"insertions":117,"deletions":4}}}]},{"date":"2021-10-08","commitResults":[{"hash":"05585d6408b10f97d0d1a293e32be0906fa94562","messageTitle":"Fix integration-related bugs","messageBody":"","fileTypesAndContributionMap":{"functional-code":{"insertions":10,"deletions":5}}},{"hash":"2781536709c6ee3a8a974cc1d4dc4f77b14edc80","messageTitle":"Fix integration-related bugs","messageBody":"","fileTypesAndContributionMap":{"functional-code":{"insertions":0,"deletions":4}}}]},{"date":"2021-10-10","commitResults":[{"hash":"341cd75d33d0966dd7e54e053eb8059ae0d98f9f","messageTitle":"Change the stored JSON persons array to a JSON object","messageBody":"","fileTypesAndContributionMap":{"functional-code":{"insertions":15,"deletions":9}}},{"hash":"4b67816607dc1490d1a1b4577b012b854e63a3e4","messageTitle":"Fix list panel to update correctly after commands","messageBody":"","fileTypesAndContributionMap":{"functional-code":{"insertions":5,"deletions":2}}},{"hash":"952d9f7ab3f0e03d566368a10078c8eabf90b829","messageTitle":"Implement storage for groups","messageBody":"","fileTypesAndContributionMap":{"functional-code":{"insertions":230,"deletions":16}}},{"hash":"a4000e347155e81dafbeb5f2ae32ecfd8119ffa3","messageTitle":"Fix bugs in order to pass current Storage-related test cases","messageBody":"","fileTypesAndContributionMap":{"functional-code":{"insertions":148,"deletions":17},"test-code":{"insertions":101,"deletions":78}}}]},{"date":"2021-10-11","commitResults":[{"hash":"463dcd28e1aed278fab80f46c4e49620906b530e","messageTitle":"Fix potential bug of a non-existent person being a group mate","messageBody":"","fileTypesAndContributionMap":{"functional-code":{"insertions":4,"deletions":0}}}]},{"date":"2021-10-12","commitResults":[{"hash":"ea8447d7271ec4d9002d054fb9c579ecfadb91e0","messageTitle":"Update storage-related stuff in the user guide","messageBody":"","fileTypesAndContributionMap":{"docs":{"insertions":6,"deletions":6}}},{"hash":"e0313eef90bcf8e1d384ab02c4d9401645ea9ef8","messageTitle":"Update storage-related naming","messageBody":"","fileTypesAndContributionMap":{"functional-code":{"insertions":14,"deletions":14},"test-code":{"insertions":5,"deletions":5}}}]},{"date":"2021-10-13","commitResults":[{"hash":"d16568cba5a0befaf4b3b9d35373217682b89dd7","messageTitle":"Fix bugs caused by the renaming","messageBody":"","fileTypesAndContributionMap":{"test-code":{"insertions":3,"deletions":3}}}]},{"date":"2021-10-15","commitResults":[{"hash":"8162072423c315e846c8f6486bf5169fee674498","messageTitle":"Refactor JsonAdaptedGroup to follow the Law of Demeter","messageBody":"","fileTypesAndContributionMap":{"functional-code":{"insertions":1,"deletions":2}}},{"hash":"2046c10bd1c665600f32833465d079b0c003b36a","messageTitle":"Add positive test case for JsonAdaptedGroup::toModelType","messageBody":"","fileTypesAndContributionMap":{"test-code":{"insertions":47,"deletions":0}}},{"hash":"41cc3b334e16e22c7fd702de68d66fb226ae9517","messageTitle":"Add negative test cases for group names","messageBody":"","fileTypesAndContributionMap":{"test-code":{"insertions":22,"deletions":0}}},{"hash":"b11351388de09be3fa09ab39e6152b581910cef6","messageTitle":"Add test case and fix bug for null or missing group mate ID lists","messageBody":"","fileTypesAndContributionMap":{"functional-code":{"insertions":4,"deletions":1},"test-code":{"insertions":13,"deletions":0}}},{"hash":"73c87dd4c7fbe2b46e220ea92be5191fbb7ed85f","messageTitle":"Add test case for empty group mate ID list","messageBody":"","fileTypesAndContributionMap":{"test-code":{"insertions":13,"deletions":0}}}]},{"date":"2021-10-16","commitResults":[{"hash":"93a240415123e6bf80068457fb0f722caaaaee50","messageTitle":"Add negative test cases for group mate IDs","messageBody":"","fileTypesAndContributionMap":{"functional-code":{"insertions":2,"deletions":1},"test-code":{"insertions":74,"deletions":2}}},{"hash":"eecfb26a96e79f76806738fc6fb9623984e548ba","messageTitle":"Add general test cases for different group mate combinations","messageBody":"","fileTypesAndContributionMap":{"test-code":{"insertions":104,"deletions":0}}},{"hash":"f6ed1e1f3a00baff29b9fb6b3cf26f40586cd1a6","messageTitle":"Add negative test cases for Id::parse","messageBody":"","fileTypesAndContributionMap":{"functional-code":{"insertions":16,"deletions":2},"test-code":{"insertions":79,"deletions":0}}},{"hash":"47db9ab20172d94e77b6cc50b19099b333f2f6fc","messageTitle":"Add test cases for Id::equals","messageBody":"","fileTypesAndContributionMap":{"test-code":{"insertions":27,"deletions":0}}},{"hash":"8b35e42d6d0f2bfee7e34f3fc3ee7c16afbcbf2f","messageTitle":"Add test case for Id::generateUniqueId","messageBody":"","fileTypesAndContributionMap":{"test-code":{"insertions":16,"deletions":0}}},{"hash":"f0f9b1327ed7c5f30b27b6a36949b70609b97cc4","messageTitle":"Add test case for JsonAdaptedGroup constructors and builder class","messageBody":"","fileTypesAndContributionMap":{"functional-code":{"insertions":12,"deletions":0},"test-code":{"insertions":29,"deletions":0}}},{"hash":"6c4fe650ab52dbc7ab1c71766da8702f9148f3c1","messageTitle":"Change ID types from String to Id","messageBody":"","fileTypesAndContributionMap":{"functional-code":{"insertions":15,"deletions":15}}},{"hash":"17e1d0fd6fa2ef941e67ca8750c33c332733437a","messageTitle":"Add test cases for JsonAdaptedGroupTest::equals","messageBody":"","fileTypesAndContributionMap":{"test-code":{"insertions":24,"deletions":7}}},{"hash":"64508cf124916cba01b3f195e58d613eef4a5131","messageTitle":"Add test cases for JsonSerializableAddressBook::toModelType","messageBody":"","fileTypesAndContributionMap":{"test-code":{"insertions":146,"deletions":0}}},{"hash":"f77256885a24aab84402ec7137a3bf1611d56a78","messageTitle":"Change Listable to be more \"refactor-friendly\"","messageBody":"","fileTypesAndContributionMap":{"functional-code":{"insertions":13,"deletions":16}}},{"hash":"523b6972d894b2d15ecaf2356d94b017e65641c0","messageTitle":"Change front page of app website","messageBody":"","fileTypesAndContributionMap":{"docs":{"insertions":6,"deletions":6}}},{"hash":"408a8eb407f3ad5179c334bfd14cc9a44c337272","messageTitle":"Add more acknowledgements to README.md and switch to soft-wrapping","messageBody":"","fileTypesAndContributionMap":{"docs":{"insertions":6,"deletions":10}}},{"hash":"a509ad44762b787507bc691cc105f2f338f31536","messageTitle":"Add more acknowledgements elsewhere (DG, app website)","messageBody":"","fileTypesAndContributionMap":{"docs":{"insertions":5,"deletions":1}}},{"hash":"8538a9216988386505638a86c63e67049d4b4956","messageTitle":"Fix help command user guide link","messageBody":"","fileTypesAndContributionMap":{"functional-code":{"insertions":1,"deletions":1}}},{"hash":"f5eefe3c651c5a70659c4cea928a9bf9bb430fdc","messageTitle":"Standardise the size of the photos in the About Us page","messageBody":"","fileTypesAndContributionMap":{"docs":{"insertions":1,"deletions":1}}}]},{"date":"2021-10-17","commitResults":[{"hash":"41ef0d630d309a8db20a5f07fe056f6ea8453236","messageTitle":"Add application state tracking","messageBody":"","fileTypesAndContributionMap":{"functional-code":{"insertions":51,"deletions":26}}},{"hash":"cff7e8e377696b5a8a3c99212c96caf4c8a5b411","messageTitle":"Add Javadoc for AppState","messageBody":"","fileTypesAndContributionMap":{"functional-code":{"insertions":3,"deletions":0}}},{"hash":"56dcb474e10eedd4df65672c43ac3b4a34ff4ccf","messageTitle":"Adjust to new typical address book with groups","messageBody":"","fileTypesAndContributionMap":{"test-code":{"insertions":6,"deletions":2}}}]},{"date":"2021-10-18","commitResults":[{"hash":"6e594ecff27665925d90c26efa3f64528e635cce","messageTitle":"Integrate nextAppState to CommandResult\u0027s equals and hashCode methods","messageBody":"","fileTypesAndContributionMap":{"functional-code":{"insertions":3,"deletions":2}}},{"hash":"6772884198525a1536f0525c67da0f6f619734b3","messageTitle":"Extract methods used to change UI to match application states","messageBody":"","fileTypesAndContributionMap":{"functional-code":{"insertions":22,"deletions":10}}},{"hash":"bae3061f7eb08a4aa207f9424162289e8a2651da","messageTitle":"Fix bugs and test cases","messageBody":"","fileTypesAndContributionMap":{"functional-code":{"insertions":1,"deletions":1},"test-code":{"insertions":11,"deletions":2}}}]},{"date":"2021-10-20","commitResults":[{"hash":"b7a52978b2bc261dc948b2701df4e25a08adc161","messageTitle":"Enable assertions","messageBody":"","fileTypesAndContributionMap":{"other":{"insertions":4,"deletions":0}}},{"hash":"bdffa1d1875cfe81013bd8a194d9e4c4dea0d9bd","messageTitle":"Fix typical groups imported into FindGroupCommandTest","messageBody":"","fileTypesAndContributionMap":{"test-code":{"insertions":2,"deletions":2}}}]},{"date":"2021-10-21","commitResults":[{"hash":"37e900bfac37ffe790c302ca6cfb4a5402996e92","messageTitle":"Fix UniqueTaskList checkstyle warnings","messageBody":"","fileTypesAndContributionMap":{"functional-code":{"insertions":11,"deletions":11}}},{"hash":"ea8eda46dbf7701c952f7cd6ea357f108a57b66d","messageTitle":"Fix UniqueGroupListTest checkstyle warnings","messageBody":"","fileTypesAndContributionMap":{"test-code":{"insertions":30,"deletions":30}}},{"hash":"5ad3cb8ed0aa73f818cf1a8917ffa54d4a807f93","messageTitle":"Add tasks to Group","messageBody":"","fileTypesAndContributionMap":{"functional-code":{"insertions":42,"deletions":4}}}]},{"date":"2021-10-22","commitResults":[{"hash":"f21b89d95ab85edb74b84487ea663b7b88aa1604","messageTitle":"Include tasks into the Group constructor","messageBody":"","fileTypesAndContributionMap":{"functional-code":{"insertions":1,"deletions":0}}},{"hash":"41fdc1d75a8be664081467c8abd6a1bc18f29b4b","messageTitle":"Change structure of JsonAdaptedGroup.Builder","messageBody":"","fileTypesAndContributionMap":{"functional-code":{"insertions":16,"deletions":7},"test-code":{"insertions":47,"deletions":17}}},{"hash":"8d55182490522b4b38470c5af9a7be21f15e9f00","messageTitle":"Change responsibility of JsonAdaptedGroup.Builder","messageBody":"","fileTypesAndContributionMap":{"functional-code":{"insertions":13,"deletions":19},"test-code":{"insertions":1,"deletions":2}}},{"hash":"ff3d2b8b7cca16f3332349e3e081342b540aaa47","messageTitle":"Integrate group descriptions into JsonAdaptedGroup","messageBody":"","fileTypesAndContributionMap":{"functional-code":{"insertions":32,"deletions":3}}},{"hash":"58dd6d6384e6c9bd719956ff49e94e0a2528758d","messageTitle":"Fix code to pass storage test cases","messageBody":"","fileTypesAndContributionMap":{"functional-code":{"insertions":9,"deletions":5},"test-code":{"insertions":2,"deletions":0}}},{"hash":"552a26c5864189e4569dafc40a1d493e81a2357b","messageTitle":"Add description to JsonAdaptedGroup \"from-model\" constructor","messageBody":"","fileTypesAndContributionMap":{"functional-code":{"insertions":4,"deletions":0}}},{"hash":"c931706bd793369d62cbcbe6e3063c65c6bac853","messageTitle":"Prepare v1.2.1 release","messageBody":"","fileTypesAndContributionMap":{"functional-code":{"insertions":1,"deletions":1}}},{"hash":"e86561e06d54d7fa9eca5d8ece26e4cd3ea4bf7e","messageTitle":"Fix JAR file name","messageBody":"","fileTypesAndContributionMap":{"other":{"insertions":1,"deletions":1}}},{"hash":"f69128da1bbe878c0a55335e16749df31166d816","messageTitle":"Update Logic component section of the developer guide","messageBody":"","fileTypesAndContributionMap":{"docs":{"insertions":5,"deletions":3}}},{"hash":"8c458764c150a12dc2f2626cc67aca7fbfb6b17f","messageTitle":"Elaborate further on the Logic component of the DG","messageBody":"","fileTypesAndContributionMap":{"docs":{"insertions":7,"deletions":5}}}]}]},"authorFileTypeContributionMap":{"thanwinnikki":{"docs":85,"functional-code":611,"test-code":578,"other":1},"asherhy":{"docs":106,"functional-code":343,"test-code":508},"wonyeji":{"docs":42,"functional-code":629,"test-code":538},"hungkhoaitay":{"docs":87,"functional-code":263,"test-code":330},"jayasting98":{"docs":121,"functional-code":869,"test-code":710,"other":3}},"authorContributionVariance":{"thanwinnikki":8186.9707,"asherhy":4674.1875,"wonyeji":17668.367,"hungkhoaitay":6461.221,"jayasting98":22500.857},"authorDisplayNameMap":{"thanwinnikki":"CS2103T-W17-3 NIKK.. WIN","asherhy":"CS2103T-W17-3 WANG..YONG","wonyeji":"CS2103T-W17-3 WON ..E JI","hungkhoaitay":"CS2103T-W17-3 NGUY..HUNG","jayasting98":"CS2103T-W17-3 JAY ..TING"}}
