{"authorDailyContributionsMap":{"Zacchua":[],"EssWhyy":[],"bnjmnt4n":[],"david-eom":[],"stanley-1":[]},"authorFileTypeContributionMap":{"Zacchua":{"docs":0,"functional-code":0,"test-code":0},"EssWhyy":{"docs":0,"functional-code":0,"test-code":0},"bnjmnt4n":{"docs":0,"functional-code":0,"test-code":0},"david-eom":{"docs":0,"functional-code":0,"test-code":0},"stanley-1":{"docs":0,"functional-code":0,"test-code":0}},"authorContributionVariance":{"Zacchua":0.0,"EssWhyy":0.0,"bnjmnt4n":0.0,"david-eom":0.0,"stanley-1":0.0},"authorDisplayNameMap":{"Zacchua":"CS2103T-F11-4 ZACH.. ERN","EssWhyy":"CS2103T-F11-4 TANG..N YI","bnjmnt4n":"CS2103T-F11-4 TAN ..AMIN","david-eom":"CS2103T-F11-4 YAN ..OZHI","stanley-1":"CS2103T-F11-4 STAN..HENG"}}
