{"authorDailyContributionsMap":{"BenjaminLHR":[{"date":"2021-09-22","commitResults":[{"hash":"bf82f753206157d6e2f5f876c3a69a4c177b9000","messageTitle":"UG: Modify Quick Start to suit the purpose of GameBook.","messageBody":"","fileTypesAndContributionMap":{"docs":{"insertions":13,"deletions":14}}},{"hash":"efe75905c480e26cf77d27c692fbe8164565041c","messageTitle":"UG: Modify FAQ to suit the purpose of GameBook.","messageBody":"","fileTypesAndContributionMap":{"docs":{"insertions":10,"deletions":1}}},{"hash":"30f3f572da1cfadc508c4e889540e22aeedc3e39","messageTitle":"DG: Modify \"Use Cases\" to suit the purpose of GameBook.","messageBody":"","fileTypesAndContributionMap":{"docs":{"insertions":23,"deletions":7}}},{"hash":"3d66f569ca5050072b669c4e28410ed93262fa46","messageTitle":"DG: Modify \"Non-functional Requirements\" to suit the purpose of GameBook.","messageBody":"","fileTypesAndContributionMap":{"docs":{"insertions":6,"deletions":5}}}]},{"date":"2021-09-28","commitResults":[{"hash":"ec012777d1c7cef77616cf9d30e3b3dba0fbd591","messageTitle":"Update AboutUs","messageBody":"","fileTypesAndContributionMap":{"docs":{"insertions":16,"deletions":16}}},{"hash":"9f0885b602967008308c7117c0ad23611857ca6a","messageTitle":"Update product scope","messageBody":"","fileTypesAndContributionMap":{"docs":{"insertions":2,"deletions":2}}}]},{"date":"2021-09-29","commitResults":[{"hash":"ae995cf4d9c9ff7ec5a2911dc8840ee622b2b92a","messageTitle":"Rename developers\u0027 images and portfolios","messageBody":"","fileTypesAndContributionMap":{"docs":{"insertions":4,"deletions":4}}},{"hash":"c7ed0d740aff92eab332d96b29afe4fc0a137a07","messageTitle":"Update NFR and glossary","messageBody":"","fileTypesAndContributionMap":{"docs":{"insertions":3,"deletions":5}}}]},{"date":"2021-10-07","commitResults":[{"hash":"623c3b3388d89319540804256af17cc2bc559d27","messageTitle":"Refactor UI components for GameBook","messageBody":"","fileTypesAndContributionMap":{"functional-code":{"insertions":140,"deletions":136},"other":{"insertions":1,"deletions":1}}},{"hash":"89169dd97d27e9eaca6605f067ffdc727e4d5c41","messageTitle":"Refactor MainApp for GameBook","messageBody":"","fileTypesAndContributionMap":{"functional-code":{"insertions":19,"deletions":19}}},{"hash":"61970b01ea75fc2fb1569fb490272443280e296c","messageTitle":"Refactor Logic and LogicManager for GameBook","messageBody":"","fileTypesAndContributionMap":{"functional-code":{"insertions":10,"deletions":10}}},{"hash":"3a8ab2ed83fd062efcafe37e05e0ef621fecb14e","messageTitle":"Comment out FindCommand.java as it is not needed for v1.2","messageBody":"","fileTypesAndContributionMap":{"functional-code":{"insertions":42,"deletions":42}}},{"hash":"8c309e7fe29d8bb41e1abd22db3289920e160274","messageTitle":"Fix type issues in createEditedGameEntry()","messageBody":"","fileTypesAndContributionMap":{"functional-code":{"insertions":10,"deletions":10}}},{"hash":"8faac70dc706ad42bd9fe39fbe55a927d238689f","messageTitle":"Fix import and naming issues under commands","messageBody":"","fileTypesAndContributionMap":{"functional-code":{"insertions":13,"deletions":13}}},{"hash":"081b8c0ec385559ac2e5a1cbc7f250e0440fafef","messageTitle":"Fix type issues in EditCommandParser","messageBody":"","fileTypesAndContributionMap":{"functional-code":{"insertions":4,"deletions":2}}},{"hash":"50c194f141f307d31a2ac5d3b65cbea263d66444","messageTitle":"Make contains() return false to serve as a stub","messageBody":"","fileTypesAndContributionMap":{"functional-code":{"insertions":3,"deletions":2}}},{"hash":"509bf951453d7b4c5c16dd9a934845863a53f043","messageTitle":"Make isValidTagName() return true to serve as a stub","messageBody":"","fileTypesAndContributionMap":{"functional-code":{"insertions":2,"deletions":1}}},{"hash":"63c65fdba35ba3ebb0905d8add1d8ca1f382ef8d","messageTitle":"Fix import issues in JsonSerializableGameBook.java","messageBody":"","fileTypesAndContributionMap":{"functional-code":{"insertions":2,"deletions":2}}},{"hash":"0ef999886437218092747af9ea5aed1ca44121c9","messageTitle":"Rename getSampleAddressBook() to getSampleGameBook()","messageBody":"","fileTypesAndContributionMap":{"functional-code":{"insertions":1,"deletions":1}}},{"hash":"cbe1f41c78e52c1208bea6f684aa9152c3965826","messageTitle":"Set modelDate to null to serve as stub","messageBody":"","fileTypesAndContributionMap":{"functional-code":{"insertions":4,"deletions":1}}},{"hash":"305d6867e7bd4f97546a18473bba01de51ee2bf0","messageTitle":"Fix type issues related to gameType in JsonAdaptedGameEntry.java","messageBody":"","fileTypesAndContributionMap":{"functional-code":{"insertions":7,"deletions":7}}},{"hash":"351024a14c46e0e5312fbd49cd1ae1aea67a2f0e","messageTitle":"Fix type issues related to gameType in ModelManagerTest.java","messageBody":"","fileTypesAndContributionMap":{"test-code":{"insertions":1,"deletions":1}}}]},{"date":"2021-10-09","commitResults":[{"hash":"0b0fd9aebe56ab63abc91652fcac55d353b2e3ec","messageTitle":"Remove print statement left from debugging","messageBody":"","fileTypesAndContributionMap":{"functional-code":{"insertions":0,"deletions":1}}},{"hash":"7f1a6a8a4c28d310a817a784c5d30f2a9ac0af67","messageTitle":"Fix bugs in GameEntryCard and GameEntryListCard that were preventing GUI from displaying the entries correctly","messageBody":"","fileTypesAndContributionMap":{"functional-code":{"insertions":23,"deletions":17}}}]},{"date":"2021-10-11","commitResults":[{"hash":"d7924e02d0fa87f2560186c68866d2b518657789","messageTitle":"Modify parseDuration() to check whether input duration is non-negative","messageBody":"","fileTypesAndContributionMap":{"functional-code":{"insertions":16,"deletions":3}}},{"hash":"e4bf55a9166415e7b48aa159bcc15953eb85124d","messageTitle":"Modify String to be displayed when user does not specify duration","messageBody":"","fileTypesAndContributionMap":{"functional-code":{"insertions":6,"deletions":2}}},{"hash":"754bf99595308b6f017e8091e3b3e3f32f575940","messageTitle":"Refactor test/data files for GameBook","messageBody":"","fileTypesAndContributionMap":{"other":{"insertions":0,"deletions":0},"test-code":{"insertions":32,"deletions":32}}},{"hash":"92faabdb26dc4e07477a0225ce53444c9595efca","messageTitle":"Update parts of storage tests to align with the refactoring of test/data files","messageBody":"","fileTypesAndContributionMap":{"test-code":{"insertions":38,"deletions":38}}}]},{"date":"2021-10-12","commitResults":[{"hash":"52e9ed2327ec235c3c65bdd181c504bcb04ba644","messageTitle":"Fix indentation","messageBody":"","fileTypesAndContributionMap":{"functional-code":{"insertions":3,"deletions":3}}}]},{"date":"2021-10-13","commitResults":[{"hash":"09af09b26c0aa248d97bb6f4c432abf3ad9cd210","messageTitle":"Attempt to fix \"no newline at EOF\" issue","messageBody":"","fileTypesAndContributionMap":{"test-code":{"insertions":3,"deletions":0}}},{"hash":"c56506d9fc5c8e13c93ec6ff2085d13e52bee992","messageTitle":"Attempt to fix \"no newline at EOF\" error for json files","messageBody":"","fileTypesAndContributionMap":{"other":{"insertions":3,"deletions":3},"test-code":{"insertions":0,"deletions":3}}}]},{"date":"2021-10-20","commitResults":[{"hash":"af97b23aab0a8be7a12aec2ce15b810337d39d3e","messageTitle":"Add JavaDoc comment for compareTo() method","messageBody":"","fileTypesAndContributionMap":{"functional-code":{"insertions":14,"deletions":0}}},{"hash":"05c733eafb1e84a402c8fa7965db202f2d245ded","messageTitle":"Implement comparable functionality for GameEntry","messageBody":"","fileTypesAndContributionMap":{"functional-code":{"insertions":19,"deletions":1}}},{"hash":"39579c8e69f6fb4662f37f43b5ca089aab1b883d","messageTitle":"Add GameEntriesDateComparator class","messageBody":"","fileTypesAndContributionMap":{"functional-code":{"insertions":16,"deletions":0}}}]},{"date":"2021-10-21","commitResults":[{"hash":"49159b6f6775fbb22ffa207d935f4e23d9c21154","messageTitle":"Sort GameEntries by date each time a new GameEntry is added","messageBody":"","fileTypesAndContributionMap":{"functional-code":{"insertions":3,"deletions":0}}},{"hash":"779ae7c115dca90b8a84c3ce1142acfd2d6f7577","messageTitle":"Fix checkstyle errors","messageBody":"","fileTypesAndContributionMap":{"functional-code":{"insertions":2,"deletions":10}}},{"hash":"46833f3db4f978ea5dee07158d3ee1bdcd9d7939","messageTitle":"Fix minor naming issue in SampleDateUtil.java","messageBody":"","fileTypesAndContributionMap":{"functional-code":{"insertions":3,"deletions":3}}},{"hash":"0ffbfdb565c507beacded6f4658e0263604aaa60","messageTitle":"Comment out code that throws DuplicateGameEntryException","messageBody":"","fileTypesAndContributionMap":{"functional-code":{"insertions":6,"deletions":6}}},{"hash":"677c9a4ead91b9459584820b5d865974e963eb0d","messageTitle":"Modify JavaDoc comments of isSameGameEntry()","messageBody":"","fileTypesAndContributionMap":{"functional-code":{"insertions":4,"deletions":2}}},{"hash":"201ca4ab3ce004aaa260f51faa3409c8db604167","messageTitle":"Add alert message if user adds a game entry which already exists (ie same game type, date and time)","messageBody":"","fileTypesAndContributionMap":{"functional-code":{"insertions":7,"deletions":4}}},{"hash":"a9b23f0aec74c222db75dd4ab85b344f6501a22a","messageTitle":"Fix checkstyle errors","messageBody":"","fileTypesAndContributionMap":{"functional-code":{"insertions":8,"deletions":9}}},{"hash":"d4e592126bce83b3541f4c255a9c565d7b9a9f0a","messageTitle":"Fix checkstyle error","messageBody":"","fileTypesAndContributionMap":{"functional-code":{"insertions":2,"deletions":2}}},{"hash":"b6729d145a42cd426a0f998086ad933defddebb0","messageTitle":"Fix naming issues in UniqueGameEntryList.java","messageBody":"","fileTypesAndContributionMap":{"functional-code":{"insertions":6,"deletions":6}}},{"hash":"42a7f7d77f6f51688123d4a696bd1223cd8b0658","messageTitle":"Remove exception handling for game entries with same game type, date and time within storage components","messageBody":"","fileTypesAndContributionMap":{"functional-code":{"insertions":0,"deletions":8}}},{"hash":"5e8972cb12e71dd5a045c4785540bad27295ef5c","messageTitle":"Remove exception throwing for execute() method","messageBody":"","fileTypesAndContributionMap":{"functional-code":{"insertions":3,"deletions":3}}},{"hash":"28fefb1fc7366be9efe748ef742c3d83cd26e1ab","messageTitle":"Refactor tests to align with the new approach towards duplicate game entries","messageBody":"","fileTypesAndContributionMap":{"test-code":{"insertions":38,"deletions":54}}},{"hash":"d3c348ba0ea7d9065cbb5dd5b358835adb14e112","messageTitle":"Fix checkstyle error","messageBody":"","fileTypesAndContributionMap":{"functional-code":{"insertions":0,"deletions":1}}},{"hash":"57c404afff480a936defa5723f409d7ecdc63c83","messageTitle":"Fix checkstyle errors","messageBody":"","fileTypesAndContributionMap":{"test-code":{"insertions":2,"deletions":27}}},{"hash":"6c7adf2ff2bd3f8bc0bf1d657ec817255a873910","messageTitle":"Change name of built JAR file to gamebook.jar","messageBody":"","fileTypesAndContributionMap":{"other":{"insertions":1,"deletions":1}}},{"hash":"fdd4430769a37bb7165c9144834841ed5cf4d806","messageTitle":"Change name of log file to gamebook.log","messageBody":"","fileTypesAndContributionMap":{"functional-code":{"insertions":1,"deletions":1}}},{"hash":"2383987dd7e90378da4981a8fa1f8c6b57454d95","messageTitle":"Add rough implementation details regarding \"Adding a Game Entry\"","messageBody":"","fileTypesAndContributionMap":{"docs":{"insertions":15,"deletions":1}}}]},{"date":"2021-10-22","commitResults":[{"hash":"19cfc075dccd336559f1753498ba083c866b4d59","messageTitle":"Add more implementation details for \"Adding a game entry\"","messageBody":"","fileTypesAndContributionMap":{"docs":{"insertions":8,"deletions":3}}},{"hash":"8865a2e75e13bb5004a249d0f0e8acfe939c2244","messageTitle":"Update JavaDoc comments for ReadOnlyGameBook#getGameEntryList()","messageBody":"","fileTypesAndContributionMap":{"functional-code":{"insertions":1,"deletions":2}}},{"hash":"06940c6d10daacc2415a98c786bcb39ba958d282","messageTitle":"Add more implementation details regarding \"Adding a game entry\"","messageBody":"","fileTypesAndContributionMap":{"docs":{"insertions":20,"deletions":8}}},{"hash":"52e0e2ad2ac228df4fffdd9389642b86e4b3b6f8","messageTitle":"Refactor UiClassDiagram.puml","messageBody":"","fileTypesAndContributionMap":{"docs":{"insertions":8,"deletions":8}}}]},{"date":"2021-10-23","commitResults":[{"hash":"77801a05f0e76651a89169ac875633739aba56c0","messageTitle":"Add empty line between description and parameter for JavaDoc comments","messageBody":"Co-authored-by: Huang Ching \u003c69393414+chingh20@users.noreply.github.com\u003e","fileTypesAndContributionMap":{"functional-code":{"insertions":1,"deletions":0}}},{"hash":"eb15c5ed3f5acf6c8af618173d4960080d2bc841","messageTitle":"Add empty line between description and parameter for JavaDoc comments","messageBody":"Co-authored-by: Huang Ching \u003c69393414+chingh20@users.noreply.github.com\u003e","fileTypesAndContributionMap":{"functional-code":{"insertions":1,"deletions":0}}},{"hash":"4a6345040151c1bd1a145b5130e778a21c937b07","messageTitle":"Remove commented out code that is irrelevant","messageBody":"Co-authored-by: Yeo Zhi Long \u003c44795294+yzhilong@users.noreply.github.com\u003e","fileTypesAndContributionMap":{"functional-code":{"insertions":0,"deletions":3}}},{"hash":"71e437b1b4121d88a376d544c30f0c29fbbb3634","messageTitle":"Remove irrelevant comment","messageBody":"Co-authored-by: Yeo Zhi Long \u003c44795294+yzhilong@users.noreply.github.com\u003e","fileTypesAndContributionMap":{"functional-code":{"insertions":0,"deletions":2}}},{"hash":"40c5336361949db756080bc363d12ba1a20b649f","messageTitle":"Remove commented out code that is irrelevant","messageBody":"Co-authored-by: Yeo Zhi Long \u003c44795294+yzhilong@users.noreply.github.com\u003e","fileTypesAndContributionMap":{"functional-code":{"insertions":0,"deletions":3}}},{"hash":"7b8b5a2207ccc209e05d349832e01ce7419391c3","messageTitle":"Remove commented out code that is irrelevant","messageBody":"Co-authored-by: Yeo Zhi Long \u003c44795294+yzhilong@users.noreply.github.com\u003e","fileTypesAndContributionMap":{"test-code":{"insertions":0,"deletions":2}}},{"hash":"3b4282a0f2f8d14e2858f039c5b9fb6d856863a8","messageTitle":"Remove exception throwing when duplicates are found","messageBody":"","fileTypesAndContributionMap":{"functional-code":{"insertions":6,"deletions":10}}},{"hash":"dd77a31f225f8fe9edf7d0eb00e930f3eccbc772","messageTitle":"Remove DuplicateGameEntryException.java and the associated tests","messageBody":"","fileTypesAndContributionMap":{"functional-code":{"insertions":1,"deletions":9},"test-code":{"insertions":0,"deletions":8}}}]},{"date":"2021-10-24","commitResults":[{"hash":"e2f93d15a6ab9f990b9758ae68c1e8301308688f","messageTitle":"Fix bug associated with sorting by date played","messageBody":"","fileTypesAndContributionMap":{"functional-code":{"insertions":1,"deletions":3}}},{"hash":"5eaadb3301c9aea1f8b6ccae19970809db81ff3d","messageTitle":"Rename app title to \"GameBook\"","messageBody":"","fileTypesAndContributionMap":{"functional-code":{"insertions":1,"deletions":1},"other":{"insertions":1,"deletions":1}}},{"hash":"32b846d31edc4531d64b52316f22cd172906ee5c","messageTitle":"Make sameDay() function check for year as well","messageBody":"","fileTypesAndContributionMap":{"functional-code":{"insertions":2,"deletions":1}}}]}],"shaliniseshadri":[{"date":"2021-09-22","commitResults":[{"hash":"5af559478cdf2f0f485904c71a54bbf26d445a12","messageTitle":"Add Shalini\u0027s AboutUs page and image","messageBody":"","fileTypesAndContributionMap":{"docs":{"insertions":39,"deletions":52}}}]},{"date":"2021-10-02","commitResults":[{"hash":"355bb025af927a4c7b3026ae07a92e3258d831bf","messageTitle":"Change AddressBookStorage to GameBookStorage","messageBody":"","fileTypesAndContributionMap":{"functional-code":{"insertions":46,"deletions":45}}},{"hash":"dd76866829d47e0ded4f38fd14730f267870da02","messageTitle":"Change JsonAdaptedPerson to JsonAdaptedGameEntry","messageBody":"","fileTypesAndContributionMap":{"functional-code":{"insertions":127,"deletions":109}}},{"hash":"902a46618b7e4d5c21158ae3213c49eb2cdae009","messageTitle":"Change JsonAddressBookStorage to JsonGameBookStorage","messageBody":"","fileTypesAndContributionMap":{"other":{"insertions":20,"deletions":20}}},{"hash":"a91935a386dc1ffdb8c7ea8cd65e61050ceb48ce","messageTitle":"Change JsonSerializableAddressBook to JsonSerializableGameBook","messageBody":"","fileTypesAndContributionMap":{"functional-code":{"insertions":61,"deletions":61}}},{"hash":"0147a7e74bf46d53a18f11a09a37dc3f56e9cce5","messageTitle":"Edit Storage.java to use ReadOnlyGameBook","messageBody":"","fileTypesAndContributionMap":{"functional-code":{"insertions":5,"deletions":5}}},{"hash":"4fa5e9013691271dc69193422cd10a7c2f202c50","messageTitle":"Edit StorageManager.java to use ReadOnlyGameBook","messageBody":"","fileTypesAndContributionMap":{"functional-code":{"insertions":16,"deletions":16}}}]},{"date":"2021-10-08","commitResults":[{"hash":"0625611db76757cb1a5188b74cb70d06d585b176","messageTitle":"Handle ParseException and fix Date error","messageBody":"","fileTypesAndContributionMap":{"functional-code":{"insertions":8,"deletions":9}}},{"hash":"bde31cfc1665e1280b3fd2924598b494e2110b88","messageTitle":"Change Date Parsing format in Storage","messageBody":"","fileTypesAndContributionMap":{"functional-code":{"insertions":3,"deletions":3}}}]},{"date":"2021-10-10","commitResults":[{"hash":"d34fad57c92d99add1332641568d0bd765a72e78","messageTitle":"Update Storage Tests for GameBook (test only for null input in JsonAdaptedGameEntries in JsonAdaptedGameEntryTest)","messageBody":"","fileTypesAndContributionMap":{"test-code":{"insertions":102,"deletions":108}}},{"hash":"969878b09379e96c17837640b5228b0c9c70fe37","messageTitle":"Update test data files for storage","messageBody":"","fileTypesAndContributionMap":{"test-code":{"insertions":91,"deletions":69}}}]},{"date":"2021-10-11","commitResults":[{"hash":"aad1a22192bc079b2b0e4d17c2e0d30293fa73bc","messageTitle":"Rename Storage Test Files","messageBody":"","fileTypesAndContributionMap":{"other":{"insertions":3,"deletions":3}}}]},{"date":"2021-10-12","commitResults":[{"hash":"6e77b7945035b39101e828626fce1ea1fddab0f0","messageTitle":"Fix Storage Tests","messageBody":"","fileTypesAndContributionMap":{"functional-code":{"insertions":7,"deletions":5},"other":{"insertions":2,"deletions":2},"test-code":{"insertions":27,"deletions":35}}}]},{"date":"2021-10-14","commitResults":[{"hash":"565a62ac0e0378f4ec85af3eaf7f1e32748556c6","messageTitle":"Fix Checkstyle issues","messageBody":"","fileTypesAndContributionMap":{"test-code":{"insertions":21,"deletions":17}}}]},{"date":"2021-10-18","commitResults":[{"hash":"6fd8edf429226ce08c06ba25e85c3451ef913f7b","messageTitle":"Add a bare-bones Graph Panel","messageBody":"","fileTypesAndContributionMap":{"functional-code":{"insertions":140,"deletions":17}}},{"hash":"28c13ab85571d8b73bc7ae14e797a0aed3b8ffe9","messageTitle":"Add Basic Line graph for Average Profit","messageBody":"","fileTypesAndContributionMap":{"functional-code":{"insertions":27,"deletions":13}}}]},{"date":"2021-10-20","commitResults":[{"hash":"afcd0ac1cbd3e49ed74fe35ce7bdcf5e91f5f9b5","messageTitle":"Fix X Axis Sorting Bug","messageBody":"","fileTypesAndContributionMap":{"functional-code":{"insertions":10,"deletions":11},"other":{"insertions":5,"deletions":8}}}]},{"date":"2021-10-21","commitResults":[{"hash":"4fd9944a2fbffec7aaf5c3872df4443a711f4d00","messageTitle":"Change the DS used to process the data for Average Profit","messageBody":"","fileTypesAndContributionMap":{"functional-code":{"insertions":34,"deletions":35}}},{"hash":"7b07362bf903baaa52dcc694b1022f335d439a86","messageTitle":"Fix JavaFX duplicate series error","messageBody":"","fileTypesAndContributionMap":{"functional-code":{"insertions":18,"deletions":14}}},{"hash":"c5a40b1f091ca1ec8c3bdea994529023c3abf1fc","messageTitle":"Fix Trailing Whitespace issue","messageBody":"","fileTypesAndContributionMap":{"functional-code":{"insertions":0,"deletions":1}}},{"hash":"5c793b7e3c487b131fa5a579afd6fb3578ebffb8","messageTitle":"Fix Checkstyle","messageBody":"","fileTypesAndContributionMap":{"functional-code":{"insertions":91,"deletions":76}}}]},{"date":"2021-10-22","commitResults":[{"hash":"03f1b017cb8c02d24cea649f093c2122414af75c","messageTitle":"Add Storage and Graph Feature sections to DG","messageBody":"","fileTypesAndContributionMap":{"docs":{"insertions":20,"deletions":81}}},{"hash":"99ed8344eca80616713612c891ac8d895a288d03","messageTitle":"Fix minor formatting and markdown issues","messageBody":"","fileTypesAndContributionMap":{"docs":{"insertions":16,"deletions":11}}},{"hash":"b8b368a99bacd908be481384a8c428098a0a8769","messageTitle":"Update Storage Class Diagram and fix typo in DG","messageBody":"","fileTypesAndContributionMap":{"docs":{"insertions":1,"deletions":1}}},{"hash":"e3a119554cbd47e2c5af6a7a711397c8c585a4de","messageTitle":"Refactor Average","messageBody":"","fileTypesAndContributionMap":{"functional-code":{"insertions":4,"deletions":4},"other":{"insertions":2,"deletions":2}}},{"hash":"995cde6e2452a9107f298115ff3f6db109289874","messageTitle":"Fix all bugs and clean up code","messageBody":"","fileTypesAndContributionMap":{"functional-code":{"insertions":38,"deletions":53}}}]},{"date":"2021-10-23","commitResults":[{"hash":"5f3639f23075b03502c280f44e2f36d323254fa0","messageTitle":"Fix formatting and code standard issues","messageBody":"","fileTypesAndContributionMap":{"functional-code":{"insertions":17,"deletions":7}}}]},{"date":"2021-10-24","commitResults":[{"hash":"a4c0f65070e916c16f05b97f3be746e4d86b9a1f","messageTitle":"Remove trailing whitespace","messageBody":"","fileTypesAndContributionMap":{"functional-code":{"insertions":1,"deletions":1}}},{"hash":"f4241ba2a212ea9e4d25ddb74bc304beb5faa99d","messageTitle":"Attempt to fix CI error","messageBody":"","fileTypesAndContributionMap":{"functional-code":{"insertions":1,"deletions":1}}},{"hash":"a14ec30747495421208928ccb797f9dfc6052fa7","messageTitle":"Fix CI error","messageBody":"","fileTypesAndContributionMap":{"functional-code":{"insertions":1,"deletions":1}}},{"hash":"9b9da7cf2509514c479d5353fe442ceeef170b7e","messageTitle":"Change getProfit() to getDifference()","messageBody":"","fileTypesAndContributionMap":{"functional-code":{"insertions":3,"deletions":3}}},{"hash":"ab96e34718e89542a2ec61aa4af86964308681cb","messageTitle":"Fix comment syntax","messageBody":"","fileTypesAndContributionMap":{"functional-code":{"insertions":18,"deletions":9}}}]}],"yzhilong":[{"date":"2021-09-19","commitResults":[{"hash":"75a4fbd7ecc03d72c7fcc443323f9e88dcbec98b","messageTitle":"Add yzhilong.md","messageBody":"","fileTypesAndContributionMap":{"docs":{"insertions":10,"deletions":0}}},{"hash":"abd03a435e10ab937a287de254000f7c96474d1c","messageTitle":"Update AboutUs.md","messageBody":"","fileTypesAndContributionMap":{"docs":{"insertions":8,"deletions":6}}}]},{"date":"2021-09-21","commitResults":[{"hash":"432d4fb3b3e6cd15172f39ed15b96d7719141344","messageTitle":"Add user stories","messageBody":"","fileTypesAndContributionMap":{"docs":{"insertions":29,"deletions":6}}},{"hash":"e1d70119faa39270c8ab69cd77577938131c7a01","messageTitle":"Update UserGuide with command features","messageBody":"","fileTypesAndContributionMap":{"docs":{"insertions":43,"deletions":71}}},{"hash":"dd2a630dc3a4187323e73f7951132c16ac19b571","messageTitle":"Update UserGuide with command summary","messageBody":"","fileTypesAndContributionMap":{"docs":{"insertions":6,"deletions":7}}}]},{"date":"2021-09-22","commitResults":[{"hash":"51d259f370fc27ecd4d6410b4689be754826eadf","messageTitle":"Update Model interface","messageBody":"","fileTypesAndContributionMap":{"functional-code":{"insertions":11,"deletions":11}}}]},{"date":"2021-09-26","commitResults":[{"hash":"e0c72addc95ffe4af9d743b5131cd6ce4ad2596a","messageTitle":"Add GameEntry and associated classes","messageBody":"","fileTypesAndContributionMap":{"functional-code":{"insertions":241,"deletions":0}}}]},{"date":"2021-09-28","commitResults":[{"hash":"3abf81f3842636be5a77cd8578094a48487dd54f","messageTitle":"Add GameEntry and associated classes","messageBody":"","fileTypesAndContributionMap":{"functional-code":{"insertions":171,"deletions":13}}},{"hash":"c297e940aaf164508798dccb4dd052ed2ffe7c47","messageTitle":"Update Model and ModelManager to support GameEntry","messageBody":"","fileTypesAndContributionMap":{"functional-code":{"insertions":35,"deletions":36}}},{"hash":"2e00597a5240ae86c3ba08f3262c05380c54268f","messageTitle":"Add ReadOnlyGameBook and GameBook","messageBody":"","fileTypesAndContributionMap":{"functional-code":{"insertions":117,"deletions":0}}},{"hash":"e293c3f419ece48cf07022c58f678db399c360bb","messageTitle":"Update UserPrefs and ReadOnlyUserPrefs to support GameBook","messageBody":"","fileTypesAndContributionMap":{"functional-code":{"insertions":11,"deletions":11}}},{"hash":"a5fcf20b991880bf6be6eb03d003b5ea39c31a74","messageTitle":"Bug fixes","messageBody":"GameEntry: Change how startAmount and endAmount are stored\nDatePlayed: Add constructor method for milliseconds since epoch start, similar to Date class\n","fileTypesAndContributionMap":{"functional-code":{"insertions":9,"deletions":5}}},{"hash":"193a89b5e32e45b13f5095fad938884cf615dd23","messageTitle":"Remove AB3 classes","messageBody":"","fileTypesAndContributionMap":{"functional-code":{"insertions":0,"deletions":685}}},{"hash":"ff4b0e41ad3ca0576c56df05f8c55ed314eae80a","messageTitle":"Update SampleDataUtil to support GameBook and GameEntry classes","messageBody":"","fileTypesAndContributionMap":{"functional-code":{"insertions":23,"deletions":31}}},{"hash":"36f69d74c76ce83d3ddc7f93eb8c034954b72216","messageTitle":"Update description and remove references to AB3","messageBody":"","fileTypesAndContributionMap":{"docs":{"insertions":6,"deletions":4}}}]},{"date":"2021-09-29","commitResults":[{"hash":"42b9411fc2628069732ffacc20ed0a141e0a08e4","messageTitle":"Fix bug with wrong method name","messageBody":"","fileTypesAndContributionMap":{"functional-code":{"insertions":1,"deletions":1}}},{"hash":"5bb111e6731322d8694d39866989eaeab5135a68","messageTitle":"Add empty constructor to GameEntry and Location","messageBody":"","fileTypesAndContributionMap":{"functional-code":{"insertions":8,"deletions":3}}}]},{"date":"2021-10-05","commitResults":[{"hash":"fdd3fd86f3c44023808dd2c08d4d0e99c0013aee","messageTitle":"Refactor DatePlayed to no longer extend Date","messageBody":"If date and datePlayed occur within the same minute, but different millisecond, date.equals(datePlayed) will return false, but\ndatePlayed.equals(date) will return false. We need equals method to be transitive.\n","fileTypesAndContributionMap":{"functional-code":{"insertions":8,"deletions":6}}},{"hash":"be5f25d3c71f4d50fad6130c9fc8eb7be0268c42","messageTitle":"Add argument checking","messageBody":"","fileTypesAndContributionMap":{"functional-code":{"insertions":15,"deletions":1}}},{"hash":"2687514fc76700bf36f0423a4c1a71a8cedb861f","messageTitle":"Add isSameGameEntry method","messageBody":"","fileTypesAndContributionMap":{"functional-code":{"insertions":10,"deletions":1}}},{"hash":"e63e4282a429c73b7ab6832382eda13edf095335","messageTitle":"Add unit tests for GameEntry and related classes","messageBody":"","fileTypesAndContributionMap":{"test-code":{"insertions":413,"deletions":0}}},{"hash":"47bbe745fd50fe798816178f4d66cc69696b11a3","messageTitle":"Remove unnecessary imports","messageBody":"","fileTypesAndContributionMap":{"functional-code":{"insertions":0,"deletions":3}}},{"hash":"ef6264f2326e36c5b332146499e40fdd8141fd38","messageTitle":"Fix bug with checking identity of GameEntry","messageBody":"","fileTypesAndContributionMap":{"functional-code":{"insertions":1,"deletions":1},"test-code":{"insertions":1,"deletions":1}}},{"hash":"8deffadba059403e33bee96988094f3e753b5a92","messageTitle":"Delete AB3 related tests","messageBody":"","fileTypesAndContributionMap":{"test-code":{"insertions":0,"deletions":1032}}},{"hash":"f8fa9ee54afd6aa8d86e4a384589d42010d60770","messageTitle":"Remove references to deleted classes","messageBody":"","fileTypesAndContributionMap":{"test-code":{"insertions":2,"deletions":31}}},{"hash":"4861ffce983184a64a32a40a68e8c3d662e0e82c","messageTitle":"Update ModelManagerTest to support GameBook classes","messageBody":"","fileTypesAndContributionMap":{"functional-code":{"insertions":2,"deletions":2},"test-code":{"insertions":33,"deletions":28}}},{"hash":"b742ba50d23f7500369f56cbabe52e722e33efc7","messageTitle":"Rename gameEntry package to gameentry","messageBody":"","fileTypesAndContributionMap":{"functional-code":{"insertions":7,"deletions":7},"other":{"insertions":16,"deletions":19},"test-code":{"insertions":2,"deletions":2}}}]},{"date":"2021-10-08","commitResults":[{"hash":"aed4389d0af9c0466ca118ddbba7f01f5fddef9b","messageTitle":"Fix bug with DateFormat","messageBody":"","fileTypesAndContributionMap":{"functional-code":{"insertions":2,"deletions":3}}},{"hash":"e833eb6cd18caca6b8f277ff1da6ae8e813fd042","messageTitle":"Fix NullPointerException in GameEntryCard","messageBody":"","fileTypesAndContributionMap":{"functional-code":{"insertions":8,"deletions":8}}}]},{"date":"2021-10-10","commitResults":[{"hash":"c0a35b8d51b5da493a15da0dbaf18bc17e6651ea","messageTitle":"Remove stub rfom isValidTagName","messageBody":"","fileTypesAndContributionMap":{"functional-code":{"insertions":1,"deletions":2}}},{"hash":"f37442effcff34dd1333a8166368c3f8e3e28d39","messageTitle":"Add constructor to indicate if minute field is to be considered","messageBody":"Current constructors assume that minute field is to be considered. This will cause issues if the user adds dates without minute field.\n\nNew constructor created, and toString method will treat DatePlayed objects with minute fields differently from those without minute fields.\n","fileTypesAndContributionMap":{"functional-code":{"insertions":43,"deletions":9}}},{"hash":"8bf7f2c51856c9ff07bbfd3cf597d86e38426cbd","messageTitle":"Bug fixes","messageBody":"Location: Fix StringIndexOutOfBoundsException when given location is empty string\nUniqueGameEntryList: Remove stub in contains\nTag: Fix regex for isValidTagName\n","fileTypesAndContributionMap":{"functional-code":{"insertions":10,"deletions":9}}}]},{"date":"2021-10-11","commitResults":[{"hash":"85079e335cde23af1004e3c581f175197b4d58e0","messageTitle":"Add functionality to represent DatePlayed without minute field","messageBody":"","fileTypesAndContributionMap":{"functional-code":{"insertions":69,"deletions":30}}},{"hash":"402e7617a755a797ab37f6b2866c6eaac4ba8ba6","messageTitle":"Update DatePlayedTest and GameEntryTest","messageBody":"","fileTypesAndContributionMap":{"test-code":{"insertions":124,"deletions":31}}},{"hash":"c110a5e1147dcaa304dcf111170024ae841c9339","messageTitle":"Rename variables","messageBody":"","fileTypesAndContributionMap":{"functional-code":{"insertions":7,"deletions":7}}},{"hash":"446c198c2b98b9180072e5572be6cd0b52b473b1","messageTitle":"Add testuril.TestUtil","messageBody":"","fileTypesAndContributionMap":{"test-code":{"insertions":56,"deletions":0}}},{"hash":"3132e8774f8bb65efe7680769c52c13a308f68fe","messageTitle":"Add more typical GameEntry objects and rename variables","messageBody":"","fileTypesAndContributionMap":{"test-code":{"insertions":53,"deletions":55}}},{"hash":"81e0940e523a9244ede88da389b2a93764b41a26","messageTitle":"Remove unnecessary classes","messageBody":"","fileTypesAndContributionMap":{"test-code":{"insertions":2,"deletions":445}}}]},{"date":"2021-10-12","commitResults":[{"hash":"88e66041636fa1753c7e72ae9603048ff1c4c586","messageTitle":"Update isSameGameEntry method","messageBody":"GameEntry objects are considered to share the same identity if they are of the same gameType and share the same date and time.\nGameEntry objects without their time indicated never have the same identity as any other GameEntry besides itself.\n","fileTypesAndContributionMap":{"functional-code":{"insertions":6,"deletions":2}}},{"hash":"50e48c0018c9e764d823c34ddeffba3f42c046f5","messageTitle":"Add GameBookTest","messageBody":"","fileTypesAndContributionMap":{"test-code":{"insertions":125,"deletions":0}}},{"hash":"8eecea2859d5873589df14563881ca27ef38e40f","messageTitle":"Change default Date to fixed Date","messageBody":"","fileTypesAndContributionMap":{"test-code":{"insertions":1,"deletions":1}}},{"hash":"39d25419e57eb9bed45920375d4f2c928de23d97","messageTitle":"Update gameentry related tests","messageBody":"","fileTypesAndContributionMap":{"test-code":{"insertions":51,"deletions":39}}},{"hash":"7597e4e8be7f6a8bf5b18540d77d26e96214e2c6","messageTitle":"Fix bugs","messageBody":"DatePlayed: Change to 24h format when printing time\nGameEntry: Require non-null value in constructor\nGameType: Fix check for whether input string contains whitespaces only\n","fileTypesAndContributionMap":{"functional-code":{"insertions":16,"deletions":5}}},{"hash":"f9c4a6780e359edc99eea6a2b5e3fe30e031e0f8","messageTitle":"Rename getter to match variable names","messageBody":"","fileTypesAndContributionMap":{"functional-code":{"insertions":4,"deletions":4}}},{"hash":"8c9c1ffcc3452d27f6d883610d1c20e6a3c75730","messageTitle":"Change identity checker to GameEntry#isSameGameEntry","messageBody":"","fileTypesAndContributionMap":{"functional-code":{"insertions":1,"deletions":1}}},{"hash":"bd02cc38e493420f1ec0dbaae6c46475707dc868","messageTitle":"Update model unit tests","messageBody":"","fileTypesAndContributionMap":{"test-code":{"insertions":24,"deletions":24}}},{"hash":"71af95c2ef8f9495de58865b7733e9acf472ecc8","messageTitle":"Fix sample data","messageBody":"","fileTypesAndContributionMap":{"functional-code":{"insertions":7,"deletions":4}}},{"hash":"d7c7fc754c9c2e949b90a77f1c3ed6b7342e8ffe","messageTitle":"Rename variables","messageBody":"","fileTypesAndContributionMap":{"test-code":{"insertions":4,"deletions":4}}},{"hash":"9051512156a370a418ecbf17a1602ddde47fde8c","messageTitle":"Remove unnecessary classes","messageBody":"","fileTypesAndContributionMap":{"test-code":{"insertions":0,"deletions":232}}}]},{"date":"2021-10-13","commitResults":[{"hash":"b1b087b0ba995f1589d14690e9f207f637428727","messageTitle":"Fix bug with wrong expectedGameEntry","messageBody":"","fileTypesAndContributionMap":{"test-code":{"insertions":6,"deletions":2}}},{"hash":"92413e95d5bb42dbb29a7fcbd9c5a88547ffbe36","messageTitle":"Add checkstyle","messageBody":"","fileTypesAndContributionMap":{"other":{"insertions":0,"deletions":1}}},{"hash":"f94ee1c8b824154549edfb196a32dc14a811cf84","messageTitle":"Fix checkstyle issues","messageBody":"","fileTypesAndContributionMap":{"functional-code":{"insertions":4,"deletions":1},"test-code":{"insertions":15,"deletions":16}}}]},{"date":"2021-10-18","commitResults":[{"hash":"a0476d6672fc28b6ff609f854d0dc59f76e677c5","messageTitle":"Update gameentry exceptions","messageBody":"","fileTypesAndContributionMap":{"functional-code":{"insertions":10,"deletions":1}}},{"hash":"29e3213e5372935115e3ceba8ff02c30d3663b55","messageTitle":"Add string constructor for DatePlayed","messageBody":"","fileTypesAndContributionMap":{"functional-code":{"insertions":84,"deletions":31}}},{"hash":"2de61591510e5e2fa8890773638bc1b47c511007","messageTitle":"Remove redundant constructors","messageBody":"","fileTypesAndContributionMap":{"functional-code":{"insertions":9,"deletions":35}}},{"hash":"5a98752cbea102960004295d20f7c7bf658fe2f5","messageTitle":"Update tests with new DatePlayed constructor","messageBody":"","fileTypesAndContributionMap":{"test-code":{"insertions":123,"deletions":135}}},{"hash":"68c9ce89f07bc6d4a1daad169a6771003bc3fedd","messageTitle":"Add validity checker and remove redundant constructor","messageBody":"","fileTypesAndContributionMap":{"functional-code":{"insertions":18,"deletions":14}}},{"hash":"fb9b118c87114db473df49d71edd34db77d0264d","messageTitle":"Remove InvalidDateFormatException class","messageBody":"","fileTypesAndContributionMap":{"functional-code":{"insertions":6,"deletions":13},"test-code":{"insertions":22,"deletions":23}}},{"hash":"5dcced19a47b35734e72468a10f4b79730d60d92","messageTitle":"Add wrapper classes","messageBody":"","fileTypesAndContributionMap":{"functional-code":{"insertions":230,"deletions":16}}},{"hash":"d5271ad8ceb44860dcdd2034329b8b3e7bed362b","messageTitle":"Fix checkstyle issues","messageBody":"","fileTypesAndContributionMap":{"test-code":{"insertions":0,"deletions":2}}},{"hash":"f92e9abee1b92ef7622e7e9805204c6dbbac6da7","messageTitle":"Fix bugs in GameEntry#toString method","messageBody":"","fileTypesAndContributionMap":{"functional-code":{"insertions":5,"deletions":5},"test-code":{"insertions":1,"deletions":1}}}]},{"date":"2021-10-19","commitResults":[{"hash":"16352b106c3aae3362497cfb359ee8a120d7ecc2","messageTitle":"Add validity checking in constructors","messageBody":"","fileTypesAndContributionMap":{"functional-code":{"insertions":37,"deletions":16}}}]},{"date":"2021-10-20","commitResults":[{"hash":"675380fdb548d48aa57c0212082ef117b0bfd27c","messageTitle":"Shorten argument flags","messageBody":"","fileTypesAndContributionMap":{"functional-code":{"insertions":5,"deletions":5}}},{"hash":"16ee8b170f9b02ddc90bdfe54d329250d2670aba","messageTitle":"Add isValid method and constraint messages","messageBody":"","fileTypesAndContributionMap":{"functional-code":{"insertions":16,"deletions":13}}},{"hash":"a03886736ad66e4cf4bb9eb99c77d560ebecd79b","messageTitle":"Add new constructors for primitive/wrapper classes","messageBody":"","fileTypesAndContributionMap":{"functional-code":{"insertions":41,"deletions":8}}},{"hash":"79ec5288b6d2fd46fd886939b98cd802d9f227d9","messageTitle":"Update classes to use model wrapper classes instead of primitive/primitive wrappers","messageBody":"","fileTypesAndContributionMap":{"functional-code":{"insertions":98,"deletions":83},"test-code":{"insertions":1,"deletions":1}}},{"hash":"49ad85e6dd012e08515ec39b7beaf51cb301926a","messageTitle":"Update constraint messages","messageBody":"","fileTypesAndContributionMap":{"functional-code":{"insertions":10,"deletions":7}}},{"hash":"00b114966484c2e6b0b82685ddc2f3ccf1eb4755","messageTitle":"Update duration toString method","messageBody":"","fileTypesAndContributionMap":{"functional-code":{"insertions":3,"deletions":2}}},{"hash":"2c0fb46bb51af930e26a470a0cc1c40b678b86a1","messageTitle":"Remove coupling to toString method of Duration","messageBody":"","fileTypesAndContributionMap":{"functional-code":{"insertions":1,"deletions":1}}},{"hash":"a4b925cd1e54e7ebb47d7403a4b13ed5328f923b","messageTitle":"Fix bugs in parsing duration","messageBody":"","fileTypesAndContributionMap":{"functional-code":{"insertions":6,"deletions":5}}},{"hash":"8238822e658f0e394b653d38935bab77f859b9ce","messageTitle":"Update test classes","messageBody":"","fileTypesAndContributionMap":{"test-code":{"insertions":33,"deletions":34}}}]},{"date":"2021-10-21","commitResults":[{"hash":"dd694679df8ca499e8b6165a3c90838e1ada7721","messageTitle":"Change to GameEntry string constructor","messageBody":"","fileTypesAndContributionMap":{"functional-code":{"insertions":38,"deletions":40}}},{"hash":"a6e247ea7f7ab2c17c4533e15f9633e493be4e1a","messageTitle":"Remove references to deprecated GameEntry constructor","messageBody":"","fileTypesAndContributionMap":{"functional-code":{"insertions":10,"deletions":0},"test-code":{"insertions":63,"deletions":52}}},{"hash":"275db768b81383516826d2e0d759f2025ae61b68","messageTitle":"Remove deprecated constructor","messageBody":"","fileTypesAndContributionMap":{"functional-code":{"insertions":0,"deletions":31}}},{"hash":"0ef55ed3ae1fc4b5db27b76b7d5aab2da6a044b2","messageTitle":"Update Model UML diagram","messageBody":"","fileTypesAndContributionMap":{"docs":{"insertions":33,"deletions":24}}}]},{"date":"2021-10-22","commitResults":[{"hash":"c3541ca4d52b03d9c6df9ac497444f65e6ef1dc7","messageTitle":"Edit description of Model","messageBody":"","fileTypesAndContributionMap":{"docs":{"insertions":10,"deletions":9}}},{"hash":"d7ef7dcceb8aa2e3db3a040a7442b78d4600ff00","messageTitle":"Update DG with edit feature","messageBody":"","fileTypesAndContributionMap":{"docs":{"insertions":29,"deletions":4}}},{"hash":"5f2c4159a95d14a3951abe76a48c4d27c1665e97","messageTitle":"Add uml diagram for edit feature","messageBody":"","fileTypesAndContributionMap":{"docs":{"insertions":69,"deletions":0}}},{"hash":"5ddf41d0b261a6074a24205ee955b6584c928296","messageTitle":"Change formatting of steps in dg","messageBody":"","fileTypesAndContributionMap":{"docs":{"insertions":11,"deletions":11}}},{"hash":"4e150f237db57a59d30cbd0f0b3b0c76e4938e85","messageTitle":"Add newline at eof","messageBody":"","fileTypesAndContributionMap":{"docs":{"insertions":1,"deletions":1}}}]},{"date":"2021-10-23","commitResults":[{"hash":"c1f2bc56360736bf78d21a5232e61ef4d05aca1c","messageTitle":"Update toString method of Duration","messageBody":"","fileTypesAndContributionMap":{"functional-code":{"insertions":9,"deletions":9},"test-code":{"insertions":4,"deletions":4}}},{"hash":"85e694c17d4f4315282051c92dfddecfa570fc5e","messageTitle":"Update gameentry toString method","messageBody":"","fileTypesAndContributionMap":{"functional-code":{"insertions":7,"deletions":7}}},{"hash":"7918c390d991a854e82930ea704399d5c66be3b8","messageTitle":"Fix UI bug","messageBody":"","fileTypesAndContributionMap":{"functional-code":{"insertions":28,"deletions":7}}}]},{"date":"2021-10-26","commitResults":[{"hash":"97f256ff05e4fcfdd6869077e57d512ad459057f","messageTitle":"Add notes about format of flags","messageBody":"","fileTypesAndContributionMap":{"docs":{"insertions":14,"deletions":1}}}]}],"dannylty":[{"date":"2021-09-22","commitResults":[{"hash":"25e8b17f5d8a28766169662431e65c3378320752","messageTitle":"Update AboutUs and UserGuide","messageBody":"","fileTypesAndContributionMap":{"docs":{"insertions":11,"deletions":9}}}]},{"date":"2021-09-28","commitResults":[{"hash":"7834856f548b523b0f37db101524cd4f0617032d","messageTitle":"Update about us","messageBody":"","fileTypesAndContributionMap":{"docs":{"insertions":2,"deletions":1}}}]},{"date":"2021-10-03","commitResults":[{"hash":"6e29adcc6cbf3708a8368257c0d9a409260d2a43","messageTitle":"Change add and edit commands","messageBody":"","fileTypesAndContributionMap":{"functional-code":{"insertions":34,"deletions":32}}},{"hash":"142c600b25d8a64eaaf0507fd36f478f4f83a9ec","messageTitle":"Change edit command","messageBody":"","fileTypesAndContributionMap":{"functional-code":{"insertions":121,"deletions":87}}}]},{"date":"2021-10-04","commitResults":[{"hash":"68d0e21680e8d4178c418e9e5e395a6caaba261a","messageTitle":"Change delete command","messageBody":"","fileTypesAndContributionMap":{"functional-code":{"insertions":12,"deletions":10}}},{"hash":"1a631a5f984d22cca89729a59fc2cbb435d33a0f","messageTitle":"Fix unchanged person word from add and edit command","messageBody":"","fileTypesAndContributionMap":{"functional-code":{"insertions":6,"deletions":6}}},{"hash":"0060f3fbf18b9b9a75e1f9dfb553839da56a9dc1","messageTitle":"Change exit command","messageBody":"","fileTypesAndContributionMap":{"functional-code":{"insertions":2,"deletions":2}}},{"hash":"a2dc132f1e3c4a3a717916261f9c018aaaba1d48","messageTitle":"Change list command","messageBody":"","fileTypesAndContributionMap":{"functional-code":{"insertions":3,"deletions":3}}}]},{"date":"2021-10-08","commitResults":[{"hash":"b385ca09fe1b95801113198b019d5e5445177092","messageTitle":"Remove / from command word","messageBody":"","fileTypesAndContributionMap":{"functional-code":{"insertions":5,"deletions":5}}},{"hash":"c5aec09d9f7fb5401c2f50b20c0f6a3f4f63048b","messageTitle":"Fix date format bug","messageBody":"","fileTypesAndContributionMap":{"functional-code":{"insertions":1,"deletions":1}}},{"hash":"6acf787311a87eb729c8d36c71bc28b6bd5e47a3","messageTitle":"Edit careless errors in add","messageBody":"","fileTypesAndContributionMap":{"functional-code":{"insertions":8,"deletions":3}}},{"hash":"e5be03f23f7ad5aa645c1f7367bc8ceedc0f169d","messageTitle":"Fix prefix gap problem under command MESSAGE_USAGE","messageBody":"","fileTypesAndContributionMap":{"functional-code":{"insertions":1,"deletions":1}}},{"hash":"b7c1bca3486a0adc0a6095f1cf704774c0deaa36","messageTitle":"Change command helper messages to match UG","messageBody":"","fileTypesAndContributionMap":{"functional-code":{"insertions":11,"deletions":11}}}]},{"date":"2021-10-09","commitResults":[{"hash":"8582646c5f2bab12157468ed4c2e31aaf4a83e17","messageTitle":"Change add command test model stubs","messageBody":"","fileTypesAndContributionMap":{"functional-code":{"insertions":1,"deletions":1},"test-code":{"insertions":31,"deletions":31}}},{"hash":"682bef1fa04c99a4d5aba2deb2582a14fb614a46","messageTitle":"Edited add command tests","messageBody":"","fileTypesAndContributionMap":{"test-code":{"insertions":25,"deletions":22}}},{"hash":"c0ebfbb845d426a5b6e98a5fa448630860c0cf49","messageTitle":"Change TypicalGameEntries","messageBody":"","fileTypesAndContributionMap":{"test-code":{"insertions":119,"deletions":76}}},{"hash":"a8a984d2376a6d483fa2369752e530f6061e0625","messageTitle":"Catch exceptions in GameEntryBuilder internally","messageBody":"GameEntryBuilder is used as a testing utility class to create GameEntry objects.\n\nThere should not be exceptions when using this class because it is invoked by the programmer to create test case objects.\n\nLet\u0027s handle exceptions internally to remove the need to catch when using it to build test classes and cases.\n","fileTypesAndContributionMap":{"test-code":{"insertions":12,"deletions":11}}},{"hash":"8d0e017ecca3a55ab11c436278d1a6d380c9d7a6","messageTitle":"Edit TypicalGameEntries","messageBody":"","fileTypesAndContributionMap":{"test-code":{"insertions":45,"deletions":64}}}]},{"date":"2021-10-10","commitResults":[{"hash":"0cb5cddd3787a1bf78aa2f31f872bbc68c22e912","messageTitle":"Change clear command test","messageBody":"","fileTypesAndContributionMap":{"test-code":{"insertions":7,"deletions":7}}},{"hash":"4eb4124db33e3248d87e2e458d41e956d8f6fd36","messageTitle":"Edit command tests except edit command","messageBody":"","fileTypesAndContributionMap":{"functional-code":{"insertions":5,"deletions":5},"test-code":{"insertions":43,"deletions":37}}}]},{"date":"2021-10-12","commitResults":[{"hash":"7c827f2740be3b1c098d5a0e66a8817ef513e4a0","messageTitle":"Change CommandTestUtil and AddCommandIntegrationTest","messageBody":"","fileTypesAndContributionMap":{"functional-code":{"insertions":1,"deletions":1},"test-code":{"insertions":76,"deletions":75}}},{"hash":"617b2b5a9364b019408988f81f2eac6598b23d99","messageTitle":"Update ModelManager.java","messageBody":"","fileTypesAndContributionMap":{"functional-code":{"insertions":1,"deletions":1}}},{"hash":"62be81618899b0ea8b43c2d5b2ab74b479425773","messageTitle":"Update src/test/java/seedu/address/logic/commands/AddCommandIntegrationTest.java","messageBody":"Co-authored-by: Huang Ching \u003c69393414+chingh20@users.noreply.github.com\u003e","fileTypesAndContributionMap":{"test-code":{"insertions":1,"deletions":1}}},{"hash":"5a36318dfd64924e7f98adb596834dfc9c266d9d","messageTitle":"Update src/test/java/seedu/address/logic/commands/AddCommandIntegrationTest.java","messageBody":"This is commented out and will likely be removed but I\u0027ll change this first.\n\nCo-authored-by: Huang Ching \u003c69393414+chingh20@users.noreply.github.com\u003e","fileTypesAndContributionMap":{"test-code":{"insertions":1,"deletions":1}}},{"hash":"6f32246b216d17a43a6abbed66023f11d435d727","messageTitle":"Fix checkstyle and other minor bugs","messageBody":"","fileTypesAndContributionMap":{"functional-code":{"insertions":76,"deletions":48},"test-code":{"insertions":79,"deletions":79}}},{"hash":"dfcebed77d5a2ef152d43e50911889fb6b4f6a0d","messageTitle":"Change edit command test halfway","messageBody":"","fileTypesAndContributionMap":{"test-code":{"insertions":5,"deletions":3}}},{"hash":"5c0227942043becffa9422d22b64129e3f144945","messageTitle":"Merge conflicts","messageBody":"","fileTypesAndContributionMap":{"functional-code":{"insertions":5,"deletions":21}}},{"hash":"f6101a7edf46f28b89d14db60529532517133457","messageTitle":"Fix merge conflicts","messageBody":"","fileTypesAndContributionMap":{"functional-code":{"insertions":0,"deletions":19}}},{"hash":"c058f0e61e0ed35d5a0f9d3a5c53c82f9ba8343c","messageTitle":"Recover EditPersonDescriptorTest","messageBody":"","fileTypesAndContributionMap":{"test-code":{"insertions":57,"deletions":0}}},{"hash":"809512de0ed33c380156c3ac5c7fe7c42cae85ea","messageTitle":"Change EditGameEntryDescriptor gameType field to String","messageBody":"","fileTypesAndContributionMap":{"functional-code":{"insertions":1,"deletions":1}}},{"hash":"4e85c7f1dce712cd3e2fadcf554552f9b86de823","messageTitle":"Remove edit command tests temporarily","messageBody":"","fileTypesAndContributionMap":{"test-code":{"insertions":18,"deletions":8}}},{"hash":"4802b78d8429cc38c7aea271b8224a8fa0ddaefd","messageTitle":"Remove edit command parser test temporarily","messageBody":"","fileTypesAndContributionMap":{"test-code":{"insertions":2,"deletions":0}}},{"hash":"84d8698a4689f3d0a2a6c3bbc83e4e7d1a80f19c","messageTitle":"Finish second round of checkstyle fix","messageBody":"","fileTypesAndContributionMap":{"functional-code":{"insertions":15,"deletions":16},"other":{"insertions":1,"deletions":0}}}]},{"date":"2021-10-20","commitResults":[{"hash":"48e37576089bfebcb078115b8906ccd27c9301c9","messageTitle":"Add TokenizerException and handling","messageBody":"","fileTypesAndContributionMap":{"functional-code":{"insertions":48,"deletions":10},"test-code":{"insertions":14,"deletions":2}}},{"hash":"ca428d1425d48134e6858fbdc2fe4e3bd2f78610","messageTitle":"Edit tests for tokenizer rule change","messageBody":"","fileTypesAndContributionMap":{"functional-code":{"insertions":33,"deletions":30},"test-code":{"insertions":59,"deletions":70}}},{"hash":"17a08cab0181dccc69f19a9857ac3c3e48eb728f","messageTitle":"Fix small method signature typo","messageBody":"","fileTypesAndContributionMap":{"functional-code":{"insertions":1,"deletions":1},"test-code":{"insertions":0,"deletions":1}}}]},{"date":"2021-10-21","commitResults":[{"hash":"594812e62244d64320b2fad2ab22b7c6fa789c69","messageTitle":"Change up tag processing in EditCommandParser and related components","messageBody":"","fileTypesAndContributionMap":{"functional-code":{"insertions":20,"deletions":7},"test-code":{"insertions":2,"deletions":1}}},{"hash":"a88de9e05db7eca82e20d77769bb3fae935e48d9","messageTitle":"Fix testing bugs wrt tags","messageBody":"","fileTypesAndContributionMap":{"functional-code":{"insertions":13,"deletions":2},"test-code":{"insertions":11,"deletions":5}}},{"hash":"6c59d1dedb1cdcc142636e5a09095db0ce6fe7d2","messageTitle":"Fix random System.out.println lying around","messageBody":"","fileTypesAndContributionMap":{"test-code":{"insertions":1,"deletions":5}}},{"hash":"074a92091e74c93a923126b48f4ed5d7e85cee6c","messageTitle":"Add assertions to gradle","messageBody":"","fileTypesAndContributionMap":{"other":{"insertions":4,"deletions":0}}}]},{"date":"2021-10-22","commitResults":[{"hash":"1a8e72294227f6a433e81d996c638f2f29654599","messageTitle":"Some address to word changes","messageBody":"","fileTypesAndContributionMap":{"docs":{"insertions":19,"deletions":19}}},{"hash":"b94a8abbae56e067eda92dd8fd7d0dcf4fb671e4","messageTitle":"Update delete sequence diagram","messageBody":"","fileTypesAndContributionMap":{"docs":{"insertions":11,"deletions":11}}},{"hash":"49682d775399b7b75a759eabad7b0ee152c7f8e3","messageTitle":"Make skeleton for find under implementation","messageBody":"","fileTypesAndContributionMap":{"docs":{"insertions":3,"deletions":0}}},{"hash":"3503d7c4192b1bd956d23b1a6e811827ce34f9c4","messageTitle":"Create corpus method and predicate for implementing find","messageBody":"","fileTypesAndContributionMap":{"functional-code":{"insertions":87,"deletions":42}}},{"hash":"e0d6faa0bc2922154b55d172e8518bde36fdc534","messageTitle":"Add FindCommand","messageBody":"","fileTypesAndContributionMap":{"functional-code":{"insertions":10,"deletions":10}}},{"hash":"21ae7fd0b16deb2690911d56e25f4c7311073ecb","messageTitle":"Create find command parser and link with parser module","messageBody":"","fileTypesAndContributionMap":{"functional-code":{"insertions":39,"deletions":0}}},{"hash":"1535808bb5ed46492ea304f34908b5ec2c284d00","messageTitle":"Fix bug with searching by tag","messageBody":"","fileTypesAndContributionMap":{"functional-code":{"insertions":10,"deletions":3}}},{"hash":"feb03de9cb48ed1741257013307586a5d069ee5a","messageTitle":"Comment on code quality","messageBody":"","fileTypesAndContributionMap":{"functional-code":{"insertions":1,"deletions":0}}},{"hash":"0c23d271f942975cdb88ad05003a513b16d785c7","messageTitle":"Remove find","messageBody":"","fileTypesAndContributionMap":{"docs":{"insertions":0,"deletions":4}}},{"hash":"b401880518ba0002835806598b17afa3abeacd23","messageTitle":"Editing parserutil","messageBody":"","fileTypesAndContributionMap":{"functional-code":{"insertions":19,"deletions":3}}},{"hash":"81b9db18ae17cccda6fa5881792b805227f8b87a","messageTitle":"Merge with model changes","messageBody":"","fileTypesAndContributionMap":{"functional-code":{"insertions":1,"deletions":4}}},{"hash":"98219682d32bee926b761711b15a6575551f662c","messageTitle":"Change parserutil exceptions to IllegalArgumentException so streams can be used","messageBody":"","fileTypesAndContributionMap":{"functional-code":{"insertions":22,"deletions":18}}},{"hash":"89dbb9db24587f3b82f30100b800f41674ec36b3","messageTitle":"Fix some merge conflicts","messageBody":"","fileTypesAndContributionMap":{"functional-code":{"insertions":108,"deletions":23},"test-code":{"insertions":2,"deletions":2}}},{"hash":"d5a8fce353a94d2255415381991825b6529e0c1b","messageTitle":"Change AddCommandParser to use default static empty objects","messageBody":"","fileTypesAndContributionMap":{"functional-code":{"insertions":35,"deletions":14}}},{"hash":"e878bb71fb340ceb633c40adaf479b5b645d3630","messageTitle":"Add checking of gametype and endamount in gameentry constructor","messageBody":"","fileTypesAndContributionMap":{"functional-code":{"insertions":4,"deletions":1}}},{"hash":"847399a64f789a0617751d88522309ca4ac31a3f","messageTitle":"Fix all compile issues, prepare to change testutils","messageBody":"","fileTypesAndContributionMap":{"functional-code":{"insertions":6,"deletions":8},"test-code":{"insertions":2,"deletions":1}}},{"hash":"3c588c24654400819c26c1a73e053b5bdb5cb1d8","messageTitle":"Update gameentrybuilder to match model changes","messageBody":"","fileTypesAndContributionMap":{"functional-code":{"insertions":1,"deletions":1},"test-code":{"insertions":39,"deletions":42}}},{"hash":"0ab7c0d0196f0d18ae60761ab60bbd495272e46b","messageTitle":"Add default tags to gameentrybuilder","messageBody":"","fileTypesAndContributionMap":{"test-code":{"insertions":2,"deletions":2}}},{"hash":"fcf399efaf2740d1b16704da64360402556fd467","messageTitle":"Fix merge issues","messageBody":"","fileTypesAndContributionMap":{"functional-code":{"insertions":2,"deletions":1}}},{"hash":"d9fec6bcbc67e34a2077d72075b176ff0c55fd94","messageTitle":"Remove check for argument validity in parser","messageBody":"","fileTypesAndContributionMap":{"functional-code":{"insertions":1,"deletions":2}}},{"hash":"686179be91975827b03e0235c03a655e002f8846","messageTitle":"Fix AddCommandParserTest","messageBody":"","fileTypesAndContributionMap":{"functional-code":{"insertions":18,"deletions":4},"test-code":{"insertions":43,"deletions":22}}},{"hash":"53fa3a8d0e9954240c649ff33dc2e7b43071b196","messageTitle":"Use subclasses for ParserTestUtil","messageBody":"","fileTypesAndContributionMap":{"test-code":{"insertions":31,"deletions":41}}},{"hash":"e26e4b4bbdbbf62f1dae224e3499ce85c27ac847","messageTitle":"Fix everything to compile","messageBody":"","fileTypesAndContributionMap":{"test-code":{"insertions":2,"deletions":4}}},{"hash":"ac184e826373f2363916dc0c25038be59ba0dd9c","messageTitle":"Edit ParserTestUtil constructor to take in subclass objects","messageBody":"","fileTypesAndContributionMap":{"test-code":{"insertions":14,"deletions":16}}},{"hash":"2ceae871aa7b4ffdabcc8b1111e194160ebca7bf","messageTitle":"Add toCommandString to model subclasses for use in ParserTestUtil","messageBody":"","fileTypesAndContributionMap":{"functional-code":{"insertions":39,"deletions":0},"test-code":{"insertions":25,"deletions":27}}}]},{"date":"2021-10-23","commitResults":[{"hash":"6d8e38a7f77198613333edfe02bdbf9e04170fd6","messageTitle":"Fix all test cases","messageBody":"","fileTypesAndContributionMap":{"functional-code":{"insertions":17,"deletions":10},"test-code":{"insertions":13,"deletions":11}}},{"hash":"07acc2b4746d1e83ac0ec032729399767e07222f","messageTitle":"Update UG from other team comments","messageBody":"","fileTypesAndContributionMap":{"docs":{"insertions":16,"deletions":16}}}]},{"date":"2021-10-24","commitResults":[{"hash":"bc9944433a271bbc4f8af0f995ed57ad05f67ada","messageTitle":"Fix test fail","messageBody":"","fileTypesAndContributionMap":{"functional-code":{"insertions":0,"deletions":3},"test-code":{"insertions":2,"deletions":2}}},{"hash":"7d9f39d862c854b01dac22fc8c4854aaa2bec964","messageTitle":"Make changes following PR comments","messageBody":"","fileTypesAndContributionMap":{"functional-code":{"insertions":3,"deletions":3}}}]},{"date":"2021-10-25","commitResults":[{"hash":"11ac09fa9c1a83cc94b822adb290fb4180aa071c","messageTitle":"Fix remnant issues from merging","messageBody":"","fileTypesAndContributionMap":{"functional-code":{"insertions":2,"deletions":20}}},{"hash":"6ffb4d870f13d1c0812306c740a2ab48d53df04d","messageTitle":"Fix tests","messageBody":"","fileTypesAndContributionMap":{"functional-code":{"insertions":12,"deletions":13},"test-code":{"insertions":50,"deletions":42}}}]},{"date":"2021-10-26","commitResults":[{"hash":"03905844a2e0de07f12589492cd4aada04782deb","messageTitle":"Update src/main/java/seedu/address/model/gameentry/DatePlayed.java","messageBody":"Co-authored-by: Yeo Zhi Long \u003c44795294+yzhilong@users.noreply.github.com\u003e","fileTypesAndContributionMap":{"functional-code":{"insertions":1,"deletions":1}}},{"hash":"49d3553bb8bfa7e8dd7f91815858dc49abff2da4","messageTitle":"Fix edit command w.r.t. tags","messageBody":"","fileTypesAndContributionMap":{"functional-code":{"insertions":2,"deletions":18}}},{"hash":"b79eb9c36a1095237813f28f91419d94ca1b2600","messageTitle":"Remove unused imports","messageBody":"","fileTypesAndContributionMap":{"functional-code":{"insertions":0,"deletions":6}}},{"hash":"692195f63a07341bc3f66f649633cab8f04db8b2","messageTitle":"Fix find","messageBody":"","fileTypesAndContributionMap":{"functional-code":{"insertions":8,"deletions":6},"test-code":{"insertions":0,"deletions":1}}},{"hash":"cd5be33b584e601be2b51e96d534a745ebcad713","messageTitle":"Fix toCommandString of Amount","messageBody":"","fileTypesAndContributionMap":{"functional-code":{"insertions":1,"deletions":1}}}]}],"chingh20":[{"date":"2021-09-22","commitResults":[{"hash":"29511160d6191a01f64ace4cc6a866726172fc84","messageTitle":"Edit README","messageBody":"","fileTypesAndContributionMap":{"docs":{"insertions":16,"deletions":11}}},{"hash":"49a76895f1364c10e4deb0874abbfb4636d0bec0","messageTitle":"Edit ReadMe","messageBody":"","fileTypesAndContributionMap":{"docs":{"insertions":4,"deletions":4}}},{"hash":"40bb2165e045d98795b4b46c45e28e8490f5d87d","messageTitle":"Edit ReadMe","messageBody":"","fileTypesAndContributionMap":{"docs":{"insertions":3,"deletions":4}}},{"hash":"1c2dc812a456facf6f5ebef0b698e32d82c6b4c1","messageTitle":"Update AboutUs and set portfolio page","messageBody":"","fileTypesAndContributionMap":{"docs":{"insertions":6,"deletions":5}}},{"hash":"858b251512cb799d5dfae9e65998419c0c199e18","messageTitle":"Add empty line at EOF","messageBody":"","fileTypesAndContributionMap":{"docs":{"insertions":1,"deletions":1}}}]},{"date":"2021-09-30","commitResults":[{"hash":"234986024d03852a24d44a7339f60cdbd2315c84","messageTitle":"Adapt and add new methods in AddCommandParser and ParserUtil to fit Game Book","messageBody":"","fileTypesAndContributionMap":{"functional-code":{"insertions":135,"deletions":58}}},{"hash":"f6e6b6b517f91694492d40123483788595d9b3c5","messageTitle":"Modify EditCommandParser and LogicManager to fit GameBook","messageBody":"EditGameEntryDescriptor is used in place of EditPersonDescriptor\n    in EditCommandParser for creating new GameEntry object in EditCommand.\n","fileTypesAndContributionMap":{"functional-code":{"insertions":53,"deletions":83},"other":{"insertions":1,"deletions":4},"test-code":{"insertions":1,"deletions":1}}}]},{"date":"2021-10-01","commitResults":[{"hash":"ae20ba32c66d353bea8133038d4a7babd600b821","messageTitle":"Extract setEditGameEntryDescriptor method to reduce method length","messageBody":"","fileTypesAndContributionMap":{"functional-code":{"insertions":10,"deletions":6}}}]},{"date":"2021-10-05","commitResults":[{"hash":"f8bd03184ea4f8ebbf034d17dc90cf36133c8081","messageTitle":"Fix bugs","messageBody":"","fileTypesAndContributionMap":{"functional-code":{"insertions":21,"deletions":19},"test-code":{"insertions":4,"deletions":8}}},{"hash":"d076afc00001389ac8cb87891499e8665b1467c5","messageTitle":"Add GameEntryUtil class for testing","messageBody":"","fileTypesAndContributionMap":{"other":{"insertions":16,"deletions":24},"test-code":{"insertions":94,"deletions":122}}},{"hash":"ec20dc723749d7bfa0cda6ddbc69b22764c138bf","messageTitle":"Add GameEntryBuilder class for testing","messageBody":"","fileTypesAndContributionMap":{"test-code":{"insertions":234,"deletions":150}}},{"hash":"3626d53339a7224af4e77ac0c6602e0bd171aed2","messageTitle":"Update ParserUtilTest to fit GameBook","messageBody":"","fileTypesAndContributionMap":{"functional-code":{"insertions":0,"deletions":1},"test-code":{"insertions":105,"deletions":60}}}]},{"date":"2021-10-06","commitResults":[{"hash":"cc85bd90cb8ea1616d9046f84beba1a89650a4de","messageTitle":"Update parser java unit tests","messageBody":"","fileTypesAndContributionMap":{"functional-code":{"insertions":17,"deletions":17},"test-code":{"insertions":344,"deletions":209}}},{"hash":"355a9c05a8626594665a130e5679b7229eb4b086","messageTitle":"Fix syntax error bugs","messageBody":"","fileTypesAndContributionMap":{"functional-code":{"insertions":1,"deletions":1},"test-code":{"insertions":1,"deletions":2}}},{"hash":"c53d3a4ab016fb3d2a57f710cee06617826fc1f7","messageTitle":"Reorder import statements","messageBody":"","fileTypesAndContributionMap":{"test-code":{"insertions":7,"deletions":15}}},{"hash":"1a4f99a9811ee9be06ed5d3d0942797a919ed669","messageTitle":"Fix merge conflict conflicts that were overlooked and minor bugs in ParserUtil Class","messageBody":"","fileTypesAndContributionMap":{"functional-code":{"insertions":1,"deletions":1},"test-code":{"insertions":55,"deletions":65}}}]},{"date":"2021-10-08","commitResults":[{"hash":"c1a9e3050980004e8eec40f3f992d49280294e84","messageTitle":"UserGuide: remove slash in front of command and change name to game","messageBody":"","fileTypesAndContributionMap":{"docs":{"insertions":32,"deletions":32},"test-code":{"insertions":1,"deletions":1}}},{"hash":"0d4e357dc0ae85d44ca531bd0d5c108b06f5fb91","messageTitle":"Remove trailing whitespace","messageBody":"","fileTypesAndContributionMap":{"functional-code":{"insertions":1,"deletions":2}}}]},{"date":"2021-10-09","commitResults":[{"hash":"590f2d4236d36aba3d22d4ae748526da8b1933e4","messageTitle":"Fix small bugs in GameEntryUtil and add new sample games to CommandUtilTest","messageBody":"","fileTypesAndContributionMap":{"test-code":{"insertions":65,"deletions":45}}}]},{"date":"2021-10-10","commitResults":[{"hash":"779c5df18f6cc47d58e697f1a123ed6f5aa820c9","messageTitle":"Create EditGameEntryDescriptor class and fix CommandTestUtil","messageBody":"","fileTypesAndContributionMap":{"test-code":{"insertions":167,"deletions":64}}},{"hash":"4639c17b715273639452ab93abd2b3ec40d2db31","messageTitle":"Remove irrelevant variables in editGameEntryDescriptorBuilder","messageBody":"","fileTypesAndContributionMap":{"test-code":{"insertions":1,"deletions":13}}}]},{"date":"2021-10-11","commitResults":[{"hash":"d464336f378499d4446329b7ee2c2656d6e43489","messageTitle":"Create ParserTestUtil for constants used in parser testing","messageBody":"","fileTypesAndContributionMap":{"test-code":{"insertions":254,"deletions":253}}}]},{"date":"2021-10-12","commitResults":[{"hash":"a4a24136d84a25c07b0b691186596d98af851bdd","messageTitle":"Change method name in LogicManagerTest","messageBody":"Co-authored-by: dannylty \u003c63136392+dannylty@users.noreply.github.com\u003e","fileTypesAndContributionMap":{"test-code":{"insertions":1,"deletions":1}}},{"hash":"3b68374f6d9c981de6b8119b1169bfe41d0b2041","messageTitle":"Edit comment for EditGameEntryDescriptorBuilder","messageBody":"Co-authored-by: dannylty \u003c63136392+dannylty@users.noreply.github.com\u003e","fileTypesAndContributionMap":{"test-code":{"insertions":1,"deletions":1}}},{"hash":"da6df97070877f4040a4b750f5fa40a7c1535047","messageTitle":"Fix issues in Parser unit tests","messageBody":"Changed date of sample game entry in ParserTestUtil to include time\nbecause equals method in Game Entry always returns false for objects\nwithout specified time.\n\nMore test cases should be written for parsing different dates.\nMethods in EditGameEntryDescriptor should be change to accept strings.\n","fileTypesAndContributionMap":{"functional-code":{"insertions":1,"deletions":1},"test-code":{"insertions":38,"deletions":30}}},{"hash":"03e4021c6fd508f5a284e736a03e86fb6facd10e","messageTitle":"Remove trailing white spaces","messageBody":"","fileTypesAndContributionMap":{"test-code":{"insertions":1,"deletions":2}}},{"hash":"d5728d6cedba0007360914531e79194cce0b585e","messageTitle":"Add new line at EOF","messageBody":"","fileTypesAndContributionMap":{"test-code":{"insertions":5,"deletions":5}}}]},{"date":"2021-10-13","commitResults":[{"hash":"5cbeac2485c89c5d1f784f81609afc365e411651","messageTitle":"Modify GameEntryUtil getGameEntryDetails to return the correct string format of date","messageBody":"","fileTypesAndContributionMap":{"test-code":{"insertions":70,"deletions":16}}},{"hash":"eed96111f5552b4bf1093dbc9ca96163749c975b","messageTitle":"Comment out test in logicManagerTest","messageBody":"","fileTypesAndContributionMap":{"test-code":{"insertions":20,"deletions":20}}},{"hash":"f5dd162e966ebc745deeca213154895270b7c0a0","messageTitle":"Modify test case in LogicManagerTest","messageBody":"","fileTypesAndContributionMap":{"test-code":{"insertions":22,"deletions":22}}},{"hash":"21880582a758d24b37e16106eb467cf638a5543f","messageTitle":"Import classes individually","messageBody":"","fileTypesAndContributionMap":{"functional-code":{"insertions":4,"deletions":1}}},{"hash":"ab95cb12f879f3f883fc28e2f146487a9e3f7abb","messageTitle":"Use Calendar objects instead of Date objects to get time of DatePlayed objects","messageBody":"Java has deprecated methods getHours(), getMinutes() for Date objects.\n","fileTypesAndContributionMap":{"functional-code":{"insertions":15,"deletions":7}}},{"hash":"31aa57447e00a85befbac1fa22b80de83a246efc","messageTitle":"Add new line at EOF","messageBody":"","fileTypesAndContributionMap":{"test-code":{"insertions":3,"deletions":0}}},{"hash":"c24c4cc6e9f7c2133cf4a630b75967d2133b4831","messageTitle":"Add new line at EOF","messageBody":"","fileTypesAndContributionMap":{"test-code":{"insertions":3,"deletions":0}}},{"hash":"5f896b28c533fff49e00e9acaddfc7eaebe2f028","messageTitle":"Fix checkstyle issues in parser unit tests","messageBody":"","fileTypesAndContributionMap":{"other":{"insertions":0,"deletions":1},"test-code":{"insertions":180,"deletions":169}}}]},{"date":"2021-10-20","commitResults":[{"hash":"fec06f3de8330f4d9dbeff90f03273de6f0f71f9","messageTitle":"Change URL for help to the correct user guide","messageBody":"","fileTypesAndContributionMap":{"functional-code":{"insertions":2,"deletions":2},"other":{"insertions":4,"deletions":0}}},{"hash":"037510ae59fa55003d461c5e396c4399eedea59d","messageTitle":"Add profit argument to addCommandParser","messageBody":"","fileTypesAndContributionMap":{"functional-code":{"insertions":9,"deletions":5}}},{"hash":"8f6ff01272f118359ea3fd187e2963c63f3a42e1","messageTitle":"Allow arguments for help command","messageBody":"","fileTypesAndContributionMap":{"functional-code":{"insertions":97,"deletions":4}}},{"hash":"aab5e9e4ddb0cb1ef98af46bdb116caf068587b6","messageTitle":"Edit default help message","messageBody":"","fileTypesAndContributionMap":{"functional-code":{"insertions":3,"deletions":1}}},{"hash":"78d12164765553aaecb1bd99cd2c0aa7dd139c0f","messageTitle":"Edit default help message","messageBody":"","fileTypesAndContributionMap":{"functional-code":{"insertions":10,"deletions":4}}},{"hash":"98dec4c7f5c1660cfa05c5cdf901f9a7f51725cb","messageTitle":"Edit default help message","messageBody":"","fileTypesAndContributionMap":{"functional-code":{"insertions":1,"deletions":1}}},{"hash":"c3771189c4bd4f4eda6dd55b9350e23bde4bcbc1","messageTitle":"Add profit to parseEndAmount","messageBody":"","fileTypesAndContributionMap":{"functional-code":{"insertions":23,"deletions":11}}}]},{"date":"2021-10-21","commitResults":[{"hash":"5f4fafce4c8efc0fcce0369f806f5728a5305de1","messageTitle":"Change startAmount and endAmount in UI to profit","messageBody":"","fileTypesAndContributionMap":{"functional-code":{"insertions":18,"deletions":10},"test-code":{"insertions":5,"deletions":4}}},{"hash":"3bb56fc1d88d7bd9f69b5d67ce2eca339a9a679b","messageTitle":"Adjust UI","messageBody":"","fileTypesAndContributionMap":{"functional-code":{"insertions":1,"deletions":1}}},{"hash":"084a00d960e191d7cfd86dd4bea5eb16b4deeb6d","messageTitle":"Update clear command to ask for confirmation from the user","messageBody":"CommandWindow is created to show a pop up window for user confirmation.\nClearCommandParser is used to determine the type of ClearCommand to be created.\n\nA clear command from the user should not contain additional arguments, while\na clear command initiated by the app after user\u0027s confirmation should contain\nan extra identifiable argument.\n","fileTypesAndContributionMap":{"functional-code":{"insertions":234,"deletions":11},"test-code":{"insertions":2,"deletions":2}}},{"hash":"fd04a1c36a845b05926eab8319c063d7a360c816","messageTitle":"Change confirmation string for clear command","messageBody":"","fileTypesAndContributionMap":{"functional-code":{"insertions":11,"deletions":4}}},{"hash":"d9e04528ea3884d31f0d61daa21adae81295e168","messageTitle":"Fix checkstyle issues","messageBody":"","fileTypesAndContributionMap":{"functional-code":{"insertions":4,"deletions":6}}},{"hash":"660547b0278d2368a1a78abf60dcb51f1cf7fa43","messageTitle":"Fix issues in unit test cases","messageBody":"","fileTypesAndContributionMap":{"test-code":{"insertions":18,"deletions":10}}},{"hash":"14fb932efadcfca548f6c61b750e6554644363ff","messageTitle":"Fix typo in unit test","messageBody":"","fileTypesAndContributionMap":{"test-code":{"insertions":1,"deletions":1}}},{"hash":"cf239327b5d12ff94bf133c5491c3e76ba4161fa","messageTitle":"Fix checkstyle errors","messageBody":"","fileTypesAndContributionMap":{"test-code":{"insertions":4,"deletions":4}}},{"hash":"c4933c10fa65482b04b95348a000bbfe9b06fe43","messageTitle":"Fix checkstyle issues","messageBody":"","fileTypesAndContributionMap":{"test-code":{"insertions":1,"deletions":1}}},{"hash":"388bdfe1c1157715da4fb19554260b42286598ef","messageTitle":"Fix checkstyle issues","messageBody":"","fileTypesAndContributionMap":{"test-code":{"insertions":1,"deletions":0}}},{"hash":"61e1dff80b54ada0de2b49a01a3e7fd6311046ca","messageTitle":"Fix javadoc for clear window","messageBody":"","fileTypesAndContributionMap":{"functional-code":{"insertions":19,"deletions":17}}},{"hash":"e5c5b982d3844eb18960cbe21476a3325ec7b0c1","messageTitle":"Fix Javadoc for parseEndAmount","messageBody":"","fileTypesAndContributionMap":{"functional-code":{"insertions":2,"deletions":2}}},{"hash":"ace934b72dccc1a2568e472c617df75be529dcb5","messageTitle":"Change display message for help commands","messageBody":"","fileTypesAndContributionMap":{"functional-code":{"insertions":7,"deletions":19}}},{"hash":"6bfd558acc2c47a491e66e1997731cacd8ad5059","messageTitle":"Create a new UI for general help command","messageBody":"","fileTypesAndContributionMap":{"functional-code":{"insertions":349,"deletions":58}}},{"hash":"7e28814289eeb42ba470f56658217ca3fe995782","messageTitle":"Fix checkstyle error","messageBody":"","fileTypesAndContributionMap":{"functional-code":{"insertions":1,"deletions":0}}},{"hash":"698ec89443f51ca218c0ccfd14ce57d4577660ea","messageTitle":"Add signs for profit","messageBody":"","fileTypesAndContributionMap":{"functional-code":{"insertions":8,"deletions":2}}}]},{"date":"2021-10-22","commitResults":[{"hash":"6b84fc4eafe4523471b4de1f8f72de164dab9f22","messageTitle":"Edit developer guide","messageBody":"","fileTypesAndContributionMap":{"docs":{"insertions":2,"deletions":2}}},{"hash":"30ac0eb8e987da1738257c2a6810bc80f4186154","messageTitle":"Edit uml diagrams for logic component","messageBody":"","fileTypesAndContributionMap":{"docs":{"insertions":5,"deletions":5}}},{"hash":"0c32c88b2492b6595cf1eee97011abb2cdf72213","messageTitle":"Add implementation for deleteCommand in dg","messageBody":"","fileTypesAndContributionMap":{"docs":{"insertions":23,"deletions":7}}},{"hash":"6f969e6425c6396cef5785ec66f935f95c4fbbcf","messageTitle":"Add implementation for deleteCommand in dg","messageBody":"","fileTypesAndContributionMap":{"docs":{"insertions":7,"deletions":7}}},{"hash":"9c9a7854247d649315aceb82a593af339a971831","messageTitle":"Edit delete feature implementation","messageBody":"","fileTypesAndContributionMap":{"docs":{"insertions":3,"deletions":3}}}]}]},"authorFileTypeContributionMap":{"BenjaminLHR":{"docs":107,"functional-code":276,"test-code":76,"other":2},"shaliniseshadri":{"docs":66,"functional-code":405,"test-code":151},"yzhilong":{"docs":224,"functional-code":1098,"test-code":737},"dannylty":{"docs":2691,"functional-code":555,"test-code":507,"other":2463},"chingh20":{"docs":54,"functional-code":713,"test-code":707}},"authorContributionVariance":{"BenjaminLHR":7990.457,"shaliniseshadri":12763.372,"yzhilong":125089.7,"dannylty":34358.242,"chingh20":55955.605},"authorDisplayNameMap":{"BenjaminLHR":"CS2103T-W13-3 BENJ.. RUI","shaliniseshadri":"CS2103T-W13-3 SHAL..ADRI","yzhilong":"CS2103T-W13-3 YEO ..LONG","dannylty":"CS2103T-W13-3 LIU ..ANYI","chingh20":"CS2103T-W13-3 HUAN..HING"}}
