{"authorDailyContributionsMap":{"zhenxuantan":[{"date":"2021-09-28","commitResults":[{"hash":"fcc9e3b9e6e603fd10be5f7295e9b26886e4cca5","messageTitle":"Add address book use cases","messageBody":"","fileTypesAndContributionMap":{"docs":{"insertions":60,"deletions":12}}}]},{"date":"2021-09-29","commitResults":[{"hash":"2b5457833b972f489f7fc905282d77d3b8130c93","messageTitle":"Add Zhen Xuan\u0027s photo","messageBody":"","fileTypesAndContributionMap":{"docs":{"insertions":1,"deletions":1}}}]},{"date":"2021-09-30","commitResults":[{"hash":"adac2491afe1def105383955ea8374ce30bd2725","messageTitle":"Correct file names, introduction, and update photos","messageBody":"","fileTypesAndContributionMap":{"docs":{"insertions":5,"deletions":5}}}]}],"ambroseboo":[{"date":"2021-09-28","commitResults":[{"hash":"2e86f66eac0394f0c860031f3e183ecb6c654cee","messageTitle":"Update user guide","messageBody":"Add features for v1.1\nNeed social media icon images\n","fileTypesAndContributionMap":{"docs":{"insertions":94,"deletions":0}}},{"hash":"c97a79d4626939c436b035501029af7ea16ede7e","messageTitle":"Add socials images to User guide","messageBody":"","fileTypesAndContributionMap":{"docs":{"insertions":7,"deletions":7}}}]},{"date":"2021-09-29","commitResults":[{"hash":"29598e8f70070347628db13266d53430848ac36c","messageTitle":"Fixed indentations","messageBody":"","fileTypesAndContributionMap":{"docs":{"insertions":1,"deletions":1}}}]},{"date":"2021-09-30","commitResults":[{"hash":"b792204c9f7643abbd2054d4c668df178e21c675","messageTitle":"Fix highlighting error","messageBody":"","fileTypesAndContributionMap":{"docs":{"insertions":1,"deletions":1}}},{"hash":"740780310c16fb27188873e5e3216e0d5deaf807","messageTitle":"Add \"coming soon\" to features not implemented yet","messageBody":"","fileTypesAndContributionMap":{"docs":{"insertions":12,"deletions":12}}}]}],"cyyeu":[{"date":"2021-09-28","commitResults":[{"hash":"17fd8b1f611a54ce13375ff6a8cfe77a3609c94f","messageTitle":"Update AboutUs.md","messageBody":"","fileTypesAndContributionMap":{"docs":{"insertions":12,"deletions":14}}}]},{"date":"2021-09-29","commitResults":[{"hash":"61a12952af6f23b8eeaaa20e450cb69a995b2784","messageTitle":"Update GitHub CI badge for GitHub pages","messageBody":"","fileTypesAndContributionMap":{"docs":{"insertions":1,"deletions":1}}},{"hash":"73e00c0ddb29315aa5420fe247fbe580fab3e9e3","messageTitle":"Add AboutUs photo","messageBody":"","fileTypesAndContributionMap":{"docs":{"insertions":1,"deletions":1}}},{"hash":"5d025beb78a494410f5671ee39b9a5e78e0a5edd","messageTitle":"Update website homepage to adapt to SWEe-book","messageBody":"","fileTypesAndContributionMap":{"docs":{"insertions":5,"deletions":4}}}]}],"alinaleehx":[{"date":"2021-09-28","commitResults":[{"hash":"51f4af6dbfb23b2f301eb84ff1ca365a21879572","messageTitle":"Update AboutUs for Alina","messageBody":"","fileTypesAndContributionMap":{"docs":{"insertions":5,"deletions":6}}},{"hash":"6dfeb0dcdd944668e83d8b684f180c32f939d55d","messageTitle":"Update README","messageBody":"Let\u0027s\n* update contents in README to adapt to SWEe-book app\n* update gitHub actions build status badge\n* add acknowledgement to source code\n","fileTypesAndContributionMap":{"docs":{"insertions":22,"deletions":11}}},{"hash":"1f4b6e744210426c2467dbba33f11d7e7cb26c16","messageTitle":"Resolve checkstyle issues for README","messageBody":"","fileTypesAndContributionMap":{"docs":{"insertions":7,"deletions":7}}}]}],"JosephN37":[{"date":"2021-09-27","commitResults":[{"hash":"8ca5e670ca7d5db76f74cd992be26ed2ab4db121","messageTitle":"update Developer\u0027s Guide to include use case for tasks and glossary","messageBody":"","fileTypesAndContributionMap":{"docs":{"insertions":92,"deletions":290}}}]},{"date":"2021-09-28","commitResults":[{"hash":"6da3091840e04bd626d43a8001241409245cba9a","messageTitle":"Update aboutUs","messageBody":"","fileTypesAndContributionMap":{"docs":{"insertions":4,"deletions":5}}}]},{"date":"2021-09-29","commitResults":[{"hash":"d807e011d2236cdc137c50a14d47dda4fdfea1a2","messageTitle":"add profile picture in aboutUs","messageBody":"","fileTypesAndContributionMap":{"docs":{"insertions":1,"deletions":1}}}]}]},"authorFileTypeContributionMap":{"zhenxuantan":{"docs":44,"functional-code":0,"test-code":0},"ambroseboo":{"docs":94,"functional-code":0,"test-code":0},"cyyeu":{"docs":19,"functional-code":0,"test-code":0,"other":1},"alinaleehx":{"docs":27,"functional-code":0,"test-code":0},"JosephN37":{"docs":67,"functional-code":0,"test-code":0}},"authorContributionVariance":{"zhenxuantan":341.7143,"ambroseboo":787.34686,"cyyeu":52.596935,"alinaleehx":223.12245,"JosephN37":9641.208},"authorDisplayNameMap":{"zhenxuantan":"CS2103T-W12-2 TAN ..XUAN","ambroseboo":"CS2103T-W12-2 AMBR.. YEW","cyyeu":"CS2103T-W12-2 YEU ..YUAN","alinaleehx":"CS2103T-W12-2 ALIN.. XIU","JosephN37":"CS2103T-W12-2 JOSE..NAEL"}}
