{"authorDailyContributionsMap":{"AllardQuek":[{"date":"2021-09-19","commitResults":[{"hash":"1b36713f9bb77112cbb300876b0003e5e03d5913","messageTitle":"Update README.md","messageBody":"","fileTypesAndContributionMap":{"docs":{"insertions":1,"deletions":0}}}]},{"date":"2021-09-26","commitResults":[{"hash":"33d74e9ee393dc059c15bd131e7d88e69359d149","messageTitle":"Update AbouUs.md for Allard","messageBody":"","fileTypesAndContributionMap":{"docs":{"insertions":14,"deletions":13}}},{"hash":"4727910e7e735ade9cf46583faae6940a7c3ac27","messageTitle":"Update AbouUs.md for Allard","messageBody":"","fileTypesAndContributionMap":{"docs":{"insertions":1,"deletions":1}}},{"hash":"2ac0c399ae7bf5fdc517b147f76a66f45fcd1b75","messageTitle":"Update UG with TOC, Command Syntax and Saving Data features","messageBody":"","fileTypesAndContributionMap":{"docs":{"insertions":68,"deletions":66}}},{"hash":"8fd8652b763e1d0e9e4b2ce6d4bed5fc6f3822fd","messageTitle":"Update README.md","messageBody":"","fileTypesAndContributionMap":{"docs":{"insertions":2,"deletions":2}}},{"hash":"3643fdfdf26f8a32a082f70be234965d3c049a6e","messageTitle":"Update UserGuide.md","messageBody":"","fileTypesAndContributionMap":{"docs":{"insertions":8,"deletions":7}}},{"hash":"3957098a2ca1f3d924a9caf23fd9e17849d789e4","messageTitle":"Update UserGuide.md","messageBody":"Remove header","fileTypesAndContributionMap":{"docs":{"insertions":0,"deletions":1}}}]},{"date":"2021-09-27","commitResults":[{"hash":"033c36c8c3c845690890941a64dc0b4abcf56539","messageTitle":"Update UserGuide.md","messageBody":"","fileTypesAndContributionMap":{"docs":{"insertions":3,"deletions":3}}},{"hash":"5160734c61c7b24a5cc26331a732c0d6281941bd","messageTitle":"Update UserGuide.md","messageBody":"","fileTypesAndContributionMap":{"docs":{"insertions":2,"deletions":2}}}]},{"date":"2021-09-28","commitResults":[{"hash":"e6760aaed87e43295fcb07d1a8f98f44c0a425e5","messageTitle":"Update NFRs and Glossary","messageBody":"","fileTypesAndContributionMap":{"docs":{"insertions":101,"deletions":84}}},{"hash":"6d73270a27e94aca17b33f50b1d95db8112ae44f","messageTitle":"Update bullet points","messageBody":"","fileTypesAndContributionMap":{"docs":{"insertions":187,"deletions":90}}},{"hash":"eaaa58c907f27d8cb5f803214ec155411a41e86f","messageTitle":"Remove duplicate","messageBody":"","fileTypesAndContributionMap":{"docs":{"insertions":0,"deletions":22}}}]},{"date":"2021-09-29","commitResults":[{"hash":"987a7c8d52baa351097b7b3081d2a6b5ce16940a","messageTitle":"Update DeveloperGuide.md","messageBody":"Fix numbering on project website","fileTypesAndContributionMap":{"docs":{"insertions":2,"deletions":9}}}]},{"date":"2021-10-08","commitResults":[{"hash":"b33005d95820b422a0bd9e3c601649b81b7ad428","messageTitle":"Rename boolean variable and method to sound more like booleans","messageBody":"","fileTypesAndContributionMap":{"functional-code":{"insertions":7,"deletions":7}}}]},{"date":"2021-10-09","commitResults":[{"hash":"ff5ea0c24930b27c1a88b96ad3d119296a9e8f62","messageTitle":"Fixes #71","messageBody":"Change `.get()` to `.orElse(null)`\n","fileTypesAndContributionMap":{"functional-code":{"insertions":4,"deletions":4}}},{"hash":"21d8fa4e9a9aaf6e92b93b69ff40f3c3a33c454e","messageTitle":"Fix No error message displayed when invalid grade is used to add a student #72","messageBody":"Change check from using Name to Grade\n","fileTypesAndContributionMap":{"functional-code":{"insertions":1,"deletions":1}}},{"hash":"fd71d3bd886af837b1fcda4349ccdcac4e05f9c2","messageTitle":"Correct checks for valid inputs","messageBody":"","fileTypesAndContributionMap":{"functional-code":{"insertions":2,"deletions":2}}},{"hash":"9ff01bb1729bc0f58d7b80ea9fb36878eb4dfe07","messageTitle":"Fix #73","messageBody":"Display correct error messages for StudentId, ClassId and Grade\n","fileTypesAndContributionMap":{"functional-code":{"insertions":3,"deletions":3}}},{"hash":"2b5e257d799686e1d7fe22cc3b4349bc18760d8d","messageTitle":"Add documentation for parameters","messageBody":"","fileTypesAndContributionMap":{"functional-code":{"insertions":27,"deletions":20}}},{"hash":"d50b6b7b3f6536190ed3a8e9a64d7dd4a29159a6","messageTitle":"Fix line wrapping","messageBody":"","fileTypesAndContributionMap":{"functional-code":{"insertions":14,"deletions":15}}},{"hash":"dabac8574ceca1b55d68b70323cb2a3ef4edb02c","messageTitle":"Fix styles","messageBody":"","fileTypesAndContributionMap":{"functional-code":{"insertions":3,"deletions":3},"docs":{"insertions":50,"deletions":50}}},{"hash":"f5c4df8bb281e3b322869b2a80fd86a606709c07","messageTitle":"Fix styles","messageBody":"","fileTypesAndContributionMap":{"docs":{"insertions":49,"deletions":49}}},{"hash":"cdb8322cf4662ae87d05405873638b342d82536c","messageTitle":"Fix line wrapping","messageBody":"","fileTypesAndContributionMap":{"functional-code":{"insertions":1,"deletions":2}}},{"hash":"ab2f3bb582ba13cdc1ed9a8801d434add41bf9ba","messageTitle":"Simply assertions","messageBody":"","fileTypesAndContributionMap":{"test-code":{"insertions":5,"deletions":5}}},{"hash":"a699a159151fcadca89771a48a69ccfa058a6f37","messageTitle":"Refactor equals test","messageBody":"","fileTypesAndContributionMap":{"test-code":{"insertions":30,"deletions":19}}},{"hash":"8601257168ceadffb0548959ff6c7ca80ee01d30","messageTitle":"Move equals() test to integration test file","messageBody":"The `equals()` tests depend on the Person class, so they should be considered as integration test cases.\n","fileTypesAndContributionMap":{"test-code":{"insertions":48,"deletions":38}}},{"hash":"610393978c02aa51644077d8e28dafb95c469581","messageTitle":"Remove unused imports","messageBody":"","fileTypesAndContributionMap":{"test-code":{"insertions":0,"deletions":2}}}]},{"date":"2021-10-11","commitResults":[{"hash":"057e57c2dad2eab755a5d3db2a70ce43816b6b98","messageTitle":"Change isSameStudent to check for same StudentId","messageBody":"","fileTypesAndContributionMap":{"functional-code":{"insertions":1,"deletions":1}}},{"hash":"580e15bdf1f08571e79375d2cc33da4dac69c5cd","messageTitle":"Move equals() test out of integration test file","messageBody":"","fileTypesAndContributionMap":{"test-code":{"insertions":38,"deletions":4}}},{"hash":"e1c12dfbc5a00b79e2f92d848592d87068ef70c0","messageTitle":"Add tests to check output message for different student Names and StudentIds","messageBody":"","fileTypesAndContributionMap":{"test-code":{"insertions":20,"deletions":32}}},{"hash":"055e94cb2b1ab4755ff76da1da30d56ab3c6dbc9","messageTitle":"Update sample data to be of unique StudentIds","messageBody":"","fileTypesAndContributionMap":{"functional-code":{"insertions":5,"deletions":5}}},{"hash":"15aa28abe386dc02df4b6bae8a409c504ecb1867","messageTitle":"Edit test cases to fit new definition for isSameStudent","messageBody":"","fileTypesAndContributionMap":{"test-code":{"insertions":8,"deletions":6}}},{"hash":"fc1f2bce93cebeb1ea697ef31a8ec5d6d0651001","messageTitle":"Fix line length","messageBody":"","fileTypesAndContributionMap":{"test-code":{"insertions":4,"deletions":2}}},{"hash":"a7254237a0cce5ac49fa5a3aed8e5d0b1916ee54","messageTitle":"Fix typo","messageBody":"","fileTypesAndContributionMap":{"test-code":{"insertions":1,"deletions":1}}},{"hash":"405cb790920517b9255970cd14e60233bb64ed8a","messageTitle":"Modify Student tests for ProgrammerError\u0027s use case","messageBody":"","fileTypesAndContributionMap":{"test-code":{"insertions":82,"deletions":78}}},{"hash":"40cc9ede3c03c209e30804d2fff5a961a3ab78cf","messageTitle":"Simplify keywords test","messageBody":"","fileTypesAndContributionMap":{"test-code":{"insertions":77,"deletions":77}}},{"hash":"d50465299b780f562cd3dfe315bc316ea5d325dc","messageTitle":"Fix tests after refactoring Person to Student","messageBody":"","fileTypesAndContributionMap":{"test-code":{"insertions":167,"deletions":167}}},{"hash":"84c9fda06179fdfb7ebc0607c3200893d5985cc3","messageTitle":"Fix checkstyle","messageBody":"","fileTypesAndContributionMap":{"test-code":{"insertions":14,"deletions":14}}}]},{"date":"2021-10-12","commitResults":[{"hash":"5686094a2a44563d5456a7d75415b9d2ce8ec63c","messageTitle":"Add org.json package for converting json to csv","messageBody":"","fileTypesAndContributionMap":{"other":{"insertions":3,"deletions":0}}},{"hash":"4970523244d0838bd5bc6871298f98a51f7a7469","messageTitle":"Add dropdown button for downloading data","messageBody":"","fileTypesAndContributionMap":{"functional-code":{"insertions":1,"deletions":0}}},{"hash":"6323cb958306f34593aa216b1cec8443edd9b919","messageTitle":"Add simple styling for popup","messageBody":"","fileTypesAndContributionMap":{"functional-code":{"insertions":5,"deletions":0}}},{"hash":"e1b8f62e953ded537bee1eb379904ce029ddaa16","messageTitle":"Implement downloading of json data to csv file","messageBody":"","fileTypesAndContributionMap":{"functional-code":{"insertions":102,"deletions":0}}},{"hash":"f1b33e289956f0d66f492c774b75daa2817e1e53","messageTitle":"Fix typo","messageBody":"","fileTypesAndContributionMap":{"functional-code":{"insertions":1,"deletions":1}}},{"hash":"67998839a9c600916b16a16507ec75f309d270b3","messageTitle":"Hide popup on click","messageBody":"","fileTypesAndContributionMap":{"functional-code":{"insertions":5,"deletions":0}}},{"hash":"1f5fdc7346047fb38811a408e1d82d86f30ccb8c","messageTitle":"Add newline","messageBody":"","fileTypesAndContributionMap":{"functional-code":{"insertions":1,"deletions":1}}}]},{"date":"2021-10-14","commitResults":[{"hash":"f2dc2197dd433ef610aa4635d1dda66ec742524d","messageTitle":"Rename STUDENTID and CLASSID","messageBody":"","fileTypesAndContributionMap":{"functional-code":{"insertions":6,"deletions":6},"test-code":{"insertions":96,"deletions":96}}},{"hash":"91d1283f3b324c742e1b08bc3644e852f4e3494a","messageTitle":"Improve code quality","messageBody":"","fileTypesAndContributionMap":{"functional-code":{"insertions":19,"deletions":29},"test-code":{"insertions":24,"deletions":27}}},{"hash":"d8bbce11ff17de89b9f1d534cc715dcac5658abd","messageTitle":"Fix #118 (bug when cancelling download and downloading empty from data file)","messageBody":"","fileTypesAndContributionMap":{"functional-code":{"insertions":24,"deletions":9}}},{"hash":"cd293a8deb7c2a86c586c9223d3d869e177dcf16","messageTitle":"Add import","messageBody":"","fileTypesAndContributionMap":{"functional-code":{"insertions":1,"deletions":0}}},{"hash":"ee527a47d6cfee24f7aac541e32db9d6d281ec38","messageTitle":"Trigger build by removing import","messageBody":"","fileTypesAndContributionMap":{"functional-code":{"insertions":1,"deletions":1}}},{"hash":"9a932b04c7c305a95eb66d965ffe7b17d8f90ae5","messageTitle":"Add import and move field to method","messageBody":"","fileTypesAndContributionMap":{"functional-code":{"insertions":2,"deletions":3}}}]},{"date":"2021-10-15","commitResults":[{"hash":"cff7991529ce89911b199ac58cb0e7ce936dabf8","messageTitle":"Standardise display of Student id and Class id","messageBody":"","fileTypesAndContributionMap":{"functional-code":{"insertions":4,"deletions":4}}},{"hash":"5d46829581566c94b2d647a8e9d555f37e7d42ca","messageTitle":"Update UG for download data feature","messageBody":"","fileTypesAndContributionMap":{"docs":{"insertions":3,"deletions":3}}},{"hash":"682bb7dacb675cb552f942c50e44201047e5b165","messageTitle":"Fix typo","messageBody":"","fileTypesAndContributionMap":{"docs":{"insertions":1,"deletions":1}}}]}],"shermannws":[{"date":"2021-09-26","commitResults":[{"hash":"7fcca46cb61ca64ecdca0f81bb4f1b7b1b933d85","messageTitle":"Update AboutUs.md for Sherman","messageBody":"","fileTypesAndContributionMap":{"docs":{"insertions":50,"deletions":4}}},{"hash":"e0a3656dc6b0681972b8a3bc2cdddbce672a5ac6","messageTitle":"Update AboutUs.md with email and updated roles","messageBody":"","fileTypesAndContributionMap":{"docs":{"insertions":2,"deletions":2}}},{"hash":"24518e13aaf8ddffd678383a00c004a9bbbc367a","messageTitle":"Update view and update command in UserGuide.md","messageBody":"","fileTypesAndContributionMap":{"docs":{"insertions":11,"deletions":176}}},{"hash":"e785b7e26d6d2f594555640e013e6cff19019c7a","messageTitle":"Update Command Summary for UserGuide.md","messageBody":"","fileTypesAndContributionMap":{"docs":{"insertions":13,"deletions":1}}}]},{"date":"2021-09-28","commitResults":[{"hash":"01e334ab87e200096366cead58f494569ea6d6ed","messageTitle":"Update DG with Target User Profile and Value Proposition","messageBody":"","fileTypesAndContributionMap":{"docs":{"insertions":9,"deletions":4}}}]},{"date":"2021-10-08","commitResults":[{"hash":"39e0f4bc0f2230eab14304b10a99342b23564d15","messageTitle":"Implement initial version before integrating unix command syntax","messageBody":"","fileTypesAndContributionMap":{"functional-code":{"insertions":3,"deletions":3},"other":{"insertions":25,"deletions":25},"test-code":{"insertions":4,"deletions":4}}},{"hash":"29f743a6c0b7144a24bbd173eb1a4ed91731431d","messageTitle":"Implement view command with name arg","messageBody":"","fileTypesAndContributionMap":{"functional-code":{"insertions":22,"deletions":6},"test-code":{"insertions":1,"deletions":1}}},{"hash":"91fee83ee2c5356bc56b10097b22278c52ebc837","messageTitle":"Fix test cases for ViewCommand and ViewCommandParser","messageBody":"","fileTypesAndContributionMap":{"functional-code":{"insertions":2,"deletions":2},"test-code":{"insertions":31,"deletions":6}}},{"hash":"f06540914846757974f7091c5981933fa527affb","messageTitle":"Update test cases for ViewCommand","messageBody":"","fileTypesAndContributionMap":{"test-code":{"insertions":9,"deletions":9}}}]},{"date":"2021-10-12","commitResults":[{"hash":"f7711c4a4e6832b5d6c8329ddf7219d5d5be493e","messageTitle":"Implement view function to search by the entire string provided","messageBody":"","fileTypesAndContributionMap":{"functional-code":{"insertions":14,"deletions":17},"test-code":{"insertions":23,"deletions":29}}}]},{"date":"2021-10-13","commitResults":[{"hash":"d7b96eeebc189712e001913c636516e97a85dd61","messageTitle":"Implement view command query by cid and sid","messageBody":"","fileTypesAndContributionMap":{"functional-code":{"insertions":174,"deletions":27}}}]},{"date":"2021-10-14","commitResults":[{"hash":"a12fc07ed696d43cb7fcc523800b518245ab21ba","messageTitle":"Fix test cases for View Command","messageBody":"","fileTypesAndContributionMap":{"functional-code":{"insertions":29,"deletions":46},"test-code":{"insertions":296,"deletions":111}}},{"hash":"21f651bd740ee97b9f2621e3399a98ecb6c9a4bb","messageTitle":"Refactor code and repackage class","messageBody":"","fileTypesAndContributionMap":{"functional-code":{"insertions":74,"deletions":71},"test-code":{"insertions":16,"deletions":14}}},{"hash":"4de8acf5328afb431d3847db7df8e5412907c40b","messageTitle":"Fix test cases in ViewCommandParserTest","messageBody":"","fileTypesAndContributionMap":{"test-code":{"insertions":4,"deletions":2}}},{"hash":"fa46d8f121dd29768a3dc0dd80f553e8afd5245c","messageTitle":"Add test cases for ViewCommandParser","messageBody":"","fileTypesAndContributionMap":{"test-code":{"insertions":1,"deletions":0}}},{"hash":"02c830bb12196d12a5347d1e0e362e9df73594a5","messageTitle":"Comment test case temporarily","messageBody":"","fileTypesAndContributionMap":{"test-code":{"insertions":16,"deletions":16}}},{"hash":"dbcab0364ff336d4c7d5969352338a20f8fffc18","messageTitle":"Fix checkstyle","messageBody":"","fileTypesAndContributionMap":{"test-code":{"insertions":16,"deletions":16}}},{"hash":"b1e4ba5262005a81161cd3400d18d90a16fd6f25","messageTitle":"Add test cases","messageBody":"","fileTypesAndContributionMap":{"test-code":{"insertions":16,"deletions":16}}},{"hash":"1fb4799743e1db2af5624b508054c3d0db83dc42","messageTitle":"Refactor code for OOP","messageBody":"","fileTypesAndContributionMap":{"functional-code":{"insertions":60,"deletions":58},"test-code":{"insertions":22,"deletions":41}}},{"hash":"e195b0208d8d84083fc4f19761ffe49e8da39e03","messageTitle":"Refactor Code","messageBody":"","fileTypesAndContributionMap":{"functional-code":{"insertions":0,"deletions":6},"test-code":{"insertions":1,"deletions":9}}},{"hash":"f4b7635c10bcc4dd045593669b0efe225957b14e","messageTitle":" Add test cases for QueryStudentDescriptor","messageBody":"","fileTypesAndContributionMap":{"test-code":{"insertions":105,"deletions":0}}},{"hash":"416580966055deb15dd504bf135edb14ba67db07","messageTitle":"Update View Command detailsin UG","messageBody":"","fileTypesAndContributionMap":{"docs":{"insertions":11,"deletions":5}}},{"hash":"dfa115f83d31cb23288ee0faf273dd41cb0cfbdd","messageTitle":"Revert \"Update View Command detailsin UG\"","messageBody":"This reverts commit 416580966055deb15dd504bf135edb14ba67db07.\n","fileTypesAndContributionMap":{"docs":{"insertions":5,"deletions":11}}},{"hash":"5857f9c2a82fa3ae9a9a659b22e2aed156249228","messageTitle":"Update UG for view command","messageBody":"","fileTypesAndContributionMap":{"docs":{"insertions":11,"deletions":6}}}]}],"reddevil1313":[{"date":"2021-09-26","commitResults":[{"hash":"b185ebc824f49ceb1459de189bb302b4a5f8da1e","messageTitle":"Update AboutUs.md","messageBody":"","fileTypesAndContributionMap":{"docs":{"insertions":49,"deletions":3}}},{"hash":"267024467c34301cfb82e04990613c26939eaee8","messageTitle":"Update UserGuide.md for sample data and purge data.","messageBody":"","fileTypesAndContributionMap":{"docs":{"insertions":13,"deletions":3}}}]},{"date":"2021-09-28","commitResults":[{"hash":"f54fd95f6a7abb7f5c82346f18cd1aa373787bdc","messageTitle":"Update Developer Guide for high priority user stories","messageBody":"","fileTypesAndContributionMap":{"docs":{"insertions":11,"deletions":8}}}]},{"date":"2021-10-07","commitResults":[{"hash":"f76d60dc2c4438274158a738813bae27ffde6495","messageTitle":"Editing the existing clear command to purge command and refactoring all its uses.","messageBody":"","fileTypesAndContributionMap":{"functional-code":{"insertions":3,"deletions":3},"other":{"insertions":3,"deletions":3},"test-code":{"insertions":6,"deletions":6}}},{"hash":"acb1f7c0c10923e855519966ea0fa01c9b085bcf","messageTitle":"Maintaining state of sample data for each runtime. - Purge command should not work if the sample data has already been purged.","messageBody":"Next Version:\n- Make sure the state persists over multiple sessions and not just for one session.\n","fileTypesAndContributionMap":{"functional-code":{"insertions":11,"deletions":4}}},{"hash":"4e530a0dcc2257165416e080afd72a6331cd3f91","messageTitle":"Omit checkstyle errors.","messageBody":"","fileTypesAndContributionMap":{"functional-code":{"insertions":12,"deletions":4},"test-code":{"insertions":1,"deletions":1}}}]},{"date":"2021-10-08","commitResults":[{"hash":"2feb0dcae3bc5f3077e9dc735dab4b1d64bf20b0","messageTitle":"Omit test errors.","messageBody":"","fileTypesAndContributionMap":{"other":{"insertions":4,"deletions":1}}},{"hash":"75632b49e7f04f466605c4245aa62d1b3b42a125","messageTitle":"Omit checkstyle test errors.","messageBody":"","fileTypesAndContributionMap":{"test-code":{"insertions":3,"deletions":3}}}]},{"date":"2021-10-10","commitResults":[{"hash":"5189155e61b9b54286437340f4795bae6a296db0","messageTitle":"Remove state from purge command, add test and edit it\u0027s definition in the docs.","messageBody":"","fileTypesAndContributionMap":{"functional-code":{"insertions":4,"deletions":19},"docs":{"insertions":4,"deletions":4},"test-code":{"insertions":5,"deletions":6}}},{"hash":"5e8962f596547c8931af8d6c4be95321b4b00032","messageTitle":"Edit test cases and checkstyle errors.","messageBody":"","fileTypesAndContributionMap":{"functional-code":{"insertions":23,"deletions":1},"test-code":{"insertions":1,"deletions":1}}},{"hash":"7a06993eee958487df250141db2a395b4cf17a78","messageTitle":"Implement Fill Command. - Fills the app with sample data if no data is present. - Test Cases implemented. - Documentation Added. - Error Messages implemented if data is already present. - Checkstyle errors fixed.","messageBody":"","fileTypesAndContributionMap":{"functional-code":{"insertions":60,"deletions":0},"docs":{"insertions":16,"deletions":7},"test-code":{"insertions":40,"deletions":0}}},{"hash":"1172af5f2c029180f9423354085d399f295d6216","messageTitle":"Fixed AddCommandParserTest test cases","messageBody":"","fileTypesAndContributionMap":{"test-code":{"insertions":179,"deletions":181}}},{"hash":"07c01b7045c1d79595ff8119f65f95a2d64dcfb8","messageTitle":"Fixed AddressBookParserTest test cases","messageBody":"","fileTypesAndContributionMap":{"test-code":{"insertions":187,"deletions":193}}},{"hash":"74b331e7e3e3c9d2338ca20724ea16b2cbd9b2f0","messageTitle":"Fixed some of EditCommandParserTest test cases","messageBody":"","fileTypesAndContributionMap":{"test-code":{"insertions":61,"deletions":66}}},{"hash":"0f57d34cb861650334e4839fb9c911789b2d9060","messageTitle":"Fix Checkstyle Errors","messageBody":"","fileTypesAndContributionMap":{"test-code":{"insertions":62,"deletions":57}}},{"hash":"6e07dc27f277e619da51e8eb8c772a08b093ae60","messageTitle":"Fix EditCommandParserTest Errors","messageBody":"","fileTypesAndContributionMap":{"test-code":{"insertions":16,"deletions":16}}},{"hash":"c140d8d68e7eb67c8d14e790b52ee39a121b8b8d","messageTitle":"Fix Checkstyle Errors","messageBody":"","fileTypesAndContributionMap":{"test-code":{"insertions":1,"deletions":1}}}]}],"ZhaoPeiduo":[{"date":"2021-09-26","commitResults":[{"hash":"00a44fb39b16438057aa643f03f1731b59da904b","messageTitle":"Update AboutUs","messageBody":"","fileTypesAndContributionMap":{"docs":{"insertions":51,"deletions":5}}},{"hash":"b915dad5970e0623039fc59ff4eb18f05fcba8ac","messageTitle":"Fix checkstyle issues in AboutUs","messageBody":"","fileTypesAndContributionMap":{"docs":{"insertions":1,"deletions":1}}},{"hash":"e996bd0a1141b109a1b3ecbf70f7bfd5dc338e15","messageTitle":"Update README.md","messageBody":"","fileTypesAndContributionMap":{"docs":{"insertions":33,"deletions":11}}},{"hash":"8d801d3b7b8d7bcf30d5c80d99dd794fd4903c4d","messageTitle":"Update UserGuide.md for delete","messageBody":"","fileTypesAndContributionMap":{"docs":{"insertions":6,"deletions":186}}}]},{"date":"2021-09-28","commitResults":[{"hash":"9d1608be50094cc32ba263078477e93a1ab7c264","messageTitle":"Update use cases section in the developer guide","messageBody":"","fileTypesAndContributionMap":{"docs":{"insertions":108,"deletions":8}}},{"hash":"db7fb539c921790258226fb2be80c886a8f0d20c","messageTitle":"Fix a formatting issue - Add an extra empty line before Use case closed for UC1","messageBody":"","fileTypesAndContributionMap":{"docs":{"insertions":1,"deletions":0}}},{"hash":"af7304d6860e1092758a5bd1c011afc53d1d7b07","messageTitle":"Fix format issues","messageBody":"","fileTypesAndContributionMap":{"docs":{"insertions":1,"deletions":0}}}]},{"date":"2021-10-01","commitResults":[{"hash":"9c020d65b5704314db3a3cd3bf2b1a9fd23602cf","messageTitle":"Fix indexing issues for UC2 extension","messageBody":"","fileTypesAndContributionMap":{"docs":{"insertions":13,"deletions":8}}}]},{"date":"2021-10-05","commitResults":[{"hash":"f54f1f5fa7525ea7c604e08edd9e8b963fe86336","messageTitle":"1. Modify the help feature for ProgrammerError - Add the feature list to the help window - Update the link to direct user to ProgrammerError\u0027s user guide","messageBody":"2. Minor Adjustment on the AddressBook UI\n- Set the icon to be ProgrammerError\u0027s\n- Set the title of the application to be ProgrammerError\n","fileTypesAndContributionMap":{"functional-code":{"insertions":56,"deletions":27},"test-code":{"insertions":1,"deletions":1}}},{"hash":"dd560f669e2c400158063cd7e9912298f0f3431e","messageTitle":"Fix formatting issues","messageBody":"","fileTypesAndContributionMap":{"functional-code":{"insertions":4,"deletions":4}}},{"hash":"d411e2c391a35a144ef94a215c53c79a61a06725","messageTitle":"Revert \"1. Modify the help feature for ProgrammerError\"","messageBody":"This reverts commit f54f1f5fa7525ea7c604e08edd9e8b963fe86336.\n","fileTypesAndContributionMap":{"functional-code":{"insertions":27,"deletions":56},"test-code":{"insertions":1,"deletions":1}}}]},{"date":"2021-10-07","commitResults":[{"hash":"43fdb8382d8fec2d36f21c116b8418fe180a6c6b","messageTitle":"Update UI settings","messageBody":"","fileTypesAndContributionMap":{"functional-code":{"insertions":43,"deletions":31},"test-code":{"insertions":1,"deletions":1}}}]},{"date":"2021-10-08","commitResults":[{"hash":"dca561766ee19f57c427e0701eb080a6d48e53be","messageTitle":"Set temporary regex expressions for student ID, Class ID and Grade: - Student ID: [A-Z][0-9]{7}[A-Z] (1 letter followed by 7 numbers followed by 1 letter) - Class ID: [A-Z][0-9]{2} (1 letter followed by 2 numbers) - Grade: ([AB]((\\+)|-)*)|([CD](\\+)*)|(F) (Letter with a sign when appropriate)","messageBody":"Debug the testcases\n- EditCommandTest: Change VALID_STUDENTID_BOB to VALID_CLASSID_BOB\n\nMisc:\n- Fix the feature description of add in feature list by adding the grade field\n\nTodo:\n1. PurgeCommandTest: Pending since the status feature has not been implemented\n2. Invalid Syntax tests: Criteria for valid values is to be discussed\n","fileTypesAndContributionMap":{"functional-code":{"insertions":13,"deletions":11},"test-code":{"insertions":640,"deletions":637}}},{"hash":"08d8e3c19d60063033973422f41ec4f82b6937e6","messageTitle":"Fix formatting issue for feature list","messageBody":"","fileTypesAndContributionMap":{"functional-code":{"insertions":1,"deletions":1}}}]},{"date":"2021-10-09","commitResults":[{"hash":"e71ca021fc44f033bfbac4b2b97cb69598ba1a44","messageTitle":"Fix Help window display issue","messageBody":"","fileTypesAndContributionMap":{"functional-code":{"insertions":7,"deletions":7}}}]},{"date":"2021-10-10","commitResults":[{"hash":"4bdec003194ae2e721322c9d87ade71b393794ad","messageTitle":"Change all Person to Student","messageBody":"","fileTypesAndContributionMap":{"functional-code":{"insertions":442,"deletions":450},"other":{"insertions":137,"deletions":137},"docs":{"insertions":77,"deletions":77},"test-code":{"insertions":700,"deletions":699}}}]},{"date":"2021-10-11","commitResults":[{"hash":"c2e3f4fa2854ef69e77feeced0e2db5e5b2646d3","messageTitle":"Change Person to Student for storage test cases","messageBody":"","fileTypesAndContributionMap":{"other":{"insertions":4,"deletions":4},"test-code":{"insertions":60,"deletions":142}}},{"hash":"d66333ecae5d313d68390c3b793743388c2cfbec","messageTitle":"Fix checkstyle issues","messageBody":"","fileTypesAndContributionMap":{"test-code":{"insertions":10,"deletions":7}}},{"hash":"b24b6bd112ab9eccd23c89144e2ec4634065aa2e","messageTitle":"Reformat test case to fit ProgrammerError","messageBody":"","fileTypesAndContributionMap":{"test-code":{"insertions":6,"deletions":5}}},{"hash":"d924e191cb9e968713d65f683d336c0fa3228fdd","messageTitle":"Fix wildcard import issue","messageBody":"","fileTypesAndContributionMap":{"functional-code":{"insertions":21,"deletions":14}}}]},{"date":"2021-10-12","commitResults":[{"hash":"8813fc3befdb1a1d06bbd6c2052eb61701f0c35e","messageTitle":"Implement show method which shows a student\u0027s lab results on the side","messageBody":"","fileTypesAndContributionMap":{"functional-code":{"insertions":640,"deletions":25},"test-code":{"insertions":12,"deletions":0}}},{"hash":"a98ee9b73684149e78dd5fd6afc6eb757ae668c3","messageTitle":"Fix UI display issues and checkstyle issues.","messageBody":"","fileTypesAndContributionMap":{"functional-code":{"insertions":109,"deletions":44}}},{"hash":"3bd898a655a93d9daae442c0870fabe9a339908e","messageTitle":"Fix checkstyle issue","messageBody":"","fileTypesAndContributionMap":{"functional-code":{"insertions":1,"deletions":2}}},{"hash":"5e489721daeb90c518625c6cf55d9c8e17103028","messageTitle":"Add test cases for Show Command and Show Command Parser.","messageBody":"Fix javadoc mismatch issues.\n","fileTypesAndContributionMap":{"functional-code":{"insertions":6,"deletions":9},"test-code":{"insertions":101,"deletions":2}}}]}],"erwinqxy":[{"date":"2021-09-26","commitResults":[{"hash":"df89d45a2bd70b40536d4f08f75c3e466503a57e","messageTitle":"Add Remark Command","messageBody":"","fileTypesAndContributionMap":{"functional-code":{"insertions":217,"deletions":22},"test-code":{"insertions":92,"deletions":16}}},{"hash":"2b8aae4b121e46e6e08fd6610d992ae4b0f5aa3c","messageTitle":"Update AboutUs for Erwin Quek","messageBody":"","fileTypesAndContributionMap":{"docs":{"insertions":4,"deletions":4}}},{"hash":"fddd87ac2146874c91c03e491b1d67b6663c1e26","messageTitle":"Fixed style","messageBody":"","fileTypesAndContributionMap":{"functional-code":{"insertions":27,"deletions":31}}},{"hash":"c52d5a1ffa64089304754ab14671316f4632d699","messageTitle":"Fix style again","messageBody":"","fileTypesAndContributionMap":{"test-code":{"insertions":21,"deletions":13}}},{"hash":"a6d2cec359dab33e37914147b8f2f9241691cfc6","messageTitle":"Fix test cases","messageBody":"","fileTypesAndContributionMap":{"functional-code":{"insertions":1,"deletions":2}}},{"hash":"1a6c94742906ce96118904c21cf9b171cd380220","messageTitle":"Update AddressBookParserTest.java","messageBody":"","fileTypesAndContributionMap":{"test-code":{"insertions":0,"deletions":5}}},{"hash":"e4314925649a6e576c06bd0a379f8472ee470952","messageTitle":"Update AddressBookParserTest.java","messageBody":"","fileTypesAndContributionMap":{"test-code":{"insertions":0,"deletions":1}}},{"hash":"77941545165c1fd75e767121fae764e247e33798","messageTitle":"Revert \"Add Remark Command\"","messageBody":"","fileTypesAndContributionMap":{"functional-code":{"insertions":11,"deletions":201},"test-code":{"insertions":11,"deletions":89}}},{"hash":"7fe8b46080b38fc8a06c4fec15ab96404d4e7702","messageTitle":"Update UserGuide.md","messageBody":"","fileTypesAndContributionMap":{"docs":{"insertions":16,"deletions":23}}},{"hash":"8612627386260ccb60fae0a1c5e47cb5d05d5ef9","messageTitle":"Fix style","messageBody":"","fileTypesAndContributionMap":{"docs":{"insertions":6,"deletions":5}}},{"hash":"fbee9809681afacc33f51619316bccf9ff3a24e8","messageTitle":"Update UserGuide.md","messageBody":"","fileTypesAndContributionMap":{"docs":{"insertions":3,"deletions":3}}},{"hash":"4be126807bfa4ccab935c0e26691f26398c0a6a6","messageTitle":"Update UserGuide.md","messageBody":"","fileTypesAndContributionMap":{"docs":{"insertions":2,"deletions":2}}}]},{"date":"2021-09-28","commitResults":[{"hash":"26192bfb3a7b5854284aed767dab73e557fbddf0","messageTitle":"Update DeveloperGuide.md","messageBody":"","fileTypesAndContributionMap":{"docs":{"insertions":26,"deletions":8}}},{"hash":"ceb58dad58570eb2c9800acaa296667b0cbcec62","messageTitle":"Update DeveloperGuide.md","messageBody":"","fileTypesAndContributionMap":{"docs":{"insertions":35,"deletions":35}}},{"hash":"6d7225be2d50f7eabd81a4ffd85ab2f792713f24","messageTitle":"Update DeveloperGuide.md","messageBody":"","fileTypesAndContributionMap":{"docs":{"insertions":9,"deletions":9}}},{"hash":"18e227e574255e407a16974fa5d45828c0bb7011","messageTitle":"Update DeveloperGuide.md","messageBody":"","fileTypesAndContributionMap":{"docs":{"insertions":2,"deletions":2}}}]},{"date":"2021-10-05","commitResults":[{"hash":"9b9280d0d138a5de7e6a81f8d94a5271e8f570f8","messageTitle":"Update EditCommand.java","messageBody":"","fileTypesAndContributionMap":{"functional-code":{"insertions":1,"deletions":1}}},{"hash":"96c8db8549945db0587fd20002946f5a11d184c5","messageTitle":"Revert \"Update EditCommand.java\"","messageBody":"This reverts commit 9b9280d0d138a5de7e6a81f8d94a5271e8f570f8.\n","fileTypesAndContributionMap":{"functional-code":{"insertions":1,"deletions":1}}}]},{"date":"2021-10-07","commitResults":[{"hash":"00f00ec115ef8acbd3daef879ab5e3e12bd82024","messageTitle":"Add StudentId, ClassId, Grade classes","messageBody":"","fileTypesAndContributionMap":{"functional-code":{"insertions":177,"deletions":0}}},{"hash":"d28389c2d48fcd26fc5410630ec1fd333d316ca8","messageTitle":"Fix StudentId, ClassId, Grade","messageBody":"Commit for creating PR for team to help debug together\n","fileTypesAndContributionMap":{"functional-code":{"insertions":155,"deletions":378},"test-code":{"insertions":665,"deletions":811}}},{"hash":"852a74234ed373fa12729d7cee19c169a8b0630f","messageTitle":"Fix Null Pointer Error","messageBody":"","fileTypesAndContributionMap":{"functional-code":{"insertions":7,"deletions":8}}}]},{"date":"2021-10-08","commitResults":[{"hash":"4072137ec49de77e68a8fb2d0ebf96dbba27e161","messageTitle":"Fix styles","messageBody":"","fileTypesAndContributionMap":{"functional-code":{"insertions":47,"deletions":27},"test-code":{"insertions":779,"deletions":880}}},{"hash":"196cd7ed2bec83202b2f67845b28437916db1d19","messageTitle":"Fix styles","messageBody":"","fileTypesAndContributionMap":{"test-code":{"insertions":216,"deletions":262}}},{"hash":"03f3c157f4e128192f3d16125cc6b206d9156e0b","messageTitle":"Update EditCommandTest.java","messageBody":"","fileTypesAndContributionMap":{"test-code":{"insertions":168,"deletions":168}}},{"hash":"dec3761ec9328ff00ed132d56c4eb599976779df","messageTitle":"Update EditCommandTest.java","messageBody":"","fileTypesAndContributionMap":{"test-code":{"insertions":168,"deletions":168}}},{"hash":"76f121c7419a3fae4410f57f5279dc57bb6983a4","messageTitle":"Comment out testcases","messageBody":"","fileTypesAndContributionMap":{"test-code":{"insertions":1192,"deletions":1190}}},{"hash":"b26e9fcdcbdffa4d07797f0ed998aaa1cc893b49","messageTitle":"Change naming of Address Book to ProgrammerError","messageBody":"","fileTypesAndContributionMap":{"functional-code":{"insertions":45,"deletions":45},"docs":{"insertions":1,"deletions":1},"test-code":{"insertions":14,"deletions":14}}},{"hash":"a02871d5ed1107a7eb40af9e557abcb1497621b3","messageTitle":"Update SampleDataUtil.java","messageBody":"","fileTypesAndContributionMap":{"functional-code":{"insertions":3,"deletions":17}}},{"hash":"1fd0a6e54fd5923a53a0f139892d2f47bc8b7600","messageTitle":"Update ParserUtilTest.java","messageBody":"","fileTypesAndContributionMap":{"functional-code":{"insertions":1,"deletions":0},"test-code":{"insertions":409,"deletions":409}}},{"hash":"32c481a44f53360faf1144cfdb0e5f0407446e6a","messageTitle":"Update various test cases","messageBody":"","fileTypesAndContributionMap":{"functional-code":{"insertions":7,"deletions":7},"test-code":{"insertions":215,"deletions":228}}}]},{"date":"2021-10-09","commitResults":[{"hash":"167ada38113c3c6bc8a6f26d910f2d9d30c469a4","messageTitle":"Fix some test cases","messageBody":"","fileTypesAndContributionMap":{"test-code":{"insertions":97,"deletions":105}}},{"hash":"6cef770844f56932ef119e15e3986e665e8cd4bd","messageTitle":"Comment out test cases","messageBody":"","fileTypesAndContributionMap":{"test-code":{"insertions":272,"deletions":270}}},{"hash":"02f0760010c39acb0a1af7f7e79c922193897691","messageTitle":"Update ClassId.java","messageBody":"","fileTypesAndContributionMap":{"functional-code":{"insertions":4,"deletions":3}}},{"hash":"bfb6231c9302167ce94dd89ada217fe40ee93613","messageTitle":"Update ClassId.java","messageBody":"","fileTypesAndContributionMap":{"functional-code":{"insertions":3,"deletions":2}}}]},{"date":"2021-10-10","commitResults":[{"hash":"672b61b2439514faaee4792f1d8cf7f750bf0485","messageTitle":"Update jar name","messageBody":"","fileTypesAndContributionMap":{"functional-code":{"insertions":1,"deletions":1},"other":{"insertions":1,"deletions":1}}},{"hash":"f857d95d615ce51ae0784ee98b53e4b8f1660ece","messageTitle":"Refractor package name","messageBody":"","fileTypesAndContributionMap":{"functional-code":{"insertions":0,"deletions":102},"other":{"insertions":699,"deletions":699},"docs":{"insertions":45,"deletions":45},"test-code":{"insertions":3,"deletions":3}}},{"hash":"978a72d53d70533a3407e338b0f2df72415e074a","messageTitle":"Fix checkstyles","messageBody":"","fileTypesAndContributionMap":{"functional-code":{"insertions":1,"deletions":2},"test-code":{"insertions":1,"deletions":27}}},{"hash":"3972843f3cf8c596b624507b5979ccea54911838","messageTitle":"Update LogicManager.java","messageBody":"","fileTypesAndContributionMap":{"functional-code":{"insertions":3,"deletions":3}}},{"hash":"422849ccbed856b060eab433479fb55b8f1bc645","messageTitle":"Update DeveloperGuide.md","messageBody":"","fileTypesAndContributionMap":{"docs":{"insertions":1,"deletions":1}}},{"hash":"418fde8c638cf89eecc5834c1fdd1335223b3136","messageTitle":"Refractor AddressBook to ProgrammerError","messageBody":"","fileTypesAndContributionMap":{"functional-code":{"insertions":29,"deletions":32},"other":{"insertions":5,"deletions":5},"docs":{"insertions":1,"deletions":1},"test-code":{"insertions":23,"deletions":23}}},{"hash":"91e1640e79a54bd736109c1c6260c2b429bf6ae6","messageTitle":"Refractor AddressBook to ProgrammerError","messageBody":"","fileTypesAndContributionMap":{"functional-code":{"insertions":40,"deletions":40},"other":{"insertions":1,"deletions":1},"test-code":{"insertions":4,"deletions":4}}},{"hash":"43d90db95e575e9874a15053702f5494175345c6","messageTitle":"Refractor AddressBook to ProgrammerError","messageBody":"","fileTypesAndContributionMap":{"functional-code":{"insertions":5,"deletions":5}}},{"hash":"6620dcbfd11de7ba2f917dd384c7e67b8176689b","messageTitle":"Refractor AddressBook to ProgrammerError","messageBody":"","fileTypesAndContributionMap":{"functional-code":{"insertions":10,"deletions":10},"test-code":{"insertions":2,"deletions":2}}},{"hash":"ed35f68db04cfeb770f78b31506454c84287755e","messageTitle":"Refractor AddressBook to ProgrammerError","messageBody":"","fileTypesAndContributionMap":{"functional-code":{"insertions":9,"deletions":9},"test-code":{"insertions":17,"deletions":17}}},{"hash":"5376c4d390a08b1923b75382422aeac2d2759495","messageTitle":"Refractor AddressBook to ProgrammerError","messageBody":"","fileTypesAndContributionMap":{"functional-code":{"insertions":2,"deletions":130},"docs":{"insertions":0,"deletions":3},"test-code":{"insertions":1,"deletions":105}}},{"hash":"f5ad5864bf9c73e24e7ee8960a846915443dbdec","messageTitle":"Refractor AddressBook to ProgrammerError","messageBody":"","fileTypesAndContributionMap":{"functional-code":{"insertions":30,"deletions":30},"test-code":{"insertions":2,"deletions":2}}},{"hash":"231f97e8382603b2e91b78a30173eef62814d400","messageTitle":"Refractor AddressBook to ProgrammerError","messageBody":"","fileTypesAndContributionMap":{"functional-code":{"insertions":14,"deletions":18},"other":{"insertions":4,"deletions":4},"test-code":{"insertions":10,"deletions":10}}},{"hash":"986353ec60616e53bb862d24b0bca7cf1c550fca","messageTitle":"Refractor AddressBook to ProgrammerError","messageBody":"","fileTypesAndContributionMap":{"functional-code":{"insertions":41,"deletions":41},"other":{"insertions":8,"deletions":8},"test-code":{"insertions":7,"deletions":7}}},{"hash":"82ba6ed0600c26174e41e1b8bd6f48c15e5829a6","messageTitle":"Fix test cases","messageBody":"","fileTypesAndContributionMap":{"test-code":{"insertions":233,"deletions":233}}},{"hash":"516c285ac90b00c059bb44b779ad77592186fe58","messageTitle":"Update ModelManagerTest.java","messageBody":"","fileTypesAndContributionMap":{"test-code":{"insertions":4,"deletions":4}}},{"hash":"807914bed1a22e33307e26d7043e1440be563bf0","messageTitle":"Update StorageManagerTest.java","messageBody":"","fileTypesAndContributionMap":{"test-code":{"insertions":68,"deletions":68}}},{"hash":"618d02878c445f975d437b2ea0b276e620b801fc","messageTitle":"Update JsonSerializableProgrammerErrorTest.java","messageBody":"","fileTypesAndContributionMap":{"other":{"insertions":4,"deletions":4}}},{"hash":"d487fff41228d7b8c24ef0de0b575dc709c38a33","messageTitle":"Update filenames to ProgrammerError","messageBody":"","fileTypesAndContributionMap":{"other":{"insertions":3,"deletions":3},"test-code":{"insertions":17,"deletions":17}}},{"hash":"c9eed9a4d5656fb89972c732fb0cb63cd9841f29","messageTitle":"Update test data","messageBody":"","fileTypesAndContributionMap":{"test-code":{"insertions":62,"deletions":70}}},{"hash":"996bb4d803e081b9ee76a03fe3561376d2c34429","messageTitle":"Fix test cases","messageBody":"","fileTypesAndContributionMap":{"test-code":{"insertions":2,"deletions":2}}},{"hash":"8a5988d733bdc52f89f0f72e1acedaf144a9c8fc","messageTitle":"Update JsonAdaptedPersonTest.java","messageBody":"","fileTypesAndContributionMap":{"test-code":{"insertions":70,"deletions":70}}},{"hash":"1f9c636747409d6699605e85d7d6b644bbdb34c7","messageTitle":"Update naming","messageBody":"","fileTypesAndContributionMap":{"test-code":{"insertions":29,"deletions":29}}},{"hash":"cdc8e283bd1ab6e2aaf7228bf5178e50d734f026","messageTitle":"Fix style","messageBody":"","fileTypesAndContributionMap":{"functional-code":{"insertions":15,"deletions":6},"test-code":{"insertions":9,"deletions":10}}}]},{"date":"2021-10-11","commitResults":[{"hash":"c5c26452f03292df94d6192b7aa021da2111cb91","messageTitle":"Refractor changes","messageBody":"","fileTypesAndContributionMap":{"functional-code":{"insertions":18,"deletions":18},"test-code":{"insertions":4,"deletions":4}}},{"hash":"62193548eec85d06b8ac8e7baba21c6a4f4d7244","messageTitle":"Fix test cases","messageBody":"","fileTypesAndContributionMap":{"test-code":{"insertions":2,"deletions":2}}}]}]},"authorFileTypeContributionMap":{"AllardQuek":{"docs":136,"functional-code":193,"test-code":438,"other":3},"shermannws":{"docs":107,"functional-code":219,"test-code":441},"reddevil1313":{"docs":70,"functional-code":63,"test-code":258,"other":1},"ZhaoPeiduo":{"docs":165,"functional-code":1233,"test-code":946},"erwinqxy":{"docs":93,"functional-code":639,"test-code":993,"other":2}},"authorContributionVariance":{"AllardQuek":36044.098,"shermannws":43381.008,"reddevil1313":48639.066,"ZhaoPeiduo":309952.12,"erwinqxy":1922994.5},"authorDisplayNameMap":{"AllardQuek":"CS2103-F09-3 ALLA..YONG","shermannws":"CS2103-F09-3 SHER..HENG","reddevil1313":"CS2103-F09-3 SAMA..AGAR","ZhaoPeiduo":"CS2103-F09-3 ZHAO..IDUO","erwinqxy":"CS2103-F09-3 QUEK..RWIN"}}
