{"authorDailyContributionsMap":{"Neha-5678":[{"date":"2021-09-28","commitResults":[{"hash":"34ea6ec9ccb149807131ea9267415868d4b261e6","messageTitle":"Add features \u0027view task\u0027, \u0027edit task\u0027 and \u0027delete student\u0027 to user guide","messageBody":"","fileTypesAndContributionMap":{"docs":{"insertions":45,"deletions":3}}},{"hash":"6540696f3fe987c1df21774a4d86f5ea6c4d84c9","messageTitle":"Add quick start to user guide","messageBody":"","fileTypesAndContributionMap":{"docs":{"insertions":8,"deletions":8}}},{"hash":"17e5f68856306a13ab89433f6635daf757270c47","messageTitle":"Add photo and portfolio in AboutUs.md","messageBody":"","fileTypesAndContributionMap":{"docs":{"insertions":23,"deletions":4}}},{"hash":"fa43665202bdc7e1b629ce8ff6678fa783bed1ac","messageTitle":"Add value proposition and more user stories","messageBody":"","fileTypesAndContributionMap":{"docs":{"insertions":24,"deletions":17}}}]},{"date":"2021-10-06","commitResults":[{"hash":"ddf2efeb2b5c59613e713cc9e4754413f779b5e8","messageTitle":"Add model for tasks","messageBody":"","fileTypesAndContributionMap":{"functional-code":{"insertions":351,"deletions":0}}},{"hash":"e367831d4f621c55e71b74f1efb44088fb4192b6","messageTitle":"Fix style issues","messageBody":"","fileTypesAndContributionMap":{"functional-code":{"insertions":1,"deletions":4}}},{"hash":"7549c0ada8e43c6e2b0e867199b11cb25b5d95fc","messageTitle":"Fix bug in UniqueTaskList class","messageBody":"","fileTypesAndContributionMap":{"functional-code":{"insertions":2,"deletions":1}}}]},{"date":"2021-10-11","commitResults":[{"hash":"a25eb0639332ad3ecdd050945fe759cb6bca93ad","messageTitle":"Add storage for tasks and test cases for storage","messageBody":"","fileTypesAndContributionMap":{"functional-code":{"insertions":161,"deletions":1},"test-code":{"insertions":144,"deletions":1}}},{"hash":"6e2e93806b050f91606e39fa9bdd3ed2b6948648","messageTitle":"Fix style issues","messageBody":"","fileTypesAndContributionMap":{"test-code":{"insertions":2,"deletions":2}}},{"hash":"5a065fd96dbe04ae39aeb49d723cae93b87b3e56","messageTitle":"Fix more style issues","messageBody":"","fileTypesAndContributionMap":{"functional-code":{"insertions":12,"deletions":12},"test-code":{"insertions":2,"deletions":2}}},{"hash":"57be41c65466cf974591a8e765041c7c2eeb0343","messageTitle":"Fix bugs in JsonSerializableAddressBook","messageBody":"","fileTypesAndContributionMap":{"functional-code":{"insertions":20,"deletions":63},"other":{"insertions":7,"deletions":2},"test-code":{"insertions":224,"deletions":58}}},{"hash":"9a261c0ba5efe9d435377fb99a4240aeb33db53f","messageTitle":"Fix style issues","messageBody":"","fileTypesAndContributionMap":{"test-code":{"insertions":1,"deletions":1}}}]},{"date":"2021-10-19","commitResults":[{"hash":"c4ef3167d3e1b1567ac3fd122dbe0634feb9e61b","messageTitle":"Add edit task command and test cases for command","messageBody":"","fileTypesAndContributionMap":{"functional-code":{"insertions":252,"deletions":17},"docs":{"insertions":5,"deletions":5},"test-code":{"insertions":303,"deletions":14}}}]},{"date":"2021-10-21","commitResults":[{"hash":"dc497fe85583b5cb50e731f8a3b240744fa63d24","messageTitle":"Add documentation about edit task to developer guide","messageBody":"","fileTypesAndContributionMap":{"docs":{"insertions":92,"deletions":1}}},{"hash":"e23c5b2375ed85800149a2242bc1122c0506c049","messageTitle":"Fix style issues","messageBody":"","fileTypesAndContributionMap":{"docs":{"insertions":1,"deletions":1}}}]},{"date":"2021-10-25","commitResults":[{"hash":"532eea3b6d2c688b0553d157da48aecc56e82536","messageTitle":"Add find task command and test cases for the command","messageBody":"","fileTypesAndContributionMap":{"functional-code":{"insertions":133,"deletions":5},"test-code":{"insertions":102,"deletions":3}}},{"hash":"01d7bafb672c0061b693ca37b20cdf202be38d8e","messageTitle":"Fix style issues","messageBody":"","fileTypesAndContributionMap":{"functional-code":{"insertions":1,"deletions":1},"test-code":{"insertions":0,"deletions":6}}}]},{"date":"2021-10-26","commitResults":[{"hash":"a3b47418e5e3842e6341eff611970a615d6d4a96","messageTitle":"Add command to list all the tasks","messageBody":"","fileTypesAndContributionMap":{"functional-code":{"insertions":30,"deletions":0},"test-code":{"insertions":54,"deletions":0}}},{"hash":"46a397149bef44d3eda7a8a7092b61e1b8407c02","messageTitle":"Add storage for group","messageBody":"","fileTypesAndContributionMap":{"functional-code":{"insertions":131,"deletions":2}}},{"hash":"c2159bacebd0617255b14177f4665a6634504e47","messageTitle":"Fix person test cases","messageBody":"","fileTypesAndContributionMap":{"functional-code":{"insertions":16,"deletions":5},"test-code":{"insertions":28,"deletions":14}}}]},{"date":"2021-10-28","commitResults":[{"hash":"2c9140daf52d9153bbfe6eebd39e443a5fb9f422","messageTitle":"Fix test cases and dereference person ids when group is deleted","messageBody":"","fileTypesAndContributionMap":{"functional-code":{"insertions":33,"deletions":2},"docs":{"insertions":1,"deletions":1},"test-code":{"insertions":15,"deletions":8}}},{"hash":"5f8fcc7fe9d6650feb799ada65efc62ccd8529ee","messageTitle":"Fix style issues","messageBody":"","fileTypesAndContributionMap":{"functional-code":{"insertions":0,"deletions":1},"test-code":{"insertions":8,"deletions":9}}},{"hash":"6287b75297676393f0f3995afbf024776937f019","messageTitle":"Fix more style issues","messageBody":"","fileTypesAndContributionMap":{"test-code":{"insertions":10,"deletions":9}}},{"hash":"96f6888cdf8d17088b8f0cf634ca0f4275277262","messageTitle":"Fix error in code","messageBody":"","fileTypesAndContributionMap":{"functional-code":{"insertions":1,"deletions":1}}},{"hash":"51aaa7df2a36afd1167e7f3fd9663f2addc1fdef","messageTitle":"Add documentation for some commands in User guide","messageBody":"","fileTypesAndContributionMap":{"docs":{"insertions":44,"deletions":21}}}]},{"date":"2021-10-30","commitResults":[{"hash":"cd2f8da0c35918607eace1a12679690359a8b524","messageTitle":"Edit documentation for edit task command","messageBody":"","fileTypesAndContributionMap":{"docs":{"insertions":1,"deletions":1}}}]},{"date":"2021-11-02","commitResults":[{"hash":"698e33df940765d56edf0f70aefa222df75b029d","messageTitle":"Edit User guide to fix documentation","messageBody":"","fileTypesAndContributionMap":{"docs":{"insertions":5,"deletions":5}}},{"hash":"4c8d5c134dd9558e78415be652555b15e93f0f23","messageTitle":"Fix the Help command to bring users to TutorMaster\u0027s user guide","messageBody":"","fileTypesAndContributionMap":{"functional-code":{"insertions":1,"deletions":1}}}]}],"jeremy-7007":[{"date":"2021-09-28","commitResults":[{"hash":"df33efcac8dd5b9f2abfbc2b7590a3ebca804605","messageTitle":"Adds \u0027help\u0027 and \u0027add student\u0027 to UserGuide.md","messageBody":"But since those sections are already generously added, these are just some minor mistake fixes","fileTypesAndContributionMap":{"docs":{"insertions":5,"deletions":4}}},{"hash":"d25da910f8ce6f7f524a35ae1bdc42cf3803d41a","messageTitle":"Correct changes to \u0027help\u0027 and \u0027add student\u0027","messageBody":"The last pull request was a mistake. Sorry.","fileTypesAndContributionMap":{"docs":{"insertions":13,"deletions":11}}},{"hash":"baafc3567e95045961410e80b920f54a48c1d604","messageTitle":"Adds use cases to DeveloperGuide.md","messageBody":"","fileTypesAndContributionMap":{"docs":{"insertions":60,"deletions":8}}},{"hash":"98edbde8707a3858569a4a4be1ab42cbe05b916c","messageTitle":"Adds self to AboutUs.md","messageBody":"","fileTypesAndContributionMap":{"docs":{"insertions":4,"deletions":4}}},{"hash":"9f2d3e2913895c0a70e7f56642282954b644a89f","messageTitle":"Updates portfolio page","messageBody":"","fileTypesAndContributionMap":{"docs":{"insertions":1,"deletions":1}}},{"hash":"e82708c3f60c2b8f87f24fb50f2b1560e3d38bfd","messageTitle":"Delete johndoe.md","messageBody":"","fileTypesAndContributionMap":{"docs":{"insertions":0,"deletions":46}}},{"hash":"07c4ef492ab0cf6b4f4cecfa1a28f209e24548cf","messageTitle":"Uploads jeremy-7007.md","messageBody":"","fileTypesAndContributionMap":{"docs":{"insertions":46,"deletions":0}}},{"hash":"f6e401c67e9b8198b3ee175d1e6520f39f2fc15a","messageTitle":"Uploads jeremy-7007.md instead of deleting johndoe.md","messageBody":"","fileTypesAndContributionMap":{"docs":{"insertions":10,"deletions":0}}}]},{"date":"2021-10-12","commitResults":[{"hash":"2f2a186a36f41d49f8f5edc8958563d597117aac","messageTitle":"Creates new assignedTaskIds property in Person class","messageBody":"","fileTypesAndContributionMap":{"functional-code":{"insertions":93,"deletions":11},"test-code":{"insertions":5,"deletions":1}}},{"hash":"b2d8f5efed09245b8c06503485846b4720625383","messageTitle":"Implements assign task to person command","messageBody":"","fileTypesAndContributionMap":{"functional-code":{"insertions":157,"deletions":2}}},{"hash":"4047577160d3ce4808a21a4a00f28ab3850db207","messageTitle":"Fixes some space and unused import styles","messageBody":"","fileTypesAndContributionMap":{"functional-code":{"insertions":2,"deletions":5}}},{"hash":"564fbabfdaf3f5b77037eac349556faba9780b1a","messageTitle":"Fixes import order (hopefully)","messageBody":"","fileTypesAndContributionMap":{"functional-code":{"insertions":17,"deletions":17}}},{"hash":"6eb82e69a36384dac46fe5ac032959d0616771eb","messageTitle":"Fixes minor import error in AssignTaskToPersonCommand","messageBody":"","fileTypesAndContributionMap":{"functional-code":{"insertions":1,"deletions":1}}},{"hash":"7bbf68698aa174f9a57b2ce2b9f8f7ada8ee2d90","messageTitle":"Adds logic for UnassignTaskFromPersonCommand","messageBody":"","fileTypesAndContributionMap":{"functional-code":{"insertions":126,"deletions":1}}},{"hash":"66f9bc4fbfb65cf92930d5bf44aaa4de7a01da21","messageTitle":"Fixes some simple import issues","messageBody":"","fileTypesAndContributionMap":{"functional-code":{"insertions":11,"deletions":12}}},{"hash":"6857ade98e21d5a9cfd51f0428f25a065642301c","messageTitle":"Adds assignedTaskIds property to storage and adds random UUID for data","messageBody":"","fileTypesAndContributionMap":{"functional-code":{"insertions":68,"deletions":3},"test-code":{"insertions":30,"deletions":15}}},{"hash":"f060fe327906deb24b0d85d573ce911637bb9e43","messageTitle":"Fixes minor styling error","messageBody":"","fileTypesAndContributionMap":{"functional-code":{"insertions":2,"deletions":2}}},{"hash":"503ec88f1f91c253928ed683a517bcb383fcf158","messageTitle":"Fixes minor import issue","messageBody":"","fileTypesAndContributionMap":{"functional-code":{"insertions":2,"deletions":2}}},{"hash":"11dda3d06696b3175c8dcf3236e31488d1fd3d12","messageTitle":"Fixes weird merging bug","messageBody":"","fileTypesAndContributionMap":{"test-code":{"insertions":1,"deletions":1}}}]},{"date":"2021-10-13","commitResults":[{"hash":"8565542984b76d062d113d769eed1e0d629caa4b","messageTitle":"Fixes bug in assignedTaskIds during merging","messageBody":"","fileTypesAndContributionMap":{"functional-code":{"insertions":1,"deletions":0}}}]},{"date":"2021-10-19","commitResults":[{"hash":"ee523c69878cdc7dbdd173d22208397dd3d04dcb","messageTitle":"Adds task assignment to Developer Guide","messageBody":"","fileTypesAndContributionMap":{"functional-code":{"insertions":1,"deletions":1},"docs":{"insertions":54,"deletions":0}}},{"hash":"c73747aa5ab701f3ce5c2f24e3d4d0d24cf1b408","messageTitle":"Adds new line to end of TaskAssignment diagram file","messageBody":"","fileTypesAndContributionMap":{"docs":{"insertions":1,"deletions":1}}}]},{"date":"2021-10-21","commitResults":[{"hash":"8e98072e8097aed8d56501b4754c98a7d6ba33ba","messageTitle":"Delete \"Coming in v1.2\" comments","messageBody":"","fileTypesAndContributionMap":{"docs":{"insertions":6,"deletions":6}}}]},{"date":"2021-10-26","commitResults":[{"hash":"474eba3ce8b47f1b5bb79de635a73f96f93ca0c6","messageTitle":"Add tasksCompletion property in Person","messageBody":"","fileTypesAndContributionMap":{"functional-code":{"insertions":163,"deletions":23},"test-code":{"insertions":26,"deletions":13}}},{"hash":"be5ffb3f69da277e33e6392c851e9cd62f23e482","messageTitle":"Add JavaDoc for new method in PersonBuilder","messageBody":"","fileTypesAndContributionMap":{"test-code":{"insertions":3,"deletions":0}}}]},{"date":"2021-10-28","commitResults":[{"hash":"cd9ee35983ee50e1c8a28dcd116bf828abd0a056","messageTitle":"Add mark task as done command","messageBody":"","fileTypesAndContributionMap":{"functional-code":{"insertions":129,"deletions":1}}},{"hash":"d44bfa379c2885733f5fe8eeddb8fc4d481483c4","messageTitle":"Rename command and parser","messageBody":"","fileTypesAndContributionMap":{"functional-code":{"insertions":7,"deletions":3},"other":{"insertions":10,"deletions":10}}},{"hash":"1afa67cf03133d929f6e487514c4ceec6dc9069b","messageTitle":"Add mark task undone command for student","messageBody":"","fileTypesAndContributionMap":{"functional-code":{"insertions":135,"deletions":10}}},{"hash":"ad09f3dd3684e10b3925dae562c0c22cf2de3420","messageTitle":"Temporary commit","messageBody":"","fileTypesAndContributionMap":{"functional-code":{"insertions":46,"deletions":1}}},{"hash":"569f56d085039e70c8a419d0f25ba17ebc642310","messageTitle":"Change command word to avoid clashing with delete command","messageBody":"","fileTypesAndContributionMap":{"functional-code":{"insertions":2,"deletions":2}}}]},{"date":"2021-10-29","commitResults":[{"hash":"6cc33c8ece3e9d5037b643f7252bb77b37c72dd7","messageTitle":"Add delete task command","messageBody":"","fileTypesAndContributionMap":{"functional-code":{"insertions":87,"deletions":1}}},{"hash":"213a2583751492f9f8d0f133eb79987fae93ded5","messageTitle":"Fix minor style issue","messageBody":"","fileTypesAndContributionMap":{"functional-code":{"insertions":0,"deletions":1}}},{"hash":"cd397346215d8b3d651d45a1103b9c561e822db4","messageTitle":"Add mark task completion commands","messageBody":"Also fix task deletion command description and add drop-down style to multiple commands","fileTypesAndContributionMap":{"docs":{"insertions":59,"deletions":8}}},{"hash":"38c938346ae3361230cc56965739dae550ed9b56","messageTitle":"Updated version number","messageBody":"...to 1.3.1","fileTypesAndContributionMap":{"functional-code":{"insertions":1,"deletions":1}}}]},{"date":"2021-11-02","commitResults":[{"hash":"4a8ae5bca36c2f12e03fb421bed89ce7de0595a5","messageTitle":"Fixed add student and edit student commands","messageBody":"Include address argument and remove lesson argument","fileTypesAndContributionMap":{"docs":{"insertions":8,"deletions":10}}},{"hash":"c3717ad0307cfc284d51373f82ff06ca6146d0c4","messageTitle":"Change build name and version number","messageBody":"","fileTypesAndContributionMap":{"functional-code":{"insertions":1,"deletions":1},"other":{"insertions":1,"deletions":1}}}]}],"kvihashini":[{"date":"2021-09-27","commitResults":[{"hash":"53e2f9fb29d512ab7665f211731c3097aaf2e72a","messageTitle":"Add Non Functional Requirements","messageBody":"","fileTypesAndContributionMap":{"docs":{"insertions":2,"deletions":1}}},{"hash":"9d8d09ec0c068279e298fc4a0bc6bcb8ec38341c","messageTitle":"Add Glossary Terms","messageBody":"","fileTypesAndContributionMap":{"docs":{"insertions":1,"deletions":0}}},{"hash":"37cd2ebeac55eae180df997e497a017dc9149f9d","messageTitle":"Add Delete Task and Assign Task to User Guide","messageBody":"","fileTypesAndContributionMap":{"docs":{"insertions":29,"deletions":1}}},{"hash":"7a34fce560045795fab6864d4c3169a769110f5f","messageTitle":"Add portfolio and personal photo in AboutUs","messageBody":"","fileTypesAndContributionMap":{"docs":{"insertions":24,"deletions":4}}},{"hash":"bc80c63a2bd11bfeaa1d7d8ed0bf73451bdbca1f","messageTitle":"Fix Style Issues","messageBody":"","fileTypesAndContributionMap":{"docs":{"insertions":2,"deletions":2}}},{"hash":"aa802ae40dba9fcc53095ed1cd2424af8de02749","messageTitle":"Fix Further Style Issues","messageBody":"","fileTypesAndContributionMap":{"docs":{"insertions":0,"deletions":1}}}]},{"date":"2021-09-28","commitResults":[{"hash":"908fcf44914aa9c45c4bbe076d9b1b79a749a9eb","messageTitle":"Edit and rearrange User Guide","messageBody":"","fileTypesAndContributionMap":{"docs":{"insertions":83,"deletions":117}}},{"hash":"9b4268177d3375c1625df8a9121282ff4f0f76c6","messageTitle":"Add Table of Contents to User Guide","messageBody":"","fileTypesAndContributionMap":{"docs":{"insertions":2,"deletions":0}}},{"hash":"91ff21a367c127aacbba581cd2856e45fab130da","messageTitle":"Update README to match project","messageBody":"","fileTypesAndContributionMap":{"docs":{"insertions":17,"deletions":11}}},{"hash":"1f3875872fe838e90bad30b766e8e1134b43af92","messageTitle":"Update User Guide","messageBody":"","fileTypesAndContributionMap":{"docs":{"insertions":2,"deletions":4}}},{"hash":"e7a96b409375d1039c304417c4a82b67de218553","messageTitle":"Fix further issues in README","messageBody":"","fileTypesAndContributionMap":{"docs":{"insertions":14,"deletions":11}}}]},{"date":"2021-10-05","commitResults":[{"hash":"719edc938f348df484e6d03c80ab5f4fa2c095e3","messageTitle":"Refactor code to add \u0027view\u0027 command for students","messageBody":"","fileTypesAndContributionMap":{"functional-code":{"insertions":91,"deletions":0},"test-code":{"insertions":154,"deletions":0}}},{"hash":"f39b085b8693380991f0423192ca32c035370a3a","messageTitle":"Removed unused imports","messageBody":"","fileTypesAndContributionMap":{"functional-code":{"insertions":0,"deletions":1},"test-code":{"insertions":0,"deletions":17}}}]},{"date":"2021-10-08","commitResults":[{"hash":"88444c1b94a980ee2015fc49a495805c71d90247","messageTitle":"Add model for \u0027Group\u0027","messageBody":"","fileTypesAndContributionMap":{"functional-code":{"insertions":285,"deletions":0}}}]},{"date":"2021-10-13","commitResults":[{"hash":"e89e3b827a2d6146382f32a6de4de6bf483341a6","messageTitle":"Add UI for Task Panel","messageBody":"","fileTypesAndContributionMap":{"functional-code":{"insertions":182,"deletions":16}}},{"hash":"7eab6a8d408be810ec8bcf04e941a4d158059c81","messageTitle":"Add basic UI to include Task Panel","messageBody":"","fileTypesAndContributionMap":{"functional-code":{"insertions":13,"deletions":2}}},{"hash":"912e44d3e12780c1170700863a3ab3c73a0cee22","messageTitle":"Modify UI to match mockup UI.","messageBody":"Change background colour and shift result display to one of the columns\nalongside Person Panel and Task Panel.\n","fileTypesAndContributionMap":{"functional-code":{"insertions":59,"deletions":41}}}]},{"date":"2021-10-17","commitResults":[{"hash":"3e8dfac660a328ef7b483b89f9e5e441ac899eea","messageTitle":"Change colour of panels to match UI mockup","messageBody":"","fileTypesAndContributionMap":{"functional-code":{"insertions":4,"deletions":4}}},{"hash":"37301fadcba4c2c03595bf047e037e3167e28ca1","messageTitle":"Modify UI to include Group Panel","messageBody":"","fileTypesAndContributionMap":{"functional-code":{"insertions":327,"deletions":11}}},{"hash":"da6750439cb59c5c3b3466e5e30a7215c9522a0e","messageTitle":"Fix style issues","messageBody":"","fileTypesAndContributionMap":{"functional-code":{"insertions":2,"deletions":2},"docs":{"insertions":21,"deletions":13}}}]},{"date":"2021-10-18","commitResults":[{"hash":"cd00555617d61972087cbf262022103c3c303735","messageTitle":"Fix skeleton of group and further import issues","messageBody":"","fileTypesAndContributionMap":{"functional-code":{"insertions":33,"deletions":9},"test-code":{"insertions":140,"deletions":3}}},{"hash":"cf747c5524857e29d61af5958de95f4feeac2bae","messageTitle":"Fix import issues","messageBody":"","fileTypesAndContributionMap":{"test-code":{"insertions":3,"deletions":2}}},{"hash":"2d1b16029135882ccb31af42070f3f56b5e2e772","messageTitle":"Fix Unique ID issues for Groups","messageBody":"","fileTypesAndContributionMap":{"test-code":{"insertions":20,"deletions":4}}}]},{"date":"2021-10-20","commitResults":[{"hash":"713037b628cdb8ac5e07281daefb85a3d43bb952","messageTitle":"Add view student to Developer Guide","messageBody":"","fileTypesAndContributionMap":{"docs":{"insertions":90,"deletions":0}}}]},{"date":"2021-10-21","commitResults":[{"hash":"217b99ac004ec493595b42824d1d6a9e5549d0ba","messageTitle":"Enable assertions","messageBody":"","fileTypesAndContributionMap":{"other":{"insertions":4,"deletions":0}}}]},{"date":"2021-10-24","commitResults":[{"hash":"4a64c0ea90f37c208688721c11d67518c324b582","messageTitle":"Add delete group command","messageBody":"","fileTypesAndContributionMap":{"functional-code":{"insertions":137,"deletions":5},"test-code":{"insertions":172,"deletions":1}}},{"hash":"f3848171246b92f2196ccd1c07a4f03cd2521129","messageTitle":"Update Github website","messageBody":"","fileTypesAndContributionMap":{"docs":{"insertions":30,"deletions":9}}}]},{"date":"2021-10-25","commitResults":[{"hash":"0d3337599d8eefc7e47ad99727e36c88a7f6953f","messageTitle":"Add view command for Group","messageBody":"","fileTypesAndContributionMap":{"functional-code":{"insertions":290,"deletions":9},"test-code":{"insertions":215,"deletions":2}}},{"hash":"e6d6f96291c9e87735773a044d0328b4953df68c","messageTitle":"Fix styling issues","messageBody":"","fileTypesAndContributionMap":{"test-code":{"insertions":2,"deletions":4}}},{"hash":"134a1ac154f1933bb9deeac11fe20abc4c622300","messageTitle":"Fix further styling issues and edit test cases","messageBody":"","fileTypesAndContributionMap":{"test-code":{"insertions":4,"deletions":4}}},{"hash":"1ec5510239624d9ddc9e518e2474c6bcfb39ea86","messageTitle":"Fix bugs and style issues","messageBody":"","fileTypesAndContributionMap":{"test-code":{"insertions":0,"deletions":1}}},{"hash":"7aedec27b52d45b43a6cebd739b0e683f68b7ec4","messageTitle":"Fix small bugs","messageBody":"","fileTypesAndContributionMap":{"test-code":{"insertions":2,"deletions":1}}}]},{"date":"2021-11-02","commitResults":[{"hash":"ed7aef764a08ad9b123dc0fa1e2c5551750c5b0a","messageTitle":"Fix starting examples in User Guide","messageBody":"","fileTypesAndContributionMap":{"docs":{"insertions":1,"deletions":1}}},{"hash":"e6f978b59bd4ceda8677b4665adeb9a6eb924aad","messageTitle":"Update example for \u0027add task\u0027 command in User Guide","messageBody":"","fileTypesAndContributionMap":{"docs":{"insertions":1,"deletions":1}}}]},{"date":"2021-11-03","commitResults":[{"hash":"009073a4f06a5d57f60caf13af03db93fc093dc5","messageTitle":"Add screenshots of few features into User Guide","messageBody":"","fileTypesAndContributionMap":{"docs":{"insertions":16,"deletions":2}}}]}],"tanhuakun":[{"date":"2021-09-27","commitResults":[{"hash":"0e032ddf94b4614ad1703009253aa5a70591c0ab","messageTitle":"Update user guide and developer guide for v1.1","messageBody":"User guide was updated with Group and Add task functions\n\nDeveloper guide was updated with target user profile and some user\nstories\n\n_base.scss file was updated to reflect name of project now\n","fileTypesAndContributionMap":{"docs":{"insertions":42,"deletions":5}}},{"hash":"c42f9f7d2580b42994f6b176a2f86571a4f2313c","messageTitle":"Update aboutme and added tanhuakun.png","messageBody":"","fileTypesAndContributionMap":{"docs":{"insertions":9,"deletions":6}}},{"hash":"ca788f91493451fbab60b1fbc4a6fa515f5c1426","messageTitle":"Resolved newline changes","messageBody":"","fileTypesAndContributionMap":{"docs":{"insertions":1,"deletions":1}}}]},{"date":"2021-10-03","commitResults":[{"hash":"16a6109b557afe234f1aed3282049b74f72bf9ce","messageTitle":"Refactor code and changed command words to include \"student\" commands","messageBody":"Required as we want to have support for adding tasks in the future\nand generic add, delete, edit might be confusing\n\nAdded a PersonCommandsParser to handle \"student\" commands, changed\ncommand word for person related commands. Also moved each command\nand command parser into a \"persons\" package for organisation\n","fileTypesAndContributionMap":{"functional-code":{"insertions":94,"deletions":44},"other":{"insertions":192,"deletions":161},"test-code":{"insertions":33,"deletions":27}}},{"hash":"6ded7bfd2ff8882d8d806a0734b4e4863c253fb8","messageTitle":"Update UG to reflect new find command","messageBody":"","fileTypesAndContributionMap":{"docs":{"insertions":4,"deletions":4}}}]},{"date":"2021-10-05","commitResults":[{"hash":"db2a6c1dec7ea342b6f3acb831462c9edad93042","messageTitle":"Add functionality for adding lessons to students","messageBody":"This is done so that we can view schedules in the future\n\nTo achieve this, a NoOverlapLessonList is added to the Person class\n","fileTypesAndContributionMap":{"functional-code":{"insertions":642,"deletions":14},"docs":{"insertions":16,"deletions":4},"test-code":{"insertions":12,"deletions":1}}},{"hash":"37ad858383a208e11205257ff239f431abe506b8","messageTitle":"Rewrote one comment","messageBody":"","fileTypesAndContributionMap":{"functional-code":{"insertions":1,"deletions":1}}}]},{"date":"2021-10-12","commitResults":[{"hash":"08ca389a45565391d51e7f65b768f7ebc2ac1cfe","messageTitle":"Add Storage for Lessons in Person. Add tests for Lesson command parsing and commands. Add tests for Storage.","messageBody":"","fileTypesAndContributionMap":{"functional-code":{"insertions":404,"deletions":30},"other":{"insertions":42,"deletions":12},"test-code":{"insertions":875,"deletions":171}}},{"hash":"bc64814691175620025429805c183b7e4288d344","messageTitle":"Resolve merge conflicts","messageBody":"","fileTypesAndContributionMap":{"functional-code":{"insertions":2,"deletions":1},"test-code":{"insertions":3,"deletions":3}}},{"hash":"3e3454d0299a33263c3b018fe1232e7695a7832f","messageTitle":"Update docs to reflect student -dl command","messageBody":"","fileTypesAndContributionMap":{"docs":{"insertions":13,"deletions":0}}}]},{"date":"2021-10-16","commitResults":[{"hash":"924b4ba2f6acf8a276e7e3cf20d1fa3c7b80cade","messageTitle":"Add comparable to lesson to allow sorting.","messageBody":"Update addressbook to allow retrieving of all lessons in sorted order\n","fileTypesAndContributionMap":{"functional-code":{"insertions":66,"deletions":7},"test-code":{"insertions":41,"deletions":5}}},{"hash":"2af366b737063792fe8e003ad0a5aad92199362b","messageTitle":"Add List\u003cExam\u003e to Person model","messageBody":"","fileTypesAndContributionMap":{"functional-code":{"insertions":119,"deletions":22},"test-code":{"insertions":15,"deletions":1}}}]},{"date":"2021-10-19","commitResults":[{"hash":"6ccbf56f9b0ff36d6152d73c6f415bd751f8455f","messageTitle":"Add exam commands and storage for exams","messageBody":"","fileTypesAndContributionMap":{"functional-code":{"insertions":460,"deletions":246},"test-code":{"insertions":68,"deletions":165}}},{"hash":"f82bf189423eecb9e1b543eda8f831dc60fe1e22","messageTitle":"Update docs","messageBody":"","fileTypesAndContributionMap":{"docs":{"insertions":112,"deletions":39}}}]},{"date":"2021-10-20","commitResults":[{"hash":"bb3dbccc03215bc69be07c2beb69bbb76a53275f","messageTitle":"Add support for viewing schedule","messageBody":"","fileTypesAndContributionMap":{"functional-code":{"insertions":434,"deletions":89},"test-code":{"insertions":14,"deletions":23}}}]},{"date":"2021-10-21","commitResults":[{"hash":"6d744f7cb0d25140eb8dba176b37b54c9133b93a","messageTitle":"Update UG markdown to work in HTML","messageBody":"","fileTypesAndContributionMap":{"docs":{"insertions":9,"deletions":12}}},{"hash":"4f406e2319eaf09cf7e661cfba866a185b36cc31","messageTitle":"Update dev guide on lessons","messageBody":"","fileTypesAndContributionMap":{"docs":{"insertions":76,"deletions":0}}},{"hash":"b3f8c1a81639212f3ee9b0bd0fcc4b628f332fcb","messageTitle":"Fix trailing white space","messageBody":"","fileTypesAndContributionMap":{"docs":{"insertions":18,"deletions":18}}}]},{"date":"2021-10-23","commitResults":[{"hash":"c3cf552019dda2b3c42c382b87d8d36b36e0d592","messageTitle":"Add create group command","messageBody":"","fileTypesAndContributionMap":{"functional-code":{"insertions":315,"deletions":5}}},{"hash":"6e0eae64abab07675332ffc99bf6340b9d6b5b17","messageTitle":"Update delete person command to remove references in groups","messageBody":"","fileTypesAndContributionMap":{"functional-code":{"insertions":140,"deletions":26},"test-code":{"insertions":4,"deletions":1}}}]},{"date":"2021-10-24","commitResults":[{"hash":"a077db72caaaa2b0d8684e1e1c81c3b35a1caf50","messageTitle":"Add add-lesson-to-group command","messageBody":"","fileTypesAndContributionMap":{"functional-code":{"insertions":377,"deletions":62},"test-code":{"insertions":11,"deletions":0}}},{"hash":"edb54be8d019bc834eed7bb0a680d4b5e000255d","messageTitle":"Add javadoc","messageBody":"","fileTypesAndContributionMap":{"functional-code":{"insertions":7,"deletions":3}}}]},{"date":"2021-10-25","commitResults":[{"hash":"61b3656bc1f836f056520b18878b241d2cca7446","messageTitle":"Refactor viewing schedule and upgrade student -v","messageBody":"","fileTypesAndContributionMap":{"functional-code":{"insertions":370,"deletions":84},"test-code":{"insertions":29,"deletions":2}}},{"hash":"6880ddf752c984dad8625f66e952298543072060","messageTitle":"Fix EOF error","messageBody":"","fileTypesAndContributionMap":{"functional-code":{"insertions":1,"deletions":1}}},{"hash":"1553407baeaea60a867a441a9cf545ee46e7c1ae","messageTitle":"Add delete lesson from group command","messageBody":"","fileTypesAndContributionMap":{"functional-code":{"insertions":118,"deletions":8},"test-code":{"insertions":2,"deletions":2}}},{"hash":"3f02f56a514d129940ffea3c408d63f311a9ff42","messageTitle":"Add test for exams and exam commands","messageBody":"","fileTypesAndContributionMap":{"test-code":{"insertions":174,"deletions":1}}},{"hash":"7269665a120fb43db279c2b3e4de19188a5e3a89","messageTitle":"Add test cases for exams, groups and model.setViewingType()","messageBody":"","fileTypesAndContributionMap":{"functional-code":{"insertions":24,"deletions":2},"test-code":{"insertions":222,"deletions":10}}},{"hash":"abfdc307e538470c2499c1212ce06d1f1f13c173","messageTitle":"Fix Styling","messageBody":"","fileTypesAndContributionMap":{"functional-code":{"insertions":7,"deletions":3}}}]},{"date":"2021-10-26","commitResults":[{"hash":"bd44dd4ae31edd82e9df72b57c454dcd3fe15b9c","messageTitle":"Update person viewing format and UG for group lesson commands","messageBody":"","fileTypesAndContributionMap":{"functional-code":{"insertions":90,"deletions":21},"docs":{"insertions":38,"deletions":1}}},{"hash":"8594c2d009bd167cb550cae286164117de49808f","messageTitle":"Fix style","messageBody":"","fileTypesAndContributionMap":{"functional-code":{"insertions":1,"deletions":1}}}]},{"date":"2021-11-02","commitResults":[{"hash":"af2f8c536c71f536ccc613f247aca27c6b8c2c46","messageTitle":"Fix issues with Indexes","messageBody":"","fileTypesAndContributionMap":{"functional-code":{"insertions":176,"deletions":26},"docs":{"insertions":2,"deletions":0},"test-code":{"insertions":57,"deletions":18}}},{"hash":"59712662fb9fe6b839268481dc099b668a1dec2f","messageTitle":"Clarify meaning in invalid index message","messageBody":"","fileTypesAndContributionMap":{"functional-code":{"insertions":2,"deletions":2}}},{"hash":"c982ed28a7b980e4bb9afc124d141dc2d288f71e","messageTitle":"Change order of error in Edit command","messageBody":"","fileTypesAndContributionMap":{"functional-code":{"insertions":18,"deletions":18}}},{"hash":"d4556e1d5a9d0018a4c84829bb2f440e0f57ea60","messageTitle":"Add check to preamble length","messageBody":"","fileTypesAndContributionMap":{"functional-code":{"insertions":63,"deletions":22},"test-code":{"insertions":13,"deletions":7}}}]}],"eltonyeh":[{"date":"2021-09-27","commitResults":[{"hash":"2598f7a207bfc44281f792d7b610d4ad67d27b38","messageTitle":"Upload personal photo and update AboutUs.md","messageBody":"","fileTypesAndContributionMap":{"docs":{"insertions":5,"deletions":6}}}]},{"date":"2021-09-28","commitResults":[{"hash":"f2577cf25e06a52ecb3ef564fec77e40e2fc0b28","messageTitle":"Add features \"edit task\" and \"view task\" into the user guide","messageBody":"","fileTypesAndContributionMap":{"docs":{"insertions":33,"deletions":0}}},{"hash":"30be05150264b5bad98b039a8b169b9ab30d8efa","messageTitle":"Create own portfolio page (with only the default content inside)","messageBody":"","fileTypesAndContributionMap":{"docs":{"insertions":46,"deletions":0}}},{"hash":"7ee6d82db630cfc4dc2c0ea514814b705b882227","messageTitle":"Update the acknowledgement of README.md","messageBody":"","fileTypesAndContributionMap":{"docs":{"insertions":3,"deletions":0}}},{"hash":"97b8f82e2386e834eb888f1d283086054d99179c","messageTitle":"Update command summary in the user guide","messageBody":"","fileTypesAndContributionMap":{"docs":{"insertions":14,"deletions":6}}},{"hash":"13621b1732bdf589fa786838ab681450b84192c2","messageTitle":"Fix some typos, duplicate sentences in the user guide","messageBody":"e.g.\n- Remove the \"contents in [] are optional\" as it is specified in the\nbeginning\n- Some inconsistent command examples\n- Rearrange some command description to a more reasonable place\n","fileTypesAndContributionMap":{"docs":{"insertions":40,"deletions":42}}}]},{"date":"2021-10-08","commitResults":[{"hash":"6ab7ddadfc8311f21078493343a3baabd67a349d","messageTitle":"Fix discrepancies between methods and their Javadocs for package Task","messageBody":"","fileTypesAndContributionMap":{"functional-code":{"insertions":12,"deletions":11}}},{"hash":"de563c18c569c0d56503c4a76768259c10ec5009","messageTitle":"Change the type of the deadline from `String` to `LocalDate`","messageBody":"","fileTypesAndContributionMap":{"functional-code":{"insertions":16,"deletions":8}}},{"hash":"0135c65bed951a67d31b8a5399131f9d16a1714a","messageTitle":"Fix style issues","messageBody":"","fileTypesAndContributionMap":{"functional-code":{"insertions":3,"deletions":3}}},{"hash":"39b5ac4c52b87998430aef11e4281172dd2dea23","messageTitle":"Add the `UniqueId` class to handle unique ids of tasks and students","messageBody":"... and add the id field to tasks\n","fileTypesAndContributionMap":{"functional-code":{"insertions":97,"deletions":18}}},{"hash":"6b3972826864939cf90cf0e98e6583eaff70b835","messageTitle":"Fix style issues","messageBody":"","fileTypesAndContributionMap":{"functional-code":{"insertions":6,"deletions":6}}},{"hash":"265194964ecf8bb1de420b2c3b0382f6ead47e3d","messageTitle":"Remove the \"complete status\" description in `Task#toString`","messageBody":"","fileTypesAndContributionMap":{"functional-code":{"insertions":1,"deletions":2}}},{"hash":"7493f7fb2713487030f88dbc28c503d0d97cfb20","messageTitle":"Add the task list to AB3 model","messageBody":"","fileTypesAndContributionMap":{"functional-code":{"insertions":150,"deletions":4}}},{"hash":"349032242f53c5cf2b06a098892915e42c1e1500","messageTitle":"Update the test stubs to make them consistent to the new model","messageBody":"","fileTypesAndContributionMap":{"test-code":{"insertions":45,"deletions":6}}},{"hash":"5ed04d612c113a810d58589e37371c24b02ee65f","messageTitle":"Add `TaskBuilder` and `TypicalTasks` classes for testings","messageBody":"","fileTypesAndContributionMap":{"test-code":{"insertions":82,"deletions":1}}},{"hash":"bfab4e7a043258324e16fdb063ac8b47937738ad","messageTitle":"Fix style issues","messageBody":"","fileTypesAndContributionMap":{"test-code":{"insertions":3,"deletions":3}}},{"hash":"edf024a9cc88fad17db7755b10e38f17c09681e4","messageTitle":"Fix the task deadline parsing issue","messageBody":"","fileTypesAndContributionMap":{"functional-code":{"insertions":2,"deletions":3},"test-code":{"insertions":1,"deletions":1}}}]},{"date":"2021-10-10","commitResults":[{"hash":"b6f34d7370e6d14420d8e1cacb0b146198fc2805","messageTitle":"Add interface `HasUniqueId` and create tests for `UniqueId`","messageBody":"All classes that have unique id should implement `HasUniqueId`\n","fileTypesAndContributionMap":{"functional-code":{"insertions":43,"deletions":26},"test-code":{"insertions":82,"deletions":1}}},{"hash":"f69adfa7ed5b07c6a3fcf202ed1151e7b805a6b7","messageTitle":"Move the `id` package to the model component","messageBody":"","fileTypesAndContributionMap":{"functional-code":{"insertions":4,"deletions":4},"other":{"insertions":6,"deletions":10}}},{"hash":"57f9ec1ab379547cb66eb837367d43f539909b31","messageTitle":"Fix style issues","messageBody":"","fileTypesAndContributionMap":{"test-code":{"insertions":9,"deletions":6}}},{"hash":"a1c0bbe156cd022df44c2740e3fa9e20f06c5a4e","messageTitle":"Add test cases for package `task`","messageBody":"","fileTypesAndContributionMap":{"test-code":{"insertions":340,"deletions":0}}},{"hash":"5a4957572c8942b5eac864f6d0c6ce692aaa7367","messageTitle":"Create test cases for models effected when creating the task model","messageBody":"","fileTypesAndContributionMap":{"test-code":{"insertions":86,"deletions":11}}}]},{"date":"2021-10-12","commitResults":[{"hash":"bf1773883708004d768f5e461bb3edfbb69cff9e","messageTitle":"Fix merge conflicts","messageBody":"... including\n- Add `UniqueId` to `Person`\n- Update the json files to include the ids\n- Modify `UniqueId`\n","fileTypesAndContributionMap":{"functional-code":{"insertions":50,"deletions":21},"test-code":{"insertions":49,"deletions":14}}},{"hash":"6d7045bd9bbba9858b34e28a7b2ac73bbfebed68","messageTitle":"Update `UniqueId` and fix test case fails after merging","messageBody":"","fileTypesAndContributionMap":{"functional-code":{"insertions":32,"deletions":15},"test-code":{"insertions":83,"deletions":32}}},{"hash":"896f31cbc19c162d8e19e57a0bb1ddc20aef8520","messageTitle":"Fix the wrong name issue of `DeadlineTest` and `NameTest`","messageBody":"","fileTypesAndContributionMap":{"test-code":{"insertions":47,"deletions":47}}},{"hash":"14a8a39d4abcc170ef441a0a103e4f5d7264434c","messageTitle":"Set a default owner for `UniqueId` without owner assigned to it","messageBody":"","fileTypesAndContributionMap":{"functional-code":{"insertions":16,"deletions":5},"test-code":{"insertions":12,"deletions":3}}},{"hash":"b4d0a9af48c7a880c3beb3194dca4bc9a85049a3","messageTitle":"Fix style issues","messageBody":"","fileTypesAndContributionMap":{"functional-code":{"insertions":2,"deletions":2},"test-code":{"insertions":3,"deletions":5}}},{"hash":"c5bde285f81930b8b16caa367af88d6613305ab3","messageTitle":"Change the `DEFAULT_OWNER` of `UniqueId` to non-static","messageBody":"... so each id without an owner assigned to it will be auto-assigned a\ndefault owner\n","fileTypesAndContributionMap":{"functional-code":{"insertions":2,"deletions":11},"test-code":{"insertions":0,"deletions":6}}},{"hash":"a67d675906fefc8276ecf0f5711fe41c84effc0c","messageTitle":"Update the add task command in the User guide","messageBody":"","fileTypesAndContributionMap":{"docs":{"insertions":3,"deletions":2}}},{"hash":"11c7fce6469e48accf23676696f02d1b5bdd6937","messageTitle":"Change `task.Name` to `Description` to avoid same name as `Person.Name`","messageBody":"","fileTypesAndContributionMap":{"functional-code":{"insertions":20,"deletions":19},"other":{"insertions":5,"deletions":5},"test-code":{"insertions":62,"deletions":62}}},{"hash":"335998fa4f5d1304c5e855920a029ad53a630c87","messageTitle":"Add `AddTaskCommand`","messageBody":"","fileTypesAndContributionMap":{"functional-code":{"insertions":226,"deletions":1}}},{"hash":"847e3da46abfec651c1a77268f633776485c4c83","messageTitle":"Fix style issue","messageBody":"","fileTypesAndContributionMap":{"functional-code":{"insertions":5,"deletions":25},"test-code":{"insertions":9,"deletions":9}}},{"hash":"ec6e095505a3ab2394f813b807d0e49101db9f92","messageTitle":"Add integration test for `AddTestCommand`","messageBody":"","fileTypesAndContributionMap":{"test-code":{"insertions":46,"deletions":0}}}]},{"date":"2021-10-20","commitResults":[{"hash":"68201206751c826630cedebe05c975dd48fa1562","messageTitle":"Explain the implementation of `UniqueId` in DG","messageBody":"","fileTypesAndContributionMap":{"docs":{"insertions":37,"deletions":3}}},{"hash":"47c42afdd2fa1f24f0a520f08d22a357dc955309","messageTitle":"Add diagram for UniqueId explanation in DG","messageBody":"","fileTypesAndContributionMap":{"docs":{"insertions":21,"deletions":3}}},{"hash":"4a34f2db9d308d5c03d4f57b5a03c60613d417d4","messageTitle":"Add the interface `TaskAssignable`","messageBody":"","fileTypesAndContributionMap":{"functional-code":{"insertions":91,"deletions":3}}}]},{"date":"2021-10-26","commitResults":[{"hash":"d799b283ad2284cafcf1ac64188a01579f6b1c1d","messageTitle":"Update `TaskAssignable` and create `AssignTaskCommand`","messageBody":"","fileTypesAndContributionMap":{"functional-code":{"insertions":173,"deletions":19}}},{"hash":"c6ba335c9538d779342e10d3ddb9c73445be3ba6","messageTitle":"Update `AssignTaskToPersonCommand` and fix a bug caused by `hashCode()`","messageBody":"","fileTypesAndContributionMap":{"functional-code":{"insertions":54,"deletions":65}}},{"hash":"d819a1adc062c707675f865c27c55b5026a724a3","messageTitle":"Create `AssignTaskToGroupCommand`","messageBody":"","fileTypesAndContributionMap":{"functional-code":{"insertions":65,"deletions":14}}},{"hash":"66dc845d15e3419e45357f5063a9e5f67dcdb066","messageTitle":"Add command for assigning tasks to groups","messageBody":"","fileTypesAndContributionMap":{"functional-code":{"insertions":47,"deletions":10}}},{"hash":"e903a9e47894e35bdc1009f070e6cdafd804489d","messageTitle":"Update the user guide","messageBody":"","fileTypesAndContributionMap":{"docs":{"insertions":17,"deletions":4}}},{"hash":"84f070d18fc351740f5cfb99f75e4191e1b38a0c","messageTitle":"Add `UnassignTaskFromGroupCommand` and `UnassignTaskCommand`","messageBody":"","fileTypesAndContributionMap":{"functional-code":{"insertions":200,"deletions":48}}},{"hash":"28757f44b1e3018cb65d1ba40054a99f79b0b508","messageTitle":"Add command for unassigning task from group","messageBody":"","fileTypesAndContributionMap":{"functional-code":{"insertions":41,"deletions":2}}},{"hash":"c3d0dd395ffe3d04a6510334e104c725fa9e3edc","messageTitle":"Update user guide","messageBody":"","fileTypesAndContributionMap":{"docs":{"insertions":26,"deletions":0}}},{"hash":"7d49f9794c5cc1b149f72ffdbc2cb458f088ac3c","messageTitle":"Fix style issues","messageBody":"","fileTypesAndContributionMap":{"functional-code":{"insertions":8,"deletions":8}}}]},{"date":"2021-11-02","commitResults":[{"hash":"4cb518d583a8f318b25628d464a4684209b8b238","messageTitle":"Update the introduction of UG","messageBody":"","fileTypesAndContributionMap":{"docs":{"insertions":1,"deletions":1}}},{"hash":"565600a09e735063faf931a03e064f843e9d62ec","messageTitle":"Fix the email address not rendering properly in AboutUs.md","messageBody":"","fileTypesAndContributionMap":{"docs":{"insertions":1,"deletions":1}}}]}]},"authorFileTypeContributionMap":{"Neha-5678":{"docs":181,"functional-code":974,"test-code":756},"jeremy-7007":{"docs":208,"functional-code":820,"test-code":25,"other":1},"kvihashini":{"docs":217,"functional-code":1366,"test-code":673,"other":4},"tanhuakun":{"docs":253,"functional-code":3392,"test-code":1453,"other":1},"eltonyeh":{"docs":188,"functional-code":1146,"test-code":734}},"authorContributionVariance":{"Neha-5678":21848.572,"jeremy-7007":11313.122,"kvihashini":16059.749,"tanhuakun":112771.66,"eltonyeh":42215.016},"authorDisplayNameMap":{"Neha-5678":"CS2103T-W16-4 SRIN..IKHA","jeremy-7007":"CS2103T-W16-4 LE Q.. HUY","kvihashini":"CS2103T-W16-4 KEER..HINI","tanhuakun":"CS2103T-W16-4 TAN .. KUN","eltonyeh":"CS2103T-W16-4 YEH ..HENG"}}
