{"authorDailyContributionsMap":{"Neha-5678":[{"date":"2021-09-28","commitResults":[{"hash":"34ea6ec9ccb149807131ea9267415868d4b261e6","messageTitle":"Add features \u0027view task\u0027, \u0027edit task\u0027 and \u0027delete student\u0027 to user guide","messageBody":"","fileTypesAndContributionMap":{"docs":{"insertions":45,"deletions":3}}},{"hash":"6540696f3fe987c1df21774a4d86f5ea6c4d84c9","messageTitle":"Add quick start to user guide","messageBody":"","fileTypesAndContributionMap":{"docs":{"insertions":8,"deletions":8}}},{"hash":"17e5f68856306a13ab89433f6635daf757270c47","messageTitle":"Add photo and portfolio in AboutUs.md","messageBody":"","fileTypesAndContributionMap":{"docs":{"insertions":23,"deletions":4}}},{"hash":"fa43665202bdc7e1b629ce8ff6678fa783bed1ac","messageTitle":"Add value proposition and more user stories","messageBody":"","fileTypesAndContributionMap":{"docs":{"insertions":24,"deletions":17}}}]},{"date":"2021-10-06","commitResults":[{"hash":"ddf2efeb2b5c59613e713cc9e4754413f779b5e8","messageTitle":"Add model for tasks","messageBody":"","fileTypesAndContributionMap":{"functional-code":{"insertions":351,"deletions":0}}},{"hash":"e367831d4f621c55e71b74f1efb44088fb4192b6","messageTitle":"Fix style issues","messageBody":"","fileTypesAndContributionMap":{"functional-code":{"insertions":1,"deletions":4}}},{"hash":"7549c0ada8e43c6e2b0e867199b11cb25b5d95fc","messageTitle":"Fix bug in UniqueTaskList class","messageBody":"","fileTypesAndContributionMap":{"functional-code":{"insertions":2,"deletions":1}}}]},{"date":"2021-10-11","commitResults":[{"hash":"a25eb0639332ad3ecdd050945fe759cb6bca93ad","messageTitle":"Add storage for tasks and test cases for storage","messageBody":"","fileTypesAndContributionMap":{"functional-code":{"insertions":161,"deletions":1},"test-code":{"insertions":118,"deletions":1}}},{"hash":"5a065fd96dbe04ae39aeb49d723cae93b87b3e56","messageTitle":"Fix more style issues","messageBody":"","fileTypesAndContributionMap":{"functional-code":{"insertions":12,"deletions":12},"test-code":{"insertions":2,"deletions":2}}},{"hash":"57be41c65466cf974591a8e765041c7c2eeb0343","messageTitle":"Fix bugs in JsonSerializableAddressBook","messageBody":"","fileTypesAndContributionMap":{"functional-code":{"insertions":20,"deletions":63},"test-code":{"insertions":128,"deletions":50}}}]},{"date":"2021-10-19","commitResults":[{"hash":"c4ef3167d3e1b1567ac3fd122dbe0634feb9e61b","messageTitle":"Add edit task command and test cases for command","messageBody":"","fileTypesAndContributionMap":{"functional-code":{"insertions":252,"deletions":17},"docs":{"insertions":5,"deletions":5},"test-code":{"insertions":299,"deletions":14}}}]},{"date":"2021-10-21","commitResults":[{"hash":"dc497fe85583b5cb50e731f8a3b240744fa63d24","messageTitle":"Add documentation about edit task to developer guide","messageBody":"","fileTypesAndContributionMap":{"docs":{"insertions":92,"deletions":1}}},{"hash":"e23c5b2375ed85800149a2242bc1122c0506c049","messageTitle":"Fix style issues","messageBody":"","fileTypesAndContributionMap":{"docs":{"insertions":1,"deletions":1}}}]},{"date":"2021-10-25","commitResults":[{"hash":"532eea3b6d2c688b0553d157da48aecc56e82536","messageTitle":"Add find task command and test cases for the command","messageBody":"","fileTypesAndContributionMap":{"functional-code":{"insertions":133,"deletions":5},"test-code":{"insertions":94,"deletions":3}}},{"hash":"01d7bafb672c0061b693ca37b20cdf202be38d8e","messageTitle":"Fix style issues","messageBody":"","fileTypesAndContributionMap":{"functional-code":{"insertions":1,"deletions":1},"test-code":{"insertions":0,"deletions":6}}}]},{"date":"2021-10-26","commitResults":[{"hash":"a3b47418e5e3842e6341eff611970a615d6d4a96","messageTitle":"Add command to list all the tasks","messageBody":"","fileTypesAndContributionMap":{"functional-code":{"insertions":30,"deletions":0},"test-code":{"insertions":54,"deletions":0}}},{"hash":"46a397149bef44d3eda7a8a7092b61e1b8407c02","messageTitle":"Add storage for group","messageBody":"","fileTypesAndContributionMap":{"functional-code":{"insertions":131,"deletions":2}}},{"hash":"c2159bacebd0617255b14177f4665a6634504e47","messageTitle":"Fix person test cases","messageBody":"","fileTypesAndContributionMap":{"functional-code":{"insertions":16,"deletions":5},"test-code":{"insertions":28,"deletions":14}}}]},{"date":"2021-10-28","commitResults":[{"hash":"2c9140daf52d9153bbfe6eebd39e443a5fb9f422","messageTitle":"Fix test cases and dereference person ids when group is deleted","messageBody":"","fileTypesAndContributionMap":{"functional-code":{"insertions":33,"deletions":2},"docs":{"insertions":1,"deletions":1},"test-code":{"insertions":5,"deletions":3}}},{"hash":"5f8fcc7fe9d6650feb799ada65efc62ccd8529ee","messageTitle":"Fix style issues","messageBody":"","fileTypesAndContributionMap":{"functional-code":{"insertions":0,"deletions":1},"test-code":{"insertions":8,"deletions":9}}},{"hash":"6287b75297676393f0f3995afbf024776937f019","messageTitle":"Fix more style issues","messageBody":"","fileTypesAndContributionMap":{"test-code":{"insertions":10,"deletions":9}}},{"hash":"96f6888cdf8d17088b8f0cf634ca0f4275277262","messageTitle":"Fix error in code","messageBody":"","fileTypesAndContributionMap":{"functional-code":{"insertions":1,"deletions":1}}},{"hash":"51aaa7df2a36afd1167e7f3fd9663f2addc1fdef","messageTitle":"Add documentation for some commands in User guide","messageBody":"","fileTypesAndContributionMap":{"docs":{"insertions":44,"deletions":21}}}]},{"date":"2021-10-30","commitResults":[{"hash":"cd2f8da0c35918607eace1a12679690359a8b524","messageTitle":"Edit documentation for edit task command","messageBody":"","fileTypesAndContributionMap":{"docs":{"insertions":1,"deletions":1}}}]},{"date":"2021-11-02","commitResults":[{"hash":"698e33df940765d56edf0f70aefa222df75b029d","messageTitle":"Edit User guide to fix documentation","messageBody":"","fileTypesAndContributionMap":{"docs":{"insertions":5,"deletions":5}}},{"hash":"4c8d5c134dd9558e78415be652555b15e93f0f23","messageTitle":"Fix the Help command to bring users to TutorMaster\u0027s user guide","messageBody":"","fileTypesAndContributionMap":{"functional-code":{"insertions":1,"deletions":1}}}]},{"date":"2021-11-05","commitResults":[{"hash":"5d524df129be2cacced4b7f5ad43f81713957415","messageTitle":"Edit PPP","messageBody":"","fileTypesAndContributionMap":{"docs":{"insertions":23,"deletions":13}}},{"hash":"15219c24e3ba7c89576e752da0f481ad1615ffde","messageTitle":"Add Sample data","messageBody":"","fileTypesAndContributionMap":{"functional-code":{"insertions":21,"deletions":19}}},{"hash":"ce10e98dcbd24521e8e0416be1854c854bb20d64","messageTitle":"Fix PPP","messageBody":"","fileTypesAndContributionMap":{"docs":{"insertions":1,"deletions":1}}},{"hash":"63ee3d40ad8f1740b736b06722aa05c90e41646a","messageTitle":"Rename Neha-5678.md to neha-5678.md","messageBody":"","fileTypesAndContributionMap":{"docs":{"insertions":0,"deletions":0}}},{"hash":"d47fd3a00ba1f510b4271450a7f562e0f8dde6df","messageTitle":"Fix issues with Sample data","messageBody":"","fileTypesAndContributionMap":{"functional-code":{"insertions":70,"deletions":27}}}]},{"date":"2021-11-06","commitResults":[{"hash":"41e34793606e208a2d416ad983ecd7b0fe64b2c1","messageTitle":"Fix more issues in Sample data","messageBody":"","fileTypesAndContributionMap":{"functional-code":{"insertions":69,"deletions":39}}},{"hash":"2ef6e556748640de32cde7d62662765c792fef3a","messageTitle":"Fix the messages displayed for student and group commands","messageBody":"","fileTypesAndContributionMap":{"functional-code":{"insertions":15,"deletions":15}}},{"hash":"f4d4a622fe67303667e9e0ad31a8e7db0148683a","messageTitle":"Write code for GroupBuilder.java","messageBody":"","fileTypesAndContributionMap":{"test-code":{"insertions":17,"deletions":3}}},{"hash":"55361cdfd153651801bd1ecd2594d972565af014","messageTitle":"Add tests for group storage","messageBody":"","fileTypesAndContributionMap":{"test-code":{"insertions":130,"deletions":114}}}]},{"date":"2021-11-07","commitResults":[{"hash":"2445d97375f0a6aa1710bd741bf0c25a488ea963","messageTitle":"Update DG, UG and PPP","messageBody":"","fileTypesAndContributionMap":{"functional-code":{"insertions":4,"deletions":1},"docs":{"insertions":39,"deletions":47}}},{"hash":"94298d86714c8d6cf60bcfe4b38051326d26bcb3","messageTitle":"Update PPP with new hyperlinks","messageBody":"","fileTypesAndContributionMap":{"docs":{"insertions":2,"deletions":2}}}]},{"date":"2021-11-08","commitResults":[{"hash":"c8c690835fe0dabf8330a1dbc17be39ebc1ea6fa","messageTitle":"Edit existing diagrams in DG to match our implementation","messageBody":"","fileTypesAndContributionMap":{"docs":{"insertions":6,"deletions":4}}},{"hash":"cd890c8c7f7a178b9f05c4c17866170921de78bc","messageTitle":"Merge master to branch-userguide","messageBody":"","fileTypesAndContributionMap":{"docs":{"insertions":98,"deletions":23}}},{"hash":"899084bda1578ab154cead954bde721b6d8db4c1","messageTitle":"Update UG","messageBody":"","fileTypesAndContributionMap":{"docs":{"insertions":27,"deletions":12}}},{"hash":"d0c1303db4e72fbc975e60d408cac628113ae13f","messageTitle":"Update PPP with more details","messageBody":"","fileTypesAndContributionMap":{"functional-code":{"insertions":2,"deletions":2},"docs":{"insertions":27,"deletions":2},"test-code":{"insertions":22,"deletions":2}}},{"hash":"d2af4a7efbb1abec3f5a1f295a8fc300178bc3f7","messageTitle":"Update PPP","messageBody":"","fileTypesAndContributionMap":{"docs":{"insertions":4,"deletions":4}}}]},{"date":"2021-11-11","commitResults":[{"hash":"2fe05bbbbeda08bc6916a1dd2340590565ab7c6b","messageTitle":"Update UG","messageBody":"","fileTypesAndContributionMap":{"docs":{"insertions":42,"deletions":12}}}]}],"jeremy-7007":[{"date":"2021-09-28","commitResults":[{"hash":"df33efcac8dd5b9f2abfbc2b7590a3ebca804605","messageTitle":"Adds \u0027help\u0027 and \u0027add student\u0027 to UserGuide.md","messageBody":"But since those sections are already generously added, these are just some minor mistake fixes","fileTypesAndContributionMap":{"docs":{"insertions":5,"deletions":4}}},{"hash":"d25da910f8ce6f7f524a35ae1bdc42cf3803d41a","messageTitle":"Correct changes to \u0027help\u0027 and \u0027add student\u0027","messageBody":"The last pull request was a mistake. Sorry.","fileTypesAndContributionMap":{"docs":{"insertions":13,"deletions":11}}},{"hash":"baafc3567e95045961410e80b920f54a48c1d604","messageTitle":"Adds use cases to DeveloperGuide.md","messageBody":"","fileTypesAndContributionMap":{"docs":{"insertions":60,"deletions":8}}},{"hash":"98edbde8707a3858569a4a4be1ab42cbe05b916c","messageTitle":"Adds self to AboutUs.md","messageBody":"","fileTypesAndContributionMap":{"docs":{"insertions":4,"deletions":4}}},{"hash":"9f2d3e2913895c0a70e7f56642282954b644a89f","messageTitle":"Updates portfolio page","messageBody":"","fileTypesAndContributionMap":{"docs":{"insertions":1,"deletions":1}}},{"hash":"e82708c3f60c2b8f87f24fb50f2b1560e3d38bfd","messageTitle":"Delete johndoe.md","messageBody":"","fileTypesAndContributionMap":{"docs":{"insertions":0,"deletions":46}}},{"hash":"07c4ef492ab0cf6b4f4cecfa1a28f209e24548cf","messageTitle":"Uploads jeremy-7007.md","messageBody":"","fileTypesAndContributionMap":{"docs":{"insertions":46,"deletions":0}}},{"hash":"f6e401c67e9b8198b3ee175d1e6520f39f2fc15a","messageTitle":"Uploads jeremy-7007.md instead of deleting johndoe.md","messageBody":"","fileTypesAndContributionMap":{"docs":{"insertions":10,"deletions":0}}}]},{"date":"2021-10-12","commitResults":[{"hash":"2f2a186a36f41d49f8f5edc8958563d597117aac","messageTitle":"Creates new assignedTaskIds property in Person class","messageBody":"","fileTypesAndContributionMap":{"functional-code":{"insertions":93,"deletions":11},"test-code":{"insertions":5,"deletions":1}}},{"hash":"b2d8f5efed09245b8c06503485846b4720625383","messageTitle":"Implements assign task to person command","messageBody":"","fileTypesAndContributionMap":{"functional-code":{"insertions":157,"deletions":2}}},{"hash":"4047577160d3ce4808a21a4a00f28ab3850db207","messageTitle":"Fixes some space and unused import styles","messageBody":"","fileTypesAndContributionMap":{"functional-code":{"insertions":2,"deletions":5}}},{"hash":"564fbabfdaf3f5b77037eac349556faba9780b1a","messageTitle":"Fixes import order (hopefully)","messageBody":"","fileTypesAndContributionMap":{"functional-code":{"insertions":17,"deletions":17}}},{"hash":"6eb82e69a36384dac46fe5ac032959d0616771eb","messageTitle":"Fixes minor import error in AssignTaskToPersonCommand","messageBody":"","fileTypesAndContributionMap":{"functional-code":{"insertions":1,"deletions":1}}},{"hash":"7bbf68698aa174f9a57b2ce2b9f8f7ada8ee2d90","messageTitle":"Adds logic for UnassignTaskFromPersonCommand","messageBody":"","fileTypesAndContributionMap":{"functional-code":{"insertions":126,"deletions":1}}},{"hash":"66f9bc4fbfb65cf92930d5bf44aaa4de7a01da21","messageTitle":"Fixes some simple import issues","messageBody":"","fileTypesAndContributionMap":{"functional-code":{"insertions":11,"deletions":12}}},{"hash":"6857ade98e21d5a9cfd51f0428f25a065642301c","messageTitle":"Adds assignedTaskIds property to storage and adds random UUID for data","messageBody":"","fileTypesAndContributionMap":{"functional-code":{"insertions":68,"deletions":3},"test-code":{"insertions":30,"deletions":15}}},{"hash":"f060fe327906deb24b0d85d573ce911637bb9e43","messageTitle":"Fixes minor styling error","messageBody":"","fileTypesAndContributionMap":{"functional-code":{"insertions":2,"deletions":2}}},{"hash":"503ec88f1f91c253928ed683a517bcb383fcf158","messageTitle":"Fixes minor import issue","messageBody":"","fileTypesAndContributionMap":{"functional-code":{"insertions":2,"deletions":2}}},{"hash":"11dda3d06696b3175c8dcf3236e31488d1fd3d12","messageTitle":"Fixes weird merging bug","messageBody":"","fileTypesAndContributionMap":{"test-code":{"insertions":1,"deletions":1}}}]},{"date":"2021-10-13","commitResults":[{"hash":"8565542984b76d062d113d769eed1e0d629caa4b","messageTitle":"Fixes bug in assignedTaskIds during merging","messageBody":"","fileTypesAndContributionMap":{"functional-code":{"insertions":1,"deletions":0}}}]},{"date":"2021-10-19","commitResults":[{"hash":"ee523c69878cdc7dbdd173d22208397dd3d04dcb","messageTitle":"Adds task assignment to Developer Guide","messageBody":"","fileTypesAndContributionMap":{"functional-code":{"insertions":1,"deletions":1},"docs":{"insertions":54,"deletions":0}}},{"hash":"c73747aa5ab701f3ce5c2f24e3d4d0d24cf1b408","messageTitle":"Adds new line to end of TaskAssignment diagram file","messageBody":"","fileTypesAndContributionMap":{"docs":{"insertions":1,"deletions":1}}}]},{"date":"2021-10-21","commitResults":[{"hash":"8e98072e8097aed8d56501b4754c98a7d6ba33ba","messageTitle":"Delete \"Coming in v1.2\" comments","messageBody":"","fileTypesAndContributionMap":{"docs":{"insertions":6,"deletions":6}}}]},{"date":"2021-10-26","commitResults":[{"hash":"474eba3ce8b47f1b5bb79de635a73f96f93ca0c6","messageTitle":"Add tasksCompletion property in Person","messageBody":"","fileTypesAndContributionMap":{"functional-code":{"insertions":163,"deletions":23},"test-code":{"insertions":26,"deletions":13}}},{"hash":"be5ffb3f69da277e33e6392c851e9cd62f23e482","messageTitle":"Add JavaDoc for new method in PersonBuilder","messageBody":"","fileTypesAndContributionMap":{"test-code":{"insertions":3,"deletions":0}}}]},{"date":"2021-10-28","commitResults":[{"hash":"cd9ee35983ee50e1c8a28dcd116bf828abd0a056","messageTitle":"Add mark task as done command","messageBody":"","fileTypesAndContributionMap":{"functional-code":{"insertions":129,"deletions":1}}},{"hash":"d44bfa379c2885733f5fe8eeddb8fc4d481483c4","messageTitle":"Rename command and parser","messageBody":"","fileTypesAndContributionMap":{"functional-code":{"insertions":7,"deletions":3},"other":{"insertions":10,"deletions":10}}},{"hash":"1afa67cf03133d929f6e487514c4ceec6dc9069b","messageTitle":"Add mark task undone command for student","messageBody":"","fileTypesAndContributionMap":{"functional-code":{"insertions":135,"deletions":10}}},{"hash":"ad09f3dd3684e10b3925dae562c0c22cf2de3420","messageTitle":"Temporary commit","messageBody":"","fileTypesAndContributionMap":{"functional-code":{"insertions":46,"deletions":1}}},{"hash":"569f56d085039e70c8a419d0f25ba17ebc642310","messageTitle":"Change command word to avoid clashing with delete command","messageBody":"","fileTypesAndContributionMap":{"functional-code":{"insertions":2,"deletions":2}}}]},{"date":"2021-10-29","commitResults":[{"hash":"6cc33c8ece3e9d5037b643f7252bb77b37c72dd7","messageTitle":"Add delete task command","messageBody":"","fileTypesAndContributionMap":{"functional-code":{"insertions":87,"deletions":1}}},{"hash":"213a2583751492f9f8d0f133eb79987fae93ded5","messageTitle":"Fix minor style issue","messageBody":"","fileTypesAndContributionMap":{"functional-code":{"insertions":0,"deletions":1}}},{"hash":"cd397346215d8b3d651d45a1103b9c561e822db4","messageTitle":"Add mark task completion commands","messageBody":"Also fix task deletion command description and add drop-down style to multiple commands","fileTypesAndContributionMap":{"docs":{"insertions":59,"deletions":8}}},{"hash":"38c938346ae3361230cc56965739dae550ed9b56","messageTitle":"Updated version number","messageBody":"...to 1.3.1","fileTypesAndContributionMap":{"functional-code":{"insertions":1,"deletions":1}}}]},{"date":"2021-11-02","commitResults":[{"hash":"4a8ae5bca36c2f12e03fb421bed89ce7de0595a5","messageTitle":"Fixed add student and edit student commands","messageBody":"Include address argument and remove lesson argument","fileTypesAndContributionMap":{"docs":{"insertions":8,"deletions":10}}},{"hash":"c3717ad0307cfc284d51373f82ff06ca6146d0c4","messageTitle":"Change build name and version number","messageBody":"","fileTypesAndContributionMap":{"functional-code":{"insertions":1,"deletions":1},"other":{"insertions":1,"deletions":1}}}]},{"date":"2021-11-06","commitResults":[{"hash":"4e01331737d7567251700aa88cdd818237f6b4f3","messageTitle":"Show task completion status in PersonViewCard","messageBody":"","fileTypesAndContributionMap":{"functional-code":{"insertions":36,"deletions":5}}},{"hash":"0f9e3be2f07cdc565e4093bf175a6e7e920edabc","messageTitle":"Fix indentation style error","messageBody":"","fileTypesAndContributionMap":{"functional-code":{"insertions":4,"deletions":5}}}]},{"date":"2021-11-08","commitResults":[{"hash":"5f97c94a5c9b4bae5e3de693b39c4b70029f1722","messageTitle":"Update Quoc Huy\u0027s PPP","messageBody":"","fileTypesAndContributionMap":{"docs":{"insertions":37,"deletions":2}}},{"hash":"d97836d54b2b0a0e2292086709f1fce4e863963d","messageTitle":"Add group task completion commands as future feature","messageBody":"","fileTypesAndContributionMap":{"docs":{"insertions":32,"deletions":0}}},{"hash":"a3449a32f2ef1a2ff5ebf732cd7d8a30d8745f0f","messageTitle":"Update task assignment implementation in DG","messageBody":"","fileTypesAndContributionMap":{"docs":{"insertions":23,"deletions":17}}},{"hash":"513bcc3528ec62b001963ec498a900b8320e90ce","messageTitle":"Update model diagram and description","messageBody":"","fileTypesAndContributionMap":{"docs":{"insertions":84,"deletions":18}}},{"hash":"3eb039a1f1dfdf791e87daf4caca5e12dd7a1e79","messageTitle":"Fix newline","messageBody":"","fileTypesAndContributionMap":{"docs":{"insertions":2,"deletions":2}}},{"hash":"c385f8fe088bebfb7ef09dc81afacfc4530a4ddf","messageTitle":"Update Quoc Huy\u0027s PPP again","messageBody":"","fileTypesAndContributionMap":{"docs":{"insertions":1,"deletions":0}}},{"hash":"35b68d6cefb7836d8d83c5685cdb4487fc052499","messageTitle":"Changed model2 to include HasUniqueId interface","messageBody":"","fileTypesAndContributionMap":{"docs":{"insertions":4,"deletions":0}}},{"hash":"5ab651bbd78a7afc11a07e8b19569018a7aea02a","messageTitle":"Update Quoc Huy\u0027s part in AboutUs.md","messageBody":"","fileTypesAndContributionMap":{"docs":{"insertions":1,"deletions":1}}},{"hash":"b9a6816500b6d228b6ff11d3fc24f0a9763e4ec6","messageTitle":"Add some page breaks for the UG and DG","messageBody":"","fileTypesAndContributionMap":{"docs":{"insertions":22,"deletions":2}}},{"hash":"7d87d6ec4b241fbd63bb4e751c4f2b5d847161f1","messageTitle":"Add more page breaks to the UG and DG","messageBody":"","fileTypesAndContributionMap":{"docs":{"insertions":6,"deletions":0}}},{"hash":"45844822ab981d7c268d4fa06a695f18f1e8dd4e","messageTitle":"Change \"isEarlyAccess\" to false","messageBody":"","fileTypesAndContributionMap":{"functional-code":{"insertions":1,"deletions":1}}},{"hash":"3b49d7338e6f7da28b41e62b2d70054814490dc7","messageTitle":"Add link to releases in UG","messageBody":"","tags":["v1.4"],"fileTypesAndContributionMap":{"docs":{"insertions":2,"deletions":2}}}]}],"kvihashini":[{"date":"2021-09-27","commitResults":[{"hash":"53e2f9fb29d512ab7665f211731c3097aaf2e72a","messageTitle":"Add Non Functional Requirements","messageBody":"","fileTypesAndContributionMap":{"docs":{"insertions":2,"deletions":1}}},{"hash":"9d8d09ec0c068279e298fc4a0bc6bcb8ec38341c","messageTitle":"Add Glossary Terms","messageBody":"","fileTypesAndContributionMap":{"docs":{"insertions":1,"deletions":0}}},{"hash":"37cd2ebeac55eae180df997e497a017dc9149f9d","messageTitle":"Add Delete Task and Assign Task to User Guide","messageBody":"","fileTypesAndContributionMap":{"docs":{"insertions":29,"deletions":1}}},{"hash":"7a34fce560045795fab6864d4c3169a769110f5f","messageTitle":"Add portfolio and personal photo in AboutUs","messageBody":"","fileTypesAndContributionMap":{"docs":{"insertions":24,"deletions":4}}},{"hash":"bc80c63a2bd11bfeaa1d7d8ed0bf73451bdbca1f","messageTitle":"Fix Style Issues","messageBody":"","fileTypesAndContributionMap":{"docs":{"insertions":2,"deletions":2}}},{"hash":"aa802ae40dba9fcc53095ed1cd2424af8de02749","messageTitle":"Fix Further Style Issues","messageBody":"","fileTypesAndContributionMap":{"docs":{"insertions":0,"deletions":1}}}]},{"date":"2021-09-28","commitResults":[{"hash":"908fcf44914aa9c45c4bbe076d9b1b79a749a9eb","messageTitle":"Edit and rearrange User Guide","messageBody":"","fileTypesAndContributionMap":{"docs":{"insertions":83,"deletions":117}}},{"hash":"9b4268177d3375c1625df8a9121282ff4f0f76c6","messageTitle":"Add Table of Contents to User Guide","messageBody":"","fileTypesAndContributionMap":{"docs":{"insertions":2,"deletions":0}}},{"hash":"91ff21a367c127aacbba581cd2856e45fab130da","messageTitle":"Update README to match project","messageBody":"","fileTypesAndContributionMap":{"docs":{"insertions":17,"deletions":11}}},{"hash":"1f3875872fe838e90bad30b766e8e1134b43af92","messageTitle":"Update User Guide","messageBody":"","fileTypesAndContributionMap":{"docs":{"insertions":2,"deletions":4}}},{"hash":"e7a96b409375d1039c304417c4a82b67de218553","messageTitle":"Fix further issues in README","messageBody":"","fileTypesAndContributionMap":{"docs":{"insertions":14,"deletions":11}}}]},{"date":"2021-10-05","commitResults":[{"hash":"719edc938f348df484e6d03c80ab5f4fa2c095e3","messageTitle":"Refactor code to add \u0027view\u0027 command for students","messageBody":"","fileTypesAndContributionMap":{"functional-code":{"insertions":91,"deletions":0},"test-code":{"insertions":154,"deletions":0}}},{"hash":"f39b085b8693380991f0423192ca32c035370a3a","messageTitle":"Removed unused imports","messageBody":"","fileTypesAndContributionMap":{"functional-code":{"insertions":0,"deletions":1},"test-code":{"insertions":0,"deletions":17}}}]},{"date":"2021-10-08","commitResults":[{"hash":"88444c1b94a980ee2015fc49a495805c71d90247","messageTitle":"Add model for \u0027Group\u0027","messageBody":"","fileTypesAndContributionMap":{"functional-code":{"insertions":285,"deletions":0}}}]},{"date":"2021-10-13","commitResults":[{"hash":"e89e3b827a2d6146382f32a6de4de6bf483341a6","messageTitle":"Add UI for Task Panel","messageBody":"","fileTypesAndContributionMap":{"functional-code":{"insertions":182,"deletions":16}}},{"hash":"7eab6a8d408be810ec8bcf04e941a4d158059c81","messageTitle":"Add basic UI to include Task Panel","messageBody":"","fileTypesAndContributionMap":{"functional-code":{"insertions":13,"deletions":2}}},{"hash":"912e44d3e12780c1170700863a3ab3c73a0cee22","messageTitle":"Modify UI to match mockup UI.","messageBody":"Change background colour and shift result display to one of the columns\nalongside Person Panel and Task Panel.\n","fileTypesAndContributionMap":{"functional-code":{"insertions":59,"deletions":41}}}]},{"date":"2021-10-17","commitResults":[{"hash":"3e8dfac660a328ef7b483b89f9e5e441ac899eea","messageTitle":"Change colour of panels to match UI mockup","messageBody":"","fileTypesAndContributionMap":{"functional-code":{"insertions":4,"deletions":4}}},{"hash":"37301fadcba4c2c03595bf047e037e3167e28ca1","messageTitle":"Modify UI to include Group Panel","messageBody":"","fileTypesAndContributionMap":{"functional-code":{"insertions":327,"deletions":11}}},{"hash":"da6750439cb59c5c3b3466e5e30a7215c9522a0e","messageTitle":"Fix style issues","messageBody":"","fileTypesAndContributionMap":{"functional-code":{"insertions":2,"deletions":2},"docs":{"insertions":21,"deletions":13}}}]},{"date":"2021-10-18","commitResults":[{"hash":"cd00555617d61972087cbf262022103c3c303735","messageTitle":"Fix skeleton of group and further import issues","messageBody":"","fileTypesAndContributionMap":{"functional-code":{"insertions":33,"deletions":9},"test-code":{"insertions":140,"deletions":3}}},{"hash":"cf747c5524857e29d61af5958de95f4feeac2bae","messageTitle":"Fix import issues","messageBody":"","fileTypesAndContributionMap":{"test-code":{"insertions":3,"deletions":2}}},{"hash":"2d1b16029135882ccb31af42070f3f56b5e2e772","messageTitle":"Fix Unique ID issues for Groups","messageBody":"","fileTypesAndContributionMap":{"test-code":{"insertions":20,"deletions":4}}}]},{"date":"2021-10-20","commitResults":[{"hash":"713037b628cdb8ac5e07281daefb85a3d43bb952","messageTitle":"Add view student to Developer Guide","messageBody":"","fileTypesAndContributionMap":{"docs":{"insertions":90,"deletions":0}}}]},{"date":"2021-10-21","commitResults":[{"hash":"217b99ac004ec493595b42824d1d6a9e5549d0ba","messageTitle":"Enable assertions","messageBody":"","fileTypesAndContributionMap":{"other":{"insertions":4,"deletions":0}}}]},{"date":"2021-10-24","commitResults":[{"hash":"4a64c0ea90f37c208688721c11d67518c324b582","messageTitle":"Add delete group command","messageBody":"","fileTypesAndContributionMap":{"functional-code":{"insertions":137,"deletions":5},"test-code":{"insertions":172,"deletions":1}}},{"hash":"f3848171246b92f2196ccd1c07a4f03cd2521129","messageTitle":"Update Github website","messageBody":"","fileTypesAndContributionMap":{"docs":{"insertions":30,"deletions":9}}}]},{"date":"2021-10-25","commitResults":[{"hash":"0d3337599d8eefc7e47ad99727e36c88a7f6953f","messageTitle":"Add view command for Group","messageBody":"","fileTypesAndContributionMap":{"functional-code":{"insertions":290,"deletions":9},"test-code":{"insertions":215,"deletions":2}}},{"hash":"e6d6f96291c9e87735773a044d0328b4953df68c","messageTitle":"Fix styling issues","messageBody":"","fileTypesAndContributionMap":{"test-code":{"insertions":2,"deletions":4}}},{"hash":"134a1ac154f1933bb9deeac11fe20abc4c622300","messageTitle":"Fix further styling issues and edit test cases","messageBody":"","fileTypesAndContributionMap":{"test-code":{"insertions":4,"deletions":4}}},{"hash":"1ec5510239624d9ddc9e518e2474c6bcfb39ea86","messageTitle":"Fix bugs and style issues","messageBody":"","fileTypesAndContributionMap":{"test-code":{"insertions":0,"deletions":1}}},{"hash":"7aedec27b52d45b43a6cebd739b0e683f68b7ec4","messageTitle":"Fix small bugs","messageBody":"","fileTypesAndContributionMap":{"test-code":{"insertions":2,"deletions":1}}}]},{"date":"2021-11-02","commitResults":[{"hash":"ed7aef764a08ad9b123dc0fa1e2c5551750c5b0a","messageTitle":"Fix starting examples in User Guide","messageBody":"","fileTypesAndContributionMap":{"docs":{"insertions":1,"deletions":1}}},{"hash":"e6f978b59bd4ceda8677b4665adeb9a6eb924aad","messageTitle":"Update example for \u0027add task\u0027 command in User Guide","messageBody":"","fileTypesAndContributionMap":{"docs":{"insertions":1,"deletions":1}}}]},{"date":"2021-11-03","commitResults":[{"hash":"b9ef961d923e0e3fe0f9e6b505de1d0d12894379","messageTitle":"Update accurate examples inside Result Display Panel for task commands","messageBody":"","fileTypesAndContributionMap":{"functional-code":{"insertions":7,"deletions":7}}},{"hash":"009073a4f06a5d57f60caf13af03db93fc093dc5","messageTitle":"Add screenshots of few features into User Guide","messageBody":"","fileTypesAndContributionMap":{"docs":{"insertions":16,"deletions":2}}}]},{"date":"2021-11-05","commitResults":[{"hash":"0ae858f9cceae80cfce06d25a3277a1a756f17a5","messageTitle":"Fix application to expand vertically when resizing window","messageBody":"","fileTypesAndContributionMap":{"functional-code":{"insertions":12,"deletions":13}}}]},{"date":"2021-11-06","commitResults":[{"hash":"eb5b1ff7a0cca5920977ea2e432c222c3951eeda","messageTitle":"Modify UI for \u0027group viewing\u0027 command","messageBody":"","fileTypesAndContributionMap":{"functional-code":{"insertions":62,"deletions":13}}},{"hash":"c09e10ac02d5ca59b8c15d880448eeaa61fdbeec","messageTitle":"Add line that was removed","messageBody":"","fileTypesAndContributionMap":{"functional-code":{"insertions":1,"deletions":0}}},{"hash":"029814bb5fb66c61d6ee1a8a1ea11ba170fbd1fe","messageTitle":"Fix trailing whitespace","messageBody":"","fileTypesAndContributionMap":{"functional-code":{"insertions":1,"deletions":1}}},{"hash":"e389897a460218c1fa4b02daba8a0f459d908e5d","messageTitle":"Update PPP","messageBody":"","fileTypesAndContributionMap":{"docs":{"insertions":19,"deletions":20}}},{"hash":"ffd7fc1a854909c619843be4855243af1c14e510","messageTitle":"Update User Guide","messageBody":"","fileTypesAndContributionMap":{"docs":{"insertions":168,"deletions":86}}},{"hash":"2d3813ca4dcc5fbfb134b54c4f828971354893d2","messageTitle":"Fix spelling mistakes and modify phrasing for instructions","messageBody":"","fileTypesAndContributionMap":{"docs":{"insertions":7,"deletions":12}}}]},{"date":"2021-11-07","commitResults":[{"hash":"6ec0e39946f432b2068f13efd868902194ecc58d","messageTitle":"Update PPP","messageBody":"","fileTypesAndContributionMap":{"docs":{"insertions":2,"deletions":0}}},{"hash":"2f2d80f31a5fdc7463934c3ac7bfbf6eee183ba2","messageTitle":"Add screenshots to UG","messageBody":"","fileTypesAndContributionMap":{"docs":{"insertions":2,"deletions":3}}},{"hash":"574eeed1c8951fd83b66c2e9f1d81b806463e725","messageTitle":"Add scrolling to Viewing Panel when viewing a group","messageBody":"","fileTypesAndContributionMap":{"functional-code":{"insertions":7,"deletions":9}}},{"hash":"2b9135fc6ad889d0b2f2ceaf17ecc8fab4163273","messageTitle":"Update PPP","messageBody":"","fileTypesAndContributionMap":{"docs":{"insertions":2,"deletions":0}}},{"hash":"4bb65352266d064b15b61f73380d80aa0398c652","messageTitle":"Update README to match project","messageBody":"","fileTypesAndContributionMap":{"docs":{"insertions":22,"deletions":10}}},{"hash":"ec483e90e5ae1c29b3ba9b848e8f8acb0feb065c","messageTitle":"Update DG","messageBody":"","fileTypesAndContributionMap":{"docs":{"insertions":56,"deletions":133}}},{"hash":"b46e43d9e565e4d530897b23ced29d2d8c817c68","messageTitle":"Update README","messageBody":"","fileTypesAndContributionMap":{"docs":{"insertions":2,"deletions":0}}}]},{"date":"2021-11-08","commitResults":[{"hash":"d8fdeaa6639adbe8ff4e3f959fd8c0719ccbf3f7","messageTitle":"Add \u0027How to use UG\u0027 section in UG and update other sections","messageBody":"","fileTypesAndContributionMap":{"docs":{"insertions":27,"deletions":20}}},{"hash":"03aabfe12748da1c70c264ea637ec07cb62fe30e","messageTitle":"Change headings to make it consistent","messageBody":"","fileTypesAndContributionMap":{"docs":{"insertions":3,"deletions":3}}},{"hash":"35cee183124f08c12262a0e37b00ef541f31e0d4","messageTitle":"Update DG to update UI diagram and sequence diagram in Logic","messageBody":"","fileTypesAndContributionMap":{"docs":{"insertions":14,"deletions":12}}},{"hash":"4f2dca71fbc5ebadf10b9349172e45a247815d9c","messageTitle":"Update PPP","messageBody":"","fileTypesAndContributionMap":{"docs":{"insertions":12,"deletions":3}}},{"hash":"b152f5143d0bf1f261eb8f7eb9cab5cf03467230","messageTitle":"Update PPP to fit one page limit","messageBody":"","fileTypesAndContributionMap":{"docs":{"insertions":2,"deletions":3}}},{"hash":"1202ccbc46b22f39141da6a6990ee581516c843a","messageTitle":"Remove line from DG","messageBody":"","fileTypesAndContributionMap":{"docs":{"insertions":0,"deletions":2}}},{"hash":"b71fbcbe3bcbd2e1144d9181c9f884e3aa0af797","messageTitle":"Update AboutUs","messageBody":"","fileTypesAndContributionMap":{"docs":{"insertions":1,"deletions":1}}}]},{"date":"2021-11-11","commitResults":[{"hash":"68da45872ac85ef92e65b0bc6d4ff2b5be1b4fca","messageTitle":"Add further preface to features and a new section to UG","messageBody":"","fileTypesAndContributionMap":{"docs":{"insertions":137,"deletions":89}}},{"hash":"515dd28011f6c1ee7806672345921d6be30a735d","messageTitle":"Further edits to INDEX notation","messageBody":"","fileTypesAndContributionMap":{"docs":{"insertions":6,"deletions":5}}},{"hash":"eb27ee3555e8acc561bca93c6be5b493b8d9e847","messageTitle":"Update description of symbols","messageBody":"","fileTypesAndContributionMap":{"docs":{"insertions":1,"deletions":1}}},{"hash":"baa2acb429d7ba5494ed27567ed50e005e68a57e","messageTitle":"Include INDEX notation inside UI section","messageBody":"","fileTypesAndContributionMap":{"docs":{"insertions":10,"deletions":7}}},{"hash":"6654c59fc765e42cfb4f5291b7fff94ea48066f0","messageTitle":"Fix table formatting","messageBody":"","fileTypesAndContributionMap":{"docs":{"insertions":1,"deletions":0}}},{"hash":"fb7cdfcf96e5cc0acbff9ef9c1f2c78710763f5c","messageTitle":"Fix table formatting","messageBody":"","fileTypesAndContributionMap":{"docs":{"insertions":1,"deletions":1}}}]}],"tanhuakun":[{"date":"2021-09-27","commitResults":[{"hash":"0e032ddf94b4614ad1703009253aa5a70591c0ab","messageTitle":"Update user guide and developer guide for v1.1","messageBody":"User guide was updated with Group and Add task functions\n\nDeveloper guide was updated with target user profile and some user\nstories\n\n_base.scss file was updated to reflect name of project now\n","fileTypesAndContributionMap":{"docs":{"insertions":42,"deletions":5}}},{"hash":"c42f9f7d2580b42994f6b176a2f86571a4f2313c","messageTitle":"Update aboutme and added tanhuakun.png","messageBody":"","fileTypesAndContributionMap":{"docs":{"insertions":9,"deletions":6}}},{"hash":"ca788f91493451fbab60b1fbc4a6fa515f5c1426","messageTitle":"Resolved newline changes","messageBody":"","fileTypesAndContributionMap":{"docs":{"insertions":1,"deletions":1}}}]},{"date":"2021-10-03","commitResults":[{"hash":"16a6109b557afe234f1aed3282049b74f72bf9ce","messageTitle":"Refactor code and changed command words to include \"student\" commands","messageBody":"Required as we want to have support for adding tasks in the future\nand generic add, delete, edit might be confusing\n\nAdded a PersonCommandsParser to handle \"student\" commands, changed\ncommand word for person related commands. Also moved each command\nand command parser into a \"persons\" package for organisation\n","fileTypesAndContributionMap":{"functional-code":{"insertions":94,"deletions":44},"other":{"insertions":192,"deletions":161},"test-code":{"insertions":33,"deletions":27}}},{"hash":"6ded7bfd2ff8882d8d806a0734b4e4863c253fb8","messageTitle":"Update UG to reflect new find command","messageBody":"","fileTypesAndContributionMap":{"docs":{"insertions":4,"deletions":4}}}]},{"date":"2021-10-05","commitResults":[{"hash":"db2a6c1dec7ea342b6f3acb831462c9edad93042","messageTitle":"Add functionality for adding lessons to students","messageBody":"This is done so that we can view schedules in the future\n\nTo achieve this, a NoOverlapLessonList is added to the Person class\n","fileTypesAndContributionMap":{"functional-code":{"insertions":642,"deletions":14},"docs":{"insertions":16,"deletions":4},"test-code":{"insertions":12,"deletions":1}}},{"hash":"37ad858383a208e11205257ff239f431abe506b8","messageTitle":"Rewrote one comment","messageBody":"","fileTypesAndContributionMap":{"functional-code":{"insertions":1,"deletions":1}}}]},{"date":"2021-10-12","commitResults":[{"hash":"08ca389a45565391d51e7f65b768f7ebc2ac1cfe","messageTitle":"Add Storage for Lessons in Person. Add tests for Lesson command parsing and commands. Add tests for Storage.","messageBody":"","fileTypesAndContributionMap":{"functional-code":{"insertions":404,"deletions":30},"other":{"insertions":42,"deletions":12},"test-code":{"insertions":866,"deletions":170}}},{"hash":"bc64814691175620025429805c183b7e4288d344","messageTitle":"Resolve merge conflicts","messageBody":"","fileTypesAndContributionMap":{"functional-code":{"insertions":2,"deletions":1},"test-code":{"insertions":3,"deletions":3}}},{"hash":"3e3454d0299a33263c3b018fe1232e7695a7832f","messageTitle":"Update docs to reflect student -dl command","messageBody":"","fileTypesAndContributionMap":{"docs":{"insertions":13,"deletions":0}}}]},{"date":"2021-10-16","commitResults":[{"hash":"924b4ba2f6acf8a276e7e3cf20d1fa3c7b80cade","messageTitle":"Add comparable to lesson to allow sorting.","messageBody":"Update addressbook to allow retrieving of all lessons in sorted order\n","fileTypesAndContributionMap":{"functional-code":{"insertions":66,"deletions":7},"test-code":{"insertions":41,"deletions":5}}},{"hash":"2af366b737063792fe8e003ad0a5aad92199362b","messageTitle":"Add List\u003cExam\u003e to Person model","messageBody":"","fileTypesAndContributionMap":{"functional-code":{"insertions":119,"deletions":22},"test-code":{"insertions":15,"deletions":1}}}]},{"date":"2021-10-19","commitResults":[{"hash":"6ccbf56f9b0ff36d6152d73c6f415bd751f8455f","messageTitle":"Add exam commands and storage for exams","messageBody":"","fileTypesAndContributionMap":{"functional-code":{"insertions":460,"deletions":246},"test-code":{"insertions":68,"deletions":165}}},{"hash":"f82bf189423eecb9e1b543eda8f831dc60fe1e22","messageTitle":"Update docs","messageBody":"","fileTypesAndContributionMap":{"docs":{"insertions":112,"deletions":39}}}]},{"date":"2021-10-20","commitResults":[{"hash":"bb3dbccc03215bc69be07c2beb69bbb76a53275f","messageTitle":"Add support for viewing schedule","messageBody":"","fileTypesAndContributionMap":{"functional-code":{"insertions":434,"deletions":89},"test-code":{"insertions":14,"deletions":23}}}]},{"date":"2021-10-21","commitResults":[{"hash":"6d744f7cb0d25140eb8dba176b37b54c9133b93a","messageTitle":"Update UG markdown to work in HTML","messageBody":"","fileTypesAndContributionMap":{"docs":{"insertions":9,"deletions":12}}},{"hash":"4f406e2319eaf09cf7e661cfba866a185b36cc31","messageTitle":"Update dev guide on lessons","messageBody":"","fileTypesAndContributionMap":{"docs":{"insertions":76,"deletions":0}}},{"hash":"b3f8c1a81639212f3ee9b0bd0fcc4b628f332fcb","messageTitle":"Fix trailing white space","messageBody":"","fileTypesAndContributionMap":{"docs":{"insertions":18,"deletions":18}}}]},{"date":"2021-10-23","commitResults":[{"hash":"c3cf552019dda2b3c42c382b87d8d36b36e0d592","messageTitle":"Add create group command","messageBody":"","fileTypesAndContributionMap":{"functional-code":{"insertions":315,"deletions":5}}},{"hash":"6e0eae64abab07675332ffc99bf6340b9d6b5b17","messageTitle":"Update delete person command to remove references in groups","messageBody":"","fileTypesAndContributionMap":{"functional-code":{"insertions":140,"deletions":26},"test-code":{"insertions":4,"deletions":1}}}]},{"date":"2021-10-24","commitResults":[{"hash":"a077db72caaaa2b0d8684e1e1c81c3b35a1caf50","messageTitle":"Add add-lesson-to-group command","messageBody":"","fileTypesAndContributionMap":{"functional-code":{"insertions":377,"deletions":62},"test-code":{"insertions":11,"deletions":0}}},{"hash":"edb54be8d019bc834eed7bb0a680d4b5e000255d","messageTitle":"Add javadoc","messageBody":"","fileTypesAndContributionMap":{"functional-code":{"insertions":7,"deletions":3}}}]},{"date":"2021-10-25","commitResults":[{"hash":"61b3656bc1f836f056520b18878b241d2cca7446","messageTitle":"Refactor viewing schedule and upgrade student -v","messageBody":"","fileTypesAndContributionMap":{"functional-code":{"insertions":370,"deletions":84},"test-code":{"insertions":29,"deletions":2}}},{"hash":"6880ddf752c984dad8625f66e952298543072060","messageTitle":"Fix EOF error","messageBody":"","fileTypesAndContributionMap":{"functional-code":{"insertions":1,"deletions":1}}},{"hash":"1553407baeaea60a867a441a9cf545ee46e7c1ae","messageTitle":"Add delete lesson from group command","messageBody":"","fileTypesAndContributionMap":{"functional-code":{"insertions":118,"deletions":8},"test-code":{"insertions":2,"deletions":2}}},{"hash":"3f02f56a514d129940ffea3c408d63f311a9ff42","messageTitle":"Add test for exams and exam commands","messageBody":"","fileTypesAndContributionMap":{"test-code":{"insertions":174,"deletions":1}}},{"hash":"7269665a120fb43db279c2b3e4de19188a5e3a89","messageTitle":"Add test cases for exams, groups and model.setViewingType()","messageBody":"","fileTypesAndContributionMap":{"functional-code":{"insertions":24,"deletions":2},"test-code":{"insertions":222,"deletions":10}}},{"hash":"abfdc307e538470c2499c1212ce06d1f1f13c173","messageTitle":"Fix Styling","messageBody":"","fileTypesAndContributionMap":{"functional-code":{"insertions":7,"deletions":3}}}]},{"date":"2021-10-26","commitResults":[{"hash":"bd44dd4ae31edd82e9df72b57c454dcd3fe15b9c","messageTitle":"Update person viewing format and UG for group lesson commands","messageBody":"","fileTypesAndContributionMap":{"functional-code":{"insertions":90,"deletions":21},"docs":{"insertions":38,"deletions":1}}},{"hash":"8594c2d009bd167cb550cae286164117de49808f","messageTitle":"Fix style","messageBody":"","fileTypesAndContributionMap":{"functional-code":{"insertions":1,"deletions":1}}}]},{"date":"2021-11-02","commitResults":[{"hash":"af2f8c536c71f536ccc613f247aca27c6b8c2c46","messageTitle":"Fix issues with Indexes","messageBody":"","fileTypesAndContributionMap":{"functional-code":{"insertions":176,"deletions":26},"docs":{"insertions":2,"deletions":0},"test-code":{"insertions":57,"deletions":18}}},{"hash":"59712662fb9fe6b839268481dc099b668a1dec2f","messageTitle":"Clarify meaning in invalid index message","messageBody":"","fileTypesAndContributionMap":{"functional-code":{"insertions":2,"deletions":2}}},{"hash":"c982ed28a7b980e4bb9afc124d141dc2d288f71e","messageTitle":"Change order of error in Edit command","messageBody":"","fileTypesAndContributionMap":{"functional-code":{"insertions":18,"deletions":18}}},{"hash":"d4556e1d5a9d0018a4c84829bb2f440e0f57ea60","messageTitle":"Add check to preamble length","messageBody":"","fileTypesAndContributionMap":{"functional-code":{"insertions":63,"deletions":22},"test-code":{"insertions":13,"deletions":7}}}]},{"date":"2021-11-04","commitResults":[{"hash":"753e70ad4f0b57515a06f2c99cbff7e300cfcb5c","messageTitle":"Fix many UI issues","messageBody":"","fileTypesAndContributionMap":{"functional-code":{"insertions":206,"deletions":45},"test-code":{"insertions":25,"deletions":0}}},{"hash":"3710a12bbf54619965beaa29911bc4d869fb2496","messageTitle":"Fix some styling issues","messageBody":"","fileTypesAndContributionMap":{"functional-code":{"insertions":4,"deletions":2}}},{"hash":"1080382f950bc66e5d407e5ba09a32f9114d267c","messageTitle":"Update dev guide and my information","messageBody":"","fileTypesAndContributionMap":{"docs":{"insertions":104,"deletions":14}}}]},{"date":"2021-11-05","commitResults":[{"hash":"b69a7532db9128de612e799946607eeb9ca37d64","messageTitle":"Test add lesson markdwon","messageBody":"","fileTypesAndContributionMap":{"functional-code":{"insertions":40,"deletions":38},"docs":{"insertions":7,"deletions":1}}},{"hash":"dbd3f05b239f937d137c196b882755de5ffade55","messageTitle":"Test ug images","messageBody":"","fileTypesAndContributionMap":{"docs":{"insertions":15,"deletions":4}}},{"hash":"848d2d9c396e849eeaf34e425091bd4540ef1ceb","messageTitle":"Center caption","messageBody":"","fileTypesAndContributionMap":{"docs":{"insertions":2,"deletions":0}}},{"hash":"a6a946d63eff9b00e05dfc131d8731c7bd2c1f3f","messageTitle":"Improve UG on group lesson commands","messageBody":"","fileTypesAndContributionMap":{"docs":{"insertions":8,"deletions":4}}},{"hash":"f60118a6407a083f4ef4eddea08a5676527bc3f9","messageTitle":"Refactor parsers to be more streamlined","messageBody":"","fileTypesAndContributionMap":{"functional-code":{"insertions":194,"deletions":172},"test-code":{"insertions":9,"deletions":11}}},{"hash":"71f9df1b72aec0c3440385e2b58c0ab4bd4ebc95","messageTitle":"Fix wrong message","messageBody":"","fileTypesAndContributionMap":{"functional-code":{"insertions":1,"deletions":1}}},{"hash":"5c39f9e7d56a0c0ae7e4ec49d6d00f60b7569c10","messageTitle":"Fix trailing whitespace error","messageBody":"","fileTypesAndContributionMap":{"functional-code":{"insertions":1,"deletions":1},"docs":{"insertions":3,"deletions":3}}}]},{"date":"2021-11-06","commitResults":[{"hash":"434c63f3f9894d5d1879712ec7cbeea2a3978e49","messageTitle":"Fix UG bugs","messageBody":"","fileTypesAndContributionMap":{"docs":{"insertions":3,"deletions":3}}},{"hash":"b3471c446e0dc08178ceb12c8adcbb195bcc5715","messageTitle":"Fix ToDo","messageBody":"","fileTypesAndContributionMap":{"functional-code":{"insertions":0,"deletions":3},"test-code":{"insertions":0,"deletions":1}}},{"hash":"e3ed01ab3833ffef63e35931f6dac8ff1ef87b67","messageTitle":"Update UG with student quick start","messageBody":"","fileTypesAndContributionMap":{"docs":{"insertions":33,"deletions":4}}}]},{"date":"2021-11-07","commitResults":[{"hash":"5b57dc9ec0262f0e2775ffb11d5d973f666220bd","messageTitle":"Update ug and dg","messageBody":"","fileTypesAndContributionMap":{"functional-code":{"insertions":1,"deletions":1},"docs":{"insertions":62,"deletions":13}}},{"hash":"6bebf75e8c47f6dd5e22ebd917539d6fa5cf7d00","messageTitle":"Improve test quality","messageBody":"","fileTypesAndContributionMap":{"other":{"insertions":1,"deletions":1},"test-code":{"insertions":72,"deletions":28}}},{"hash":"b0485f3ec3cb81f484d52cc4472da16f2495e646","messageTitle":"Fix checkstyle","messageBody":"","fileTypesAndContributionMap":{"test-code":{"insertions":1,"deletions":3}}}]},{"date":"2021-11-08","commitResults":[{"hash":"0f05605c09bfef0111ec6f51c78f88b3d9a21086","messageTitle":"Update PPP","messageBody":"","fileTypesAndContributionMap":{"docs":{"insertions":44,"deletions":24}}},{"hash":"d0f5dd7b1dbe20d128ecf6efa23f078554caf82d","messageTitle":"Update PPP","messageBody":"","fileTypesAndContributionMap":{"docs":{"insertions":38,"deletions":15}}},{"hash":"78eb2792290d0bbf0fe50e547002e3a8ce8600d7","messageTitle":"Remove spoiler from UG","messageBody":"","fileTypesAndContributionMap":{"docs":{"insertions":40,"deletions":115}}},{"hash":"f2a542c50b2f166e36453c7e0295d8d153fe6c3d","messageTitle":"Update PPP title","messageBody":"","fileTypesAndContributionMap":{"docs":{"insertions":1,"deletions":1}}},{"hash":"b8dfc0c915641d6c4aac84994c6c705bd67097fd","messageTitle":"Fix trailing whitespace errors","messageBody":"","fileTypesAndContributionMap":{"docs":{"insertions":22,"deletions":22}}},{"hash":"f99c48983f39f9fb6f20966a9df1cd92577508cb","messageTitle":"Update PPP page limit","messageBody":"","fileTypesAndContributionMap":{"docs":{"insertions":10,"deletions":15}}},{"hash":"4d93a78b0e5055fc980ecb159a2baf16b46d82d9","messageTitle":"Fix Spacing","messageBody":"","fileTypesAndContributionMap":{"docs":{"insertions":1,"deletions":1}}},{"hash":"695828b69dd497d3e1e7c9aaba2428d2f325d067","messageTitle":"Update DG small mistake","messageBody":"","fileTypesAndContributionMap":{"docs":{"insertions":2,"deletions":1}}},{"hash":"29f36c0e768158c2ac414843a123548178f9386d","messageTitle":"Remove title from PPP","messageBody":"","fileTypesAndContributionMap":{"docs":{"insertions":0,"deletions":2}}},{"hash":"45f10ffedc755c2e38a37e4df7f90be84bdae405","messageTitle":"Add title from PPP","messageBody":"","fileTypesAndContributionMap":{"docs":{"insertions":2,"deletions":0}}},{"hash":"10b17cbc0f79e4d0f3e3500f35425cfa7245237c","messageTitle":"Add layout to PPP","messageBody":"","fileTypesAndContributionMap":{"docs":{"insertions":4,"deletions":1}}},{"hash":"8c0ddfaa8e90efa585538de3933951be4039f85c","messageTitle":"Update PPP","messageBody":"","fileTypesAndContributionMap":{"docs":{"insertions":3,"deletions":7}}},{"hash":"45f85ae0ea847c48fba99e6b600d0ccf2f9e6bc9","messageTitle":"Last commit to PPP","messageBody":"","fileTypesAndContributionMap":{"docs":{"insertions":2,"deletions":2}}},{"hash":"576ff76c9bbfc773910d2d705ac09d3eb719e12d","messageTitle":"Update PPP again","messageBody":"","fileTypesAndContributionMap":{"docs":{"insertions":2,"deletions":3}}},{"hash":"44e9eb7be97d8cebf4255bbeaef46ad3b0393439","messageTitle":"Cut down more PPP","messageBody":"","fileTypesAndContributionMap":{"docs":{"insertions":4,"deletions":4}}},{"hash":"05b13dea27b27234133499551020f1aca5c36450","messageTitle":"Cut stuff","messageBody":"","fileTypesAndContributionMap":{"docs":{"insertions":0,"deletions":3}}},{"hash":"2a8af6098c6967fc36905783238e4c0daaa57e20","messageTitle":"Fix grammar errors, capital casing errors","messageBody":"","fileTypesAndContributionMap":{"docs":{"insertions":12,"deletions":12}}},{"hash":"cdb933f20aa80d582cfbe3a5e565bb3306c25973","messageTitle":"View or views","messageBody":"","fileTypesAndContributionMap":{"docs":{"insertions":1,"deletions":1}}},{"hash":"8177b1989e4c2f8b01fe35c37a99697fc5246bda","messageTitle":"Update Student Index","messageBody":"","fileTypesAndContributionMap":{"docs":{"insertions":3,"deletions":3}}},{"hash":"bf0bb94a6eb4183d0c82d9c01b2ef0e0c44ab616","messageTitle":"Add page breaks","messageBody":"","fileTypesAndContributionMap":{"docs":{"insertions":6,"deletions":0}}},{"hash":"36424586dbc2c589dfcb32727952133b31995065","messageTitle":"Add Page Break","messageBody":"","fileTypesAndContributionMap":{"docs":{"insertions":3,"deletions":3}}},{"hash":"9d41b1257d429d47c70fd0aa6d413eb36102a4a4","messageTitle":"Add Page Breaks","messageBody":"","fileTypesAndContributionMap":{"docs":{"insertions":1,"deletions":2}}},{"hash":"1b9d6c0ac03398201472a7dbd073af974e60db2c","messageTitle":"Add Page Breaks","messageBody":"","fileTypesAndContributionMap":{"docs":{"insertions":4,"deletions":2}}},{"hash":"83f3cb38d72debd349894aeffc7ddf7471e45483","messageTitle":"Add Page Breaks","messageBody":"","fileTypesAndContributionMap":{"docs":{"insertions":7,"deletions":2}}},{"hash":"ed1cce1c85727a06bc0dc0864f78a75e0f32b9b6","messageTitle":"Delete page breaks","messageBody":"","fileTypesAndContributionMap":{"docs":{"insertions":0,"deletions":3}}},{"hash":"97533bd4ab2dd2ddb6ab862caf32590263c9dd58","messageTitle":"Change page breaks","messageBody":"","fileTypesAndContributionMap":{"docs":{"insertions":4,"deletions":7}}},{"hash":"d85a56144fdc09eed9c56d6f77fb34f5b7e24e77","messageTitle":"add page breaks","messageBody":"","fileTypesAndContributionMap":{"docs":{"insertions":6,"deletions":0}}},{"hash":"41e48ddc64ee48e1b8ac6d9078377b00b9502a3e","messageTitle":"Change page breaks","messageBody":"","fileTypesAndContributionMap":{"docs":{"insertions":2,"deletions":2}}},{"hash":"65c577330ed0e7278b39a27c6030b9f38e607bf4","messageTitle":"Add reuse tag","messageBody":"","fileTypesAndContributionMap":{"test-code":{"insertions":3,"deletions":0}}},{"hash":"e1d2668d1ff040a488b4a94a877503769d254b4f","messageTitle":"Fix minor bugs","messageBody":"","fileTypesAndContributionMap":{"functional-code":{"insertions":4,"deletions":5}}}]},{"date":"2021-11-11","commitResults":[{"hash":"83e7b43239b2cd9a65b69424a35a77e7179ad7d6","messageTitle":"Update UG","messageBody":"","fileTypesAndContributionMap":{"docs":{"insertions":20,"deletions":15}}},{"hash":"6a215a2298326682846653526dabc7dbd65cd613","messageTitle":"Update UG","messageBody":"","fileTypesAndContributionMap":{"docs":{"insertions":3,"deletions":3}}}]}],"eltonyeh":[{"date":"2021-09-27","commitResults":[{"hash":"2598f7a207bfc44281f792d7b610d4ad67d27b38","messageTitle":"Upload personal photo and update AboutUs.md","messageBody":"","fileTypesAndContributionMap":{"docs":{"insertions":5,"deletions":6}}}]},{"date":"2021-09-28","commitResults":[{"hash":"f2577cf25e06a52ecb3ef564fec77e40e2fc0b28","messageTitle":"Add features \"edit task\" and \"view task\" into the user guide","messageBody":"","fileTypesAndContributionMap":{"docs":{"insertions":33,"deletions":0}}},{"hash":"30be05150264b5bad98b039a8b169b9ab30d8efa","messageTitle":"Create own portfolio page (with only the default content inside)","messageBody":"","fileTypesAndContributionMap":{"docs":{"insertions":46,"deletions":0}}},{"hash":"7ee6d82db630cfc4dc2c0ea514814b705b882227","messageTitle":"Update the acknowledgement of README.md","messageBody":"","fileTypesAndContributionMap":{"docs":{"insertions":3,"deletions":0}}},{"hash":"97b8f82e2386e834eb888f1d283086054d99179c","messageTitle":"Update command summary in the user guide","messageBody":"","fileTypesAndContributionMap":{"docs":{"insertions":14,"deletions":6}}},{"hash":"13621b1732bdf589fa786838ab681450b84192c2","messageTitle":"Fix some typos, duplicate sentences in the user guide","messageBody":"e.g.\n- Remove the \"contents in [] are optional\" as it is specified in the\nbeginning\n- Some inconsistent command examples\n- Rearrange some command description to a more reasonable place\n","fileTypesAndContributionMap":{"docs":{"insertions":40,"deletions":42}}}]},{"date":"2021-10-08","commitResults":[{"hash":"6ab7ddadfc8311f21078493343a3baabd67a349d","messageTitle":"Fix discrepancies between methods and their Javadocs for package Task","messageBody":"","fileTypesAndContributionMap":{"functional-code":{"insertions":12,"deletions":11}}},{"hash":"de563c18c569c0d56503c4a76768259c10ec5009","messageTitle":"Change the type of the deadline from `String` to `LocalDate`","messageBody":"","fileTypesAndContributionMap":{"functional-code":{"insertions":16,"deletions":8}}},{"hash":"0135c65bed951a67d31b8a5399131f9d16a1714a","messageTitle":"Fix style issues","messageBody":"","fileTypesAndContributionMap":{"functional-code":{"insertions":3,"deletions":3}}},{"hash":"39b5ac4c52b87998430aef11e4281172dd2dea23","messageTitle":"Add the `UniqueId` class to handle unique ids of tasks and students","messageBody":"... and add the id field to tasks\n","fileTypesAndContributionMap":{"functional-code":{"insertions":97,"deletions":18}}},{"hash":"6b3972826864939cf90cf0e98e6583eaff70b835","messageTitle":"Fix style issues","messageBody":"","fileTypesAndContributionMap":{"functional-code":{"insertions":6,"deletions":6}}},{"hash":"265194964ecf8bb1de420b2c3b0382f6ead47e3d","messageTitle":"Remove the \"complete status\" description in `Task#toString`","messageBody":"","fileTypesAndContributionMap":{"functional-code":{"insertions":1,"deletions":2}}},{"hash":"7493f7fb2713487030f88dbc28c503d0d97cfb20","messageTitle":"Add the task list to AB3 model","messageBody":"","fileTypesAndContributionMap":{"functional-code":{"insertions":150,"deletions":4}}},{"hash":"349032242f53c5cf2b06a098892915e42c1e1500","messageTitle":"Update the test stubs to make them consistent to the new model","messageBody":"","fileTypesAndContributionMap":{"test-code":{"insertions":45,"deletions":6}}},{"hash":"5ed04d612c113a810d58589e37371c24b02ee65f","messageTitle":"Add `TaskBuilder` and `TypicalTasks` classes for testings","messageBody":"","fileTypesAndContributionMap":{"test-code":{"insertions":82,"deletions":1}}},{"hash":"bfab4e7a043258324e16fdb063ac8b47937738ad","messageTitle":"Fix style issues","messageBody":"","fileTypesAndContributionMap":{"test-code":{"insertions":3,"deletions":3}}},{"hash":"edf024a9cc88fad17db7755b10e38f17c09681e4","messageTitle":"Fix the task deadline parsing issue","messageBody":"","fileTypesAndContributionMap":{"functional-code":{"insertions":2,"deletions":3},"test-code":{"insertions":1,"deletions":1}}}]},{"date":"2021-10-10","commitResults":[{"hash":"b6f34d7370e6d14420d8e1cacb0b146198fc2805","messageTitle":"Add interface `HasUniqueId` and create tests for `UniqueId`","messageBody":"All classes that have unique id should implement `HasUniqueId`\n","fileTypesAndContributionMap":{"functional-code":{"insertions":43,"deletions":26},"test-code":{"insertions":82,"deletions":1}}},{"hash":"f69adfa7ed5b07c6a3fcf202ed1151e7b805a6b7","messageTitle":"Move the `id` package to the model component","messageBody":"","fileTypesAndContributionMap":{"functional-code":{"insertions":4,"deletions":4},"other":{"insertions":6,"deletions":10}}},{"hash":"57f9ec1ab379547cb66eb837367d43f539909b31","messageTitle":"Fix style issues","messageBody":"","fileTypesAndContributionMap":{"test-code":{"insertions":9,"deletions":6}}},{"hash":"a1c0bbe156cd022df44c2740e3fa9e20f06c5a4e","messageTitle":"Add test cases for package `task`","messageBody":"","fileTypesAndContributionMap":{"test-code":{"insertions":340,"deletions":0}}},{"hash":"5a4957572c8942b5eac864f6d0c6ce692aaa7367","messageTitle":"Create test cases for models effected when creating the task model","messageBody":"","fileTypesAndContributionMap":{"test-code":{"insertions":86,"deletions":11}}}]},{"date":"2021-10-12","commitResults":[{"hash":"bf1773883708004d768f5e461bb3edfbb69cff9e","messageTitle":"Fix merge conflicts","messageBody":"... including\n- Add `UniqueId` to `Person`\n- Update the json files to include the ids\n- Modify `UniqueId`\n","fileTypesAndContributionMap":{"functional-code":{"insertions":50,"deletions":21},"test-code":{"insertions":49,"deletions":14}}},{"hash":"6d7045bd9bbba9858b34e28a7b2ac73bbfebed68","messageTitle":"Update `UniqueId` and fix test case fails after merging","messageBody":"","fileTypesAndContributionMap":{"functional-code":{"insertions":32,"deletions":15},"test-code":{"insertions":58,"deletions":29}}},{"hash":"896f31cbc19c162d8e19e57a0bb1ddc20aef8520","messageTitle":"Fix the wrong name issue of `DeadlineTest` and `NameTest`","messageBody":"","fileTypesAndContributionMap":{"test-code":{"insertions":47,"deletions":47}}},{"hash":"14a8a39d4abcc170ef441a0a103e4f5d7264434c","messageTitle":"Set a default owner for `UniqueId` without owner assigned to it","messageBody":"","fileTypesAndContributionMap":{"functional-code":{"insertions":16,"deletions":5},"test-code":{"insertions":12,"deletions":3}}},{"hash":"b4d0a9af48c7a880c3beb3194dca4bc9a85049a3","messageTitle":"Fix style issues","messageBody":"","fileTypesAndContributionMap":{"functional-code":{"insertions":2,"deletions":2},"test-code":{"insertions":3,"deletions":5}}},{"hash":"c5bde285f81930b8b16caa367af88d6613305ab3","messageTitle":"Change the `DEFAULT_OWNER` of `UniqueId` to non-static","messageBody":"... so each id without an owner assigned to it will be auto-assigned a\ndefault owner\n","fileTypesAndContributionMap":{"functional-code":{"insertions":2,"deletions":11},"test-code":{"insertions":0,"deletions":6}}},{"hash":"a67d675906fefc8276ecf0f5711fe41c84effc0c","messageTitle":"Update the add task command in the User guide","messageBody":"","fileTypesAndContributionMap":{"docs":{"insertions":3,"deletions":2}}},{"hash":"11c7fce6469e48accf23676696f02d1b5bdd6937","messageTitle":"Change `task.Name` to `Description` to avoid same name as `Person.Name`","messageBody":"","fileTypesAndContributionMap":{"functional-code":{"insertions":20,"deletions":19},"other":{"insertions":5,"deletions":5},"test-code":{"insertions":62,"deletions":62}}},{"hash":"335998fa4f5d1304c5e855920a029ad53a630c87","messageTitle":"Add `AddTaskCommand`","messageBody":"","fileTypesAndContributionMap":{"functional-code":{"insertions":226,"deletions":1}}},{"hash":"847e3da46abfec651c1a77268f633776485c4c83","messageTitle":"Fix style issue","messageBody":"","fileTypesAndContributionMap":{"functional-code":{"insertions":5,"deletions":25},"test-code":{"insertions":9,"deletions":9}}},{"hash":"ec6e095505a3ab2394f813b807d0e49101db9f92","messageTitle":"Add integration test for `AddTestCommand`","messageBody":"","fileTypesAndContributionMap":{"test-code":{"insertions":46,"deletions":0}}}]},{"date":"2021-10-20","commitResults":[{"hash":"68201206751c826630cedebe05c975dd48fa1562","messageTitle":"Explain the implementation of `UniqueId` in DG","messageBody":"","fileTypesAndContributionMap":{"docs":{"insertions":37,"deletions":3}}},{"hash":"47c42afdd2fa1f24f0a520f08d22a357dc955309","messageTitle":"Add diagram for UniqueId explanation in DG","messageBody":"","fileTypesAndContributionMap":{"docs":{"insertions":21,"deletions":3}}},{"hash":"4a34f2db9d308d5c03d4f57b5a03c60613d417d4","messageTitle":"Add the interface `TaskAssignable`","messageBody":"","fileTypesAndContributionMap":{"functional-code":{"insertions":91,"deletions":3}}}]},{"date":"2021-10-26","commitResults":[{"hash":"d799b283ad2284cafcf1ac64188a01579f6b1c1d","messageTitle":"Update `TaskAssignable` and create `AssignTaskCommand`","messageBody":"","fileTypesAndContributionMap":{"functional-code":{"insertions":173,"deletions":19}}},{"hash":"c6ba335c9538d779342e10d3ddb9c73445be3ba6","messageTitle":"Update `AssignTaskToPersonCommand` and fix a bug caused by `hashCode()`","messageBody":"","fileTypesAndContributionMap":{"functional-code":{"insertions":54,"deletions":65}}},{"hash":"d819a1adc062c707675f865c27c55b5026a724a3","messageTitle":"Create `AssignTaskToGroupCommand`","messageBody":"","fileTypesAndContributionMap":{"functional-code":{"insertions":65,"deletions":14}}},{"hash":"66dc845d15e3419e45357f5063a9e5f67dcdb066","messageTitle":"Add command for assigning tasks to groups","messageBody":"","fileTypesAndContributionMap":{"functional-code":{"insertions":47,"deletions":10}}},{"hash":"e903a9e47894e35bdc1009f070e6cdafd804489d","messageTitle":"Update the user guide","messageBody":"","fileTypesAndContributionMap":{"docs":{"insertions":17,"deletions":4}}},{"hash":"84f070d18fc351740f5cfb99f75e4191e1b38a0c","messageTitle":"Add `UnassignTaskFromGroupCommand` and `UnassignTaskCommand`","messageBody":"","fileTypesAndContributionMap":{"functional-code":{"insertions":200,"deletions":48}}},{"hash":"28757f44b1e3018cb65d1ba40054a99f79b0b508","messageTitle":"Add command for unassigning task from group","messageBody":"","fileTypesAndContributionMap":{"functional-code":{"insertions":41,"deletions":2}}},{"hash":"c3d0dd395ffe3d04a6510334e104c725fa9e3edc","messageTitle":"Update user guide","messageBody":"","fileTypesAndContributionMap":{"docs":{"insertions":26,"deletions":0}}},{"hash":"7d49f9794c5cc1b149f72ffdbc2cb458f088ac3c","messageTitle":"Fix style issues","messageBody":"","fileTypesAndContributionMap":{"functional-code":{"insertions":8,"deletions":8}}}]},{"date":"2021-11-02","commitResults":[{"hash":"4cb518d583a8f318b25628d464a4684209b8b238","messageTitle":"Update the introduction of UG","messageBody":"","fileTypesAndContributionMap":{"docs":{"insertions":1,"deletions":1}}},{"hash":"565600a09e735063faf931a03e064f843e9d62ec","messageTitle":"Fix the email address not rendering properly in AboutUs.md","messageBody":"","fileTypesAndContributionMap":{"docs":{"insertions":1,"deletions":1}}}]},{"date":"2021-11-04","commitResults":[{"hash":"816a49a9c8c273ac8f61c8bfc11e636f338c39e7","messageTitle":"Update the PPP page and AboutUs.md","messageBody":"","fileTypesAndContributionMap":{"docs":{"insertions":50,"deletions":31}}},{"hash":"e9c11f8ec853ef918adae01c152ae157f36354dc","messageTitle":"Fix style issues","messageBody":"","fileTypesAndContributionMap":{"docs":{"insertions":7,"deletions":7}}}]},{"date":"2021-11-05","commitResults":[{"hash":"213ab9b29e86ec23ea76a491708054023a51a927","messageTitle":"Change the implementation of `Person#isSamePerson()`","messageBody":"Now the method will compare names, phone numbers, and emails. Two people are considered that same person if and only if they have the same three fields.\n","fileTypesAndContributionMap":{"functional-code":{"insertions":45,"deletions":25},"test-code":{"insertions":18,"deletions":5}}},{"hash":"b4b358b8a48962e88104c71971e91168360475fe","messageTitle":"Update the user guide","messageBody":"","fileTypesAndContributionMap":{"docs":{"insertions":2,"deletions":2}}}]},{"date":"2021-11-07","commitResults":[{"hash":"649709ee3ed746c3d9a02e5ff90c357c72a1c30c","messageTitle":"Update `AddressBook#toString()`","messageBody":"","fileTypesAndContributionMap":{"functional-code":{"insertions":2,"deletions":3}}},{"hash":"eaa622eb4e903c7a37a22c7b2e25d2904d43d13e","messageTitle":"Combine `AssignTaskCommand` and `UnassignTaskCommand`...","messageBody":"to reduce code duplication\n","fileTypesAndContributionMap":{"functional-code":{"insertions":149,"deletions":173}}}]},{"date":"2021-11-08","commitResults":[{"hash":"07ae98731c42e6b7a00c671db3b64636b432a936","messageTitle":"Update PPP","messageBody":"","fileTypesAndContributionMap":{"docs":{"insertions":43,"deletions":36}}},{"hash":"8d61b23d04f4ec8a74970037595f0f126e3b86fe","messageTitle":"Update PPP","messageBody":"","fileTypesAndContributionMap":{"docs":{"insertions":16,"deletions":25}}},{"hash":"3532aa2d3a7c0a72f7acf6b7ec01487b742c1e7e","messageTitle":"Update PPP","messageBody":"","fileTypesAndContributionMap":{"docs":{"insertions":1,"deletions":2}}},{"hash":"a6bbe017ca1e8ae82f8e6655244be9d4116f3f6f","messageTitle":"Update PPP to let it be in 2-page limit","messageBody":"","fileTypesAndContributionMap":{"docs":{"insertions":2,"deletions":4}}},{"hash":"0930dc55a50c2093aeb652081a98cffa4db04933","messageTitle":"Update PPP","messageBody":"","fileTypesAndContributionMap":{"docs":{"insertions":4,"deletions":4}}},{"hash":"9aaab0d3d7a8f81ebf20d1f706b4dba51f7b5e22","messageTitle":"Try to make ppp be in two page angrily","messageBody":"","fileTypesAndContributionMap":{"docs":{"insertions":6,"deletions":6}}},{"hash":"72a9920381f017807f66f02d67ee1de7f2dd9d5c","messageTitle":"Fix documentation bug and a message bug for task assigning command","messageBody":"","fileTypesAndContributionMap":{"functional-code":{"insertions":17,"deletions":5},"docs":{"insertions":4,"deletions":4}}}]}]},"authorFileTypeContributionMap":{"Neha-5678":{"docs":265,"functional-code":1083,"test-code":756},"jeremy-7007":{"docs":293,"functional-code":829,"test-code":25,"other":1},"kvihashini":{"docs":505,"functional-code":1391,"test-code":617,"other":4},"tanhuakun":{"docs":452,"functional-code":3585,"test-code":1299,"other":1},"eltonyeh":{"docs":163,"functional-code":1185,"test-code":705}},"authorContributionVariance":{"Neha-5678":18644.012,"jeremy-7007":10736.901,"kvihashini":17211.201,"tanhuakun":102775.62,"eltonyeh":37084.543},"authorDisplayNameMap":{"Neha-5678":"CS2103T-W16-4 SRIN..IKHA","jeremy-7007":"CS2103T-W16-4 LE Q.. HUY","kvihashini":"CS2103T-W16-4 KEER..HINI","tanhuakun":"CS2103T-W16-4 TAN .. KUN","eltonyeh":"CS2103T-W16-4 YEH ..HENG"}}
