{"authorDailyContributionsMap":{"EuniceSim142":[{"date":"2021-09-18","commitResults":[{"hash":"5e448f938ee828c4bb19d10d516963eec38bed6a","messageTitle":"Update About us page","messageBody":"","fileTypesAndContributionMap":{"docs":{"insertions":26,"deletions":26}}},{"hash":"ca904e6ef532dc4f4e1370a1a2a7cb879490b272","messageTitle":"Add skeleton Portfolio Pages","messageBody":"","fileTypesAndContributionMap":{"docs":{"insertions":180,"deletions":0}}},{"hash":"48f295ca74cfebecc8018beea50fcabc14426ccc","messageTitle":"Reorder About us page to be in alphabetical order","messageBody":"","fileTypesAndContributionMap":{"docs":{"insertions":9,"deletions":9}}},{"hash":"66f1b945f543d0890c3b2c882ce3cfa24935cccd","messageTitle":"Add Non-Functional Requirements and Glossary to DeveloperGuide.md","messageBody":"","fileTypesAndContributionMap":{"docs":{"insertions":29,"deletions":6}}}]},{"date":"2021-09-19","commitResults":[{"hash":"15e1253129a71ef23d450b9ccc5382e66f282383","messageTitle":"Update Target User profile and Value Proposition","messageBody":"","fileTypesAndContributionMap":{"docs":{"insertions":8,"deletions":3}}},{"hash":"f07751376a209bdafd519afe7d4ec3784708d424","messageTitle":"Remove team email from About us page","messageBody":"","fileTypesAndContributionMap":{"docs":{"insertions":0,"deletions":2}}},{"hash":"67bea8201f278b310027f584eca07899871cd3b5","messageTitle":"Fix minor issues with DeveloperGuide.md","messageBody":"","fileTypesAndContributionMap":{"docs":{"insertions":18,"deletions":19}}},{"hash":"3f6bdbc135171e1fe680b65269a46ca8035b2a77","messageTitle":"Fix Duplicate in UC09 of Use Cases","messageBody":"* Change \u0027is\u0027 to \u0027has been\u0027 (eg: Added, deleted) as well\n","fileTypesAndContributionMap":{"docs":{"insertions":4,"deletions":4}}}]},{"date":"2021-09-23","commitResults":[{"hash":"838a59bacd688833dfac7d98213528fa09d5df24","messageTitle":"Change Person to Client in for all main and test files","messageBody":"","fileTypesAndContributionMap":{"functional-code":{"insertions":361,"deletions":361},"other":{"insertions":505,"deletions":481},"docs":{"insertions":2,"deletions":2},"test-code":{"insertions":831,"deletions":825}}},{"hash":"4742ab98a728c252a5649968dd1cc505919fc5a5","messageTitle":"Undo changes to docs/tutorials files","messageBody":"","fileTypesAndContributionMap":{"docs":{"insertions":2,"deletions":2}}}]},{"date":"2021-10-06","commitResults":[{"hash":"e3cfb79790f6f9f5df2229eab20d2d255a61912b","messageTitle":"Add Ingredient class and AddIngredient Command","messageBody":"Changes:\n* CliSyntax: Add 3 new prefixes for ingredient commands\n* ParserUtil: Add parse methods for IngredientName, Quantity and Unit\n* AddressBook: Add ingredient-related methods\n* Model: Add ingredient-related methods\n* ModelManager: Implement ingredient-related methods (Override methods in Model)\n* ReadOnlyAddressBook: Add ingredient-related methods\n* JsonSerializableAddressBook: Update methods to work with ingredients\n\n* New Classes:\n    * AddIngredientCommand\n    * IngredientDescriptor\n    * AddIngredientCommandParser\n    * Ingredient\n    * IngredientName\n    * Quantity\n    * UniqueIngredientList\n    * JsonAdaptedIngredient\n    * Unit\n","fileTypesAndContributionMap":{"functional-code":{"insertions":712,"deletions":3}}},{"hash":"1787889ff5092d3053f51b549abb96c340fb486f","messageTitle":"Update existing Json Files to include ingredients","messageBody":"","fileTypesAndContributionMap":{"test-code":{"insertions":111,"deletions":4}}},{"hash":"203f0b2d7af4cebd080d4f818c9d33a2d3dce5d5","messageTitle":"Update AddressBookTest and ModelStub to include ingredients","messageBody":"","fileTypesAndContributionMap":{"test-code":{"insertions":22,"deletions":0}}}]},{"date":"2021-10-07","commitResults":[{"hash":"e3f4dfd722096d2e521473c0eb3d7e9cf6448c5c","messageTitle":"Add tests for Ingredient related classes and update some Ingredient classes (in Main)","messageBody":"Changes made to:\n  * AddressBookParser (add method)\n  * ParserUtil (fix bug in parseException message)\n  * AddressBook (add method)\n  * SampleDataUtil (add ingredients)\n  * json files (change json property)\n  * Model (add method)\n  * ModelManager (implement method)\n  * AddressBookBuilder (add method)\n  * ModelStub (add method)\n\n  * AddIngredientCommand (add example format for command)\n  * Ingredient (add and implement method)\n  * Quantity (change regex and add conversion to integer)\n  * Unit (change regex)\n\n  * CommandTestUtil (add ingredient fields)\n  * ParserUtilTest (add ingredient fields and add test methods)\n  * AddressBookTest (add test methods)\n  * AddressBookStorageTest (add test methods)\n  * ModelManagerTest (add test methods)\n  * JsonSerializableAddressBookTest (add test methods)\n\n  * Fix checkstyle errors\n\nFiles added:\n  * Json Files\n  * AddIngredientCommandIntegrationTest\n  * AddIngredientCommandtest\n  * IngredientDescriptorTest\n  * AddIngredientParserTest\n  * Ingredient-related tests (Ingredient, IngredientName, Quantity, Unit, UniqueIngredientList)\n  * JsonAdaptedIngredientTest\n\n  * IngredientDescriptorBuilder\n  * Stubs (ModelStubAcceptingIngredientAdded, ModelStubWithIngredient)\n  * TestUtil (TypicalIngredients)\n","fileTypesAndContributionMap":{"functional-code":{"insertions":117,"deletions":39},"test-code":{"insertions":1095,"deletions":12}}},{"hash":"691391bc184c635475575d6b4828ee28c8ae3cc5","messageTitle":"Fix Checkstyle errors","messageBody":"","fileTypesAndContributionMap":{"functional-code":{"insertions":2,"deletions":2}}},{"hash":"dc7c64d6aea77cdb2e8c74e0c26dc1c76e4dd5fe","messageTitle":"Fix no line at end of file error","messageBody":"","fileTypesAndContributionMap":{"test-code":{"insertions":4,"deletions":4}}}]},{"date":"2021-10-08","commitResults":[{"hash":"b9e1dfc99afbc29e26857aa0ea80497256f42fb4","messageTitle":"Fix some pr comments","messageBody":"","fileTypesAndContributionMap":{"functional-code":{"insertions":38,"deletions":69},"test-code":{"insertions":30,"deletions":24}}},{"hash":"85e9582933cbddc04220024a4fd2a720454c4a27","messageTitle":"Add JavaDoc comments and fix pr comments","messageBody":"","fileTypesAndContributionMap":{"functional-code":{"insertions":330,"deletions":115},"test-code":{"insertions":91,"deletions":96}}},{"hash":"d988f8bc98285a807e96423b9dfad44afc7b15ca","messageTitle":"Add parseCommand test for AddIngredient and IngredientUtil class","messageBody":"","fileTypesAndContributionMap":{"test-code":{"insertions":52,"deletions":0}}},{"hash":"7e99ef6f6b8307468e45f0ddaccc5e82cdd5e8b3","messageTitle":"Fix pr comments","messageBody":"","fileTypesAndContributionMap":{"functional-code":{"insertions":8,"deletions":2},"test-code":{"insertions":1,"deletions":0}}},{"hash":"c0074d811e3328f584f1e9c310172da191c52485","messageTitle":"Extract out Name, IngredientName and Unit class into a GenericString class","messageBody":"","fileTypesAndContributionMap":{"functional-code":{"insertions":151,"deletions":312},"test-code":{"insertions":112,"deletions":239}}},{"hash":"8345de7f6e33a115c9c5f50578c67f77b23993ed","messageTitle":"Add getMessageConstraints method","messageBody":"","fileTypesAndContributionMap":{"functional-code":{"insertions":25,"deletions":12},"test-code":{"insertions":20,"deletions":16}}},{"hash":"48253501283d4b0e70f2973b29c45120835ae85b","messageTitle":"Fix pr comments","messageBody":"","fileTypesAndContributionMap":{"functional-code":{"insertions":1,"deletions":1}}},{"hash":"245b34b186ce206cf498965bb7bbc0737e0f1fcb","messageTitle":"Update isValidQuantity check","messageBody":"","fileTypesAndContributionMap":{"functional-code":{"insertions":2,"deletions":4},"test-code":{"insertions":1,"deletions":1}}},{"hash":"2a85c804de202dc49e6a51d685585f714e8d6d7d","messageTitle":"Change code to use getMessageConstraints instead","messageBody":"","fileTypesAndContributionMap":{"functional-code":{"insertions":1,"deletions":1}}}]},{"date":"2021-10-12","commitResults":[{"hash":"65cfba368a75d383f2724f408e37ae1899089096","messageTitle":"Add client and ingredient features","messageBody":"","fileTypesAndContributionMap":{"docs":{"insertions":157,"deletions":50}}},{"hash":"c15a56cc11c8e6930f256c598ec3dd4a1b557270","messageTitle":"Fix missing closing div block.","messageBody":"","fileTypesAndContributionMap":{"docs":{"insertions":4,"deletions":0}}},{"hash":"9bd439c71f16c7c011770021aa013153d58f0337","messageTitle":"Fix trailing whitespace error","messageBody":"","fileTypesAndContributionMap":{"docs":{"insertions":6,"deletions":9}}},{"hash":"82e1eceedbfd5bb262728561938c08435da8789b","messageTitle":"Implement source code for mark order as done and undone command","messageBody":"","fileTypesAndContributionMap":{"functional-code":{"insertions":463,"deletions":11}}},{"hash":"9a0a96aab9d77ee9cd4162aa362191830933424a","messageTitle":"Fix wrong example for delete client","messageBody":"","fileTypesAndContributionMap":{"docs":{"insertions":1,"deletions":1}}},{"hash":"0e4e1032949162dcd7eb3df0b4d72ecec50294e9","messageTitle":"Update json files","messageBody":"","fileTypesAndContributionMap":{"test-code":{"insertions":131,"deletions":30}}},{"hash":"08d64ce4bf08371e5bb367d5d94d8ab73aa361cf","messageTitle":"Fix typicalClientsAddressBook.json to contain the same ingredients as in TypicalIngredients","messageBody":"","fileTypesAndContributionMap":{"test-code":{"insertions":4,"deletions":3}}},{"hash":"80fd9b2f073dedfe0fb26715a0ecf8b51692786a","messageTitle":"Add tests for Done and Undone order commands","messageBody":"","fileTypesAndContributionMap":{"test-code":{"insertions":509,"deletions":24}}},{"hash":"c5d52967948aab6b616be7333678011a8c668468","messageTitle":"Fix checkstyle errors","messageBody":"","fileTypesAndContributionMap":{"functional-code":{"insertions":11,"deletions":11},"test-code":{"insertions":1,"deletions":2}}},{"hash":"e385547eb6d77731c8b1ff911f2cc8bfc2d66e35","messageTitle":"Add JavaDoc comments","messageBody":"","fileTypesAndContributionMap":{"functional-code":{"insertions":38,"deletions":7}}},{"hash":"e49c473c67bff0dd02d9fc6c73cdd6e974716763","messageTitle":"Update layout section of User Guide","messageBody":"","fileTypesAndContributionMap":{"docs":{"insertions":19,"deletions":0}}},{"hash":"3a55dbfb18069c688faee8f26eb754c31ba2ef2f","messageTitle":"Fix typo in description for Ingredient tab","messageBody":"","fileTypesAndContributionMap":{"docs":{"insertions":2,"deletions":2}}},{"hash":"8c17cce1ee0f8cffbb617671f20ea23c309d45e0","messageTitle":"Fix no new line at EOF error","messageBody":"","fileTypesAndContributionMap":{"test-code":{"insertions":1,"deletions":1}}},{"hash":"ced07ca0f5bbb2cf404c6cd5a0858ecd0fb4fed6","messageTitle":"Fix checkstyle error","messageBody":"","fileTypesAndContributionMap":{"functional-code":{"insertions":2,"deletions":2}}},{"hash":"270da69261a790dbfe722bb613394557a2c055db","messageTitle":"Fix pr comments","messageBody":"","fileTypesAndContributionMap":{"docs":{"insertions":2,"deletions":2}}},{"hash":"1539ee6b9b2b2abfd8803c45e98a7dd87d3ad1da","messageTitle":"Fix pr comments","messageBody":"","fileTypesAndContributionMap":{"functional-code":{"insertions":158,"deletions":150},"test-code":{"insertions":172,"deletions":158}}}]}],"Imranr2":[{"date":"2021-09-19","commitResults":[{"hash":"d80244f63b640469ea6bfd2ac22fd9824324862a","messageTitle":"Add User Stories to DeveloperGuide.md","messageBody":"","fileTypesAndContributionMap":{"docs":{"insertions":87,"deletions":11}}},{"hash":"ad5dee448f80f5f9def2a51574e5b58567162f69","messageTitle":"Update README page","messageBody":"","fileTypesAndContributionMap":{"docs":{"insertions":6,"deletions":6}}},{"hash":"158fca3b7302a749f93c28b6ff908350b577516b","messageTitle":"Add acknowledgement to original source","messageBody":"","fileTypesAndContributionMap":{"docs":{"insertions":1,"deletions":0}}},{"hash":"c0900e2619169f4e7abad00e9b82e7ae06b99c2c","messageTitle":"Update DeveloperGuide.md","messageBody":"","fileTypesAndContributionMap":{"docs":{"insertions":9,"deletions":9}}},{"hash":"291b443bfaee1d8b7b2775ce8500c0a2f85d78fd","messageTitle":"Change description to match user guide","messageBody":"","fileTypesAndContributionMap":{"docs":{"insertions":2,"deletions":1}}}]},{"date":"2021-09-21","commitResults":[{"hash":"b6d9b57deddd9c1eddc8f7a00e9f3ea5681d42a7","messageTitle":"Update README.md","messageBody":"","fileTypesAndContributionMap":{"docs":{"insertions":13,"deletions":12}}}]},{"date":"2021-09-22","commitResults":[{"hash":"e4a964d6bbe2e1653c6c131cfdfe16298f763353","messageTitle":"Change image path","messageBody":"","fileTypesAndContributionMap":{"docs":{"insertions":1,"deletions":1}}},{"hash":"374583ebacd0240adeaf0162647f0653f2a3e5ff","messageTitle":"Fix user guide and dev guide links","messageBody":"","fileTypesAndContributionMap":{"docs":{"insertions":2,"deletions":2}}},{"hash":"0d3a8094f2583d0f115463bf7808f9278f1fd42a","messageTitle":"Fix User Guide link","messageBody":"","fileTypesAndContributionMap":{"docs":{"insertions":1,"deletions":1}}}]},{"date":"2021-10-06","commitResults":[{"hash":"231630861f24a13a7c5d24fadfcf2a6795b50cd5","messageTitle":"Add client fields to order","messageBody":"","fileTypesAndContributionMap":{"functional-code":{"insertions":130,"deletions":23},"test-code":{"insertions":81,"deletions":51}}}]},{"date":"2021-10-07","commitResults":[{"hash":"5d9f79d3658f2664e8df6dcea7f85139f4a3943e","messageTitle":"Add tests for client fields in order","messageBody":"","fileTypesAndContributionMap":{"functional-code":{"insertions":28,"deletions":11},"test-code":{"insertions":388,"deletions":120}}},{"hash":"62057ad8bc38530cfeaf39f0e8514a49b0df1a7f","messageTitle":"Add views for order","messageBody":"","fileTypesAndContributionMap":{"functional-code":{"insertions":8,"deletions":2}}},{"hash":"3bf3e838a9c34709d129633c8cb7f211891f964e","messageTitle":"Add test cases for isSameOrder","messageBody":"","fileTypesAndContributionMap":{"test-code":{"insertions":12,"deletions":0}}},{"hash":"8f2b08a2a9a0f2d5f139a7a86f9218f378c296be","messageTitle":"Change PREFIX_CLIENT to PREFIX_CLIENT_INDEX","messageBody":"","fileTypesAndContributionMap":{"functional-code":{"insertions":26,"deletions":15},"test-code":{"insertions":3,"deletions":3}}},{"hash":"c537fa62bd13c7e26ac271f12b5538671c210213","messageTitle":"Add out of bounds check for client index when adding a new order","messageBody":"","fileTypesAndContributionMap":{"functional-code":{"insertions":7,"deletions":2}}},{"hash":"fb162a6f06f6b14defde2313e37a647442efbd35","messageTitle":"Refactor to ensure consistency in ordering of client attributes","messageBody":"","fileTypesAndContributionMap":{"functional-code":{"insertions":46,"deletions":45},"test-code":{"insertions":42,"deletions":45}}},{"hash":"9be444400a166ae290a5e37ddb1d3091647bd21b","messageTitle":"Add tests to order to test equality for different client attributes","messageBody":"","fileTypesAndContributionMap":{"test-code":{"insertions":83,"deletions":41}}},{"hash":"c70bbbc5f9fe099e64bdf2de1bcf569538391855","messageTitle":"Fix PR comments","messageBody":"","fileTypesAndContributionMap":{"functional-code":{"insertions":38,"deletions":26},"test-code":{"insertions":12,"deletions":14}}},{"hash":"4c8ab276ff23b5e2213b6e2811a1cbf48627e2fd","messageTitle":"Change toString for order","messageBody":"","fileTypesAndContributionMap":{"functional-code":{"insertions":3,"deletions":3},"test-code":{"insertions":0,"deletions":1}}},{"hash":"468d2dd40f73164fdf122c83858d274c9be58a3f","messageTitle":"Add list order command","messageBody":"","fileTypesAndContributionMap":{"functional-code":{"insertions":25,"deletions":0}}}]},{"date":"2021-10-08","commitResults":[{"hash":"5425113a858d2670a78137a4c5a189a1c32a9662","messageTitle":"Add test cases for list order command","messageBody":"","fileTypesAndContributionMap":{"test-code":{"insertions":40,"deletions":1}}},{"hash":"702753740e6779dc7e854a5f6ecb843730e72128","messageTitle":"Add javadocs for list command","messageBody":"","fileTypesAndContributionMap":{"functional-code":{"insertions":3,"deletions":0},"test-code":{"insertions":3,"deletions":0}}}]},{"date":"2021-10-09","commitResults":[{"hash":"94d529c4e54299668a055dbda508a8fedeab30a0","messageTitle":"Update Javadocs","messageBody":"","fileTypesAndContributionMap":{"functional-code":{"insertions":2,"deletions":2}}},{"hash":"f8741a4cfc64a6f924208b4c0e1946ea86747613","messageTitle":"Add method to get typical orders","messageBody":"","fileTypesAndContributionMap":{"test-code":{"insertions":20,"deletions":0}}},{"hash":"ec1705af7e1bd68faacff1a7f79060dc41115b3f","messageTitle":"Add message for finding orders","messageBody":"","fileTypesAndContributionMap":{"functional-code":{"insertions":1,"deletions":0}}},{"hash":"cc6b81d2841bae754342dcb22fb7b5661c66739a","messageTitle":"Add find order command and parser Generic string predicates replaces all string predicates PredicateCollection is a generic class which replaces ClientPredicateCollection","messageBody":"","fileTypesAndContributionMap":{"functional-code":{"insertions":226,"deletions":200},"test-code":{"insertions":468,"deletions":447}}}]},{"date":"2021-10-10","commitResults":[{"hash":"a6fd0a48ce43aa9a4ddcf86ad68502958bd5a4d3","messageTitle":"Fix PR comments","messageBody":"","fileTypesAndContributionMap":{"functional-code":{"insertions":75,"deletions":60},"other":{"insertions":28,"deletions":27},"test-code":{"insertions":66,"deletions":34}}},{"hash":"27cfc7ad38abbacc7d9d254903ad7024271b80c4","messageTitle":"Update order and general commands","messageBody":"","fileTypesAndContributionMap":{"docs":{"insertions":149,"deletions":69}}},{"hash":"f28e840f0901a92f42b19727dc95d7e1b03f363b","messageTitle":"Update Table of Contents","messageBody":"","fileTypesAndContributionMap":{"docs":{"insertions":2,"deletions":4}}},{"hash":"a0e927b8898db5be8f4d6679d92f52d82409b5a1","messageTitle":"Update header font size","messageBody":"","fileTypesAndContributionMap":{"docs":{"insertions":9,"deletions":9}}},{"hash":"aa087a9b326ec96681b4e5b02e228cf02aa412b7","messageTitle":"Fix grammar","messageBody":"","fileTypesAndContributionMap":{"docs":{"insertions":2,"deletions":2}}},{"hash":"d517995fc6911f089b35f8ac85058b146bf311eb","messageTitle":"Fix PR comments","messageBody":"","fileTypesAndContributionMap":{"functional-code":{"insertions":5,"deletions":7},"other":{"insertions":11,"deletions":11},"test-code":{"insertions":217,"deletions":200}}},{"hash":"3cbea2c4964273e39a0b35c0bf93494151fcca5f","messageTitle":"Update description for find and add order","messageBody":"","fileTypesAndContributionMap":{"docs":{"insertions":11,"deletions":4}}},{"hash":"3b949829e4901ac94546525183afb6bc8dca9dea","messageTitle":"Fix PR comments","messageBody":"","fileTypesAndContributionMap":{"functional-code":{"insertions":1,"deletions":1},"test-code":{"insertions":0,"deletions":3}}},{"hash":"99c9ad136adbe88f6ff6ec7ac9777a627b04a292","messageTitle":"Fix PR comments","messageBody":"","fileTypesAndContributionMap":{"docs":{"insertions":24,"deletions":18}}},{"hash":"940e297a1748c96ea34673a2199a6c59fd69521b","messageTitle":"Add details to add-order in user guide","messageBody":"","fileTypesAndContributionMap":{"docs":{"insertions":5,"deletions":5}}},{"hash":"122a36b0cfb7d129733cb8ebba5c8d94cc37252e","messageTitle":"Update find order notes","messageBody":"","fileTypesAndContributionMap":{"docs":{"insertions":3,"deletions":3}}}]},{"date":"2021-10-13","commitResults":[{"hash":"660fbc15104d1e9a332772163722edfc6cbae5c7","messageTitle":"Add delete order command","messageBody":"","fileTypesAndContributionMap":{"functional-code":{"insertions":139,"deletions":3},"test-code":{"insertions":5,"deletions":0}}},{"hash":"811d2637cae3587160906b773707ae588cba3b04","messageTitle":"Add test cases for delete order","messageBody":"","fileTypesAndContributionMap":{"functional-code":{"insertions":2,"deletions":1},"test-code":{"insertions":325,"deletions":3}}},{"hash":"8976e7e2c327e27592f9568d03cc57fd5855e69d","messageTitle":"Fix PR comments","messageBody":"","fileTypesAndContributionMap":{"functional-code":{"insertions":20,"deletions":15},"test-code":{"insertions":1,"deletions":1}}},{"hash":"50561eb3f76aea847716bce6e290306d89b17be8","messageTitle":"Update find order to handle recipe name and order date","messageBody":"","fileTypesAndContributionMap":{"functional-code":{"insertions":63,"deletions":2}}},{"hash":"c9445bd08735ad0ef748eb4c2d01092d228fa1e9","messageTitle":"Fix javadocs for ParserUtil","messageBody":"","fileTypesAndContributionMap":{"functional-code":{"insertions":1,"deletions":1}}},{"hash":"2718ef2eaf04a4dbcb550b6603876ffcd4d560ff","messageTitle":"Add test cases for find order","messageBody":"","fileTypesAndContributionMap":{"functional-code":{"insertions":27,"deletions":27},"test-code":{"insertions":33,"deletions":0}}},{"hash":"7de770319991904fa4e808e86627c0344330f515","messageTitle":"Fix PR comments","messageBody":"","fileTypesAndContributionMap":{"functional-code":{"insertions":5,"deletions":5}}}]},{"date":"2021-10-16","commitResults":[{"hash":"a959edcd71ea5ee08b8851c7bdff05ae4342278b","messageTitle":"Add compareTo methods for client and generic string to sort lists","messageBody":"","fileTypesAndContributionMap":{"functional-code":{"insertions":12,"deletions":2}}},{"hash":"435c68aa4ca3d822a250b354daecaaa9275210f2","messageTitle":"Add functionality to sort list every time a list element is modified","messageBody":"","fileTypesAndContributionMap":{"functional-code":{"insertions":8,"deletions":0}}},{"hash":"9e523ae66906d6d683850a6a22c23836bdb56200","messageTitle":"Add test cases for compareTo methods","messageBody":"","fileTypesAndContributionMap":{"test-code":{"insertions":29,"deletions":0}}},{"hash":"82717edac4b8afda123b9c2ba374ad22a8d10730","messageTitle":"Add test cases to ensure list is sorted","messageBody":"","fileTypesAndContributionMap":{"test-code":{"insertions":49,"deletions":0}}},{"hash":"2a0bdfcd71ab857f760ec42fb0204c808fb516f1","messageTitle":"Add test cases for parseDate and parseDates method in ParserUtil","messageBody":"","fileTypesAndContributionMap":{"functional-code":{"insertions":2,"deletions":1},"test-code":{"insertions":49,"deletions":0}}},{"hash":"5de0ed3dcf404ca48686b56308175105cef61cfd","messageTitle":"Fix PR comments","messageBody":"","fileTypesAndContributionMap":{"test-code":{"insertions":13,"deletions":2}}},{"hash":"3e781e1b27e2fab9b4d2bc15c421f5a93162eac3","messageTitle":"Change method name","messageBody":"","fileTypesAndContributionMap":{"functional-code":{"insertions":5,"deletions":5}}}]}],"zognin":[{"date":"2021-09-18","commitResults":[{"hash":"f893959b7b0134c72773d43e6928511a144183e0","messageTitle":"Add summary and v1.2 client features to user guide","messageBody":"","fileTypesAndContributionMap":{"docs":{"insertions":55,"deletions":93}}},{"hash":"677d8b719644b571454f85d20a1b9cab19820dcf","messageTitle":"Add full stops and line breaks","messageBody":"","fileTypesAndContributionMap":{"docs":{"insertions":17,"deletions":15}}},{"hash":"80d9c266260eb68aa07032881d40284bbb5e30fb","messageTitle":"Change div markdown to block and remove trailing whitespaces","messageBody":"","fileTypesAndContributionMap":{"docs":{"insertions":8,"deletions":8}}},{"hash":"8838a734557075ec130973eafe2191e5ba203921","messageTitle":"Fix list format","messageBody":"","fileTypesAndContributionMap":{"docs":{"insertions":6,"deletions":3}}}]},{"date":"2021-09-21","commitResults":[{"hash":"01acd54f561be736282f5fed7f7b0a70a21d2df0","messageTitle":"Remove DuplicatePersonException","messageBody":"DuplicatePersonException extends runtime exception and is never caught.\nThe check for duplicate persons also happen at other layers. If this exception remains in the codebase and is thrown in the wrong context, the app is likely to have runtime failures.\n","fileTypesAndContributionMap":{"functional-code":{"insertions":0,"deletions":23},"test-code":{"insertions":0,"deletions":35}}},{"hash":"984b2dfc78375e6b423deacb2195f9da1584a6dd","messageTitle":"Replace PersonNotFoundException with NotFoundException","messageBody":"","fileTypesAndContributionMap":{"functional-code":{"insertions":36,"deletions":19},"test-code":{"insertions":14,"deletions":12}}},{"hash":"9663371d53e2968486e506fbbd2a60c9053b8393","messageTitle":"Move CommandException to top level exception package","messageBody":"","fileTypesAndContributionMap":{"functional-code":{"insertions":8,"deletions":8},"other":{"insertions":1,"deletions":1},"test-code":{"insertions":3,"deletions":3}}},{"hash":"17f189849c2022df818d59d0d64adbc4daa7ce43","messageTitle":"Move ParseException to top level exception package","messageBody":"","fileTypesAndContributionMap":{"functional-code":{"insertions":11,"deletions":11},"other":{"insertions":1,"deletions":1},"test-code":{"insertions":4,"deletions":4}}},{"hash":"7a7af3d0097852ef6b7e5eacdf0ff0841aab954c","messageTitle":"Move DataConversionException to top level exception package","messageBody":"","fileTypesAndContributionMap":{"functional-code":{"insertions":9,"deletions":9},"other":{"insertions":1,"deletions":1},"test-code":{"insertions":3,"deletions":3}}},{"hash":"a9f5bffe7e9a2fdcd0cb1867e47a05f4c484a08d","messageTitle":"Move IllegalValueException to top level exception package","messageBody":"","fileTypesAndContributionMap":{"functional-code":{"insertions":4,"deletions":6},"other":{"insertions":1,"deletions":1},"test-code":{"insertions":2,"deletions":2}}},{"hash":"2f2687bdb585ed8b67d0cd324d06507fcf7fa82a","messageTitle":"Remove clear command","messageBody":"","fileTypesAndContributionMap":{"functional-code":{"insertions":0,"deletions":27},"test-code":{"insertions":1,"deletions":40}}},{"hash":"f63eb7561c99bb521b3ecf07e43ac4e3d6bb14ab","messageTitle":"Move EditPersonDescriptor to a general descriptor class for extensibility","messageBody":"","fileTypesAndContributionMap":{"functional-code":{"insertions":158,"deletions":135},"test-code":{"insertions":31,"deletions":30}}},{"hash":"280d78866bac6f11231a20dbef4e6fdb68a4d5ae","messageTitle":"Change client AddCommandParser to return a person descriptor","messageBody":"","fileTypesAndContributionMap":{"functional-code":{"insertions":20,"deletions":25},"other":{"insertions":11,"deletions":11},"test-code":{"insertions":70,"deletions":56}}},{"hash":"09acfa7d702b4c58dbffbc5751e77ce193109453","messageTitle":"Move client parsers and commands into client subpackage","messageBody":"","fileTypesAndContributionMap":{"functional-code":{"insertions":11,"deletions":7},"other":{"insertions":66,"deletions":40},"test-code":{"insertions":48,"deletions":32}}},{"hash":"11a07345d1ececb4e89e614a05b7f6ac5d66b278","messageTitle":"Remove Tag model and related code","messageBody":"","fileTypesAndContributionMap":{"functional-code":{"insertions":22,"deletions":283},"test-code":{"insertions":49,"deletions":290}}},{"hash":"490a5bc737341978e5d9b71f40aef421f2a51b79","messageTitle":"Add skeleton Booking model and model to storage methods","messageBody":"","fileTypesAndContributionMap":{"functional-code":{"insertions":215,"deletions":1},"test-code":{"insertions":13,"deletions":3}}},{"hash":"ba659ac3c86b9596c26665083d3522608fc941c6","messageTitle":"Implement skeleton add booking command","messageBody":"","fileTypesAndContributionMap":{"functional-code":{"insertions":216,"deletions":15},"test-code":{"insertions":18,"deletions":0}}},{"hash":"989d5a3f9fab833327590fee1162ed698b3044a8","messageTitle":"Change definition of isSamePerson to people with the same phone number","messageBody":"","fileTypesAndContributionMap":{"functional-code":{"insertions":2,"deletions":2},"test-code":{"insertions":4,"deletions":13}}},{"hash":"b39e14e350ff0ebb38accfa8806787e679bdee43","messageTitle":"Add methods to convert booking from data to model type","messageBody":"","fileTypesAndContributionMap":{"functional-code":{"insertions":41,"deletions":0}}},{"hash":"ac1997484292705e517c28ef80ef89872ae08737","messageTitle":"Disable client edit temporarily because it will require booking edit","messageBody":"","fileTypesAndContributionMap":{"functional-code":{"insertions":0,"deletions":5},"test-code":{"insertions":0,"deletions":10}}}]},{"date":"2021-09-22","commitResults":[{"hash":"5de2119eaee4d54ee76633285b330af692485d1d","messageTitle":"Remove remaining tag related code","messageBody":"","fileTypesAndContributionMap":{"functional-code":{"insertions":0,"deletions":16},"test-code":{"insertions":5,"deletions":15}}},{"hash":"40aa0a4bee57808a87e86ba43727d32aa0d5eed2","messageTitle":"Fix pr comments","messageBody":"","fileTypesAndContributionMap":{"functional-code":{"insertions":4,"deletions":5}}}]},{"date":"2021-09-25","commitResults":[{"hash":"1588f11a6d79c2ae5e278705c8284d46d922aaf7","messageTitle":"Move booking methods above client methods","messageBody":"","fileTypesAndContributionMap":{"functional-code":{"insertions":79,"deletions":69}}},{"hash":"1c0a3a3ed86f789c72c960d817f4accbe6e1fccc","messageTitle":"Reorder bookings to be above clients in parser and existing test files","messageBody":"","fileTypesAndContributionMap":{"functional-code":{"insertions":3,"deletions":3},"test-code":{"insertions":13,"deletions":13}}},{"hash":"909627fd3ec691dffa5f6e3a2f30493dc961a128","messageTitle":"Fix pr comments","messageBody":"","fileTypesAndContributionMap":{"functional-code":{"insertions":11,"deletions":11},"test-code":{"insertions":5,"deletions":5}}}]},{"date":"2021-10-01","commitResults":[{"hash":"d3211748ec77dda18d5a581348ba6075c3db3817","messageTitle":"Rename booking to order","messageBody":"","fileTypesAndContributionMap":{"functional-code":{"insertions":358,"deletions":403},"other":{"insertions":9,"deletions":9},"docs":{"insertions":79,"deletions":79},"test-code":{"insertions":18,"deletions":25}}},{"hash":"9743a91e03a67c887053b86ee37ab4a9f4d17312","messageTitle":"Enable client edit","messageBody":"","fileTypesAndContributionMap":{"functional-code":{"insertions":5,"deletions":0},"test-code":{"insertions":10,"deletions":0}}},{"hash":"684cca5aca8dab9f858350fdb57c264dc4f7d1f1","messageTitle":"Add equals method in OrderDescriptor and AddOrderCommand","messageBody":"","fileTypesAndContributionMap":{"functional-code":{"insertions":25,"deletions":0}}}]},{"date":"2021-10-02","commitResults":[{"hash":"3d0b5c9849d32660c96381063a2dd8fdf4169ab6","messageTitle":"Add isSameOrder initial methods","messageBody":"","fileTypesAndContributionMap":{"functional-code":{"insertions":52,"deletions":3},"test-code":{"insertions":5,"deletions":0}}},{"hash":"ad8b8c7b9a5ebf81ea05d6fddaa966984a090e68","messageTitle":"Add -c to client command words","messageBody":"","fileTypesAndContributionMap":{"functional-code":{"insertions":5,"deletions":5},"test-code":{"insertions":2,"deletions":1}}},{"hash":"b9cd1c5d9caed90c40a9f844d7bf995ad601d0fd","messageTitle":"Add c before client prefixes","messageBody":"","fileTypesAndContributionMap":{"functional-code":{"insertions":59,"deletions":57},"test-code":{"insertions":29,"deletions":29}}},{"hash":"40a73f8f971ee4123235c0fb996bb4f3eeb314c7","messageTitle":"Rename phone to clientPhone in Order model","messageBody":"","fileTypesAndContributionMap":{"functional-code":{"insertions":19,"deletions":19},"test-code":{"insertions":11,"deletions":11}}}]},{"date":"2021-10-05","commitResults":[{"hash":"399f05c678d7b8786903210b77190ea4d6d0347b","messageTitle":"Rearrange layout and add tabs","messageBody":"","fileTypesAndContributionMap":{"functional-code":{"insertions":296,"deletions":17},"test-code":{"insertions":10,"deletions":5}}},{"hash":"c44a756b027eba868718697a19bffd0a66badcc4","messageTitle":"Move client ui classes to client subpackage","messageBody":"","fileTypesAndContributionMap":{"functional-code":{"insertions":1,"deletions":1},"other":{"insertions":4,"deletions":2}}},{"hash":"cc488d5298e7dae1fae33414d19eb975e13a90cc","messageTitle":"Remove status bar footer","messageBody":"","fileTypesAndContributionMap":{"functional-code":{"insertions":0,"deletions":46}}},{"hash":"8bb91bd20ad8400962c4f8e5571ac5d514e317c9","messageTitle":"Remove menu bar","messageBody":"","fileTypesAndContributionMap":{"functional-code":{"insertions":0,"deletions":21}}},{"hash":"55bd4fcaa11c1d7cc86af5690998ee6155654582","messageTitle":"Change tab styling","messageBody":"","fileTypesAndContributionMap":{"functional-code":{"insertions":35,"deletions":73}}},{"hash":"2b38bf6a5490a18ba776962b54aa072d3b55dc5a","messageTitle":"Add styling for lists","messageBody":"","fileTypesAndContributionMap":{"functional-code":{"insertions":28,"deletions":27}}},{"hash":"0e1b39a13e42d51eb96fa036e1e61cb632fa8d91","messageTitle":"Change syle for resultDisply and commandBox","messageBody":"","fileTypesAndContributionMap":{"functional-code":{"insertions":11,"deletions":7}}},{"hash":"42aaab496a9955c577fc511b85cac9ff7e79f18b","messageTitle":"Change scroll bar style","messageBody":"","fileTypesAndContributionMap":{"functional-code":{"insertions":2,"deletions":1}}},{"hash":"6dd1054466b1a67366338a874d395c2ddf21e5c6","messageTitle":"Add list headers","messageBody":"","fileTypesAndContributionMap":{"functional-code":{"insertions":15,"deletions":0}}}]},{"date":"2021-10-06","commitResults":[{"hash":"c41f7d2714c0572120ebd90eab37ef7e2166ff35","messageTitle":"Add tab command","messageBody":"","fileTypesAndContributionMap":{"functional-code":{"insertions":185,"deletions":0}}},{"hash":"e2e51745fbe0402202fb87c78624ad8a1187e76f","messageTitle":"Add newline at EOF","messageBody":"","fileTypesAndContributionMap":{"functional-code":{"insertions":2,"deletions":2}}},{"hash":"8e81ffcc891bb991bebd79bd209c0f01e4f5807a","messageTitle":"Add placeholders for order list card view","messageBody":"","fileTypesAndContributionMap":{"functional-code":{"insertions":33,"deletions":10}}},{"hash":"6f31b2961c646b7bf3506122de5d1d459b16671a","messageTitle":"Add help button","messageBody":"","fileTypesAndContributionMap":{"functional-code":{"insertions":20,"deletions":15}}},{"hash":"f52379d6a23f1560a401cdfca7d06c04ed7af664","messageTitle":"Add new model stub test after fixing merge conflict","messageBody":"","fileTypesAndContributionMap":{"test-code":{"insertions":10,"deletions":5}}},{"hash":"453b9bc857a26ac343e0b85b2421ef8b0eec58a5","messageTitle":"Add tests for tab","messageBody":"","fileTypesAndContributionMap":{"functional-code":{"insertions":3,"deletions":3},"test-code":{"insertions":164,"deletions":54}}},{"hash":"6662375f406495e592527f0736da3b31f184419b","messageTitle":"Add corner styling to prevent white box from showing when screen is minimised","messageBody":"","fileTypesAndContributionMap":{"functional-code":{"insertions":4,"deletions":0}}},{"hash":"fbb84d3b771c3c087a87022b51bf23a96156cdc5","messageTitle":"Try to increase test coverage for LogicManager and ModelManager","messageBody":"","fileTypesAndContributionMap":{"test-code":{"insertions":10,"deletions":0}}},{"hash":"49e66b573e2b92c7bff2f1408100a957024ed0f5","messageTitle":"Increase test coverage for CommandResult and update its equals method","messageBody":"","fileTypesAndContributionMap":{"functional-code":{"insertions":6,"deletions":1},"test-code":{"insertions":51,"deletions":2}}},{"hash":"409634f24bb4cf067a41a6bc07998982de4cde13","messageTitle":"Fix excess space at bottom","messageBody":"","fileTypesAndContributionMap":{"functional-code":{"insertions":1,"deletions":1}}},{"hash":"307a3d1ff2c91f2270842eeda153f6b4e2de9645","messageTitle":"Fix pr comments","messageBody":"","fileTypesAndContributionMap":{"functional-code":{"insertions":6,"deletions":7},"test-code":{"insertions":8,"deletions":2}}},{"hash":"6c40da8a763f77828c6e8aeebc483a2545f05dd0","messageTitle":"Add fullstop to javadoc","messageBody":"","fileTypesAndContributionMap":{"functional-code":{"insertions":1,"deletions":1}}}]},{"date":"2021-10-08","commitResults":[{"hash":"369b006de1fe453691bbdaf5d4d84e6e0f87d108","messageTitle":"Add list ingredient and tests","messageBody":"","fileTypesAndContributionMap":{"functional-code":{"insertions":28,"deletions":0},"test-code":{"insertions":43,"deletions":0}}},{"hash":"adf387d66d8fa4796d20fd8ed068b9db28bbc260","messageTitle":"Fix error for ListOrderCommandTest","messageBody":"","fileTypesAndContributionMap":{"test-code":{"insertions":29,"deletions":1}}},{"hash":"54098af47f7c01198e22feb3daa313025d3df06a","messageTitle":"Add ingredient list view","messageBody":"","fileTypesAndContributionMap":{"functional-code":{"insertions":176,"deletions":4}}},{"hash":"38b2b3ea6e602c859f88a150b89edc0c234e9ef2","messageTitle":"Rename app title and second tab","messageBody":"","fileTypesAndContributionMap":{"functional-code":{"insertions":4,"deletions":4}}},{"hash":"a93d10afa48a15877da5caf0a4ea08960785185b","messageTitle":"Improve on javadoc in Ui package","messageBody":"","fileTypesAndContributionMap":{"functional-code":{"insertions":11,"deletions":0}}},{"hash":"ddb4abf560e1dd0f9a3e606ea828d566a498940e","messageTitle":"Add functionality to switch tabs corresponding to the command","messageBody":"","fileTypesAndContributionMap":{"functional-code":{"insertions":45,"deletions":34},"test-code":{"insertions":63,"deletions":46}}},{"hash":"5e340dd223c4670e337336b8680e448d7c29383c","messageTitle":"Revert back to address book for now","messageBody":"","fileTypesAndContributionMap":{"functional-code":{"insertions":1,"deletions":1}}},{"hash":"6813a6fd8d8718a5b8f8d17e72a3e2a029b8bc7d","messageTitle":"Revert AddressBook change","messageBody":"","fileTypesAndContributionMap":{"functional-code":{"insertions":1,"deletions":1}}}]},{"date":"2021-10-09","commitResults":[{"hash":"9ac1e0f11cc5c52438506042cc27060b1abe1628","messageTitle":"Update product scope and user stories","messageBody":"","fileTypesAndContributionMap":{"docs":{"insertions":123,"deletions":41}}},{"hash":"1ce7f6f26d25e5f4620d67484ddefaff74c093c3","messageTitle":"Update README, index and Ui.png","messageBody":"","fileTypesAndContributionMap":{"docs":{"insertions":3,"deletions":3}}},{"hash":"c995ffd43c310ebea8bf325e52c478b1f6e7d3cd","messageTitle":"Remove trailing whitespace","messageBody":"","fileTypesAndContributionMap":{"docs":{"insertions":3,"deletions":3}}}]},{"date":"2021-10-10","commitResults":[{"hash":"227b8e4d02d182007ec9f243cc35755b4a7edabd","messageTitle":"Fix pr comment","messageBody":"","fileTypesAndContributionMap":{"docs":{"insertions":1,"deletions":1}}},{"hash":"1af124bdc8737a15d1937464fc2fe43cda69fca8","messageTitle":"Fix pr comments","messageBody":"","fileTypesAndContributionMap":{"docs":{"insertions":2,"deletions":2}}},{"hash":"032f1af5e4aa8bd545a54b285d0961c094b834cc","messageTitle":"Add find ingredient basic functionality","messageBody":"","fileTypesAndContributionMap":{"functional-code":{"insertions":188,"deletions":1}}},{"hash":"dbfdffceb6f593ba1ba008f06133978388e246af","messageTitle":"Add find by quantity range and internal validation for quantity","messageBody":"","fileTypesAndContributionMap":{"functional-code":{"insertions":148,"deletions":4}}}]},{"date":"2021-10-11","commitResults":[{"hash":"ed33d548c606fadb7f5b433f5f201fcc89c9e3ca","messageTitle":"Add tests","messageBody":"","fileTypesAndContributionMap":{"functional-code":{"insertions":18,"deletions":19},"test-code":{"insertions":518,"deletions":7}}},{"hash":"569c63467cdd327e5d79ba6efc94e48b49ecbbca","messageTitle":"Fix checkstyle","messageBody":"","fileTypesAndContributionMap":{"functional-code":{"insertions":14,"deletions":6},"test-code":{"insertions":59,"deletions":39}}},{"hash":"e2354e48544811eb117409c56dd387ac6d024d87","messageTitle":"Make generic ValueEqualsPredicate","messageBody":"","fileTypesAndContributionMap":{"functional-code":{"insertions":1,"deletions":2},"other":{"insertions":25,"deletions":24},"test-code":{"insertions":5,"deletions":6}}},{"hash":"4642799af6d960977b4699ce32fee6bda67f45b1","messageTitle":"Update javadoc for ValueEqualsKeywordsPredicate","messageBody":"","fileTypesAndContributionMap":{"functional-code":{"insertions":5,"deletions":5},"test-code":{"insertions":2,"deletions":2}}},{"hash":"5ed15e8d4e2e86fdc0ecdbc1de3fd0dd2b774222","messageTitle":"Make generic ValueWithinRangePredicate","messageBody":"","fileTypesAndContributionMap":{"functional-code":{"insertions":64,"deletions":73},"other":{"insertions":13,"deletions":13},"test-code":{"insertions":8,"deletions":8}}},{"hash":"dd8882cb5187a6f09e2ea4ac854e3aebbd95e55a","messageTitle":"Move predicates to separate package","messageBody":"","fileTypesAndContributionMap":{"functional-code":{"insertions":6,"deletions":6},"other":{"insertions":12,"deletions":11},"test-code":{"insertions":47,"deletions":47}}},{"hash":"c0d08d73e0bf54e6966d6fe500af2f5f056e8bb2","messageTitle":"Rename ValueEqualsKeywordsPredicate to ValueInListPredicate","messageBody":"","fileTypesAndContributionMap":{"functional-code":{"insertions":59,"deletions":61},"other":{"insertions":19,"deletions":19},"test-code":{"insertions":24,"deletions":24}}},{"hash":"369684323504cfb547da067273619fdb07e3c9ae","messageTitle":"Generalise add predicate methods","messageBody":"","fileTypesAndContributionMap":{"functional-code":{"insertions":71,"deletions":44},"test-code":{"insertions":8,"deletions":8}}},{"hash":"f837b70afe1d68105fd95b1c95fccbaabf12609f","messageTitle":"Update javadoc","messageBody":"","fileTypesAndContributionMap":{"functional-code":{"insertions":2,"deletions":0},"test-code":{"insertions":8,"deletions":8}}},{"hash":"4813b06e6df3ee89e6c9f5a362d652da9cb635dc","messageTitle":"Fix naming and ParserUtilTest","messageBody":"","fileTypesAndContributionMap":{"functional-code":{"insertions":6,"deletions":5},"test-code":{"insertions":3,"deletions":3}}}]},{"date":"2021-10-12","commitResults":[{"hash":"3b8874cd3c610a7704aeed46ef8f109cf82d02be","messageTitle":"Rename method in PredicateUtil and remove tests in AddressBookParserTest","messageBody":"","fileTypesAndContributionMap":{"test-code":{"insertions":4,"deletions":25}}},{"hash":"c8c117561bc1e81f7f0346970f0f486881e80f87","messageTitle":"Clean up after merging","messageBody":"","fileTypesAndContributionMap":{"functional-code":{"insertions":34,"deletions":34},"test-code":{"insertions":49,"deletions":51}}},{"hash":"816a58a2a213c0324be8887591417ebc9142c1da","messageTitle":"Implement add order ingredient","messageBody":"","fileTypesAndContributionMap":{"functional-code":{"insertions":269,"deletions":7},"test-code":{"insertions":5,"deletions":17}}},{"hash":"90a92f59b7674eaf9b07ab722089ebcd1db21d10","messageTitle":"Implement delete order ingredient","messageBody":"","fileTypesAndContributionMap":{"functional-code":{"insertions":249,"deletions":15},"test-code":{"insertions":5,"deletions":0}}},{"hash":"4fc395840c55b2f973a93c74564da7223b1c291b","messageTitle":"Add tests for AddOrderIngredientCommand related methods","messageBody":"","fileTypesAndContributionMap":{"functional-code":{"insertions":18,"deletions":0},"test-code":{"insertions":363,"deletions":6}}},{"hash":"6ad42111a44cbad26167b141998962c5f6ff5ed9","messageTitle":"Add tests for DeleteOrderIngredientCommand related methods","messageBody":"","fileTypesAndContributionMap":{"functional-code":{"insertions":18,"deletions":0},"test-code":{"insertions":214,"deletions":23}}}]},{"date":"2021-10-13","commitResults":[{"hash":"0fe5a83a4f6bf441c83d536c34cef66cb66fa304","messageTitle":"Remove unnecessary get client by phone","messageBody":"","fileTypesAndContributionMap":{"functional-code":{"insertions":0,"deletions":23}}},{"hash":"5516d76f68349615deba45933b2f3aa08ce2d114","messageTitle":"Clean up after merge","messageBody":"","fileTypesAndContributionMap":{"functional-code":{"insertions":0,"deletions":11},"test-code":{"insertions":7,"deletions":5}}},{"hash":"3279925efe77b34bbe3174b474161ed5a97a961d","messageTitle":"Remove git merge traces","messageBody":"","fileTypesAndContributionMap":{"functional-code":{"insertions":0,"deletions":3}}},{"hash":"721a63dba297a335e7ed4b8847806e2d5b421683","messageTitle":"Make result display box a little bigger","messageBody":"","fileTypesAndContributionMap":{"functional-code":{"insertions":1,"deletions":1}}},{"hash":"27e2cbbd7e31f5719eec3df604f0fa6ed7d6c4fe","messageTitle":"Add javadoc","messageBody":"","fileTypesAndContributionMap":{"functional-code":{"insertions":13,"deletions":0}}},{"hash":"333ec0441116ec002dffd546f57f9811bbf1b057","messageTitle":"Fix pr comments","messageBody":"","fileTypesAndContributionMap":{"functional-code":{"insertions":6,"deletions":3},"test-code":{"insertions":21,"deletions":0}}},{"hash":"76e653b1d54949f40efa8d1e2b20cc7fa4cc8755","messageTitle":"Remove deadline message internal constraints","messageBody":"","fileTypesAndContributionMap":{"functional-code":{"insertions":2,"deletions":4},"test-code":{"insertions":11,"deletions":0}}}]}],"Manoharan-Ajay-Anand":[{"date":"2021-09-18","commitResults":[{"hash":"ae8026c35988e8f385574aac400ec835840ceffb","messageTitle":"Add Use Cases to DeveloperGuide.md","messageBody":"Added use cases to DeveloperGuide.md. Followed the style that was in the developer guide previously, therefore, did not use abbreviation BTBB.\n","fileTypesAndContributionMap":{"docs":{"insertions":144,"deletions":11}}}]},{"date":"2021-09-19","commitResults":[{"hash":"74370b97a5b6952ed5a39b44aa03febcc916ae9f","messageTitle":"Add Use Case Number and Use BTBB in DeveloperGuide.md","messageBody":"Added use case numbers to DeveloperGuide.md. Used the abbreviation BTBB for all use cases.\n","fileTypesAndContributionMap":{"docs":{"insertions":39,"deletions":39}}},{"hash":"d05a8757dfb07b7f0e9bf76fc981f2cf14782a27","messageTitle":"Add fullstops to Use Case and indent Use Case ends in DeveloperGuide.md","messageBody":"Add fullstops to all use case steps and extensions and indent use case ends in DeveloperGuide.md\n","fileTypesAndContributionMap":{"docs":{"insertions":47,"deletions":47}}},{"hash":"5b5b966f4fb3f47ce8dc087361643d6683c4d4b6","messageTitle":"Indent Use Case ends for UC06 in DeveloperGuide.md","messageBody":"Indent use case ends for UC06 in DeveloperGuide.md\n","fileTypesAndContributionMap":{"docs":{"insertions":1,"deletions":1}}}]},{"date":"2021-09-22","commitResults":[{"hash":"f0c702b7e660ea328c41e59e1de29d640d94a5de","messageTitle":"Remove super() from ModelManager, StorageManager and UiManager","messageBody":"Remove super() from the above classes as the call is to Object class which is unnecessary.\n","fileTypesAndContributionMap":{"functional-code":{"insertions":0,"deletions":3}}},{"hash":"40d13bfe09cecad1db5f2112919d3825b46f1ec8","messageTitle":"Remove line breaks at the beginning and end of classes","messageBody":"Remove line breaks at the beginning and end of classes to be more consistent and save vertical space.\n","fileTypesAndContributionMap":{"functional-code":{"insertions":1,"deletions":102},"test-code":{"insertions":2,"deletions":67}}},{"hash":"0b1dedac7fa2ebe65113ea91bb015ac03a02d243","messageTitle":"Remove line breaks in nested class in UiPartTest","messageBody":"Remove line breaks in nested class in UiPartTest to be more consistent and save vertical space.\n","fileTypesAndContributionMap":{"test-code":{"insertions":0,"deletions":2}}},{"hash":"73140efc1e90afac840f75aafd6aae57d5e63106","messageTitle":"Remove end line breaks in EditCommand, UserPrefs and StringUtilTest","messageBody":"Remove end line breaks in EditCommand, UserPrefs and StringUtilTest to be more consistent and save vertical space.\n","fileTypesAndContributionMap":{"functional-code":{"insertions":0,"deletions":2},"test-code":{"insertions":0,"deletions":1}}}]},{"date":"2021-10-07","commitResults":[{"hash":"1eaa7be2fe9da456719b8ab6125912832100823c","messageTitle":"Move client model predicates into subpackage","messageBody":"Move client model predicates into subpackage for better grouping and refactor imports in other classes.\n\nAdd predicates for client fields email, address and phone\n\nAdd predicates for client fields email, address and phone to enable filtering the client list.\n\nAdd ClientComboPredicate and use it in FindClientCommand and FindClientCommandParser\n\nAdd ClientComboPredicate to enable testing against multiple client predicates with Logical AND.\n","fileTypesAndContributionMap":{"functional-code":{"insertions":171,"deletions":17},"other":{"insertions":2,"deletions":1},"test-code":{"insertions":6,"deletions":5}}},{"hash":"1a8cd82541612c00aebce505b8fb9a511a4343dc","messageTitle":"Add JavaDocs to Predicate classes","messageBody":"Add JavDocs to all Predicate classes.\n\nAdd equals method to ClientComboPredicate\n\nAdd equals method to test for equality of predicate list in ClientComboPredicate.\n\nImprove Code Quality in FindClientCommandParser\n\nImprove Code quality in FindClientCommandParser to improve readability.\n","fileTypesAndContributionMap":{"functional-code":{"insertions":45,"deletions":17}}},{"hash":"ea3c0cc0e7c4a45b5f4cf099b1966e6723243631","messageTitle":"Update FindClientCommandParser error message","messageBody":"Update error message to invalid command message if no parameters were provided.\n\nUpdate EmailContainsKeywordsPredicate and PhoneContainsKeywordsPredicate\n\nUpdate EmailContainsKeywordsPredicate and PhoneContainsKeywordsPredicate to return false if empty keywords are provided.\n\nAdd Predicate Test classes\n\nAdd Predicate Test classes to test each of the client predicates individually.\n","fileTypesAndContributionMap":{"functional-code":{"insertions":10,"deletions":7},"other":{"insertions":1,"deletions":2},"test-code":{"insertions":337,"deletions":12}}},{"hash":"f3ae04296d02e46a7a9e375e7850b2029a6284a4","messageTitle":"Update AddressContainsKeywordsPredicate and NameContainsKeywordsPredicate","messageBody":"Update AddressContainsKeywordsPredicate and NameContainsKeywordsPredicate to return false when the keywords are empty.\n\nUpdate FindClientCommandTest and FindClientCommandParserTest\n\nUpdate FindClientCommandTest and FindClientCommandParserTest to work with all find parameters.\n","fileTypesAndContributionMap":{"functional-code":{"insertions":4,"deletions":2},"test-code":{"insertions":58,"deletions":13}}}]},{"date":"2021-10-08","commitResults":[{"hash":"72a43f6076327e152de7c13a8cffc400a3bd4f30","messageTitle":"Rename ClientComboPredicate to ClientPredicateCollection","messageBody":"Rename ClientComboPredicate to ClientPredicateCollection and update usages.\n","fileTypesAndContributionMap":{"functional-code":{"insertions":20,"deletions":20},"other":{"insertions":29,"deletions":26},"test-code":{"insertions":28,"deletions":28}}},{"hash":"5a3f0911d49f65ff6560eb114ecd80f8844e5ab7","messageTitle":"Remove keyword.isEmpty() in Client Predicates","messageBody":"No need for keyword.isEmpty() as the check is done in FindClientCommandParser class.\n\nTrim args in FindClientCommandParser\n\nTrim args in FindClientCommandParser first to filter out empty args.\n\nRemove trim in FindClientCommandTest\n\nRemove trim in FindClientCommandTest and only perform split to get keyword list with zero elements.\n","fileTypesAndContributionMap":{"functional-code":{"insertions":12,"deletions":9},"test-code":{"insertions":1,"deletions":1}}},{"hash":"ce9a55f6f3a5cdd095a5779d3bb9dff2447b1cff","messageTitle":"Solve checkstyle violations","messageBody":"Solve checkstyle violations in FindClientCommand class.\n","fileTypesAndContributionMap":{"functional-code":{"insertions":5,"deletions":5}}},{"hash":"970e5d024d7ea51f44a5884445135dd86819e9af","messageTitle":"Rename isSamePredicates to hasSamePredicates","messageBody":"","fileTypesAndContributionMap":{"functional-code":{"insertions":3,"deletions":3}}},{"hash":"edfa6401727336cc0a052b7afa3026f0f45fb010","messageTitle":"Improve JavaDoc for ClientPredicateCollection","messageBody":"Improve JavaDoc for ClientPredicateCollection addClientPredicate method.\n","fileTypesAndContributionMap":{"functional-code":{"insertions":1,"deletions":1}}},{"hash":"11846c176f2c9ebf1eae9788ddde06fe404c389a","messageTitle":"Rename trimmedArgs to trimmedSearchArg","messageBody":"Rename trimmedArgs to trimmedSearchArg for better understanding as it is only one search argument that is being trimmed.\n","fileTypesAndContributionMap":{"functional-code":{"insertions":3,"deletions":3}}},{"hash":"f3cc4015216d6b3c06e2dca5427d85af17c43d02","messageTitle":"Add case-insensitive capability in EmailContainsKeywordsPredicate","messageBody":"Add case-insensitive capability in EmailContainsKeywordsPredicate to deal with mixed cases user search argument.\n\nAdd test cases\n\nAdd test cases in FindClientCommandTest, FindClientCommandParserTest, AddressBookParserTest to deal with no keywords.\n","fileTypesAndContributionMap":{"functional-code":{"insertions":3,"deletions":1},"test-code":{"insertions":108,"deletions":118}}},{"hash":"92f5c66a9120aa8872f4733967a623169ee36737","messageTitle":"Improve for checkstyle in AddressBookParserTest","messageBody":"Improve formatting for checkstyle in AddressBookParserTest.\n","fileTypesAndContributionMap":{"test-code":{"insertions":6,"deletions":7}}},{"hash":"27cc560968709d2c93c6548a2caa73a7c53e7229","messageTitle":"Improve PredicateTests","messageBody":"Improve PredicateTests for all Predicate classes.\n","fileTypesAndContributionMap":{"test-code":{"insertions":27,"deletions":31}}},{"hash":"7b19833bd70a6f5411d54a5abce018b821063744","messageTitle":"Resolve FindClientCommandParserTest and ClientPredicateCollectionTest","messageBody":"Removed unneccessary comments in FindClientCommandParserTest and add cases to equals in ClientPredicateCollectionTest.\n","fileTypesAndContributionMap":{"test-code":{"insertions":22,"deletions":3}}},{"hash":"cf83f1fb480ceaff57d1f7105e406e3d27de709c","messageTitle":"Enable partial search for NameContainsKeywordsPredicate and AddressContainsKeywordsPredicate","messageBody":"Enable partial word search for this two classes by using String contains instead of the StringUtil containsWord.\n","fileTypesAndContributionMap":{"functional-code":{"insertions":6,"deletions":2}}},{"hash":"fa03081f1d409dba68c81444c773d74ed9dc8d4b","messageTitle":"Remove unused imports in NameContainsKeywordsPredicate and AddressContainsKeywordsPredicate","messageBody":"Remove unused imports in this two classes to comply with checkstyle.\n","fileTypesAndContributionMap":{"functional-code":{"insertions":0,"deletions":2}}},{"hash":"6e5fc9300d92336a7e59e86d9820dc810d06e842","messageTitle":"Edit message in FindClientCommand","messageBody":"Edit example in message for FindClientCommand for user to understand.\n","fileTypesAndContributionMap":{"functional-code":{"insertions":1,"deletions":1}}}]},{"date":"2021-10-09","commitResults":[{"hash":"531865ff1eabf111caf7190058e24996b2f7e8f3","messageTitle":"Add DeleteIngredientCommand and DeleteIngredientCommandParser","messageBody":"Added DeleteIngredientCommand and DeleteIngredientCommandParser to handle parsing delete ingredient command.\n\nAdd delete ingredient methods to Model, AddressBook and UniqueIngredientList\n\nAdd delete ingredient methods to these classes to handle the deleting of ingredients.\n","fileTypesAndContributionMap":{"functional-code":{"insertions":147,"deletions":0}}}]},{"date":"2021-10-10","commitResults":[{"hash":"9ac31ab2eb71044fb114523eb7bf92784ee07feb","messageTitle":"Add DeleteIngredientCommandTest and DeleteIngredientCommandParserTest","messageBody":"Added DeleteIngredientCommandTest and DeleteIngredientCommandParserTest to test delete ingredient command.\n","fileTypesAndContributionMap":{"functional-code":{"insertions":1,"deletions":3},"test-code":{"insertions":170,"deletions":0}}},{"hash":"ee69341c37178631f5f4273b0f1872f722afc3a2","messageTitle":"Add EditIngredientCommand and EditIngredientCommandParser","messageBody":"Added EditIngredientCommand and EditIngredientCommandParser to handle parsing edit ingredient command.\n\nShorten method parse in EditClientCommandParser\n\nMethod was too long and had to shorten it.\n\nAdd setIngredient method to UniqueIngredientList, AddressBook, Model, ModelManager and ModelStub\n\nAdded method to these classes to enable editing of ingredients.\n","fileTypesAndContributionMap":{"functional-code":{"insertions":270,"deletions":14},"test-code":{"insertions":6,"deletions":0}}},{"hash":"40f5ae7f1cdd94f791799829f8e83347f9a7f4ba","messageTitle":"Rename use of client in classes to ingredient","messageBody":"Renamed use of client in these classes to ingredient.\n","fileTypesAndContributionMap":{"functional-code":{"insertions":1,"deletions":1},"test-code":{"insertions":2,"deletions":2}}},{"hash":"6df292385dbff33664eb28ca709fa55c85beb1eb","messageTitle":"Add JavaDoc to DeleteIngredientCommand","messageBody":"Added JavaDoc to DeleteIngredientCommand.\n\nReorder methods in AddressBookParserTest\n\nReorder methods in AddressBookParserTest to maintain lexicographical order.\n","fileTypesAndContributionMap":{"functional-code":{"insertions":3,"deletions":0},"test-code":{"insertions":8,"deletions":8}}},{"hash":"a6f8a571e0ebc68c644a50ac26f19877139061d1","messageTitle":"Update Messages and EditIngredientCommand","messageBody":"Update Messages and EditIngredientCommand to include ingredient related messages.\n\nUpdate test classes\n\nAdd test classes EditIngredientCommandParserTest and EditIngredientCommandTest to test editing ingredients and add extra methods to CommandTestUtil, AddressBookParserTest and IngredientUtil to test editing ingredients.\n","fileTypesAndContributionMap":{"functional-code":{"insertions":4,"deletions":3},"test-code":{"insertions":382,"deletions":0}}}]},{"date":"2021-10-11","commitResults":[{"hash":"02961d5646a8b307c60bc016aadc1876c4ddf464","messageTitle":"Resolve JavaDoc issues and lexicographic order issues","messageBody":"Resolved JavaDoc issues with wrong type and lexicographic order issues in classes.\n","fileTypesAndContributionMap":{"functional-code":{"insertions":44,"deletions":43}}},{"hash":"8412762df2150119c0adb335e45fc5fb7995234b","messageTitle":"Move DeleteIngredientCommand for lexicographical order","messageBody":"Move DeleteIngredientCommand upwards to maintain lexicographical order.\n","fileTypesAndContributionMap":{"functional-code":{"insertions":3,"deletions":3}}}]},{"date":"2021-10-12","commitResults":[{"hash":"28475ed2b5143f0fb2deaf5d29259d4bf23689ab","messageTitle":"Update the intro of user guide","messageBody":"Update the intro of user guide to fit the new application.\n","fileTypesAndContributionMap":{"docs":{"insertions":14,"deletions":12}}},{"hash":"0ebcfab5d91af159cbcc76c579832e970c9b872d","messageTitle":"Update Find Order section","messageBody":"Update Find Order section to better explain.\n","fileTypesAndContributionMap":{"docs":{"insertions":3,"deletions":3}}},{"hash":"f83449815acc3952954728adc6df184d5ed4e8da","messageTitle":"Fix import in EditIngredientCommandParserTest","messageBody":"Fix import in EditIngredientCommandParserTest for Quantity\n","fileTypesAndContributionMap":{"test-code":{"insertions":1,"deletions":1}}},{"hash":"85f86e3a6dc0c9569a6182b783321d7e93eac928","messageTitle":"Align message in EditIngredientCommand","messageBody":"Align message in EditIngredientCommand for readability\n","fileTypesAndContributionMap":{"functional-code":{"insertions":1,"deletions":1}}},{"hash":"205c52f6802fa720ce653d722b63009ae8c7f1bb","messageTitle":"Revert \"Update Find Order section\"","messageBody":"This reverts commit 0ebcfab5d91af159cbcc76c579832e970c9b872d.\n","fileTypesAndContributionMap":{"docs":{"insertions":3,"deletions":3}}},{"hash":"3749ab9fc52738dc96d5f3e8f0fab340cc17a23c","messageTitle":"Add disclaimers","messageBody":"Added disclaimers to the end of the User Guide.\n","fileTypesAndContributionMap":{"docs":{"insertions":14,"deletions":0}}},{"hash":"cca84131df23ba9b1eb9854301e178380fb58ac0","messageTitle":"Correct Checkstyle errors","messageBody":"Correct checkstyle errors in User Guide\n","fileTypesAndContributionMap":{"docs":{"insertions":10,"deletions":10}}}]},{"date":"2021-10-13","commitResults":[{"hash":"11d90f0b462d41aaa31dbe8007dc6792ab8bc6af","messageTitle":"Correct 2.2.2 from Ingredient to Inventory","messageBody":"Correct 2.2.2 from Ingredient to Inventory.\n","fileTypesAndContributionMap":{"docs":{"insertions":1,"deletions":1}}}]},{"date":"2021-10-14","commitResults":[{"hash":"26e444380da0091535eea0f8572c38b369f0b414","messageTitle":"Correct Unchecked errors and UG","messageBody":"","fileTypesAndContributionMap":{"functional-code":{"insertions":12,"deletions":7},"docs":{"insertions":86,"deletions":22},"test-code":{"insertions":1,"deletions":1}}},{"hash":"5970468aa6974cff6e60a93c8b2f2780af66e207","messageTitle":"Update DG","messageBody":"","fileTypesAndContributionMap":{"docs":{"insertions":6,"deletions":4}}},{"hash":"9dc0663e3ced022d2dc8171afc9cc233385e8fe5","messageTitle":"Correct checkstyle error","messageBody":"","fileTypesAndContributionMap":{"functional-code":{"insertions":1,"deletions":1}}},{"hash":"2e50fed0b61416832b8fafd21ada22eb4330a51c","messageTitle":"Correct checkstyle error","messageBody":"","fileTypesAndContributionMap":{"docs":{"insertions":3,"deletions":3}}},{"hash":"a7b1e2ccdc05dffb1d403187f1553de857187316","messageTitle":"Add disclaimers","messageBody":"Add disclaimers to to UG\n","fileTypesAndContributionMap":{"docs":{"insertions":30,"deletions":9}}},{"hash":"e073ced1273c9a38b20c9d555e4df1ec9a1e3cdb","messageTitle":"Revert \"Correct checkstyle error\"","messageBody":"This reverts commit 9dc0663e3ced022d2dc8171afc9cc233385e8fe5.\n","fileTypesAndContributionMap":{"functional-code":{"insertions":1,"deletions":1}}},{"hash":"2f1513d2b4736d8dfdb6130e821737f87220c5c5","messageTitle":"Edit UG","messageBody":"Edit UG and DG\n","fileTypesAndContributionMap":{"docs":{"insertions":9,"deletions":8}}},{"hash":"8bb721c5c2485d5bcabb21d4233b5e817a32cb4e","messageTitle":"Revert \"Correct Unchecked errors and UG\"","messageBody":"This reverts commit 26e44438\n","fileTypesAndContributionMap":{"functional-code":{"insertions":7,"deletions":12},"test-code":{"insertions":1,"deletions":1}}},{"hash":"3e3f8d4ac82eddcb174239aa5d146faf2b32ef31","messageTitle":"Update User Guide","messageBody":"Update User Guide\n","fileTypesAndContributionMap":{"docs":{"insertions":29,"deletions":27}}},{"hash":"bebeae621a2c37a56ecbf9fc173a9d89b3ff9b72","messageTitle":"Update User Guide","messageBody":"Update User Guide table\n","fileTypesAndContributionMap":{"docs":{"insertions":1,"deletions":1}}}]},{"date":"2021-10-15","commitResults":[{"hash":"ac02b6a36b32eaf45e8f5ca180a37b59fb592b26","messageTitle":"Update User Guide","messageBody":"Update User Guide table and add feature overview\n","fileTypesAndContributionMap":{"docs":{"insertions":56,"deletions":44}}},{"hash":"10ae7cec427e476f940352a26bbbb06f6010e22e","messageTitle":"Update User Guide","messageBody":"Update User Guide table and add feature overview\n","fileTypesAndContributionMap":{"docs":{"insertions":32,"deletions":30}}},{"hash":"275956dd285d2ce4bc0c86afcb7582c834c3f99c","messageTitle":"Update User Guide","messageBody":"Update User Guide table and add feature overview\n","fileTypesAndContributionMap":{"docs":{"insertions":1,"deletions":1}}},{"hash":"d83a8c92d25cd88e0786d51a1b192d5dd70592ad","messageTitle":"Update User Guide numbering","messageBody":"Update User Guide table and disclaimer numbering\n","fileTypesAndContributionMap":{"docs":{"insertions":6,"deletions":6}}},{"hash":"b27168450fb79288533abc39fd42f76a655e1be9","messageTitle":"Update Developer Guide Mainstream OS","messageBody":"Update Developer Guide Mainstream OS\n","fileTypesAndContributionMap":{"docs":{"insertions":1,"deletions":1}}},{"hash":"f833226f4464ef971d0365d5a81b5d90a4d76bd3","messageTitle":"Update UG according to PR","messageBody":"Update UG according to PR\n","fileTypesAndContributionMap":{"docs":{"insertions":17,"deletions":17}}},{"hash":"56c7e429d323db64a070869d0594c4dd109382c1","messageTitle":"Update UG ORDER_DEADLINE","messageBody":"Update UG command summary add-o DEADLINE to ORDER_DEADLINE\n","fileTypesAndContributionMap":{"docs":{"insertions":1,"deletions":1}}}]}],"sivayogasubramanian":[{"date":"2021-09-18","commitResults":[{"hash":"a5db7fec00a940c8937bee3068487c1860770173","messageTitle":"Add user guide documentation for bookings","messageBody":"","fileTypesAndContributionMap":{"docs":{"insertions":131,"deletions":17}}},{"hash":"b9614ad3260a9896e3abbf6801f836e21963c0bf","messageTitle":"Fix dropdown table not displaying properly","messageBody":"","fileTypesAndContributionMap":{"docs":{"insertions":21,"deletions":23}}},{"hash":"16827eeb53e155fcba1036814c7a36a37332c4e3","messageTitle":"Fix error in client list command format","messageBody":"","fileTypesAndContributionMap":{"docs":{"insertions":2,"deletions":2}}},{"hash":"7486e3e2b989556c8a138ae4e9611fad88ca84b0","messageTitle":"Add links to relevant sections","messageBody":"","fileTypesAndContributionMap":{"docs":{"insertions":2,"deletions":2}}},{"hash":"4a1e4bdc39353a11783536cf3b0ad3031ec4a3c0","messageTitle":"Fix minor phrasing problems","messageBody":"","fileTypesAndContributionMap":{"docs":{"insertions":2,"deletions":2}}}]},{"date":"2021-09-19","commitResults":[{"hash":"4643769cdd8762bc194ffff307467ae9432eb842","messageTitle":"Update user guide to follow new prefix standard","messageBody":"","fileTypesAndContributionMap":{"docs":{"insertions":43,"deletions":57}}},{"hash":"b1cb101aefca140bef297a51c568f58bcfb8d5ec","messageTitle":"Use line breaks instead of horizontal lines","messageBody":"","fileTypesAndContributionMap":{"docs":{"insertions":6,"deletions":6}}},{"hash":"99ab362878bfc4c6fbb794f684ec22b80053964c","messageTitle":"Minor changes to user guide formatting","messageBody":"","fileTypesAndContributionMap":{"docs":{"insertions":13,"deletions":9}}},{"hash":"0f6f6c6b17206d030d5eb80867063e34216810d6","messageTitle":"Change find booking command format","messageBody":"","fileTypesAndContributionMap":{"docs":{"insertions":10,"deletions":7}}},{"hash":"130beb68c4bf466835b34a216151eb8afefe9ced","messageTitle":"Move period format to the top of user guide","messageBody":"","fileTypesAndContributionMap":{"docs":{"insertions":6,"deletions":1}}},{"hash":"09bf96b0bb98a49edfc81350ea0b17218d19d93f","messageTitle":"Add comma","messageBody":"","fileTypesAndContributionMap":{"docs":{"insertions":1,"deletions":1}}}]},{"date":"2021-09-20","commitResults":[{"hash":"4d55d8ecb550cb7c525da82e5fd46b63551fb2fa","messageTitle":"Fix prefix table","messageBody":"","fileTypesAndContributionMap":{"docs":{"insertions":6,"deletions":5}}}]},{"date":"2021-09-21","commitResults":[{"hash":"e3597480558f35ffb4c57d80dede9437d87336f0","messageTitle":"Change script to not ignore md files","messageBody":"","fileTypesAndContributionMap":{"other":{"insertions":2,"deletions":9}}},{"hash":"c747a81fe4d331d2cd4b6652bada50c7ed237eb8","messageTitle":"Remove trailing whitespaces in md files","messageBody":"","fileTypesAndContributionMap":{"docs":{"insertions":23,"deletions":23}}}]},{"date":"2021-09-22","commitResults":[{"hash":"a271d5191d94420f8236fbd9747dfbaf57275389","messageTitle":"Refactor to change public fields to private","messageBody":"Some of the classes in the codebase have public fields when it is\nsupposed to be private. This breaks encapsulation.\n","fileTypesAndContributionMap":{"functional-code":{"insertions":38,"deletions":39},"test-code":{"insertions":21,"deletions":21}}},{"hash":"aa58723d50c08269d1f419e4da1863499d6e41ee","messageTitle":"Fix error while building","messageBody":"","fileTypesAndContributionMap":{"test-code":{"insertions":1,"deletions":1}}},{"hash":"1c2d68bec717518161ad25e7b255df80a37d5c9f","messageTitle":"Fix failing test cases","messageBody":"","fileTypesAndContributionMap":{"test-code":{"insertions":6,"deletions":6}}},{"hash":"4b724ea02286ea8512331bb3033e1122b0ad63d8","messageTitle":"Make person field private in PersonCard.java","messageBody":"","fileTypesAndContributionMap":{"functional-code":{"insertions":1,"deletions":1}}},{"hash":"ac76feae93b4c0346149122ad3acb06c6cc760bc","messageTitle":"Change help window link to BTBB UG","messageBody":"","fileTypesAndContributionMap":{"functional-code":{"insertions":1,"deletions":1}}},{"hash":"bcad87f07b2d31e1715876bfa2665b67a5d36dbc","messageTitle":"Fix deprecated gradle warnings","messageBody":"","fileTypesAndContributionMap":{"other":{"insertions":3,"deletions":3}}}]},{"date":"2021-09-23","commitResults":[{"hash":"c2f9f012dccfb714105a441faf4fe27663ae1390","messageTitle":"Rename address package to btbb","messageBody":"","fileTypesAndContributionMap":{"other":{"insertions":786,"deletions":786},"docs":{"insertions":4,"deletions":4},"test-code":{"insertions":3,"deletions":3}}}]},{"date":"2021-09-24","commitResults":[{"hash":"838d4de846ab11eab1e3945cbc24ba962c0703c9","messageTitle":"Rename top level package","messageBody":"","fileTypesAndContributionMap":{"functional-code":{"insertions":31,"deletions":28},"other":{"insertions":830,"deletions":796},"test-code":{"insertions":2,"deletions":2}}},{"hash":"38d1ada75f11774ab4d1e5fc8ce9f530cbfdeb63","messageTitle":"Update build.gradle file","messageBody":"","fileTypesAndContributionMap":{"other":{"insertions":2,"deletions":2}}},{"hash":"281d944164fec56e20a0e9088762967f3aac1c46","messageTitle":"Revert changes to docs","messageBody":"","fileTypesAndContributionMap":{"docs":{"insertions":4,"deletions":4}}},{"hash":"9c0cc8dff0f97e8ca2593f96aa5c18d3efc4c267","messageTitle":"Fix PR comments","messageBody":"","fileTypesAndContributionMap":{"functional-code":{"insertions":1,"deletions":1},"docs":{"insertions":5,"deletions":5},"test-code":{"insertions":2,"deletions":1}}}]},{"date":"2021-10-05","commitResults":[{"hash":"d152a1ef20fab7ae1e595a6864d239f337728eed","messageTitle":"Reorganise test package","messageBody":"The main package was reorganised in https://github.com/AY2122S1-CS2103T-W16-2/tp/pull/34.\nReorganised the test package to mirror changes made in that PR.\n","fileTypesAndContributionMap":{"other":{"insertions":18,"deletions":34}}},{"hash":"338dde5f3170116ba7d0f8f0df3fb343d097a58f","messageTitle":"Add tests for exception package","messageBody":"","fileTypesAndContributionMap":{"functional-code":{"insertions":3,"deletions":1},"test-code":{"insertions":102,"deletions":0}}},{"hash":"5c937b815b94b4933b95603ddfbf585bbf11be69","messageTitle":"Move model stubs into stubs package","messageBody":"","fileTypesAndContributionMap":{"test-code":{"insertions":171,"deletions":144}}},{"hash":"634e2562860f7ce5339a5e8737d9a7449525cce4","messageTitle":"Add tests for OrderDescriptor","messageBody":"","fileTypesAndContributionMap":{"test-code":{"insertions":97,"deletions":0}}},{"hash":"68cdbb300ff31739c85dffaaf7627ea0a33fb828","messageTitle":"Add tests for AddOrderCommandParser","messageBody":"","fileTypesAndContributionMap":{"test-code":{"insertions":131,"deletions":0}}},{"hash":"7047fa007b9a7f3ecc62b539ea0d5f2c02267f76","messageTitle":"Add tests for Order model","messageBody":"","fileTypesAndContributionMap":{"test-code":{"insertions":53,"deletions":0}}},{"hash":"628afe998cf38f1f3681bd6a3b2b4e614adaf7dd","messageTitle":"Add tests for UniqueOrderList","messageBody":"","fileTypesAndContributionMap":{"test-code":{"insertions":53,"deletions":0}}},{"hash":"bbd8de76e71ade938ba891e7c4490e65bb27e421","messageTitle":"Add tests for JsonAdaptedOrder","messageBody":"","fileTypesAndContributionMap":{"test-code":{"insertions":36,"deletions":0}}},{"hash":"9f22d67f7309225a26d0059dc3d47f5206d8982f","messageTitle":"Add tests for AddOrderCommand","messageBody":"","fileTypesAndContributionMap":{"test-code":{"insertions":138,"deletions":0}}}]},{"date":"2021-10-06","commitResults":[{"hash":"6870b4999a313d50abaeb73b07fbd25c4f5d9b1d","messageTitle":"Minor changes to improve code quality","messageBody":"","fileTypesAndContributionMap":{"test-code":{"insertions":6,"deletions":6}}},{"hash":"a8c16ce85459672a93b3efb9b5148de300d7ad24","messageTitle":"Change button styling","messageBody":"","fileTypesAndContributionMap":{"functional-code":{"insertions":40,"deletions":5}}},{"hash":"90bca40b457df590859f0d9380c5ffbe7d1b6cfa","messageTitle":"Reorganise HelpWindow.css","messageBody":"","fileTypesAndContributionMap":{"functional-code":{"insertions":16,"deletions":25}}}]},{"date":"2021-10-08","commitResults":[{"hash":"43c81695b96881ded8d44f2b4381b8ecaa78aa96","messageTitle":"Add new prefixes for add order command","messageBody":"","fileTypesAndContributionMap":{"functional-code":{"insertions":5,"deletions":0}}}]},{"date":"2021-10-09","commitResults":[{"hash":"e96f294d82cf129dc9003703c593e23bb9968954","messageTitle":"Add recipe and order related fields","messageBody":"","fileTypesAndContributionMap":{"functional-code":{"insertions":471,"deletions":34},"other":{"insertions":1,"deletions":1},"test-code":{"insertions":7,"deletions":5}}}]},{"date":"2021-10-10","commitResults":[{"hash":"e87991a0c264a4a5e5a967bcd628774c3d816528","messageTitle":"Finish main logic for add order","messageBody":"","fileTypesAndContributionMap":{"functional-code":{"insertions":398,"deletions":41},"test-code":{"insertions":614,"deletions":54}}},{"hash":"a7b055eb70c89a77bc589b0905a06c605b78c6fd","messageTitle":"Fix all existing failing test cases","messageBody":"","fileTypesAndContributionMap":{"test-code":{"insertions":393,"deletions":23}}},{"hash":"65080abbfd54b6131bf4d5e4d6e51be1f81f6cdd","messageTitle":"Move QuantityTest.java to shared dir","messageBody":"","fileTypesAndContributionMap":{"other":{"insertions":1,"deletions":3}}},{"hash":"5e067a7f22bd27cedfc4207386f349cda9dc8396","messageTitle":"Add more tests for newly added classes","messageBody":"","fileTypesAndContributionMap":{"functional-code":{"insertions":13,"deletions":1},"test-code":{"insertions":199,"deletions":0}}},{"hash":"ee923c4fe81db9ee0346ed94cfcc49d3514a471b","messageTitle":"Fix checkstyle","messageBody":"","fileTypesAndContributionMap":{"functional-code":{"insertions":1,"deletions":1}}},{"hash":"049cf6d89ab4a43f88db464d428011e1204e80e2","messageTitle":"Add tests for AddOrderCommand","messageBody":"The tests added in this commit checks if the AddOrderCommand reduces\nthe ingredient quantity in the model if it exists.\n","fileTypesAndContributionMap":{"functional-code":{"insertions":4,"deletions":3},"test-code":{"insertions":88,"deletions":1}}},{"hash":"cb2a25bfcce33cf7fffafb487569e2ae55a356fd","messageTitle":"Limit max quantity to 40000","messageBody":"This is to prevent int overflow for large quantities.\n\nThe overflow will happen if the user puts a large quantity for the\ningredient as well as the order quantity. If the ingredient exists in\nthe model, then int overflow will occur when finding how much to\nsubtract.\n","fileTypesAndContributionMap":{"functional-code":{"insertions":2,"deletions":2},"test-code":{"insertions":3,"deletions":3}}},{"hash":"6d56e19c3a2d2df01f503881638c4538b04d7bf3","messageTitle":"Move parser methods to ParserUtil.java","messageBody":"","fileTypesAndContributionMap":{"functional-code":{"insertions":59,"deletions":57}}}]},{"date":"2021-10-11","commitResults":[{"hash":"a7608775fe0e0647d8c611f88be2336c3206d8be","messageTitle":"Fix PR comments","messageBody":"* Implemented proper storage of Ingredient list\n* Fixed bugs related to Price\n","fileTypesAndContributionMap":{"functional-code":{"insertions":163,"deletions":110},"test-code":{"insertions":283,"deletions":175}}},{"hash":"c25a337e09fd421abff2b8974b4a7081739cd857","messageTitle":"General code quality improvements","messageBody":"","fileTypesAndContributionMap":{"functional-code":{"insertions":7,"deletions":7},"test-code":{"insertions":63,"deletions":55}}},{"hash":"860fcda02a9a547fe46e44070b8c4cd158dc90ca","messageTitle":"Fix bugs related to Quantity","messageBody":"","fileTypesAndContributionMap":{"functional-code":{"insertions":14,"deletions":42}}},{"hash":"29b70583b7f2f4017133db5c6777fd2737380e2a","messageTitle":"Fix PR comments","messageBody":"","fileTypesAndContributionMap":{"functional-code":{"insertions":20,"deletions":23},"test-code":{"insertions":12,"deletions":2}}},{"hash":"15206db2308f873f6d33854daad4facdb79c381a","messageTitle":"Fix bugs and fix test cases","messageBody":"","fileTypesAndContributionMap":{"functional-code":{"insertions":35,"deletions":20},"test-code":{"insertions":138,"deletions":3}}},{"hash":"744c07836e53f6bbc97c2905f81f7adf5ea9a911","messageTitle":"Add more tests","messageBody":"","fileTypesAndContributionMap":{"test-code":{"insertions":34,"deletions":0}}},{"hash":"b55f1df0c42067703d878c82bca6174c62b993b8","messageTitle":"Change empty list arg type","messageBody":"","fileTypesAndContributionMap":{"functional-code":{"insertions":2,"deletions":1},"test-code":{"insertions":11,"deletions":8}}}]},{"date":"2021-10-12","commitResults":[{"hash":"1a1f67dadd76a101390536af24988b2a20f07421","messageTitle":"Fix PR comments","messageBody":"","fileTypesAndContributionMap":{"functional-code":{"insertions":22,"deletions":10},"test-code":{"insertions":9,"deletions":9}}},{"hash":"dcdd7c0c0166e0d58cb249c64c896f17d0b1fa1f","messageTitle":"Set default values in toModelType","messageBody":"","fileTypesAndContributionMap":{"functional-code":{"insertions":9,"deletions":6},"test-code":{"insertions":4,"deletions":11}}},{"hash":"741b73ab65cad804f10aab2ccc723d250975e984","messageTitle":"Complete logic for edit order","messageBody":"","fileTypesAndContributionMap":{"functional-code":{"insertions":410,"deletions":7},"test-code":{"insertions":15,"deletions":3}}},{"hash":"a3d1297ca085093ca8f905f6b3f0f0ed1c3a9c7b","messageTitle":"Add tests for edit order","messageBody":"","fileTypesAndContributionMap":{"test-code":{"insertions":443,"deletions":0}}},{"hash":"ad1dfbe29cd0030174d1e6b8f9d453de435c8d67","messageTitle":"Move setting default values to parser","messageBody":"","fileTypesAndContributionMap":{"functional-code":{"insertions":14,"deletions":6},"test-code":{"insertions":5,"deletions":2}}},{"hash":"8b8a138e450e5d07a01b690735e12dd6e45eb63d","messageTitle":"Add more tests","messageBody":"","fileTypesAndContributionMap":{"test-code":{"insertions":417,"deletions":2}}},{"hash":"a3436918e17ab97a237a470ccab3cf8bc27a6a56","messageTitle":"Allow past deadlines for new orders","messageBody":"","fileTypesAndContributionMap":{"functional-code":{"insertions":5,"deletions":25},"test-code":{"insertions":7,"deletions":28}}},{"hash":"5a64e35cc9d69192e31a72e5c1f5a3dd2b62444e","messageTitle":"Add JavaDoc","messageBody":"","fileTypesAndContributionMap":{"functional-code":{"insertions":5,"deletions":0}}},{"hash":"b3bc9e08edd66a32553e14f7d85ff0576ba13513","messageTitle":"Add JavaDoc","messageBody":"","fileTypesAndContributionMap":{"functional-code":{"insertions":3,"deletions":0}}},{"hash":"0ce8a626be461e34b81a64f4c6f9b2fd223ced35","messageTitle":"Remove parse internal deadline methods","messageBody":"","fileTypesAndContributionMap":{"functional-code":{"insertions":1,"deletions":19},"test-code":{"insertions":0,"deletions":25}}},{"hash":"87bfdc9e77fcc46396c91002717b1e36f061bd3a","messageTitle":"Fix test method names","messageBody":"Co-authored-by: Imran \u003c48386167+Imranr2@users.noreply.github.com\u003e","fileTypesAndContributionMap":{"test-code":{"insertions":6,"deletions":6}}},{"hash":"aec9ba7f4ba00503c97db3589fd193a02e5e543c","messageTitle":"Fix more test method names","messageBody":"Co-authored-by: Imran \u003c48386167+Imranr2@users.noreply.github.com\u003e","fileTypesAndContributionMap":{"test-code":{"insertions":6,"deletions":6}}},{"hash":"fe146afc08fcafeac0e360ba77acd60fc782106b","messageTitle":"Fix more test method names","messageBody":"Co-authored-by: Imran \u003c48386167+Imranr2@users.noreply.github.com\u003e","fileTypesAndContributionMap":{"test-code":{"insertions":1,"deletions":1}}}]},{"date":"2021-10-13","commitResults":[{"hash":"14ad9e6c74f01c839d1bfabec477436908464d9e","messageTitle":"Update dev guide","messageBody":"","fileTypesAndContributionMap":{"docs":{"insertions":169,"deletions":62}}},{"hash":"1eb72a323e5f72465bcc983ba0d50265c79e94ae","messageTitle":"Fix PR comments","messageBody":"Co-authored-by: Imran \u003c48386167+Imranr2@users.noreply.github.com\u003e","fileTypesAndContributionMap":{"docs":{"insertions":14,"deletions":14}}},{"hash":"e7bf92398bfd167ad86eba235e8d8c09ba2811d8","messageTitle":"Fix PR comments","messageBody":"","fileTypesAndContributionMap":{"docs":{"insertions":1,"deletions":2}}}]}]},"authorFileTypeContributionMap":{"EuniceSim142":{"docs":318,"functional-code":1850,"test-code":2638},"Imranr2":{"docs":169,"functional-code":681,"test-code":1342},"zognin":{"docs":147,"functional-code":2207,"test-code":1633},"Manoharan-Ajay-Anand":{"docs":287,"functional-code":451,"test-code":583},"sivayogasubramanian":{"docs":236,"functional-code":1570,"test-code":3377,"other":5}},"authorContributionVariance":{"EuniceSim142":610678.6,"Imranr2":130530.1,"zognin":288798.06,"Manoharan-Ajay-Anand":47165.027,"sivayogasubramanian":365341.8},"authorDisplayNameMap":{"EuniceSim142":"CS2103T-W16-2 SIM ..NICE","Imranr2":"CS2103T-W16-2 MUHA..ZUAN","zognin":"CS2103T-W16-2 HAN ..NING","Manoharan-Ajay-Anand":"CS2103T-W16-2 MANO..NAND","sivayogasubramanian":"CS2103T-W16-2 RUPP..NIAN"}}
