{"authorDailyContributionsMap":{"houtenteo":[{"date":"2021-09-18","commitResults":[{"hash":"c98cdc73fe980259c032e18d095f94c09ea3bfac","messageTitle":"Add picture of Houten","messageBody":"","fileTypesAndContributionMap":{"docs":{"insertions":3,"deletions":3}}},{"hash":"11678bcbf8986697a8893bd1bcedd83136d7ff3c","messageTitle":"Update index.md","messageBody":"","fileTypesAndContributionMap":{"docs":{"insertions":1,"deletions":1}}},{"hash":"ba616a78b40ac7818f4c79ed8cb29dbed5cdda05","messageTitle":"Update AboutUs.md","messageBody":"","fileTypesAndContributionMap":{"docs":{"insertions":1,"deletions":1}}},{"hash":"a0832d43a2eeba897629d67b837ca3b089ca8f7f","messageTitle":"Update UserGuide.md","messageBody":"","fileTypesAndContributionMap":{"docs":{"insertions":3,"deletions":8}}},{"hash":"5a22a5bb2643f219f85e3735ccf3919b6cc2c996","messageTitle":"Update UserGuide.md","messageBody":"just for lols\n","fileTypesAndContributionMap":{"docs":{"insertions":0,"deletions":174}}}]},{"date":"2021-09-21","commitResults":[{"hash":"8c0971ca9ef4e2d645f1cb1aca506758a8fd9877","messageTitle":"Remove Address and Email fields. Add isDone field","messageBody":"","fileTypesAndContributionMap":{"functional-code":{"insertions":36,"deletions":27}}},{"hash":"38c58f1a71fe7efb05c3b99b6d59b34fb7e9d46a","messageTitle":"Update getSamplePersons method","messageBody":"Since the Person constructor no longer takes in an Address and Email field, the getSamplePersons method has been updated accordingly.\n","fileTypesAndContributionMap":{"functional-code":{"insertions":32,"deletions":18}}},{"hash":"89aa3bafc6e8964b2ceb48b6114be358e4bbe78c","messageTitle":"Update createEditedPerson method","messageBody":"Since the Person constructor no longer takes in an Address and Email field, the createEditedPerson method has been updated accordingly.\n","fileTypesAndContributionMap":{"functional-code":{"insertions":4,"deletions":3}}},{"hash":"4a9c0ae4318c57ce7a8823a390f1c52a9548e401","messageTitle":"Update call to Person constructor","messageBody":"","fileTypesAndContributionMap":{"functional-code":{"insertions":2,"deletions":1}}},{"hash":"972e05f636798c6904877e8ae08e38d0456a5c3f","messageTitle":"Update properties of JsonAdaptedPerson","messageBody":"Added isDone field. Removed Address and Tags field\n","fileTypesAndContributionMap":{"functional-code":{"insertions":42,"deletions":25}}},{"hash":"4dba9a3a43540fdd092507bf86f26b536f4b368b","messageTitle":"Remove tag and address fields. Add isDone field","messageBody":"","fileTypesAndContributionMap":{"functional-code":{"insertions":21,"deletions":9}}},{"hash":"56bcf88e68ef3f8bfad1eb79d1b898390dd53fa3","messageTitle":"Update JsonAdaptedPerson to allow reading from the \u0027done\u0027 field in the json file","messageBody":"","fileTypesAndContributionMap":{"functional-code":{"insertions":2,"deletions":2}}},{"hash":"bca451cd71587763d719aa205049a51f0b88d5dd","messageTitle":"Change JavaFx version from 16 to 11","messageBody":"To align with the project version.\n","fileTypesAndContributionMap":{"functional-code":{"insertions":1,"deletions":1}}},{"hash":"8e332c5e1144bd52991e43dde2322c35d59bf8aa","messageTitle":"Comment out test cases","messageBody":"","fileTypesAndContributionMap":{"test-code":{"insertions":110,"deletions":110}}},{"hash":"f8bd91cb268173c3e2c6f712ff22b5e9fefcc917","messageTitle":"Fix checkstyle errors","messageBody":"","fileTypesAndContributionMap":{"functional-code":{"insertions":88,"deletions":98}}},{"hash":"4b5c676e9340c6b1b7c5e66432688ba35f8a2534","messageTitle":"Delete test cases","messageBody":"Causing codecov problems.\n","fileTypesAndContributionMap":{"test-code":{"insertions":0,"deletions":4849}}},{"hash":"f37ba0f9092b98e85198c7fae1037bbed7380d5c","messageTitle":"Add test cases","messageBody":"","fileTypesAndContributionMap":{"test-code":{"insertions":4849,"deletions":0}}},{"hash":"8dcfa190dbdc0a52f29c9f21ad43bf9f4bbaf0af","messageTitle":"Delete test files","messageBody":"","fileTypesAndContributionMap":{"test-code":{"insertions":0,"deletions":4849}}},{"hash":"a7dcc93bf06ced1c06b640782be22848bb2a86b0","messageTitle":"Add and modified test files","messageBody":"Note that these test cases are not legit. They are made to pass so that codecov can generate a report.\n","fileTypesAndContributionMap":{"functional-code":{"insertions":18,"deletions":13},"test-code":{"insertions":4226,"deletions":0}}}]},{"date":"2021-09-22","commitResults":[{"hash":"eed9168dd5b058c0e57d4b20b490ad0a01734bf3","messageTitle":"Add back test cases","messageBody":"Did not realise these were not included back in. My bad\n","fileTypesAndContributionMap":{"test-code":{"insertions":520,"deletions":0}}},{"hash":"6dfea4123cb8087d37ee36257e8b85e96a444531","messageTitle":"Remove commented out code","messageBody":"","fileTypesAndContributionMap":{"functional-code":{"insertions":1,"deletions":79},"test-code":{"insertions":0,"deletions":1}}},{"hash":"a755685e89cc9ce52e0f3a8f8f310f64e5339674","messageTitle":"Remove Address and Tag tests","messageBody":"Our person objects have no Address and Tag tests anymore so it is redundant to test these\n","fileTypesAndContributionMap":{"test-code":{"insertions":0,"deletions":8}}},{"hash":"b47f0a2c8b216372b41970c3b0b5146891e45b14","messageTitle":"Add missing test file","messageBody":"Forgot to add this back in when testing for code coverage problems\n","fileTypesAndContributionMap":{"test-code":{"insertions":110,"deletions":0}}},{"hash":"8567569dfff527fc1b0a3d69cc2c87e0db1cb5b5","messageTitle":"Remove invalid address and tags tests","messageBody":"Person object no longer has those fields. No point testing these\n","fileTypesAndContributionMap":{"test-code":{"insertions":0,"deletions":25}}},{"hash":"790b831de55be0ea4473ca42c9682c2f4b72b6fe","messageTitle":"Remove unused imports and address and tags fields.","messageBody":"Person object no longer has address and tags fields.\n","fileTypesAndContributionMap":{"test-code":{"insertions":0,"deletions":11}}},{"hash":"b06767e65f65a7d31e86561cced1c94ca83498cd","messageTitle":"Completely remove Address and Tags field","messageBody":"","fileTypesAndContributionMap":{"functional-code":{"insertions":13,"deletions":56},"test-code":{"insertions":57,"deletions":192}}},{"hash":"b4c7d0ca193ca326a435cc1b6a32e950db726174","messageTitle":"Fix discrepancy in UI display when a person has not been called","messageBody":"","fileTypesAndContributionMap":{"functional-code":{"insertions":1,"deletions":1}}},{"hash":"3e5bf780f5fb4b55e6823385a20bb72792f3a672","messageTitle":"Remove commented out code","messageBody":"","fileTypesAndContributionMap":{"functional-code":{"insertions":0,"deletions":4}}},{"hash":"38cd299a286020c913a81ab6c5e73d99bbba1164","messageTitle":"Update EditCommand","messageBody":"Change default state of isDone to false.\nChange \u0027\u003d\u003d\u0027 to .equals()\n","fileTypesAndContributionMap":{"functional-code":{"insertions":3,"deletions":3}}},{"hash":"703f12da506abee0627c726a0fd7167b520b92a1","messageTitle":"Fix javadocs","messageBody":"","fileTypesAndContributionMap":{"test-code":{"insertions":1,"deletions":1}}},{"hash":"8bb776727e89d1621392a32755b280d31aa34c4e","messageTitle":"Add missing copy of getIsDone","messageBody":"","fileTypesAndContributionMap":{"test-code":{"insertions":1,"deletions":0}}},{"hash":"5cf0397085b716b0955662b12da036307393c22d","messageTitle":"Remove redundant tags and addresses","messageBody":"","fileTypesAndContributionMap":{"test-code":{"insertions":7,"deletions":12}}}]},{"date":"2021-09-26","commitResults":[{"hash":"9f3e5d34d1d49b075449a85e1721638fb94bcbc0","messageTitle":"Halve the width of personListPanel","messageBody":"Now the personListPanel only takes up half the  UI. This is to make space for the display of the full person card in the other half.\n","fileTypesAndContributionMap":{"functional-code":{"insertions":7,"deletions":2}}},{"hash":"7a70e647de0f59920d1b712c5ff82043ed3d1c58","messageTitle":"Create FullPersonCard window","messageBody":"","fileTypesAndContributionMap":{"functional-code":{"insertions":108,"deletions":0}}},{"hash":"fec9bee69b1e99e06b238675c8b21ad79730aa6c","messageTitle":"Add FullPersonCard into the MainWindow","messageBody":"","fileTypesAndContributionMap":{"functional-code":{"insertions":26,"deletions":12}}},{"hash":"6987a6f00b60905a2057e38d3efe103ac89edea6","messageTitle":"Change background colour of display card to yellow","messageBody":"","fileTypesAndContributionMap":{"functional-code":{"insertions":4,"deletions":0}}},{"hash":"30bdba3203a8b2a49ef43d4ac88c37ebab2145c7","messageTitle":"Resize the full person card","messageBody":"Fullpersoncard now fills up the right half of the Ui as intended\n","fileTypesAndContributionMap":{"functional-code":{"insertions":6,"deletions":4}}}]},{"date":"2021-09-27","commitResults":[{"hash":"836b88e9f587327d2abdbee33d056ca496906153","messageTitle":"Improve formatting of FullPersonCard","messageBody":"","fileTypesAndContributionMap":{"functional-code":{"insertions":55,"deletions":17}}},{"hash":"f57232ab2356bc9e1a49425181cc86e3464bf938","messageTitle":"Add error handling","messageBody":"In the event that the list is empty, display an empty FullPersonCard.\n","fileTypesAndContributionMap":{"functional-code":{"insertions":37,"deletions":12}}},{"hash":"ceeb86200ed3833a8e0dcc90f336f0bc9ca7caa6","messageTitle":"Update javadocs","messageBody":"","fileTypesAndContributionMap":{"functional-code":{"insertions":1,"deletions":1}}},{"hash":"0dd4d1081a57ab75edc8dc5544ed7fa0ec7fcd7d","messageTitle":"Fix checkstyle errors","messageBody":"","fileTypesAndContributionMap":{"functional-code":{"insertions":15,"deletions":16}}},{"hash":"c2b501268e08c9faffcc2ab05e581a0ed396cc5d","messageTitle":"Change javafx version to 11","messageBody":"","fileTypesAndContributionMap":{"functional-code":{"insertions":2,"deletions":2}}}]},{"date":"2021-09-30","commitResults":[{"hash":"7acf6e303b4280e472ad290b41eea897498fe022","messageTitle":"Add use cases for add, list, done","messageBody":"","fileTypesAndContributionMap":{"docs":{"insertions":81,"deletions":9}}},{"hash":"fb7c84e666d1bf4f2e49122461743755b63b73c9","messageTitle":"Rename aboutme image name","messageBody":"","fileTypesAndContributionMap":{"docs":{"insertions":3,"deletions":3}}}]},{"date":"2021-10-01","commitResults":[{"hash":"74aabbe642147448fadffd32e2017cdfdc5d22eb","messageTitle":"Update product scope","messageBody":"","fileTypesAndContributionMap":{"docs":{"insertions":3,"deletions":2}}},{"hash":"61158630dad77bd61c2a9c93093dfbe4b0865c14","messageTitle":"Add white border around display card","messageBody":"","fileTypesAndContributionMap":{"functional-code":{"insertions":2,"deletions":1}}},{"hash":"91e3022e82ccf074459243d450c62e27a09b0b1e","messageTitle":"Separate the header and person details into 2 separate lines","messageBody":"","fileTypesAndContributionMap":{"functional-code":{"insertions":93,"deletions":61}}},{"hash":"44b71ebf0085f924fb76631bf778a7c7a7d2d9de","messageTitle":"Add different font colours for \u0027Called\u0027","messageBody":"Red when Called is false and green when it is true\n","fileTypesAndContributionMap":{"functional-code":{"insertions":9,"deletions":1}}},{"hash":"5c27c9987d290f4963e43a1346f8735a5b8669e5","messageTitle":"Resize fullPersonCard","messageBody":"","fileTypesAndContributionMap":{"functional-code":{"insertions":2,"deletions":3}}},{"hash":"01302cab4c4c6d89b1621f72a356f0099861d35d","messageTitle":"Add tick/cross beside person name in list","messageBody":"Tick if the person has been called,  otherwise cross\n","fileTypesAndContributionMap":{"functional-code":{"insertions":10,"deletions":1}}},{"hash":"efcc016080687743d1df35189f804962f3847806","messageTitle":"Remove unused imports","messageBody":"","fileTypesAndContributionMap":{"functional-code":{"insertions":0,"deletions":2}}},{"hash":"d4fff98c977b70b7d6a5254a1f3d2fdff80fcdaa","messageTitle":"Set default text color of isDone to white","messageBody":"","fileTypesAndContributionMap":{"functional-code":{"insertions":1,"deletions":0}}},{"hash":"e111273ed66223fc1541bca01b7048f16f325bba","messageTitle":"Change javafx version to 11","messageBody":"","fileTypesAndContributionMap":{"functional-code":{"insertions":2,"deletions":2}}}]},{"date":"2021-10-02","commitResults":[{"hash":"991f7148ef48bcf07f2b4a0e11523d15f8b8597b","messageTitle":"Add address field to person","messageBody":"","fileTypesAndContributionMap":{"functional-code":{"insertions":38,"deletions":27},"test-code":{"insertions":6,"deletions":6}}},{"hash":"07ac66a99882173e8d212faa3941774bc9309f2e","messageTitle":"Update address javadocs","messageBody":"","fileTypesAndContributionMap":{"functional-code":{"insertions":1,"deletions":2}}},{"hash":"5318722a18c92bc7a632c9f891e61f0a9bea35be","messageTitle":"Update addressTest","messageBody":"","fileTypesAndContributionMap":{"test-code":{"insertions":18,"deletions":13}}},{"hash":"f3e8f17142f3b1cc331d3776454f44e9a9508bac","messageTitle":"Add jsonAdaptedPersonTests for address","messageBody":"","fileTypesAndContributionMap":{"functional-code":{"insertions":6,"deletions":1},"test-code":{"insertions":30,"deletions":11}}}]},{"date":"2021-10-05","commitResults":[{"hash":"420a06b430a0d66f18b8b466dd1d61bd85c5c555","messageTitle":"Update message constraints","messageBody":"","fileTypesAndContributionMap":{"functional-code":{"insertions":1,"deletions":1}}},{"hash":"963c9b8c6d4cd815d723b141d0c3e0d8cc0d775c","messageTitle":"Add gender field to person","messageBody":"","fileTypesAndContributionMap":{"functional-code":{"insertions":122,"deletions":19},"test-code":{"insertions":81,"deletions":16}}}]},{"date":"2021-10-06","commitResults":[{"hash":"e6a3d7ff9ee01f3d10a4af4fd36681c6ea91ff0e","messageTitle":"Add GenderTest","messageBody":"","fileTypesAndContributionMap":{"functional-code":{"insertions":0,"deletions":2},"test-code":{"insertions":37,"deletions":0}}},{"hash":"ca94de0eccc720b80d62bffdd746cee63a534cb1","messageTitle":"Add Age field to person","messageBody":"","fileTypesAndContributionMap":{"functional-code":{"insertions":80,"deletions":10},"test-code":{"insertions":0,"deletions":1}}},{"hash":"d7a7d03dbda3edb86416eb3acdabc7b94f1a583e","messageTitle":"Update existing test cases to incorporate Age","messageBody":"","fileTypesAndContributionMap":{"functional-code":{"insertions":63,"deletions":21},"test-code":{"insertions":63,"deletions":22}}},{"hash":"d060070eb2cfa0fcec18385a69d6803dbc4875cd","messageTitle":"Add AgeTest","messageBody":"","fileTypesAndContributionMap":{"test-code":{"insertions":37,"deletions":0}}},{"hash":"3ae00e6fcd9a73aac6b256bd8a411f4cb36a7110","messageTitle":"Add Interest and InterestsList","messageBody":"","fileTypesAndContributionMap":{"functional-code":{"insertions":296,"deletions":16},"test-code":{"insertions":51,"deletions":22}}},{"hash":"d7dbad90a2f180d2970669dba689dceeb67f428f","messageTitle":"Add test cases for Interest and InterestsList","messageBody":"","fileTypesAndContributionMap":{"functional-code":{"insertions":3,"deletions":2},"test-code":{"insertions":106,"deletions":2}}}]},{"date":"2021-10-07","commitResults":[{"hash":"930244bb644b75dbe26b0b20ca5693b5e793a2b2","messageTitle":"Fix INVALID_INTEREST","messageBody":"","fileTypesAndContributionMap":{"test-code":{"insertions":2,"deletions":2}}},{"hash":"4b098d782e08a5c2ff8a1b7093d4a9d5704725cd","messageTitle":"Update MESSAGE_CONTRAINTS for Interest","messageBody":"","fileTypesAndContributionMap":{"functional-code":{"insertions":1,"deletions":1}}},{"hash":"564c4c82b1452735d6833e9c5a685eff09cbf997","messageTitle":"Remove NO_INTEREST from Interest","messageBody":"The concept of a person having no interests is captured in the InterestsList class. Therefore, it is redundant for Interest to have NO_INTEREST\n","fileTypesAndContributionMap":{"functional-code":{"insertions":1,"deletions":4}}},{"hash":"3fceb95f96eb48ffe8c7baefaa32233023b59ec5","messageTitle":"Create VALIDATION_REGEX for Gender","messageBody":"","fileTypesAndContributionMap":{"functional-code":{"insertions":3,"deletions":1},"test-code":{"insertions":1,"deletions":0}}}]},{"date":"2021-10-09","commitResults":[{"hash":"30822ccdc14c894e09618cc1b753c397ee05a0c3","messageTitle":"Update Archive name","messageBody":"","fileTypesAndContributionMap":{"other":{"insertions":1,"deletions":1}}},{"hash":"7c58080613e5c527b71b36574abe8f020c7e0335","messageTitle":"Update how interests are read from storage","messageBody":"Originally, the checks were done internally within the InterestsList class itself. However, this caused the program to terminate early without creating an empty address book instead. This has been fixed and now an empty address book will be created when there is something wrong with the interests, similar to the other fields.\n","fileTypesAndContributionMap":{"functional-code":{"insertions":8,"deletions":1}}},{"hash":"78b9baa27a00b9aa780e5fda2184fa905fbd89d5","messageTitle":"Update display of interests in FullPersonCard","messageBody":"","fileTypesAndContributionMap":{"functional-code":{"insertions":4,"deletions":3}}},{"hash":"4cf25b48a70cc9aed838102a3472509bf4cdfcbe","messageTitle":"Fix checkstyle errors","messageBody":"","fileTypesAndContributionMap":{"functional-code":{"insertions":1,"deletions":2}}},{"hash":"ef5d1fae231ad77a71af7f61f0634159f8afbf8f","messageTitle":"Update fullpersoncard to a scrollpane","messageBody":"","fileTypesAndContributionMap":{"functional-code":{"insertions":89,"deletions":81}}},{"hash":"820e7e302d1353a776a529fc0102d59726c7620f","messageTitle":"Remove unused import","messageBody":"","fileTypesAndContributionMap":{"functional-code":{"insertions":0,"deletions":1}}}]},{"date":"2021-10-11","commitResults":[{"hash":"9d30d1bda15b180c91aede78ea0f46677086e5ea","messageTitle":"Update add command","messageBody":"Now allows for optional fields \u0027address\u0027, \u0027gender\u0027, \u0027age\u0027 and Interests. User is able to add multiple interests in a single command.\n","fileTypesAndContributionMap":{"functional-code":{"insertions":154,"deletions":15}}},{"hash":"3a487c82ae8929d487de60e2cd58c637f6f60b75","messageTitle":"Update and add test cases for addcommand/parser","messageBody":"","fileTypesAndContributionMap":{"functional-code":{"insertions":4,"deletions":5},"test-code":{"insertions":215,"deletions":27}}}]},{"date":"2021-10-16","commitResults":[{"hash":"443783bed05d225b6fa6bbe88f2b980e9ea27fe5","messageTitle":"Merge v1.3","messageBody":"Did the brute force method of copying all relevant files over\n","fileTypesAndContributionMap":{"functional-code":{"insertions":395,"deletions":118},"other":{"insertions":0,"deletions":0},"test-code":{"insertions":386,"deletions":64}}},{"hash":"287819e72a188e5866aaecc8dc87c0192eec20dc","messageTitle":"Add requireNonNull for CsvAddressBookImportExport constructor","messageBody":"For some reason this change made by irfan was not reflected.\n","fileTypesAndContributionMap":{"functional-code":{"insertions":1,"deletions":0}}}]},{"date":"2021-10-18","commitResults":[{"hash":"92a3df8ac9103fadd4bb06ed725d030b9afcb3df","messageTitle":"Revert \"Merge 1.3 into master \"","messageBody":"","fileTypesAndContributionMap":{"functional-code":{"insertions":129,"deletions":1001},"other":{"insertions":1,"deletions":1},"test-code":{"insertions":91,"deletions":601}}},{"hash":"ef63f001265648a2326be6083a826aa2751d2ed0","messageTitle":"Add new person fields","messageBody":"Added Optional fields address, age, gender, interests\n","fileTypesAndContributionMap":{"functional-code":{"insertions":975,"deletions":58}}},{"hash":"d52e8e6ff81065ed6214737de94b9fdd83053f7a","messageTitle":"Update test cases","messageBody":"","fileTypesAndContributionMap":{"functional-code":{"insertions":19,"deletions":19},"test-code":{"insertions":590,"deletions":48}}},{"hash":"868f80cf24aedf41ee538f8be0a132b896e51e31","messageTitle":"Create AddCommand sequence diagram","messageBody":"","fileTypesAndContributionMap":{"docs":{"insertions":64,"deletions":0}}},{"hash":"c64f03479287096b23da7e6ca20795d0dcd168f9","messageTitle":"Rename AddSequenceDiagram.puml","messageBody":"","fileTypesAndContributionMap":{"docs":{"insertions":0,"deletions":0}}},{"hash":"ce3b6bbd1dfe3a5a5b9a88a09834d71d5f8b9105","messageTitle":"Add AddCommand implementation","messageBody":"","fileTypesAndContributionMap":{"docs":{"insertions":36,"deletions":0}}},{"hash":"2da1ec03a462209cde1bc0b96bbcc09dc90dcdcc","messageTitle":"Update Implementation-AddCommand","messageBody":"","fileTypesAndContributionMap":{"docs":{"insertions":3,"deletions":3}}},{"hash":"ffba9d9cf17a9bc065214622230c3068fa3880bc","messageTitle":"Update DeveloperGuide.md","messageBody":"","fileTypesAndContributionMap":{"docs":{"insertions":3,"deletions":3}}},{"hash":"9be62b078e531393304561a66774103f709673fc","messageTitle":"Add note that isDone field is set to false by default","messageBody":"","fileTypesAndContributionMap":{"docs":{"insertions":6,"deletions":0}}},{"hash":"e1c01a2053bcf908e575b12d12353a4a9b47e947","messageTitle":"Update format","messageBody":"","fileTypesAndContributionMap":{"docs":{"insertions":0,"deletions":1}}},{"hash":"d10e615ea82420ce5e3d9cf5e8392d12b8579fee","messageTitle":"Change wording","messageBody":"","fileTypesAndContributionMap":{"docs":{"insertions":1,"deletions":1}}},{"hash":"b27b4addf14a2d975cbef28c0ae1acec4169a3a0","messageTitle":"Fix grammatical error","messageBody":"","fileTypesAndContributionMap":{"docs":{"insertions":1,"deletions":1}}}]},{"date":"2021-10-20","commitResults":[{"hash":"fa974e2d3105b4df7827b39b65de29c338fd55b8","messageTitle":"Add test cases for equals method in person for the new fields","messageBody":"","fileTypesAndContributionMap":{"test-code":{"insertions":31,"deletions":1}}},{"hash":"a69c90bc2f04ae6e5fbeef4959b5e1795754b09f","messageTitle":"Update equals method for interests.","messageBody":"Different capitatlisation of the same word would still mean the same interest now.\n","fileTypesAndContributionMap":{"functional-code":{"insertions":4,"deletions":1},"test-code":{"insertions":9,"deletions":5}}},{"hash":"9ed2122eacd4675f675b1e109fed7c492f5488a9","messageTitle":"Add test cases for equals method between null optional fields","messageBody":"","fileTypesAndContributionMap":{"test-code":{"insertions":19,"deletions":2}}},{"hash":"8903cb7553c41f07ba8fe792ddb093dc25d33ddd","messageTitle":"Fix checkstyle","messageBody":"","fileTypesAndContributionMap":{"functional-code":{"insertions":2,"deletions":2},"test-code":{"insertions":0,"deletions":1}}},{"hash":"ab105fe28e7f656b0550983d409a123880f0ef8d","messageTitle":"Update MESSAGE_USAGE","messageBody":"","fileTypesAndContributionMap":{"functional-code":{"insertions":13,"deletions":2}}},{"hash":"01184d74c2941f8f21e78f9255abbba68b33e3a8","messageTitle":"Update Model section","messageBody":"","fileTypesAndContributionMap":{"docs":{"insertions":18,"deletions":9}}},{"hash":"2fdcbc96515b76ecbd7b2edde6eca16b0e0f24b7","messageTitle":"Update UiClassDiagram.puml","messageBody":"","fileTypesAndContributionMap":{"docs":{"insertions":5,"deletions":1}}},{"hash":"b1f3b0e29c363c054a57ee1522f2cdecdbc9406d","messageTitle":"Update add command description","messageBody":"","fileTypesAndContributionMap":{"docs":{"insertions":27,"deletions":2}}},{"hash":"4663078a877303e0c25c74db27e8dd7c292240b8","messageTitle":"Update Ui image and quickstart details","messageBody":"","fileTypesAndContributionMap":{"docs":{"insertions":2,"deletions":1}}},{"hash":"6e29746f2975959eb0bdf44efaa38d646a136b43","messageTitle":"Fix explanation","messageBody":"","fileTypesAndContributionMap":{"docs":{"insertions":1,"deletions":1}}},{"hash":"72d4791355bcd1f076e9dbf972386d946e5c3edb","messageTitle":"Fix explanation","messageBody":"","fileTypesAndContributionMap":{"docs":{"insertions":1,"deletions":1}}}]},{"date":"2021-10-21","commitResults":[{"hash":"e9ed2147319402f8f5c3bd3e63edbaaa5cb83a02","messageTitle":"Fix spelling error","messageBody":"","fileTypesAndContributionMap":{"docs":{"insertions":1,"deletions":1}}},{"hash":"bbf3b0c71da7a66592132d1d40fec77b31e65d04","messageTitle":"Update DG, UG","messageBody":"","fileTypesAndContributionMap":{"docs":{"insertions":1,"deletions":1}}}]},{"date":"2021-10-23","commitResults":[{"hash":"47d849875fadd749dc1db5cf155aba70e69dda60","messageTitle":"Fix issues mentioned during the review","messageBody":"","fileTypesAndContributionMap":{"functional-code":{"insertions":1,"deletions":1},"other":{"insertions":1,"deletions":1},"docs":{"insertions":38,"deletions":26}}},{"hash":"9ec38388823ae42591b5cea0db146670f6d64cc6","messageTitle":"Update UserGuide.md","messageBody":"","fileTypesAndContributionMap":{"docs":{"insertions":1,"deletions":1}}},{"hash":"6d688da76e037d283b4b8ac3d9b1246b9ea0e90d","messageTitle":"Update UserGuide.md","messageBody":"","fileTypesAndContributionMap":{"docs":{"insertions":20,"deletions":21}}},{"hash":"1879f5445e364c3116bb0d79cc3cbcd6e9925dc8","messageTitle":"Update UserGuide.md","messageBody":"","fileTypesAndContributionMap":{"docs":{"insertions":1,"deletions":1}}},{"hash":"9bd71cdd29440c4db8dacb0f8cc31c85898953e6","messageTitle":"Update edit command UG","messageBody":"","fileTypesAndContributionMap":{"docs":{"insertions":25,"deletions":15}}},{"hash":"5a438aeb56a1f18024a793c15a77a8546c258115","messageTitle":"Update UserGuide.md","messageBody":"","fileTypesAndContributionMap":{"docs":{"insertions":1,"deletions":1}}},{"hash":"2595575660117c92d5a93f64fb5a7d332264ddf2","messageTitle":"Update UserGuide.md","messageBody":"","fileTypesAndContributionMap":{"docs":{"insertions":9,"deletions":7}}},{"hash":"b5fd6d225410e396e8f3390164ea128c0121d769","messageTitle":"Update UserGuide.md","messageBody":"","fileTypesAndContributionMap":{"docs":{"insertions":6,"deletions":5}}},{"hash":"e921d671b16d0ac02b637ac40a6ee4abcdfd2516","messageTitle":"Add export popup img","messageBody":"","fileTypesAndContributionMap":{"docs":{"insertions":2,"deletions":1}}},{"hash":"46eee7a1878f21ee69976f50daf347356b9b2add","messageTitle":"Update UserGuide.md","messageBody":"","fileTypesAndContributionMap":{"docs":{"insertions":1,"deletions":1}}},{"hash":"500041b2a290f298e25f086df56996562f720024","messageTitle":"Update UserGuide.md","messageBody":"","fileTypesAndContributionMap":{"docs":{"insertions":7,"deletions":2}}}]}],"idgrr":[{"date":"2021-09-18","commitResults":[{"hash":"5987f4d66846b616f32f4494a15d270816474c47","messageTitle":"Add Irfan\u0027s AboutUs and portfolio","messageBody":"","fileTypesAndContributionMap":{"docs":{"insertions":49,"deletions":3}}},{"hash":"c44ef39cf6ed5c295e8459cf10ea3854ee4c8cda","messageTitle":"Updated QuickStart of Userguide.md","messageBody":"","fileTypesAndContributionMap":{"docs":{"insertions":16,"deletions":22}}}]},{"date":"2021-09-20","commitResults":[{"hash":"7e73f1ea01dccd4842e2586724902a5fddfb4dd6","messageTitle":"Update DeveloperGuide.md Excel functionality","messageBody":"Currently does not reflect the user stories and use cases involving\nexcel functionality\n\nRequirement to update the user stories and use cases of CMM\nfeatures\n","fileTypesAndContributionMap":{"docs":{"insertions":72,"deletions":0}}}]},{"date":"2021-09-22","commitResults":[{"hash":"838d8e25f3f037712078b35b820029b158c63745","messageTitle":"Update CSV storage functionality without address and tag attributes","messageBody":"","fileTypesAndContributionMap":{"functional-code":{"insertions":349,"deletions":0}}}]},{"date":"2021-09-25","commitResults":[{"hash":"0ad11490a258b613d45549f3be7b1d0045378dad","messageTitle":"Add Import status display","messageBody":"Previously, import status only show in the logs and not to the user\n\nThis will cause a problem as user may not be aware that some rows\nin the document have not been imported properly\n","fileTypesAndContributionMap":{"functional-code":{"insertions":47,"deletions":19}}},{"hash":"d037021ba0d1bffada95c32a7e0d17ce25478004","messageTitle":"Fix CheckStyle","messageBody":"","fileTypesAndContributionMap":{"functional-code":{"insertions":2,"deletions":2}}}]},{"date":"2021-09-29","commitResults":[{"hash":"ecd64932cf72dc015892c8478792dff054dbe8a5","messageTitle":"Updated Display of import status","messageBody":"","fileTypesAndContributionMap":{"functional-code":{"insertions":44,"deletions":24},"test-code":{"insertions":10,"deletions":6}}},{"hash":"34d1d3ecc34912d8c041bbf9c52f4b67cf57c676","messageTitle":"Fix Checkstyle","messageBody":"","fileTypesAndContributionMap":{"functional-code":{"insertions":8,"deletions":10}}},{"hash":"eb009a246edd330bd893531fe698d565480d36af","messageTitle":"Fix Checkstyle","messageBody":"","fileTypesAndContributionMap":{"functional-code":{"insertions":6,"deletions":0},"docs":{"insertions":1,"deletions":2},"test-code":{"insertions":1,"deletions":0}}},{"hash":"0d9f1ee62e46e6af2db0fdf5d0b238b2e81af90c","messageTitle":"Fix CheckStyle","messageBody":"","fileTypesAndContributionMap":{"test-code":{"insertions":1,"deletions":1}}},{"hash":"7dd50449f81b85c625b4a2718549633c1d5a029d","messageTitle":"Added Testability","messageBody":"","fileTypesAndContributionMap":{"functional-code":{"insertions":43,"deletions":16},"test-code":{"insertions":137,"deletions":0}}},{"hash":"8df2aaeda7416eca089cf9667110950ef856a584","messageTitle":"Fix Checkstyle","messageBody":"","fileTypesAndContributionMap":{"test-code":{"insertions":2,"deletions":5}}},{"hash":"cae19a1c8cee833b957bfe272775aa265af35f63","messageTitle":"Fix Checkstyle","messageBody":"","fileTypesAndContributionMap":{"test-code":{"insertions":0,"deletions":4}}},{"hash":"6d6c105bcebb85d190ec62b07e0809c805a02a81","messageTitle":"Fix CheckStyle","messageBody":"","fileTypesAndContributionMap":{"test-code":{"insertions":0,"deletions":1}}}]},{"date":"2021-10-01","commitResults":[{"hash":"59be08c4e29d8e816cf802d501183730223495bb","messageTitle":"Update UserGuide.md","messageBody":"Previously had leftover traces of AB3.\n\nUpdated to current CMM details\n","fileTypesAndContributionMap":{"docs":{"insertions":23,"deletions":5}}}]},{"date":"2021-10-02","commitResults":[{"hash":"f5e52b68cea927f9b5c7caac844e513f45c879da","messageTitle":"Fix IsDone Attribute","messageBody":"Previously value of isDone was a boolean type. Caused Errors when\nparsed string from json is NOT null, true or false\n\nFixed to accommodate any variations or true, false and other\nunexpected string found in the json and csv file\n","fileTypesAndContributionMap":{"functional-code":{"insertions":36,"deletions":20},"test-code":{"insertions":25,"deletions":25}}}]},{"date":"2021-10-03","commitResults":[{"hash":"5592cd838d42230342dcf97567709cd6ed8cce3b","messageTitle":"Update some issues brought up during review","messageBody":"","fileTypesAndContributionMap":{"functional-code":{"insertions":12,"deletions":14},"test-code":{"insertions":2,"deletions":2}}},{"hash":"6e4caf6b37da3c9d1e15455a9732e89b3171fa74","messageTitle":"Fix exception thrown","messageBody":"","fileTypesAndContributionMap":{"functional-code":{"insertions":7,"deletions":2}}},{"hash":"2fe91e2751443aedd37e336a91b9e9cf8149bbfe","messageTitle":"Fix Checkstyle","messageBody":"","fileTypesAndContributionMap":{"functional-code":{"insertions":0,"deletions":4}}}]},{"date":"2021-10-06","commitResults":[{"hash":"9382ed006ff6b42987e520689777975010ec2560","messageTitle":"Add CSV file type checking functionality","messageBody":"Previously, the application was assuming that the format of the\nimport file was correct. This assumption could cause the\napplication to crash.\n\nThis commit adds functionality to check whether format of\nfile headers and rows are meets the requirements of the program.\n","fileTypesAndContributionMap":{"functional-code":{"insertions":63,"deletions":13},"docs":{"insertions":36,"deletions":1},"test-code":{"insertions":8,"deletions":8}}},{"hash":"2a8da8fb2b6dcb33778b53fb3de0f4085be4de96","messageTitle":"Fix CheckStyle Errors","messageBody":"","fileTypesAndContributionMap":{"functional-code":{"insertions":21,"deletions":19},"test-code":{"insertions":1,"deletions":1}}}]},{"date":"2021-10-10","commitResults":[{"hash":"5ccc0e7598aba701534634cd5f2ab3a3e990d7b6","messageTitle":"v1.3","messageBody":"","fileTypesAndContributionMap":{"functional-code":{"insertions":821,"deletions":37},"docs":{"insertions":12,"deletions":1},"test-code":{"insertions":372,"deletions":19}}},{"hash":"e75596182cd6bea185681aee8fe9bff8482d4d47","messageTitle":"Revert \"v1.3\"","messageBody":"This reverts commit 5ccc0e7598aba701534634cd5f2ab3a3e990d7b6.\n","fileTypesAndContributionMap":{"functional-code":{"insertions":37,"deletions":821},"docs":{"insertions":1,"deletions":12},"test-code":{"insertions":19,"deletions":372}}},{"hash":"0615824987172e4e3cdc4f2f8654675ef0c723a1","messageTitle":"Add list\u003cperson\u003e to string","messageBody":"","fileTypesAndContributionMap":{"functional-code":{"insertions":29,"deletions":0}}},{"hash":"a5441d9e1db1620ebef21bbef65863bc47f2b223","messageTitle":"Add Export data functionality","messageBody":"Previously no exporting data to csv functionality\n\nThis commit will provide users with the option to export data\nupon closing the application\n","fileTypesAndContributionMap":{"functional-code":{"insertions":95,"deletions":14}}},{"hash":"b43b59909422aed8cddf730385a323e069f1c0fd","messageTitle":"Fix Checkstyle errors","messageBody":"","fileTypesAndContributionMap":{"functional-code":{"insertions":7,"deletions":4}}},{"hash":"ae1533a9b08829fe67330751be959f820e70f9ec","messageTitle":"Fix  Trailing spaces in ug","messageBody":"","fileTypesAndContributionMap":{"functional-code":{"insertions":1,"deletions":3},"docs":{"insertions":6,"deletions":7}}},{"hash":"3e3d752a0f1df135880bb6145700ae8398458a5f","messageTitle":"Fix Checkstyle","messageBody":"","fileTypesAndContributionMap":{"docs":{"insertions":7,"deletions":7}}}]},{"date":"2021-10-12","commitResults":[{"hash":"a5aa8d4db5ace2d32d28e2bdb2ce1de55b074d65","messageTitle":"Add More test cases for CsvUtil","messageBody":"Current test cases doesn\u0027t seem to cover all the exceptions/cases\n\nThis commit increases code coverage for CsvUtil\n","fileTypesAndContributionMap":{"functional-code":{"insertions":3,"deletions":3},"test-code":{"insertions":36,"deletions":2}}}]},{"date":"2021-10-13","commitResults":[{"hash":"52f084d0dcb2e54b57578b4eabcca58d910bf0ae","messageTitle":"Add More test cases for CSVutil","messageBody":"","fileTypesAndContributionMap":{"functional-code":{"insertions":7,"deletions":1},"test-code":{"insertions":65,"deletions":9}}},{"hash":"7eb2af78f44c8f07b0fcb3389cbff41ee151f5e0","messageTitle":"Fix CheckStyle","messageBody":"","fileTypesAndContributionMap":{"test-code":{"insertions":6,"deletions":8}}},{"hash":"30a3a1d7cc1c1d51f79020e05e11fac579b4a61e","messageTitle":"Fix Checkstyle","messageBody":"","fileTypesAndContributionMap":{"docs":{"insertions":9,"deletions":14}}},{"hash":"e3d70212623753262aced14e36dc5ac2d7b7920b","messageTitle":"Fix Minor checkstyle","messageBody":"","fileTypesAndContributionMap":{"test-code":{"insertions":1,"deletions":5}}},{"hash":"56f9bede4b81405b9726ed2168772d499340ad4e","messageTitle":"Remove some testcases","messageBody":"Works in IDE but doesnt seem to work on git.\n","fileTypesAndContributionMap":{"test-code":{"insertions":11,"deletions":11}}},{"hash":"607bac2259a34030a059c2f73823e68d569a1136","messageTitle":"Fix Minor Checkstyle","messageBody":"","fileTypesAndContributionMap":{"test-code":{"insertions":1,"deletions":27}}},{"hash":"0b6870202a03e7d7432095232b29b91b2bac9900","messageTitle":"Fix CheckStyle","messageBody":"","fileTypesAndContributionMap":{"test-code":{"insertions":1,"deletions":1}}}]},{"date":"2021-10-14","commitResults":[{"hash":"985a1cd380bfdab4d6764521dc8357cbb42b924d","messageTitle":"Testing Git error","messageBody":"","fileTypesAndContributionMap":{"test-code":{"insertions":26,"deletions":0}}},{"hash":"5bc4e3efa99b93b28136e4482686409e5d69bbeb","messageTitle":"Test Git error","messageBody":"","fileTypesAndContributionMap":{"test-code":{"insertions":7,"deletions":12}}},{"hash":"13725c1fae2070820b19211600f58cdace6b9e43","messageTitle":"Fix Tests","messageBody":"","fileTypesAndContributionMap":{"test-code":{"insertions":0,"deletions":22}}}]},{"date":"2021-10-18","commitResults":[{"hash":"57c723e145bf36648629baf95d4349a51f278119","messageTitle":"fix  checkstyle","messageBody":"","fileTypesAndContributionMap":{"test-code":{"insertions":2,"deletions":1}}},{"hash":"f877ef769c73881b70d1ce0de15df4065ca47c39","messageTitle":"Update Export and import functionality to accommodate new fields","messageBody":"","fileTypesAndContributionMap":{"functional-code":{"insertions":140,"deletions":36}}}]},{"date":"2021-10-19","commitResults":[{"hash":"eb42791940d4da2b7197132345675d9fd8369269","messageTitle":"Fix Duplicate checking","messageBody":"Previously duplicates only checks for similar names.\n\nUpdate will check duplicate if have all the same attributes,\nexcept for similarities/difference in isDone\n","fileTypesAndContributionMap":{"functional-code":{"insertions":4,"deletions":4}}},{"hash":"7f56c24ec628da11d350af64cef6a54c7fc23d2e","messageTitle":"fix testcase","messageBody":"Previous testcase only checks name for dupicates\n","fileTypesAndContributionMap":{"test-code":{"insertions":2,"deletions":2}}},{"hash":"129cf9ed69a15c5e507f2c03de063285037c30e6","messageTitle":"Update duplicate checking and testing","messageBody":"","fileTypesAndContributionMap":{"functional-code":{"insertions":121,"deletions":31},"test-code":{"insertions":63,"deletions":13}}}]},{"date":"2021-10-20","commitResults":[{"hash":"4dd339be44606689402b59d798d1082d7a3db9b7","messageTitle":"Update msg to be displayed to the user regarding status of the import","messageBody":"","fileTypesAndContributionMap":{"functional-code":{"insertions":32,"deletions":25}}},{"hash":"c0335b106520c236778807f0f8656c3d28cfc30d","messageTitle":"Fix CheckStyle","messageBody":"","fileTypesAndContributionMap":{"functional-code":{"insertions":3,"deletions":3}}},{"hash":"468702dff0c9a2b986860b3ec809e7c14515f0f3","messageTitle":"Fix import to reflect usecases in DG","messageBody":"","fileTypesAndContributionMap":{"functional-code":{"insertions":28,"deletions":8}}},{"hash":"ab1a4a03cfe12ce82980e5111ef81018b9d031fc","messageTitle":"Fix CheckStyle","messageBody":"","fileTypesAndContributionMap":{"functional-code":{"insertions":2,"deletions":3}}}]},{"date":"2021-10-21","commitResults":[{"hash":"85a16700c56cd05254d815252b47eae3ce00a291","messageTitle":"Update UG","messageBody":"","fileTypesAndContributionMap":{"docs":{"insertions":4,"deletions":19}}},{"hash":"4c3d5531e346498c2b3442e29de5b64473f19d26","messageTitle":"Update UG","messageBody":"","fileTypesAndContributionMap":{"docs":{"insertions":12,"deletions":3}}},{"hash":"e69c75acbdb49136cbada4edaac768277c961fbf","messageTitle":"FIx ug, dg","messageBody":"","fileTypesAndContributionMap":{"docs":{"insertions":14,"deletions":23}}},{"hash":"694ace54999efc4f906fec141d36ae5ebc478a69","messageTitle":"fix dg","messageBody":"","fileTypesAndContributionMap":{"docs":{"insertions":5,"deletions":6}}},{"hash":"1a85daac116ae39e0ddae89bccd922799182e10b","messageTitle":"Fix Checkstyle","messageBody":"","fileTypesAndContributionMap":{"docs":{"insertions":4,"deletions":4}}}]},{"date":"2021-10-22","commitResults":[{"hash":"c6129b029664092c453e9c8ff516df02fe03507e","messageTitle":"Update duplicate person checking to use done command instead of creating new method within model","messageBody":"","fileTypesAndContributionMap":{"functional-code":{"insertions":17,"deletions":34}}},{"hash":"7da2e578f3e417e89facddbca1dd6132a9ea5275","messageTitle":"Fix checkstyle","messageBody":"Remove unused import\n","fileTypesAndContributionMap":{"functional-code":{"insertions":0,"deletions":2}}},{"hash":"c8e6b95bfae5fb659e3653476f8faaead2c1127c","messageTitle":"Fix updateduplicate","messageBody":"Previously, add command cannot be called in a super type. Fix to\ninstead set the person directly instead of making a done command\nto execute\n","fileTypesAndContributionMap":{"functional-code":{"insertions":22,"deletions":29}}},{"hash":"0fe4e7f5848d869ffef22e844ad158b4a478714e","messageTitle":"remove traces of updatePerson","messageBody":"","fileTypesAndContributionMap":{"functional-code":{"insertions":7,"deletions":6},"test-code":{"insertions":0,"deletions":5}}},{"hash":"4afe9e4a06bf29894ad3c5e603b1a11eafe159d8","messageTitle":"Fix checkstyle","messageBody":"","fileTypesAndContributionMap":{"functional-code":{"insertions":2,"deletions":2}}}]},{"date":"2021-10-23","commitResults":[{"hash":"7995fd9e639f96ceb6becb3b447a3bcfcff556af","messageTitle":"update ug import export","messageBody":"","fileTypesAndContributionMap":{"docs":{"insertions":53,"deletions":17}}}]},{"date":"2021-10-24","commitResults":[{"hash":"e40849e0927e1edcd306d384f650f5b6b21db548","messageTitle":"Add Test cases for export","messageBody":"","fileTypesAndContributionMap":{"functional-code":{"insertions":5,"deletions":0},"test-code":{"insertions":109,"deletions":2}}},{"hash":"117cb803787c9ab4b583126ab86f70532d47d92d","messageTitle":"Fix CsvUtil","messageBody":"Previously did not have an export file determined by userpref\n","fileTypesAndContributionMap":{"functional-code":{"insertions":34,"deletions":24},"test-code":{"insertions":17,"deletions":17}}},{"hash":"a1da7757308e2188644e3a12c228d6eb3a9f9737","messageTitle":"Fix WhiteSpace","messageBody":"","fileTypesAndContributionMap":{"test-code":{"insertions":1,"deletions":2}}},{"hash":"ccf66c36408cd6a064f6d552cbf7fc1a40b993d4","messageTitle":"Fix Checkstyle","messageBody":"","fileTypesAndContributionMap":{"docs":{"insertions":6,"deletions":7}}}]},{"date":"2021-10-25","commitResults":[{"hash":"b03a8dfdc8a5778214a7beeb3b843f8b4102a75e","messageTitle":"Fix implementation of importExport","messageBody":"Previously importExport was part of logic. It should instead be\npart of storage\n","fileTypesAndContributionMap":{"functional-code":{"insertions":58,"deletions":17},"test-code":{"insertions":7,"deletions":5}}},{"hash":"b1254b0915991d9f24e97abb5f7d6d14befa84fe","messageTitle":"Fix errors brought up during review","messageBody":"","fileTypesAndContributionMap":{"test-code":{"insertions":1,"deletions":1}}}]}],"loose-bus-change":[{"date":"2021-09-18","commitResults":[{"hash":"14be92d84b0acd8d5249695c4c4c4ab091e70107","messageTitle":"Add image and update Aboutus file","messageBody":"","fileTypesAndContributionMap":{"docs":{"insertions":3,"deletions":3}}},{"hash":"3c057a939c046ceea705516a52facf4853dddcc4","messageTitle":"Add image again","messageBody":"","fileTypesAndContributionMap":{"docs":{"insertions":2,"deletions":2}}},{"hash":"3523ddfdd130dd4af70b539119f33a724151e469","messageTitle":"Update UG with list, done, exit","messageBody":"","fileTypesAndContributionMap":{"docs":{"insertions":13,"deletions":0}}}]},{"date":"2021-09-25","commitResults":[{"hash":"ca0c70c6f113a197ef2dd51afe81001fcc7c662f","messageTitle":"Fix UserGuide.md and change Add command format","messageBody":"","fileTypesAndContributionMap":{"functional-code":{"insertions":3,"deletions":18},"docs":{"insertions":9,"deletions":40}}},{"hash":"759c0ddbf24752d87f92401f1a9c18914fb695cc","messageTitle":"Fix Java CI errors","messageBody":"","fileTypesAndContributionMap":{"test-code":{"insertions":23,"deletions":59}}},{"hash":"e91213e4de22358008cbb9f2c9625b656e776480","messageTitle":"Fix checkstyle errors","messageBody":"","fileTypesAndContributionMap":{"test-code":{"insertions":0,"deletions":9}}},{"hash":"3cb42ae8411fdfb274191473e8801e1b14a3e208","messageTitle":"Fix LogicManagerTest.java","messageBody":"","fileTypesAndContributionMap":{"test-code":{"insertions":1,"deletions":3}}}]},{"date":"2021-10-21","commitResults":[{"hash":"7489c87854b48925f0a24f312b9541571de6a8e5","messageTitle":"Finish Display Command","messageBody":"","fileTypesAndContributionMap":{"functional-code":{"insertions":175,"deletions":18},"other":{"insertions":4,"deletions":0},"docs":{"insertions":72,"deletions":44},"test-code":{"insertions":112,"deletions":0}}}]},{"date":"2021-10-22","commitResults":[{"hash":"c873e897110dfe1b6f1136bfc0292279602de512","messageTitle":"Finish display command and fix style errors","messageBody":"","fileTypesAndContributionMap":{"functional-code":{"insertions":29,"deletions":20}}},{"hash":"33e70c1a1305dbd09ede9b5fc96d43e2167bc0ed","messageTitle":"Finish display and fix style","messageBody":"","fileTypesAndContributionMap":{"functional-code":{"insertions":1,"deletions":1}}},{"hash":"8a008b7ac3aa72717327d584feab2626aced6754","messageTitle":"Finish display","messageBody":"","fileTypesAndContributionMap":{"functional-code":{"insertions":1,"deletions":1}}},{"hash":"c9b855163c9a3e1af41e3a38eb8648e3902e6cf4","messageTitle":"Finish display","messageBody":"","fileTypesAndContributionMap":{"test-code":{"insertions":0,"deletions":15}}},{"hash":"75cdf858765e246181e85d45944cd6068f136e08","messageTitle":"Finish display and fix style","messageBody":"","fileTypesAndContributionMap":{"test-code":{"insertions":1,"deletions":21}}},{"hash":"3b3b52510b3c605fe6af6cf1fcf06580d881b681","messageTitle":"Finish display and fix style","messageBody":"","fileTypesAndContributionMap":{"functional-code":{"insertions":20,"deletions":14},"docs":{"insertions":4,"deletions":1}}},{"hash":"58a0319de51f9da1d8ef969313921863f213ff94","messageTitle":"Update UiManager.java","messageBody":"","fileTypesAndContributionMap":{"functional-code":{"insertions":1,"deletions":1}}},{"hash":"5635c9c5edafa2b2b4befd59f698810a1b594948","messageTitle":"Update MainWindow.java","messageBody":"","fileTypesAndContributionMap":{"functional-code":{"insertions":2,"deletions":2}}},{"hash":"165b2514b233ba22af477b708378b6ad5a00b7ea","messageTitle":"Update MainWindow.java","messageBody":"","fileTypesAndContributionMap":{"functional-code":{"insertions":0,"deletions":2}}}]},{"date":"2021-10-25","commitResults":[{"hash":"08143900026caddac06d012c060d43916a1b360a","messageTitle":"Add tests for display","messageBody":"","fileTypesAndContributionMap":{"test-code":{"insertions":39,"deletions":0}}}]}],"pranav-ganesh":[{"date":"2021-09-18","commitResults":[{"hash":"eaefe10235c9fd9426117c0c8d0c63e5d157b9fa","messageTitle":"Add my image to AboutUs.md","messageBody":"","fileTypesAndContributionMap":{"docs":{"insertions":3,"deletions":3}}},{"hash":"9e955b4a1ff5a1884d662326d99a7007bb3a3a9f","messageTitle":"Delete unnecessary details in the User Guide","messageBody":"","fileTypesAndContributionMap":{"docs":{"insertions":0,"deletions":66}}},{"hash":"797371b490c6b3ef16bfeee2aabdd56b45b81606","messageTitle":"Delete help from User Guide","messageBody":"","fileTypesAndContributionMap":{"docs":{"insertions":0,"deletions":10}}}]},{"date":"2021-09-24","commitResults":[{"hash":"7f81280ff53c34f44e9f46aafd8c44c2a1947e55","messageTitle":"Implement the done command functionality","messageBody":"","fileTypesAndContributionMap":{"functional-code":{"insertions":125,"deletions":2}}}]},{"date":"2021-10-02","commitResults":[{"hash":"79035e63eccbde37bad2ef481061e0a1d13a479a","messageTitle":"Add tests for done command and done command parser","messageBody":"","fileTypesAndContributionMap":{"functional-code":{"insertions":1,"deletions":2},"test-code":{"insertions":79,"deletions":11}}},{"hash":"5508921e1e8759fa147bdad0269df97d5389b693","messageTitle":"Remove trailing whitespaces","messageBody":"","fileTypesAndContributionMap":{"functional-code":{"insertions":6,"deletions":6},"docs":{"insertions":7,"deletions":7},"test-code":{"insertions":1,"deletions":1}}}]},{"date":"2021-10-04","commitResults":[{"hash":"21793606faa717994de8d2395940eec64e07647d","messageTitle":"Correct style errors","messageBody":"","fileTypesAndContributionMap":{"functional-code":{"insertions":21,"deletions":12}}},{"hash":"8b679388ca9cc0b9ca820ba805e3defbd7d4ef77","messageTitle":"Modify isDone parameter from boolean to string","messageBody":"","fileTypesAndContributionMap":{"functional-code":{"insertions":3,"deletions":3},"docs":{"insertions":1,"deletions":1},"test-code":{"insertions":2,"deletions":2}}},{"hash":"7ae40d398b27b7dcfb82db2ea5b76ec9bc5c293c","messageTitle":"Correct some more style errors","messageBody":"","fileTypesAndContributionMap":{"functional-code":{"insertions":2,"deletions":2}}},{"hash":"204fc668799bb165d9217650ba0c1d9917a3d6be","messageTitle":"Remove star imports from DoneCommandTest","messageBody":"","fileTypesAndContributionMap":{"test-code":{"insertions":3,"deletions":2}}},{"hash":"9d645ef3e273f97f41ddecbbeb15d17ed8b1891a","messageTitle":"Fix more code style errors","messageBody":"","fileTypesAndContributionMap":{"test-code":{"insertions":4,"deletions":3}}}]},{"date":"2021-10-23","commitResults":[{"hash":"a9444a7ee2c4518d294ae457b377154b1ee65a19","messageTitle":"Update User Guide","messageBody":"","fileTypesAndContributionMap":{"docs":{"insertions":29,"deletions":0}}}]}],"Kangxun":[{"date":"2021-09-18","commitResults":[{"hash":"73b50600157684c35c14c25b7c6fbe970a67d3d9","messageTitle":"Add image to AboutUs","messageBody":"","fileTypesAndContributionMap":{"docs":{"insertions":3,"deletions":3}}},{"hash":"f07a08b82e9cda4124bc8b74937b2688b917e976","messageTitle":"Add portfolio to AboutUs","messageBody":"","fileTypesAndContributionMap":{"docs":{"insertions":47,"deletions":1}}},{"hash":"ac3cd70ba99c6af8fac825a762ce8a22fba78348","messageTitle":"Update UserGuide features","messageBody":"","fileTypesAndContributionMap":{"docs":{"insertions":27,"deletions":0}}}]},{"date":"2021-09-23","commitResults":[{"hash":"19c2d08a79a952920ce7635a60742cfcab228f24","messageTitle":"Implement minimal done command","messageBody":"","fileTypesAndContributionMap":{"functional-code":{"insertions":16,"deletions":0}}},{"hash":"274e6c422e9b4597154aa1b10b9638667006a70a","messageTitle":"Hook DoneCommand into the application","messageBody":"","fileTypesAndContributionMap":{"functional-code":{"insertions":4,"deletions":0}}},{"hash":"3f576ed285f66144e4a13caaee867ae1324b2d20","messageTitle":"Implement minimum done command test","messageBody":"","fileTypesAndContributionMap":{"test-code":{"insertions":25,"deletions":0}}},{"hash":"c41c11658c787fb5d8bd022f56f397ea6f13fc15","messageTitle":"Modify AddressBookParserTest to include done command","messageBody":"","fileTypesAndContributionMap":{"test-code":{"insertions":6,"deletions":0}}},{"hash":"6e6a0209798c031b32326a3949b5e25845262feb","messageTitle":"Correct DoneCommandTest","messageBody":"","fileTypesAndContributionMap":{"test-code":{"insertions":1,"deletions":1}}},{"hash":"d98c1a093d63eb9fe2074481e3dccc67cdf53779","messageTitle":"Add a new Called class","messageBody":"","fileTypesAndContributionMap":{"functional-code":{"insertions":32,"deletions":0}}},{"hash":"f79805f03964e889bfc94e7bee14a5ec9594ce5d","messageTitle":"Add minimal Called test","messageBody":"","fileTypesAndContributionMap":{"test-code":{"insertions":31,"deletions":0}}},{"hash":"5f4f86cb98fa9a086c203bb484a21b3180a33355","messageTitle":"Refactor Called property to IsDone","messageBody":"","fileTypesAndContributionMap":{"other":{"insertions":13,"deletions":13}}},{"hash":"facc25fafc17b55cf674443e80a404c6e5cb5060","messageTitle":"Refactor IsDone class to contain boolean value","messageBody":"","fileTypesAndContributionMap":{"functional-code":{"insertions":13,"deletions":7}}},{"hash":"de0f3d0a89b08514ed19b13297f195152d020c62","messageTitle":"Refactor other classes that uses IsDone to use boolean value","messageBody":"","fileTypesAndContributionMap":{"functional-code":{"insertions":5,"deletions":5},"test-code":{"insertions":2,"deletions":2}}},{"hash":"42d9a535feaf458c14e965012dec630224e188e0","messageTitle":"Update JsonAdaptedPerson to take in IsDone","messageBody":"","fileTypesAndContributionMap":{"functional-code":{"insertions":5,"deletions":2}}},{"hash":"075c39fde7885949d675c0bddc04058a241f2689","messageTitle":"Update PersonBuilder to take in IsDone","messageBody":"","fileTypesAndContributionMap":{"test-code":{"insertions":4,"deletions":3}}}]},{"date":"2021-09-24","commitResults":[{"hash":"fcd73ae7053afce6d66581e4fe9144ace9aaf936","messageTitle":"Update person properties to include IsDone","messageBody":"","fileTypesAndContributionMap":{"functional-code":{"insertions":7,"deletions":10},"test-code":{"insertions":27,"deletions":38}}},{"hash":"335bb6e9d9ec8f76059baee20aa7aa57326d3480","messageTitle":"Update commands to use IsDone","messageBody":"","fileTypesAndContributionMap":{"functional-code":{"insertions":9,"deletions":6},"test-code":{"insertions":2,"deletions":1}}},{"hash":"333a3462945be3ffe92cf0eef35f4c82ce6e3eab","messageTitle":"Fix formatting errors","messageBody":"","fileTypesAndContributionMap":{"functional-code":{"insertions":12,"deletions":3},"docs":{"insertions":9,"deletions":9},"test-code":{"insertions":3,"deletions":3}}}]},{"date":"2021-09-25","commitResults":[{"hash":"f32d9bf09a38f2ad58c3bb4c4da7dbea9181a7ab","messageTitle":"Correct check to make use of IsDone value instead of string comparison","messageBody":"","fileTypesAndContributionMap":{"functional-code":{"insertions":1,"deletions":1}}},{"hash":"2767f8b4cfee2c058e0111faf33c2242dc36e99e","messageTitle":"Modify CsvAdaptedPerson to include IsDone","messageBody":"","fileTypesAndContributionMap":{"functional-code":{"insertions":3,"deletions":2}}}]},{"date":"2021-10-01","commitResults":[{"hash":"d9d15e1e2d1743429cbddbd72608cda79f911550","messageTitle":"Update README and config","messageBody":"","fileTypesAndContributionMap":{"docs":{"insertions":6,"deletions":3}}}]},{"date":"2021-10-02","commitResults":[{"hash":"57ac5c0f268f1411a31573807e6f38688fc88d5d","messageTitle":"Update README and index","messageBody":"","fileTypesAndContributionMap":{"docs":{"insertions":13,"deletions":15}}},{"hash":"20edbcd17dfd196db93ba6c10517e5e0535e4c3c","messageTitle":"Fix DG and HelpWindow formatting","messageBody":"","fileTypesAndContributionMap":{"functional-code":{"insertions":1,"deletions":1},"docs":{"insertions":20,"deletions":19}}}]},{"date":"2021-10-07","commitResults":[{"hash":"df3098c0d3ade56d35111bbc490cea9a0f73194c","messageTitle":"Update UG","messageBody":"","fileTypesAndContributionMap":{"docs":{"insertions":58,"deletions":19}}},{"hash":"cf6404a7fa8d9b1e8aba3b051961bed40f1001b7","messageTitle":"Fix formatting errors","messageBody":"","fileTypesAndContributionMap":{"docs":{"insertions":12,"deletions":12}}},{"hash":"0724041471b007417b1c1725056d40b9dc2fc062","messageTitle":"Update UG","messageBody":"","fileTypesAndContributionMap":{"docs":{"insertions":57,"deletions":18}}}]},{"date":"2021-10-08","commitResults":[{"hash":"5f5a7b82ed08446b2499c0bfa63046ef2c425ca4","messageTitle":"Teach the app to accept \u0027filter\u0027 but do nothing","messageBody":"Add a FilterCommand that just shows success.\n\nAdd FilterCommandTest that will test that executeCommand()\nreturns success.\n\nModify AddressBookParser to accept a FilterCommand.\n\nAdd new test to AddressBookParserTest, which will test that typing\n\"filter\" returns an instance of FilterCommand.\n","fileTypesAndContributionMap":{"functional-code":{"insertions":30,"deletions":0},"test-code":{"insertions":32,"deletions":0}}}]},{"date":"2021-10-09","commitResults":[{"hash":"8e9fdafa31239c5396fdbfc9ad799e24b111c223","messageTitle":"Teach the app to accept \u0027filter\u0027 arguments but still do nothing","messageBody":"Modify FilterCommand to take in a Category and Integer for count\n\nModify FilterCommandTest to test the equals method\n\nAdd FilterCommandParser that will know how to parse two arguments, category and count\n\nAdd FilterCommandParserTest that will test different boundary values\nfor FilterCommandParser\n\nModify AddressBookParser to use the newly implemented\nFilterCommandParser\n\nModify AddressBookParserTest to ensure that what the user input\ngenerated the correct command\n\nModify CommandTestUtil to include valid category and count values\n\nModify ParserUtil to include parsers for category and count\n\nModify CliSyntax to include empty prefix\n\nAdd Category class\n","fileTypesAndContributionMap":{"functional-code":{"insertions":214,"deletions":3},"test-code":{"insertions":93,"deletions":4}}}]},{"date":"2021-10-10","commitResults":[{"hash":"808956820805095adfeeb94763aa536a3a069349","messageTitle":"Add test for Category","messageBody":"To test the equals method\n","fileTypesAndContributionMap":{"test-code":{"insertions":31,"deletions":0}}}]},{"date":"2021-10-21","commitResults":[{"hash":"edbb4cb92aaef6bb5897916b1bd9d7b97539ab1f","messageTitle":"Update Headers","messageBody":"","fileTypesAndContributionMap":{"docs":{"insertions":2,"deletions":2}}},{"hash":"405e35b9ead465b49d720cadcfa1771d2a114e5c","messageTitle":"Update Line Breaks","messageBody":"","fileTypesAndContributionMap":{"docs":{"insertions":3,"deletions":3}}}]},{"date":"2021-10-24","commitResults":[{"hash":"a9509a2dd52a39b139c5480e9d5b17fecbf4db27","messageTitle":"Add Gender to GUI","messageBody":"","fileTypesAndContributionMap":{"functional-code":{"insertions":13,"deletions":0}}}]},{"date":"2021-10-25","commitResults":[{"hash":"268394a397b8e45f60aa20cf8afc4dd757c203fa","messageTitle":"Add Comparators and ComparatorException","messageBody":"PersonComparator is the main class that makes use of the other Comparators\n","fileTypesAndContributionMap":{"functional-code":{"insertions":134,"deletions":0},"test-code":{"insertions":252,"deletions":0}}},{"hash":"e84ac1c5b7de4c1350108117518b37c3386296fc","messageTitle":"Fix checkstyle errors","messageBody":"","fileTypesAndContributionMap":{"functional-code":{"insertions":13,"deletions":18},"test-code":{"insertions":26,"deletions":24}}},{"hash":"28855f52caf808ff8fe7e4b914cc5999fb8edd99","messageTitle":"Modify FilterCommand","messageBody":"Add tests for FilterCommand and FilterCommandParser\n","fileTypesAndContributionMap":{"functional-code":{"insertions":18,"deletions":3},"test-code":{"insertions":59,"deletions":13}}},{"hash":"b50a696d7c49ae0835eb502f3d273c6bea138fae","messageTitle":"Modify files to use ComparatorException","messageBody":"","fileTypesAndContributionMap":{"functional-code":{"insertions":14,"deletions":7},"test-code":{"insertions":9,"deletions":5}}},{"hash":"b4165a5ba520a476a5b12435bf7e2b67deeca6f7","messageTitle":"Modify ObservableList accessors","messageBody":"","fileTypesAndContributionMap":{"functional-code":{"insertions":91,"deletions":2},"test-code":{"insertions":16,"deletions":0}}},{"hash":"b34f27b10c0c3fa6e3fb3ac5a95f7aced2c8491a","messageTitle":"Fix for display","messageBody":"","fileTypesAndContributionMap":{"functional-code":{"insertions":22,"deletions":3},"test-code":{"insertions":5,"deletions":0}}},{"hash":"37b5719919cccf4e78d7702a5ec4836347bd181a","messageTitle":"Made arguments more flexible","messageBody":"","fileTypesAndContributionMap":{"functional-code":{"insertions":21,"deletions":17},"test-code":{"insertions":15,"deletions":0}}},{"hash":"815c2d04fe795afe7d94276e7bffd99823120f2b","messageTitle":"Modify exception output","messageBody":"","fileTypesAndContributionMap":{"functional-code":{"insertions":35,"deletions":6},"test-code":{"insertions":20,"deletions":7}}},{"hash":"b3a5ee68a160e541f6c3dae40d6fdf47e3aeabaf","messageTitle":"Fix exception output","messageBody":"","fileTypesAndContributionMap":{"functional-code":{"insertions":1,"deletions":1},"test-code":{"insertions":1,"deletions":1}}},{"hash":"eddd0c8db613cedb6b5324ffcb21909760109cce","messageTitle":"Adjust FilterCommandParser method names","messageBody":"","fileTypesAndContributionMap":{"functional-code":{"insertions":4,"deletions":4}}}]}]},"authorFileTypeContributionMap":{"houtenteo":{"docs":299,"functional-code":959,"test-code":674,"other":1},"idgrr":{"docs":174,"functional-code":870,"test-code":327},"loose-bus-change":{"docs":16,"functional-code":179,"test-code":127,"other":4},"pranav-ganesh":{"docs":20,"functional-code":127,"test-code":91},"Kangxun":{"docs":115,"functional-code":611,"test-code":577}},"authorContributionVariance":{"houtenteo":9591952.0,"idgrr":181671.34,"loose-bus-change":5454.023,"pranav-ganesh":962.3827,"Kangxun":21894.861},"authorDisplayNameMap":{"houtenteo":"CS2103T-T13-4 HOUT.. TEO","idgrr":"CS2103T-T13-4 IRFA..HMAT","loose-bus-change":"CS2103T-T13-4 MULA..KETH","pranav-ganesh":"CS2103T-T13-4 GANE..ANAV","Kangxun":"CS2103T-T13-4 DAVI..GXUN"}}
