{"authorDailyContributionsMap":{"danielsimre":[{"date":"2021-09-29","commitResults":[{"hash":"1c9a8f09dd039b8144d6a446063beb2d3f4d0572","messageTitle":"Update leave-related functionality in user guide Add documentation for the addLeaves and removeLeaves commands. These commands will be added in v1.2.","messageBody":"","fileTypesAndContributionMap":{"docs":{"insertions":30,"deletions":0}}},{"hash":"d57c1482b69727372c2b304342a425add1dcbf37","messageTitle":"Update command summary in user guide","messageBody":"","fileTypesAndContributionMap":{"docs":{"insertions":2,"deletions":0}}},{"hash":"5bb8e1f506572a81dcb37910aeab3c50115171b3","messageTitle":"Add leave-related use cases to Developer Guide","messageBody":"","fileTypesAndContributionMap":{"docs":{"insertions":52,"deletions":0}}},{"hash":"dc3e459c55fc60bf5d99f02274e7014199446067","messageTitle":"Create personal portfolio page","messageBody":"","fileTypesAndContributionMap":{"docs":{"insertions":24,"deletions":50}}}]},{"date":"2021-09-30","commitResults":[{"hash":"c36af601e5c52efa2d142aa5ca2fa0666997d36b","messageTitle":"Change AboutMe portfolio links","messageBody":"","fileTypesAndContributionMap":{"docs":{"insertions":11,"deletions":11}}},{"hash":"c13141289dcc6654b040c8ac6932768338e14074","messageTitle":"Add extensions to use cases in DG","messageBody":"","fileTypesAndContributionMap":{"docs":{"insertions":13,"deletions":1}}}]},{"date":"2021-10-07","commitResults":[{"hash":"a6d7e13a625c23ab901e40aa6594c9e893f1ea93","messageTitle":"Add base framework for add/remove leaves","messageBody":"","fileTypesAndContributionMap":{"functional-code":{"insertions":40,"deletions":0},"test-code":{"insertions":21,"deletions":0}}},{"hash":"bf9ed1d714f8cae4eb8aaa6f76450257edee0f71","messageTitle":"Add parsers for add/remove leave commands","messageBody":"","fileTypesAndContributionMap":{"functional-code":{"insertions":223,"deletions":6},"test-code":{"insertions":220,"deletions":2}}},{"hash":"54c5c2f4805f0523f5f157128287ad2d64a7eb7c","messageTitle":"Add Leaves attribute to Person","messageBody":"","fileTypesAndContributionMap":{"functional-code":{"insertions":147,"deletions":30},"test-code":{"insertions":111,"deletions":35}}},{"hash":"a83b3721aaae9fc50d4d41aad4df79b53786e56a","messageTitle":"Add functionality for add/remove leaves commands","messageBody":"","fileTypesAndContributionMap":{"functional-code":{"insertions":78,"deletions":7},"test-code":{"insertions":0,"deletions":20}}},{"hash":"8d9779416e60cf971d1a3700e6d52e1c70ad31d3","messageTitle":"Fix checkstyle errors","messageBody":"","fileTypesAndContributionMap":{"functional-code":{"insertions":4,"deletions":4}}},{"hash":"0635813897903301566e37caadc87412d791c031","messageTitle":"Make UI clearer for leaves","messageBody":"","fileTypesAndContributionMap":{"functional-code":{"insertions":1,"deletions":1}}},{"hash":"1d89c03b9abc0284b83e952c240ad9d94ba8ae16","messageTitle":"Fix checkstyle errors in JUnit tests","messageBody":"","fileTypesAndContributionMap":{"test-code":{"insertions":1,"deletions":1}}},{"hash":"4b32605556057a572f7fa90af44b078c9c87ab7a","messageTitle":"Fix checkstyle errors in test classes","messageBody":"","fileTypesAndContributionMap":{"test-code":{"insertions":97,"deletions":162}}}]},{"date":"2021-10-08","commitResults":[{"hash":"b14808e03017e3a87540a9334020c8ba2b813e34","messageTitle":"Fix minor issues in messages and comments","messageBody":"","fileTypesAndContributionMap":{"functional-code":{"insertions":4,"deletions":3}}}]}],"szelongq":[{"date":"2021-09-28","commitResults":[{"hash":"01c6c7f6d2fd81bfb4239a851736174ae4d8b58b","messageTitle":"Update Calculate Salary function in User Guide","messageBody":"Update documentation for Calculate Salary function in the User Guide. The Calculate Salary function is to be added in v1.2.\n","fileTypesAndContributionMap":{"docs":{"insertions":12,"deletions":2}}},{"hash":"5cdddd951ddaed39f86d82cf3b0e90f06589f77c","messageTitle":"Update Ci banners in Readme","messageBody":"Add acknowledgement to original source of the code - AddressBook-Level3.\n","fileTypesAndContributionMap":{"docs":{"insertions":3,"deletions":1}}},{"hash":"14b03d87b7df0a7330b44ca7b11d958f35ffa8f0","messageTitle":"Update Calculate Pay use case in Developer Guide","messageBody":"","fileTypesAndContributionMap":{"docs":{"insertions":24,"deletions":1}}},{"hash":"7e06ff5d787751c908d49c0a739a8334a4effc75","messageTitle":"Create szelongq.md","messageBody":"Create personal portfolio page documenting contribution to the tp.\n","fileTypesAndContributionMap":{"docs":{"insertions":21,"deletions":0}}}]},{"date":"2021-09-29","commitResults":[{"hash":"6b72dd629f8548522025bb20546776f2f0ac2ecd","messageTitle":"Add Calculate to Command Summary in User Guide","messageBody":"","fileTypesAndContributionMap":{"docs":{"insertions":1,"deletions":0}}}]},{"date":"2021-09-30","commitResults":[{"hash":"883acb25e464e2536bc6be7fc25c4b7da8e0c8c9","messageTitle":"Revert \"Merge branch \u0027master\u0027 into branch-update-ugdg\"","messageBody":"This reverts commit 01998bf76bb7fe17fd41c23b1ee26bf387970f99, reversing\nchanges made to 6b72dd629f8548522025bb20546776f2f0ac2ecd.\n","fileTypesAndContributionMap":{"docs":{"insertions":49,"deletions":71}}},{"hash":"2a13e6e3ce4b5f879843a68bed9e9d9a1926bfdd","messageTitle":"Remerge branch \u0027master\u0027 into branch-update-ugdg","messageBody":"Manually remerged branch \u0027master\u0027 into branch-update-ugdg\n","fileTypesAndContributionMap":{"docs":{"insertions":83,"deletions":6}}},{"hash":"ec3a737b90c185f257651be4971af46022077997","messageTitle":"Update value proposition in Developer Guide","messageBody":"Remove all mention of AddressBook-Level3 in User Guide.\nRemove placeholder email text in AboutUs page.\n","fileTypesAndContributionMap":{"docs":{"insertions":15,"deletions":13}}}]},{"date":"2021-10-06","commitResults":[{"hash":"a250d3fcf32488ed5112b44adc585f9f02978732","messageTitle":"Add Calculate Pay Command","messageBody":"Create CalculatePayCommand.\nCreate parser class and test for CalculatePayCommand.\nUpdate AddressBookParser to recognise CalculatePayCommand.\n","fileTypesAndContributionMap":{"functional-code":{"insertions":95,"deletions":6},"test-code":{"insertions":99,"deletions":0}}},{"hash":"86b3a5b46d6780b54a47b20e1ec08ce61fe994c2","messageTitle":"Fix checkstyle errors","messageBody":"","fileTypesAndContributionMap":{"functional-code":{"insertions":12,"deletions":10},"test-code":{"insertions":10,"deletions":9}}}]},{"date":"2021-10-08","commitResults":[{"hash":"c8194f10ea0fff72e176ecce632bd0edc072d0fa","messageTitle":"Update CalculatePayCommand to use Salary Class","messageBody":"Remove use of Phone as placeholder for Salary value.\nFix invalid role input in TypicalPersons.\n","fileTypesAndContributionMap":{"functional-code":{"insertions":3,"deletions":3},"test-code":{"insertions":4,"deletions":6}}}]}],"boonhaii":[{"date":"2021-09-22","commitResults":[{"hash":"b4a9e7d7199f2dd01edaab4690f29dceb3e0075d","messageTitle":"Update relevant documents.","messageBody":"Add profile picture for AboutUs.md.\nAdd personal information to AboutUs.md.\nCreate new profile named boonhaii.md.\nUpdate User Guide for Add and Delete methods.\n","fileTypesAndContributionMap":{"docs":{"insertions":47,"deletions":13}}}]},{"date":"2021-09-26","commitResults":[{"hash":"6fc50e2d60f905d08b6af5b6c503a646489fc613","messageTitle":"Update AboutUs.md","messageBody":"","fileTypesAndContributionMap":{"docs":{"insertions":27,"deletions":25}}},{"hash":"ebbf8e3309451ca4f359d1802b5022eb9cda60bf","messageTitle":"Update DG with user stories and Non-Functional Requirements","messageBody":"","fileTypesAndContributionMap":{"docs":{"insertions":46,"deletions":14}}},{"hash":"ec8f8e925e17c8cb32e89fdd346bc859ba60d6ab","messageTitle":"Shorten Non-Functional Requirement Pointers and fix user stories","messageBody":"","fileTypesAndContributionMap":{"docs":{"insertions":6,"deletions":6}}}]},{"date":"2021-09-28","commitResults":[{"hash":"c2ad01052de1a7a527e908945c5db704748f0c9e","messageTitle":"Update photos for AboutUs.md, added Use Cases for DG","messageBody":"","fileTypesAndContributionMap":{"docs":{"insertions":69,"deletions":12}}},{"hash":"d294062b4b76f330e7cfc392002c3dde77a97a05","messageTitle":"Update person to employee in User Guide","messageBody":"","fileTypesAndContributionMap":{"docs":{"insertions":9,"deletions":9}}}]},{"date":"2021-09-29","commitResults":[{"hash":"7d3e4c9f2aaa5203d614ca9e03cd19713555dec6","messageTitle":"Update UserGuide.md","messageBody":"","fileTypesAndContributionMap":{"docs":{"insertions":1,"deletions":1}}},{"hash":"690f22f75a4de936c760d142ae393afbc15ad732","messageTitle":"Update UserGuide.md","messageBody":"Update file name in subsection \"Quick Start\", link changed to \"#\", to be updated when v1.2 is out.\r\nUpdate instances of \"address book\" to \"employee book\".\r\nUpdate Command Summary for method `add`.","fileTypesAndContributionMap":{"docs":{"insertions":10,"deletions":10}}}]},{"date":"2021-09-30","commitResults":[{"hash":"2c7ba75d3fdc454a6e67655282b5ef54b4955754","messageTitle":"Update boonhaii.md","messageBody":"Update portfolio document with RepoSense link.","fileTypesAndContributionMap":{"docs":{"insertions":2,"deletions":1}}}]},{"date":"2021-10-01","commitResults":[{"hash":"099f1ef63a06609753f9ddd5b9fa7915286ec099","messageTitle":"Fix typos, change references of persons to employees","messageBody":"","fileTypesAndContributionMap":{"docs":{"insertions":29,"deletions":45}}},{"hash":"f8b0d9c559900137cefb6e14652f8ed1926afef4","messageTitle":"Update UserGuide.md","messageBody":"Fixed typos in Line 84 and 97.","fileTypesAndContributionMap":{"docs":{"insertions":2,"deletions":2}}},{"hash":"8020026aee4be7956daa358f04b1f23ddbf08f79","messageTitle":"Update Add Method for HeRon.","messageBody":"Person object now takes in 4 new parameters: Role, Leaves, Salary, HoursWorked.\nCreate 4 new classes: Role, Leaves, Salary, HoursWorked.\nCreate new prefixes for CliSyntax.\nUpdate Parser to recognise new prefixes.\nUpdate message_usage for AddCommand.\n\nUpdate SampleDataUtil to suit new constructor method for Person object.\nUpdate JsonAdaptedPerson to suit new constructor method for Person object.\n","fileTypesAndContributionMap":{"functional-code":{"insertions":419,"deletions":28}}},{"hash":"e7871c33a861c8ee931740bec833f4e8769b8a32","messageTitle":"Adjust styling to fix checkstyle errors","messageBody":"","fileTypesAndContributionMap":{"functional-code":{"insertions":49,"deletions":11}}},{"hash":"5312bc7bd9cd3b08a137782e8270ca348b33c5a0","messageTitle":"Update test files to abide by newly added fields for Person object","messageBody":"","fileTypesAndContributionMap":{"test-code":{"insertions":174,"deletions":30}}},{"hash":"fd2a75f0c4eb229bf2a3482253cb610aa693ecaa","messageTitle":"Update application name saved file as HeRon.json","messageBody":"","fileTypesAndContributionMap":{"functional-code":{"insertions":1,"deletions":1}}},{"hash":"8c27fb39fc6450dd649a37870e4b49103845361f","messageTitle":"Update UI to display new fields","messageBody":"","fileTypesAndContributionMap":{"functional-code":{"insertions":20,"deletions":0}}}]},{"date":"2021-10-07","commitResults":[{"hash":"5c78ddfff13219d18842e10cebb485f1fce9eb92","messageTitle":"Fix checkstyle errors in test files","messageBody":"","fileTypesAndContributionMap":{"test-code":{"insertions":66,"deletions":22}}},{"hash":"cedfb88494a436086827f27cac1e53aa21bee695","messageTitle":"Comment out test cases","messageBody":"Implement new tags for addPerson causes test cases to fail.\nIn addition, certain test cases rely on functions not updated by this commit.\nTest cases to be updated in the future commit after first merge with basic functionality of HeRon.\nComment out import dependencies of test cases.\n","fileTypesAndContributionMap":{"functional-code":{"insertions":1,"deletions":1},"test-code":{"insertions":651,"deletions":650}}},{"hash":"b00aa127b176674a7af4cd7e3095c50ae23a699e","messageTitle":"Update files according to comments","messageBody":"Fix respective prefixes for CommandTestUtil example input strings.\nUpdate HoursWorked, Salary and Leaves to accept non-negative values.\nUpdate naming for isValidHours to isValidHoursWorked.\n","fileTypesAndContributionMap":{"functional-code":{"insertions":10,"deletions":10},"test-code":{"insertions":9,"deletions":13}}},{"hash":"0c9b62250d8fe1c2bfc30dfc4c8d9e5a8f4dc5ce","messageTitle":"Fix checkstyle error in CommandTestUtil","messageBody":"","fileTypesAndContributionMap":{"test-code":{"insertions":9,"deletions":1}}}]}],"beefham":[{"date":"2021-09-26","commitResults":[{"hash":"883da405be3826114b0356cf917e5830a23f9815","messageTitle":"Add remark command","messageBody":"Follows the tutorial at\nhttps://nus-cs2103-ay2122s1.github.io/tp/tutorials/AddRemark.html\n","fileTypesAndContributionMap":{"functional-code":{"insertions":217,"deletions":16},"test-code":{"insertions":73,"deletions":13}}}]},{"date":"2021-09-27","commitResults":[{"hash":"a5402243b0f59ce5a2f9d28569e43f18f80ec452","messageTitle":"Revert \"Add remark command\"","messageBody":"This reverts commit 883da405be3826114b0356cf917e5830a23f9815.\n","fileTypesAndContributionMap":{"functional-code":{"insertions":16,"deletions":217},"test-code":{"insertions":13,"deletions":73}}},{"hash":"2316eebccd41e51fa8fbec8b3717eea787b5cdc2","messageTitle":"Change find command in user guide","messageBody":"","fileTypesAndContributionMap":{"docs":{"insertions":7,"deletions":13}}}]},{"date":"2021-09-29","commitResults":[{"hash":"e33f6bab1bfa899f8d7edf0fc92b6c74da87b4ac","messageTitle":"Add use case to find command","messageBody":"","fileTypesAndContributionMap":{"docs":{"insertions":37,"deletions":6}}},{"hash":"f93daa96c228c54313a5ed619306d0cb04cfeff8","messageTitle":"Update user and dev guide","messageBody":"","fileTypesAndContributionMap":{"docs":{"insertions":43,"deletions":9}}},{"hash":"d44f887e82415f62aafd9c9253c815071f587116","messageTitle":"Fix typo in beefham.md","messageBody":"","fileTypesAndContributionMap":{"docs":{"insertions":1,"deletions":1}}}]},{"date":"2021-09-30","commitResults":[{"hash":"a76cb33855e05b83824e3ad490501e77d4723e93","messageTitle":"revert AboutUs.md to original to avoid merge conflict","messageBody":"","fileTypesAndContributionMap":{"docs":{"insertions":7,"deletions":6}}},{"hash":"fc77b406762ba6843c1a81aa5fc52f8323bff1a2","messageTitle":"update beefham.md to match other team members","messageBody":"","fileTypesAndContributionMap":{"docs":{"insertions":2,"deletions":1}}},{"hash":"e17a858374396436ea7040f9358a43488071351c","messageTitle":"fix no whitespace at EOF AboutUs.md","messageBody":"","fileTypesAndContributionMap":{"docs":{"insertions":1,"deletions":1}}}]},{"date":"2021-10-06","commitResults":[{"hash":"77c413d1ef908f5755a3f429334357c9e2753b9c","messageTitle":"Add functionality for finding person with phone number","messageBody":"The phone number needs to have an exact match.\n","fileTypesAndContributionMap":{"functional-code":{"insertions":76,"deletions":5}}}]},{"date":"2021-10-07","commitResults":[{"hash":"7924d91ad58cf617c54f5df03d95a876c0b829a6","messageTitle":"Add functionality to find by email and tags.","messageBody":"A person is considered to match if their email or tag contains any of\nthe given keywords.\n","fileTypesAndContributionMap":{"functional-code":{"insertions":88,"deletions":8}}}]},{"date":"2021-10-08","commitResults":[{"hash":"59825dc927d4fea950fbbe65c5d7459e673388cb","messageTitle":"Add find for roles and address","messageBody":"","fileTypesAndContributionMap":{"functional-code":{"insertions":85,"deletions":10}}},{"hash":"798f6f287843e69aff1bfe146fe5f98dd6055ba5","messageTitle":"fix checkstyle errors","messageBody":"","fileTypesAndContributionMap":{"functional-code":{"insertions":3,"deletions":2}}},{"hash":"3716044da4747bc62750a84912badd8be1109222","messageTitle":"fix checkstyle errors","messageBody":"","fileTypesAndContributionMap":{"functional-code":{"insertions":0,"deletions":1}}},{"hash":"76097b5b4c007f583f9d32c1d9d8c94fd3f05ce7","messageTitle":"comment out tests temporarily","messageBody":"","fileTypesAndContributionMap":{"test-code":{"insertions":4,"deletions":1}}},{"hash":"4446b5749c30f0a37f43ad62222a8ea41bfbf82b","messageTitle":"fix checkstyle errors","messageBody":"","fileTypesAndContributionMap":{"test-code":{"insertions":8,"deletions":8}}},{"hash":"51174bb53f1cc6eaceaa772ffc019dfeb38fc673","messageTitle":"Update AddressBookParserTest.java","messageBody":"","fileTypesAndContributionMap":{"test-code":{"insertions":0,"deletions":2}}},{"hash":"663292861c710cc0fa0d05be5b186eece614a0f9","messageTitle":"Update FindCommandParserTest.java","messageBody":"","fileTypesAndContributionMap":{"test-code":{"insertions":0,"deletions":1}}},{"hash":"d279d1d71289e2ab424a6557e8fa122460bbc9b7","messageTitle":"Update AddressBookParserTest.java","messageBody":"","fileTypesAndContributionMap":{"test-code":{"insertions":0,"deletions":1}}}]}],"1waykiat":[{"date":"2021-09-28","commitResults":[{"hash":"7c0f6f3b545cee5618e11339f875927d7cd5e4fe","messageTitle":"Update Edit in Developer Guide","messageBody":"Added the use cases, glossary and test cases related to the edit function\n","fileTypesAndContributionMap":{"docs":{"insertions":57,"deletions":1}}},{"hash":"351928c7679fb940937608e9018839eb42486452","messageTitle":"Update Edit in User Guide","messageBody":"Added the command \"Edit\" with its respective method of use, format and examples together with it.\n\nIncluded the portfolio file together in this commit for the AboutMe\n","fileTypesAndContributionMap":{"docs":{"insertions":23,"deletions":3}}}]},{"date":"2021-09-29","commitResults":[{"hash":"9768426a9ac42dc74b637361b1a0a8a83c9022fa","messageTitle":"Edit Developer Guide and portfolio file","messageBody":"Changed tense, formatting, RepoSense link and misc stuff according to comments provided.\n","fileTypesAndContributionMap":{"docs":{"insertions":9,"deletions":6}}}]},{"date":"2021-10-07","commitResults":[{"hash":"7ffe56020f69c3548446cecd568f02bfed15b6e4","messageTitle":"Update edit command","messageBody":"Updated the `edit` command to take in other arguments for `Role`, `Leaves`, `Salary`, `HoursWorked`, and made appropriate changes to EditCommand as well as EditCommandParser.\nAlso updated EditPersonDescriptorBuilder for testing, but apart from that no further tests added related to edit.\n\nNote: Assumes that all the other related classes (`Person`, `AddCommandParser` etc) have been updated as well. I did up my own implementation of everything and it works, but I saw @boonhaii already did it so what to do\n","fileTypesAndContributionMap":{"functional-code":{"insertions":84,"deletions":3},"test-code":{"insertions":41,"deletions":0}}}]},{"date":"2021-10-08","commitResults":[{"hash":"27a0ed80527f7ab3a91a5d6932f5a9a6d5a52485","messageTitle":"amend issues with merging","messageBody":"","fileTypesAndContributionMap":{"functional-code":{"insertions":0,"deletions":1}}},{"hash":"0d01522b3f8f800c4fea443a7b525eaa4309e719","messageTitle":"dealing with checkstyle errors","messageBody":"","fileTypesAndContributionMap":{"functional-code":{"insertions":1,"deletions":1}}},{"hash":"0d6fcd2692ab198b8afa69ec18284ad85f4c2f83","messageTitle":"true ammend to fix checkstyle","messageBody":"","fileTypesAndContributionMap":{"functional-code":{"insertions":2,"deletions":2}}}]}]},"authorFileTypeContributionMap":{"danielsimre":{"docs":62,"functional-code":424,"test-code":286},"szelongq":{"docs":101,"functional-code":91,"test-code":99},"boonhaii":{"docs":199,"functional-code":367,"test-code":749},"beefham":{"docs":97,"functional-code":231,"test-code":13},"1waykiat":{"docs":72,"functional-code":83,"test-code":41}},"authorContributionVariance":{"danielsimre":63736.61,"szelongq":4745.424,"boonhaii":112312.88,"beefham":9338.264,"1waykiat":964.7768},"authorDisplayNameMap":{"danielsimre":"CS2103T-F11-3 SIM ..NIEL","szelongq":"CS2103T-F11-3 QUEK..LONG","boonhaii":"CS2103T-F11-3 LIM .. HAI","beefham":"CS2103T-F11-3 NG W.. HAN","1waykiat":"CS2103T-F11-3 WAN ..KIAT"}}
