{"authorDailyContributionsMap":{"JoelChanZhiYang":[{"date":"2021-09-23","commitResults":[{"hash":"c4037496cf8640e8818124ad359dfa5fc3d65a9f","messageTitle":"Update \"About Us\u0027 to include Joel Chan","messageBody":"","fileTypesAndContributionMap":{"docs":{"insertions":25,"deletions":5}}},{"hash":"8abad789722de30680684447653c8b072f18d7b5","messageTitle":"Fix broken picture link","messageBody":"","fileTypesAndContributionMap":{"docs":{"insertions":1,"deletions":1}}},{"hash":"fad3fb90aaef9715255297bd28f0d3a8476d1c47","messageTitle":"Update user guide to include information about adding claims to a person","messageBody":"","fileTypesAndContributionMap":{"docs":{"insertions":18,"deletions":3}}},{"hash":"9b61bd99b31a79d8085af9f0389d8e0a1f95504b","messageTitle":"Add CodeCov to README.md","messageBody":"","fileTypesAndContributionMap":{"docs":{"insertions":1,"deletions":1}}}]},{"date":"2021-09-26","commitResults":[{"hash":"9ca017ca1ca86e901a121510736950849457f9da","messageTitle":"Update README","messageBody":"","fileTypesAndContributionMap":{"docs":{"insertions":16,"deletions":11}}},{"hash":"64f2a0437534a09601c999d8236b38dc97850920","messageTitle":"Change reference from Address Book to InsurancePal","messageBody":"","fileTypesAndContributionMap":{"docs":{"insertions":1,"deletions":1}}}]},{"date":"2021-09-30","commitResults":[{"hash":"ea8d62563d5c356c0270a844de04ef0f19abd880","messageTitle":"Add claim commond into parser","messageBody":"","fileTypesAndContributionMap":{"functional-code":{"insertions":120,"deletions":10}}},{"hash":"0fb9dff6476bbfdf36e8578a6cae4614d7fa6444","messageTitle":"Remove placeholder text in AboutUs.md","messageBody":"","fileTypesAndContributionMap":{"docs":{"insertions":1,"deletions":7}}},{"hash":"c8afe133bef2efec12cdcdd3ff01cb0330c6dfae","messageTitle":"Update Index.md with InsurancePal information","messageBody":"","fileTypesAndContributionMap":{"docs":{"insertions":12,"deletions":7}}},{"hash":"00a83288492e99f38eaa743225b6e3126544b8e6","messageTitle":"Update UserGuide to have InsurancePal information","messageBody":"","fileTypesAndContributionMap":{"docs":{"insertions":13,"deletions":9}}},{"hash":"a51af6a18c11d20b75c43910beacc9a4641d3552","messageTitle":"Remove trailing whitespaces in developer guide","messageBody":"","fileTypesAndContributionMap":{"docs":{"insertions":32,"deletions":32}}},{"hash":"71756adb7a726275f53c5b7a7002652217d4f3da","messageTitle":"Fix a typo in user guide","messageBody":"","fileTypesAndContributionMap":{"docs":{"insertions":1,"deletions":1}}},{"hash":"11ca13f233cb2f25b9ec66f7dcd5dbfe20eec0ba","messageTitle":"Change picture name to conform with github username","messageBody":"","fileTypesAndContributionMap":{"docs":{"insertions":1,"deletions":1}}}]},{"date":"2021-10-07","commitResults":[{"hash":"98d61a61881b6706515df9330d01d6d5afbbc501","messageTitle":"Add Claim model and parser","messageBody":"","fileTypesAndContributionMap":{"functional-code":{"insertions":282,"deletions":39}}},{"hash":"8460f8eee8c42cbc50874a410c0db1caf6544b21","messageTitle":"Add UI implementation of claims","messageBody":"","fileTypesAndContributionMap":{"functional-code":{"insertions":3,"deletions":3}}},{"hash":"a9967ddace168dd0a5fdcae694a5f018aae3468d","messageTitle":"Add claims to storage","messageBody":"","fileTypesAndContributionMap":{"functional-code":{"insertions":82,"deletions":3}}},{"hash":"18ba81cae671cd62d013586d6e717ae41cbb6458","messageTitle":"Modify UI to have better spacing","messageBody":"","fileTypesAndContributionMap":{"functional-code":{"insertions":6,"deletions":4}}},{"hash":"48a530a5b0dc456db4bd7c7602f85d59388179c9","messageTitle":"Modified EditCommand to work with claims","messageBody":"","fileTypesAndContributionMap":{"functional-code":{"insertions":4,"deletions":2}}}]},{"date":"2021-10-08","commitResults":[{"hash":"b9e571e26ebdb2ddf966dd73b67ca7b95b894531","messageTitle":"Add unit test to claim model","messageBody":"","fileTypesAndContributionMap":{"functional-code":{"insertions":5,"deletions":2},"test-code":{"insertions":294,"deletions":10}}}]},{"date":"2021-10-09","commitResults":[{"hash":"156366f5438336f68993c963aa0a6f62a0280f8e","messageTitle":"Add test to claim feature","messageBody":"","fileTypesAndContributionMap":{"functional-code":{"insertions":8,"deletions":4},"test-code":{"insertions":223,"deletions":12}}},{"hash":"6a5ff0a1159fe71cea8fd14e0fa7eb52641a931d","messageTitle":"Add JavaDocs","messageBody":"","fileTypesAndContributionMap":{"functional-code":{"insertions":108,"deletions":25}}},{"hash":"2fb39bd14e70e3666d8f66dedeaf4e1e00716569","messageTitle":"Fix name of document","messageBody":"","fileTypesAndContributionMap":{"docs":{"insertions":3,"deletions":2}}}]},{"date":"2021-10-10","commitResults":[{"hash":"045b7ee97249799a02760f840547b99774ffde51","messageTitle":"Modify formatting of test files","messageBody":"","fileTypesAndContributionMap":{"test-code":{"insertions":113,"deletions":51}}},{"hash":"8864d83b10f5c47f015a67a918634880a3a773fa","messageTitle":"Remove trailing whitespaces in documentation","messageBody":"","fileTypesAndContributionMap":{"docs":{"insertions":10,"deletions":10}}},{"hash":"c03ab7c2f9c2e4d963820b2917ed23d44011f3d0","messageTitle":"Modify behavior to toString method to be consistent with equals method","messageBody":"","fileTypesAndContributionMap":{"functional-code":{"insertions":2,"deletions":2},"test-code":{"insertions":4,"deletions":4}}}]},{"date":"2021-10-14","commitResults":[{"hash":"d03f270b63636d23bb520484776a9cb8b806587b","messageTitle":"Update Joel\u0027s portfolio and remove unnecessary files","messageBody":"","fileTypesAndContributionMap":{"docs":{"insertions":6,"deletions":2104}}}]},{"date":"2021-10-18","commitResults":[{"hash":"d38c32f2b75d64e376e39ceaf08ca3b8554e7e49","messageTitle":"Enable assertions in build.gradle file","messageBody":"","fileTypesAndContributionMap":{"other":{"insertions":4,"deletions":0}}}]},{"date":"2021-10-19","commitResults":[{"hash":"5ef64a16e902bb7db5ffc1743165f3649b3c12d7","messageTitle":"Update version number in MainApp.java","messageBody":"","fileTypesAndContributionMap":{"functional-code":{"insertions":1,"deletions":1}}}]},{"date":"2021-10-20","commitResults":[{"hash":"6a1f220b4e72086fcc389ed4848f22c630043613","messageTitle":"Add ability to delete and update claims","messageBody":"","fileTypesAndContributionMap":{"functional-code":{"insertions":205,"deletions":35},"test-code":{"insertions":173,"deletions":35}}},{"hash":"704839eaa30d5466b28ab64659131d8003f359bd","messageTitle":"Remove unused import in ClaimCommandParserTest","messageBody":"","fileTypesAndContributionMap":{"test-code":{"insertions":0,"deletions":1}}},{"hash":"959ab00ef42ea9a7f567dd7601109a4b3ddf89e7","messageTitle":"Fix formating in usage message for claim command","messageBody":"","fileTypesAndContributionMap":{"functional-code":{"insertions":7,"deletions":7}}}]},{"date":"2021-10-22","commitResults":[{"hash":"0f5e5497c927412be3e03b78293cd5a07a7a1066","messageTitle":"Add puml for claims developer guide diagrams","messageBody":"","fileTypesAndContributionMap":{"docs":{"insertions":80,"deletions":2}}},{"hash":"3014b4e1be9977e755f4902712d47e87f841fcc2","messageTitle":"Add implementation details in the developer guide","messageBody":"","fileTypesAndContributionMap":{"docs":{"insertions":86,"deletions":21}}},{"hash":"f38339167904b9d9f39f072de2043091965e6e2c","messageTitle":"Increase width of sequence diagram","messageBody":"","fileTypesAndContributionMap":{"docs":{"insertions":1,"deletions":1}}},{"hash":"1ba26bfc8b836ec567dbd3f69a1887aa88c42b07","messageTitle":"Fix some spelling errors","messageBody":"","fileTypesAndContributionMap":{"docs":{"insertions":3,"deletions":3}}},{"hash":"370bb840600c6fa960fc15e58380bfb1631aa95c","messageTitle":"Remove trailing whitespaces","messageBody":"","fileTypesAndContributionMap":{"docs":{"insertions":14,"deletions":15}}}]},{"date":"2021-10-24","commitResults":[{"hash":"6e2ff5be591dad69d8fb02d244d6e8473da5bbbf","messageTitle":"Fix some formatting issues in developer guide","messageBody":"","fileTypesAndContributionMap":{"docs":{"insertions":2,"deletions":2}}},{"hash":"aca18a927dbc7715cd66c5ea5abcf5e79edeb0f1","messageTitle":"Modify ClaimCommand to use ofNullable","messageBody":"","fileTypesAndContributionMap":{"functional-code":{"insertions":4,"deletions":2}}},{"hash":"00f2d2cd79f0208661bca8cda3e141fa19d3c383","messageTitle":"Remove unused import","messageBody":"","fileTypesAndContributionMap":{"functional-code":{"insertions":0,"deletions":2}}}]},{"date":"2021-10-27","commitResults":[{"hash":"c8981573b6da6a5540dfd64bf650af59ce803b3e","messageTitle":"Add minor changes to improve UI, developer guide and user guide","messageBody":"","fileTypesAndContributionMap":{"functional-code":{"insertions":40,"deletions":32},"docs":{"insertions":12,"deletions":10},"test-code":{"insertions":2,"deletions":5}}}]},{"date":"2021-10-28","commitResults":[{"hash":"aedd5154412543b1044305efe936e4053efdc875","messageTitle":"Change UI picture to be updated","messageBody":"","fileTypesAndContributionMap":{"docs":{"insertions":6,"deletions":5}}}]},{"date":"2021-10-29","commitResults":[{"hash":"8ec10642da518285633ff8cd0b46104eab3d7d7c","messageTitle":"Update UserGuide.md","messageBody":"","fileTypesAndContributionMap":{"docs":{"insertions":3,"deletions":3}}}]}],"CheahYan":[{"date":"2021-09-29","commitResults":[{"hash":"dd8308cb1d7589d6e5321f308816634ee02b002b","messageTitle":"AboutUs Cheah Yan","messageBody":"Added AboutUs for Cheah Yan\n","fileTypesAndContributionMap":{"docs":{"insertions":26,"deletions":6}}},{"hash":"d1549e8b87b75ac9eea12b1553d272cf973a4216","messageTitle":"Update UserGuide.md","messageBody":"Added revenue documentation to user guide\n","fileTypesAndContributionMap":{"docs":{"insertions":19,"deletions":0}}},{"hash":"b69d0e4f3e3d1c307b3eb21d8eb6f41507382524","messageTitle":"Update DevGuide","messageBody":"Added Target user profile, value proposition, user stories to Developer guide\n","fileTypesAndContributionMap":{"docs":{"insertions":41,"deletions":13}}}]},{"date":"2021-09-30","commitResults":[{"hash":"75a0bcb3e15777e6ac0f7efe18560d84085f5dee","messageTitle":"Updated project portfolio page","messageBody":"Added more details for project page for cheahyan.md\n","fileTypesAndContributionMap":{"docs":{"insertions":2,"deletions":0}}}]},{"date":"2021-10-09","commitResults":[{"hash":"79e1724ca85df5112ef5900fd049b6c8403928c9","messageTitle":"Updated Admin Matters","messageBody":"Changed User Stories, set Profile picture height and removed \"[coming soon]\"\n","fileTypesAndContributionMap":{"docs":{"insertions":11,"deletions":11}}}]},{"date":"2021-10-10","commitResults":[{"hash":"0582e709964feaa1a4a5ad943fef3c6cf968f7e6","messageTitle":"Added Revenue","messageBody":"Edited Revenue section in UserGuide. Added Revenue feature\n","fileTypesAndContributionMap":{"functional-code":{"insertions":240,"deletions":10},"docs":{"insertions":12,"deletions":9},"test-code":{"insertions":35,"deletions":12}}},{"hash":"ef9454726ba3da8eb1307febe91398baaff933b3","messageTitle":"Updated styling issues","messageBody":"","fileTypesAndContributionMap":{"functional-code":{"insertions":29,"deletions":11}}}]},{"date":"2021-10-11","commitResults":[{"hash":"cb0eeb563c031a4a2e859fb87cfc48a6fdc715e4","messageTitle":"Corrected the testcases","messageBody":"","fileTypesAndContributionMap":{"functional-code":{"insertions":25,"deletions":2},"test-code":{"insertions":25,"deletions":16}}},{"hash":"b09fa0f869dd653e3645a079a80072cd3b459818","messageTitle":"debugging","messageBody":"","fileTypesAndContributionMap":{"functional-code":{"insertions":5,"deletions":3}}},{"hash":"bf5d9dd35fc638c4b194118945b65e2d4bd1d6f8","messageTitle":"Merged with XianLin","messageBody":"","fileTypesAndContributionMap":{"functional-code":{"insertions":7,"deletions":5},"test-code":{"insertions":1,"deletions":1}}},{"hash":"dedcadc2b5baaad1a5f0b0884c99cd154a4c6d63","messageTitle":"Update JsonAdaptedPersonTest.java","messageBody":"","fileTypesAndContributionMap":{"test-code":{"insertions":2,"deletions":2}}},{"hash":"48831daf7f2aa0ca7b329169d5bd00e7a9410c1a","messageTitle":"Update JsonAdaptedPersonTest.java","messageBody":"","fileTypesAndContributionMap":{"test-code":{"insertions":1,"deletions":2}}},{"hash":"cebd8ba8b05549e5048d66cfe468251459431f71","messageTitle":"Updated Checkstyle issues","messageBody":"","fileTypesAndContributionMap":{"functional-code":{"insertions":2,"deletions":4},"test-code":{"insertions":8,"deletions":8}}},{"hash":"378a44ac6b8d37235aaa713ec66297f2ef477d14","messageTitle":"Updated Test","messageBody":"","fileTypesAndContributionMap":{"functional-code":{"insertions":7,"deletions":0},"test-code":{"insertions":171,"deletions":0}}},{"hash":"12fa1c4da55bd37644f35e276f3835297053990c","messageTitle":"changes","messageBody":"","fileTypesAndContributionMap":{"test-code":{"insertions":5,"deletions":5}}},{"hash":"b9fd2abf77ac7b1212424cbf7268f86bb72e277c","messageTitle":"Accounted for exception in Parsing revenue","messageBody":"","fileTypesAndContributionMap":{"functional-code":{"insertions":9,"deletions":4}}},{"hash":"d48e6de65133559a84661eed8b61211d417facdf","messageTitle":"Changed code flow","messageBody":"","fileTypesAndContributionMap":{"functional-code":{"insertions":39,"deletions":12}}}]},{"date":"2021-10-25","commitResults":[{"hash":"369fe7b251783ef45605885bc333be8e93fcaab7","messageTitle":"Updated schedule feature","messageBody":"Now schedule feature is able to take in month inputs with the first three letters in any format\n","fileTypesAndContributionMap":{"functional-code":{"insertions":18,"deletions":5}}},{"hash":"4964dd0704aa67ea930418aa9f87c6fb919bbe59","messageTitle":"debug","messageBody":"","fileTypesAndContributionMap":{"functional-code":{"insertions":2,"deletions":2}}},{"hash":"99ca26afa2c9b31817a94751d31e7b48d95ad0f0","messageTitle":"Debug","messageBody":"","fileTypesAndContributionMap":{"functional-code":{"insertions":3,"deletions":1}}},{"hash":"d260496312c663a133e7fa24b4312297c836f366","messageTitle":"Updated Edit Command","messageBody":"Edit command can now edit for revenue\n","fileTypesAndContributionMap":{"functional-code":{"insertions":18,"deletions":6}}},{"hash":"4111d449fef619ddaffc217600129465bb5a410d","messageTitle":"debug","messageBody":"","fileTypesAndContributionMap":{"functional-code":{"insertions":2,"deletions":1}}},{"hash":"626c2229a37fc48f4aafc2886d2c32c0ad70e417","messageTitle":"Updated Test cases","messageBody":"","fileTypesAndContributionMap":{"functional-code":{"insertions":13,"deletions":0},"test-code":{"insertions":41,"deletions":8}}},{"hash":"c72d208838dce6c2a7e2248148871681632e21b0","messageTitle":"debug","messageBody":"","fileTypesAndContributionMap":{"test-code":{"insertions":5,"deletions":4}}}]},{"date":"2021-10-26","commitResults":[{"hash":"7e2b450fcc8ab810d80bbf01610774a23e5d53c1","messageTitle":"Update UserGuide","messageBody":"Update user guide with the new features.\n","fileTypesAndContributionMap":{"docs":{"insertions":9,"deletions":4}}}]},{"date":"2021-10-28","commitResults":[{"hash":"42d1b7a21ac23d492704b778e819eb572008745b","messageTitle":"Updated DG for revenue","messageBody":"","fileTypesAndContributionMap":{"docs":{"insertions":169,"deletions":1}}},{"hash":"5038e3b994432f2acc51bf51c8d2b13aae696607","messageTitle":"debug","messageBody":"","fileTypesAndContributionMap":{"docs":{"insertions":1,"deletions":0}}},{"hash":"b410279980f021b774147a44c08fa9f3fc41b7d2","messageTitle":"debug","messageBody":"","fileTypesAndContributionMap":{"docs":{"insertions":1,"deletions":1}}}]}],"xianlinc":[{"date":"2021-09-27","commitResults":[{"hash":"d6f4fa6325e97c19f95c6030d6aad7666bfc4ee8","messageTitle":"Update \u0027AboutUs\u0027 to include Chng Xian Lin","messageBody":"","fileTypesAndContributionMap":{"docs":{"insertions":6,"deletions":6}}}]},{"date":"2021-09-28","commitResults":[{"hash":"ef43b0f3e94c503e0185bde78d72e82760e9d0f3","messageTitle":"Create and update personal project portfolio page","messageBody":"","fileTypesAndContributionMap":{"docs":{"insertions":17,"deletions":0}}},{"hash":"a80e0fc9272884403cdcbeb92d6940379b254c83","messageTitle":"Update User Guide to include documentation for note feature","messageBody":"","fileTypesAndContributionMap":{"docs":{"insertions":12,"deletions":0}}},{"hash":"858105571c22aa89cf0491d0d04fd7ed717138e6","messageTitle":"Change filename to xianlinc.md and add newline at EOF","messageBody":"","fileTypesAndContributionMap":{"docs":{"insertions":1,"deletions":1}}},{"hash":"2c55404de0b27d4de804061ac265815429acf37b","messageTitle":"Update DG to include use cases","messageBody":"","fileTypesAndContributionMap":{"docs":{"insertions":215,"deletions":6}}},{"hash":"3480b47a7eeab781fe9807d514bfa96ab045462f","messageTitle":"Fix picture not showing up on AboutUs.md","messageBody":"Xianlin\u0027s picture was not showing up in the AboutUs document.\n\nProblem occurred because the image name was changed but the AboutUs document was not updated.\n\nLet\u0027s update the AboutUs.md file to reflect the proper file name.","fileTypesAndContributionMap":{"docs":{"insertions":2,"deletions":2}}}]},{"date":"2021-09-29","commitResults":[{"hash":"eca1a216bfd9bd06ffbb157c473d7d6bb676bc45","messageTitle":"Change instances of AddressBook to InsurancePal in DG","messageBody":"","fileTypesAndContributionMap":{"docs":{"insertions":35,"deletions":35}}},{"hash":"ec6e049f2d7a3d2edca266db46546c497be7f76d","messageTitle":"Create NoteCommand that adds a note to an existing person","messageBody":"","fileTypesAndContributionMap":{"functional-code":{"insertions":32,"deletions":0}}},{"hash":"d6f496de9c594375014c1180e11b149baa863841","messageTitle":"Add ability to accept input to NoteCommand","messageBody":"","fileTypesAndContributionMap":{"functional-code":{"insertions":38,"deletions":1}}},{"hash":"9624f47b5d1fa07523bb914856322c330c62e909","messageTitle":"Add a parser for NoteCommand","messageBody":"","fileTypesAndContributionMap":{"functional-code":{"insertions":40,"deletions":0}}},{"hash":"5dd0d3e35e549f381d04e02d741db485892c4bf0","messageTitle":"Create a Note class which represents a note assigned to a person","messageBody":"","fileTypesAndContributionMap":{"functional-code":{"insertions":45,"deletions":0}}},{"hash":"f04a6df508d3b517d49561768e8bf143991d1b40","messageTitle":"Update AddressBookParser, NoteCommand to use Note class instead of String","messageBody":"","fileTypesAndContributionMap":{"functional-code":{"insertions":10,"deletions":17}}},{"hash":"7e57d91b812ea2e28c213ac1009a8838c9a89101","messageTitle":"Add PREFIX_NOTE to list of prefixes","messageBody":"","fileTypesAndContributionMap":{"functional-code":{"insertions":1,"deletions":0}}},{"hash":"7bf6d9bc94f44c12761e5be8f90a172d5d5e89ba","messageTitle":"Update person constructor to include note","messageBody":"","fileTypesAndContributionMap":{"functional-code":{"insertions":9,"deletions":2}}},{"hash":"fd8d68b174f457c4e38b3d5d87c6da5dd08a1b40","messageTitle":"Change PersonCard class and PersonListCard.fxml to inlcude note in Ui","messageBody":"","fileTypesAndContributionMap":{"functional-code":{"insertions":4,"deletions":0}}}]},{"date":"2021-10-03","commitResults":[{"hash":"efe155caff7ebaf00f493c009098392efd5efe30","messageTitle":"Fix naming inconsistencies of \u0027client\u0027 in DG","messageBody":"Change all instances of \u0027person\u0027 and \u0027contact\u0027 to \u0027client\u0027.\n","fileTypesAndContributionMap":{"docs":{"insertions":68,"deletions":68}}},{"hash":"78763b059b15966bd7c10a88562142acd3300d2b","messageTitle":"Fix incorrect step numbering in DG use cases","messageBody":"","fileTypesAndContributionMap":{"docs":{"insertions":2,"deletions":2}}}]},{"date":"2021-10-06","commitResults":[{"hash":"071e0cba0095e51c2ebe7a5562845025c19771be","messageTitle":"Fix improper sentence in DG","messageBody":"Change \"clients of clients\" to \"contacts of clients\"","fileTypesAndContributionMap":{"docs":{"insertions":1,"deletions":1}}},{"hash":"7f25efdd7476bbc2a507496795077d583262269c","messageTitle":"Amend improper sentence","messageBody":"Change \"the contacts of clients\" to \"clients\"","fileTypesAndContributionMap":{"docs":{"insertions":1,"deletions":1}}}]},{"date":"2021-10-08","commitResults":[{"hash":"ce005e7855372287ddc9056b779920f3d3326c0d","messageTitle":"Update usages of Person to include Note","messageBody":"","fileTypesAndContributionMap":{"functional-code":{"insertions":86,"deletions":52},"test-code":{"insertions":44,"deletions":26}}}]},{"date":"2021-10-09","commitResults":[{"hash":"b7fba8a67caad1e399eb34d64d79ad0760403569","messageTitle":"Update test data to include Note","messageBody":"","fileTypesAndContributionMap":{"test-code":{"insertions":19,"deletions":10}}},{"hash":"c39ee37ce51ed3a8c6c6f931924cd7c459b3a757","messageTitle":"Create NoteCommandTest to ensure expected behaviour","messageBody":"","fileTypesAndContributionMap":{"test-code":{"insertions":106,"deletions":0}}},{"hash":"f6dfbf42abd0a38bc85f2a2c2a448632c68cdecc","messageTitle":"Modify EditPersonDescriptorBuilder to support Note class","messageBody":"","fileTypesAndContributionMap":{"test-code":{"insertions":14,"deletions":7}}},{"hash":"c895db571071ec1e5dd504e0ab802b137c4c311c","messageTitle":"Resolve checkstyle warnings in project","messageBody":"","fileTypesAndContributionMap":{"functional-code":{"insertions":53,"deletions":9},"test-code":{"insertions":28,"deletions":17}}},{"hash":"5e59905b64f0108a3bdc418255ba363992b7534d","messageTitle":"Create testing for NoteCommand in AddressBookParser","messageBody":"Create test parseCommand_note to ensure expected behaviour from parsing of a note command","fileTypesAndContributionMap":{"functional-code":{"insertions":1,"deletions":1},"test-code":{"insertions":20,"deletions":0}}}]},{"date":"2021-10-10","commitResults":[{"hash":"3d1e27ab350047c371fe1260bc1228ea8c7a3646","messageTitle":"Change NOTE_PREFIX from \"n/\" to \"no/\"","messageBody":"Note command prefix \"n\" overlaps with the name prefix.\nLet\u0027s change it to \"no/\"","fileTypesAndContributionMap":{"functional-code":{"insertions":1,"deletions":1}}},{"hash":"65c0cae9e24dcf4a4e0dfc40ce93b23b3b6c5542","messageTitle":"Change javadocs of NoteCommand to reflect new NOTE_PREFIX","messageBody":"","fileTypesAndContributionMap":{"functional-code":{"insertions":1,"deletions":1}}},{"hash":"9bedf85bc0fca0b44b374e4151e3cca5f59f90d7","messageTitle":"Improve test data for add and edit commands","messageBody":"","fileTypesAndContributionMap":{"test-code":{"insertions":18,"deletions":17}}},{"hash":"f353783ebb676f60fbb6a90c10cea64e38805a99","messageTitle":"Fix parsing issue of edit command","messageBody":"Edit command does not recognise the PREFIX_NOTE\n\nLet\u0027s:\n* Add PREFIX_NOTE to the argument multimap in EditCommandParser\n* fix the descriptor to include Note","fileTypesAndContributionMap":{"functional-code":{"insertions":7,"deletions":1},"test-code":{"insertions":3,"deletions":0}}},{"hash":"da367e1bb41093c610c5229799470e887a6ac19d","messageTitle":"Fix parsing issue of add command","messageBody":"Add command does not recognise the PREFIX_NOTE\n\nLet\u0027s:\n* Add PREFIX_NOTE to the argument multimap in AddCommandParser\n","fileTypesAndContributionMap":{"functional-code":{"insertions":3,"deletions":2}}},{"hash":"882e0a9d0fb3d90c28fa3a2e2543f0e313e2689a","messageTitle":"Change DEFAULT_NOTE to an empty string","messageBody":"","fileTypesAndContributionMap":{"test-code":{"insertions":1,"deletions":1}}},{"hash":"ed514bd662458db1f544477aa88f82102be499f8","messageTitle":"Include Note in the equals method of Person","messageBody":"","fileTypesAndContributionMap":{"functional-code":{"insertions":2,"deletions":1}}},{"hash":"f059dfe541a7a2a60e61ec709063b55a0429a2d5","messageTitle":"Add missing information to AddCommand and Person","messageBody":"There is more text that needs to be written or formatted for these 2 classes\nLet\u0027s:\n* Reorder how Note and Meeting gets printed in a Person\u0027s toString method\n* Add text to include Note in AddCommand MESSAGE_USAGE","fileTypesAndContributionMap":{"functional-code":{"insertions":9,"deletions":6}}},{"hash":"801d8ebd4408e61eefc5370fb25e2f9146062a07","messageTitle":"Fix issues caused by merging","messageBody":"Some methods that should include both Note and Appointments do not, due to merging issues.\nLet\u0027s:\n* update methods which do not have both note and appointment","fileTypesAndContributionMap":{"functional-code":{"insertions":6,"deletions":3},"test-code":{"insertions":3,"deletions":4}}},{"hash":"5b4f369f19e8ee72bf43344b06362ef5c0bfd3ec","messageTitle":"Fix bug where Appointment is null when loading from sampleData","messageBody":"SampleData has Persons with appointment \u003d null\nThis causes a nullPointerException. An empty Appointment should be {new Appointment(\"\")}\nLet\u0027s change null to an empty string eg. (\"\") to reflect what an empty appointment is.","fileTypesAndContributionMap":{"functional-code":{"insertions":6,"deletions":6}}},{"hash":"baae6394d5b6f56609f470023d449fb644d45b13","messageTitle":"Write test for equals method in NoteCommand","messageBody":"","fileTypesAndContributionMap":{"test-code":{"insertions":30,"deletions":0}}}]},{"date":"2021-10-14","commitResults":[{"hash":"18c36b73709b9e8ebb99afb622c4efd906f0e4c5","messageTitle":"Fix bug where Edit command does not edit a Persons note","messageBody":"","fileTypesAndContributionMap":{"functional-code":{"insertions":1,"deletions":1}}},{"hash":"d5130307d4699be1a89e987c7348446df5e695db","messageTitle":"Fix typo that occurred when resolving merge conflict","messageBody":"","fileTypesAndContributionMap":{"functional-code":{"insertions":1,"deletions":1}}}]},{"date":"2021-10-22","commitResults":[{"hash":"636ba3737b465b0fe9a964616f986bc25c09d8bb","messageTitle":"Add draft of update to Note feature in DG","messageBody":"","fileTypesAndContributionMap":{"docs":{"insertions":9,"deletions":0}}}]},{"date":"2021-10-24","commitResults":[{"hash":"42ae332020d483f4af940ee4524fe42a4ef8fb37","messageTitle":"Create AppointmentCard.java","messageBody":"","fileTypesAndContributionMap":{"functional-code":{"insertions":65,"deletions":0}}},{"hash":"3b08e74daf073d57ac645fb8b56f9e14741ad81a","messageTitle":"Create fxml for AppointmentCard.java","messageBody":"","fileTypesAndContributionMap":{"functional-code":{"insertions":36,"deletions":0}}},{"hash":"5d842d0058841b9d6158e9b1f81f4ed2599ff62c","messageTitle":"Update javadocs of AppointmentCard.java with correct details","messageBody":"","fileTypesAndContributionMap":{"functional-code":{"insertions":4,"deletions":6}}},{"hash":"544b1bd1602881ff798dd52a90da6074c49a3497","messageTitle":"Create controller and fxml for AppointmentListPanel","messageBody":"","fileTypesAndContributionMap":{"functional-code":{"insertions":59,"deletions":0}}},{"hash":"1dd03160e1cc6216125866624d2f365b22d3cfbc","messageTitle":"Update MainWindow.java to include AppointmentList","messageBody":"","fileTypesAndContributionMap":{"functional-code":{"insertions":7,"deletions":0}}},{"hash":"3803dca85ff6e6fef3fbeb6eef5fe3bbc2f04864","messageTitle":"Add a header to PersonListPanel","messageBody":"","fileTypesAndContributionMap":{"functional-code":{"insertions":2,"deletions":0}}},{"hash":"e7a72c28cad3e880342189d29db833786346158d","messageTitle":"Display the meeting time of the Appointment as the header of AppointmentCard","messageBody":"","fileTypesAndContributionMap":{"functional-code":{"insertions":2,"deletions":2}}},{"hash":"65e352e0428f9918b8d1b880d8cb3b234909256a","messageTitle":"Put AppointmentListPanel beside PersonListPanel in MainWindow","messageBody":"","fileTypesAndContributionMap":{"functional-code":{"insertions":58,"deletions":43}}}]},{"date":"2021-10-26","commitResults":[{"hash":"6632fd4f51b96b07cad2b892940a72a0c8539a9b","messageTitle":"Create ClaimCard class","messageBody":"","fileTypesAndContributionMap":{"functional-code":{"insertions":73,"deletions":0}}},{"hash":"0fd201d7e07fdf3388c08c3bdb089341516b1cb2","messageTitle":"Create ClaimListPanel class","messageBody":"","fileTypesAndContributionMap":{"functional-code":{"insertions":51,"deletions":0}}},{"hash":"1a63299d21801a4e694b30137429433466bad036","messageTitle":"Create ClaimListPanel.fxml","messageBody":"","fileTypesAndContributionMap":{"functional-code":{"insertions":10,"deletions":0}}},{"hash":"53e3d8a6fd08629ff3ff554f0c9217a8fc516641","messageTitle":"Create basic version of ClaimListCard.fxml that has not been styled","messageBody":"","fileTypesAndContributionMap":{"functional-code":{"insertions":29,"deletions":0}}},{"hash":"4cd33957e8c0c78531ed7737fdb930e668ee2ae6","messageTitle":"Add ClaimListPanel to MainWindow.fxml","messageBody":"","fileTypesAndContributionMap":{"functional-code":{"insertions":9,"deletions":1}}},{"hash":"d8e7ea64075a4c5f84e004b327a6947187fbcfbf","messageTitle":"Change position and colour of insurances in UI","messageBody":"","fileTypesAndContributionMap":{"functional-code":{"insertions":25,"deletions":32}}},{"hash":"eb7a8c3e357f12ab40e0055afc02cd5c49c22ce2","messageTitle":"Add a placeholder for claimList into MainWindow.fxml","messageBody":"","fileTypesAndContributionMap":{"functional-code":{"insertions":1,"deletions":1}}},{"hash":"9d2d6bd143f49eb0eb38b33e9963a5b93ad03da4","messageTitle":"Tidy up formatting for Appointment related classes","messageBody":"","fileTypesAndContributionMap":{"functional-code":{"insertions":2,"deletions":2}}},{"hash":"1f39150f0d52b15dcb2a9c8891e3fb36d7a1a335","messageTitle":"Prepare MainWindow.java to display a ClaimList","messageBody":"","fileTypesAndContributionMap":{"functional-code":{"insertions":12,"deletions":0}}},{"hash":"fb2c5fab7a6b70a50b77e017317a8cb442ba37ae","messageTitle":"Fix ClaimListCard to use the proper id for \"name\"","messageBody":"","fileTypesAndContributionMap":{"functional-code":{"insertions":1,"deletions":1}}},{"hash":"091ae38d33fa5484367af43e2f770b4c654c997a","messageTitle":"Add getClaimList as a method in Logic interface","messageBody":"","fileTypesAndContributionMap":{"functional-code":{"insertions":6,"deletions":0}}},{"hash":"9812f19f3b895fd65fae4a303bc528a6e227eaa5","messageTitle":"Add getClaimList as a method in Model interface","messageBody":"","fileTypesAndContributionMap":{"functional-code":{"insertions":7,"deletions":0}}},{"hash":"d206e7496118b623251d5bbd9698e9cf5769aeb1","messageTitle":"Update managers to implement getClaimList method","messageBody":"","fileTypesAndContributionMap":{"functional-code":{"insertions":25,"deletions":0}}},{"hash":"08d59a1bed8d2dd8e033df9b4538504a51975277","messageTitle":"Swap positions of note and meeting in UI","messageBody":"","fileTypesAndContributionMap":{"functional-code":{"insertions":1,"deletions":1}}},{"hash":"5abfe24cd92694cef4fade8ddc7d6015c443626b","messageTitle":"Add getAppointmentList method to Logic interface","messageBody":"","fileTypesAndContributionMap":{"functional-code":{"insertions":3,"deletions":0}}},{"hash":"545d2fffd81e0dfe47e9a4650de68bb756540ce4","messageTitle":"Add getAppointmentList method to Model interface","messageBody":"","fileTypesAndContributionMap":{"functional-code":{"insertions":3,"deletions":0}}},{"hash":"f81551428b0c72d141a0d5fafcf2353899289f40","messageTitle":"Update managers to implement getAppointmentList method","messageBody":"","fileTypesAndContributionMap":{"functional-code":{"insertions":19,"deletions":0}}},{"hash":"ca65c1e79a19622482f24ffb7aa0a6b9ac65bbe8","messageTitle":"Improve SampleDataUtil that is loaded when no addressbook is found","messageBody":"","fileTypesAndContributionMap":{"functional-code":{"insertions":6,"deletions":6}}},{"hash":"13bd8129a73d039c146cdd44ab347c70de73efa7","messageTitle":"Update MainWindow.java to display sorted list of appointments","messageBody":"","fileTypesAndContributionMap":{"functional-code":{"insertions":3,"deletions":5}}},{"hash":"51e477d02f10ba9a1ab6323de1ccd5f8c82c16cb","messageTitle":"Update AddCommandTest to include new methods in Logic interface","messageBody":"","fileTypesAndContributionMap":{"test-code":{"insertions":13,"deletions":0}}},{"hash":"1c8ceaf94706fb0854000bc13f46a8444227fd91","messageTitle":"Remove unused code from classes","messageBody":"","fileTypesAndContributionMap":{"functional-code":{"insertions":4,"deletions":6}}},{"hash":"9a331979a6cfa2151aefbbea46b176f1f7fb7650","messageTitle":"Add tests for Manager classes","messageBody":"","fileTypesAndContributionMap":{"test-code":{"insertions":20,"deletions":0}}}]},{"date":"2021-10-27","commitResults":[{"hash":"c54d8b8383a9eb81f3680e504cf7cf42ed12971e","messageTitle":"Improve UI layout and theme","messageBody":"","fileTypesAndContributionMap":{"functional-code":{"insertions":28,"deletions":19}}},{"hash":"74f4c7d967e47ae079e129ac0ae4ceb632e08ece","messageTitle":"Add new classes of styles in theme file","messageBody":"","fileTypesAndContributionMap":{"functional-code":{"insertions":29,"deletions":0}}},{"hash":"479d809fb32e10c8e9f60e168a2d2d967a9aa358","messageTitle":"Update AppointmentList to use new style class","messageBody":"","fileTypesAndContributionMap":{"functional-code":{"insertions":11,"deletions":6}}},{"hash":"401abc794bc43ab1b1036257fc3fd217cd7f09f3","messageTitle":"Change input list of to create a ClaimListPanel","messageBody":"","fileTypesAndContributionMap":{"functional-code":{"insertions":2,"deletions":3}}},{"hash":"1fb38ae875b82b459164affbe4c022494a0dc803","messageTitle":"Remove claims from PersonCard","messageBody":"","fileTypesAndContributionMap":{"functional-code":{"insertions":1,"deletions":4}}},{"hash":"956d737582d97d35727bbffbc6a8947fad40b2ed","messageTitle":"Add newline to EOF of DarkTheme to adhere to checkstyle","messageBody":"","fileTypesAndContributionMap":{"functional-code":{"insertions":1,"deletions":1}}},{"hash":"c4c85604437054029c9da21972b95963040e370e","messageTitle":"Fix version of javafx being used in fxml files","messageBody":"The version in some files are javafx 16\nWhen editing the fxml file with scene builder, it sets the version to 16\nLet\u0027s change it back to version 11","fileTypesAndContributionMap":{"functional-code":{"insertions":5,"deletions":5},"test-code":{"insertions":0,"deletions":10}}},{"hash":"ab9c5bb3013718dc60cda94d30dbffa828ee8ec7","messageTitle":"Update UIclassDiagram","messageBody":"","fileTypesAndContributionMap":{"docs":{"insertions":15,"deletions":0}}},{"hash":"866d05a45201824fe1fe3ba22bcdbef510819347","messageTitle":"Add Note feature to Developer Guide","messageBody":"","fileTypesAndContributionMap":{"docs":{"insertions":163,"deletions":0}}},{"hash":"04ce9677b059436c55ba93bc54c5df0ca8f08b16","messageTitle":"Create puml files for Note feature","messageBody":"","fileTypesAndContributionMap":{"docs":{"insertions":77,"deletions":0}}},{"hash":"8819b82a7bad624e963fe5cd01a442cdca44ac94","messageTitle":"Update Developer guide with puml exported images","messageBody":"","fileTypesAndContributionMap":{"docs":{"insertions":43,"deletions":68}}}]}],"kawaiigabrielneko":[{"date":"2021-09-28","commitResults":[{"hash":"e60477b1db1e69a5109d125b14af5fdfd9c3da22","messageTitle":"Update name, picture, github, responsibilities","messageBody":"","fileTypesAndContributionMap":{"docs":{"insertions":4,"deletions":4}}},{"hash":"c6cd964197f7eada570b349edb5c5297cf4b9c9c","messageTitle":"Create Gabriel\u0027s team page","messageBody":"","fileTypesAndContributionMap":{"docs":{"insertions":25,"deletions":0}}},{"hash":"9fea19f39daa1be7a93dcc5397317a39049d5698","messageTitle":"Link AboutUs to team page","messageBody":"","fileTypesAndContributionMap":{"docs":{"insertions":1,"deletions":1}}},{"hash":"0c3e65bd00581305a63eca564212976cc93f0740","messageTitle":"Remove wildcard imports of model/person","messageBody":"","fileTypesAndContributionMap":{"functional-code":{"insertions":23,"deletions":4}}},{"hash":"f9a736400ee346d531d83df0b1880ed51ec218e3","messageTitle":"Change invalid tag in tests","messageBody":"","fileTypesAndContributionMap":{"test-code":{"insertions":1,"deletions":1}}},{"hash":"bc20123aaf61255377d79a371a65d043ba34276b","messageTitle":"Remove wildcard imports of parser/CliSyntax","messageBody":"","fileTypesAndContributionMap":{"functional-code":{"insertions":12,"deletions":2}}},{"hash":"9dfc21b72b50e04734632afa811f3f4fdceb63f6","messageTitle":"Ignore case for adding insurance","messageBody":"","fileTypesAndContributionMap":{"functional-code":{"insertions":1,"deletions":1}}},{"hash":"adc1bd786b0aaa9d1435ea4b60056457b4229ed3","messageTitle":"Update add command for insurance","messageBody":"","fileTypesAndContributionMap":{"docs":{"insertions":2,"deletions":2}}},{"hash":"b53942e372a536f86c48accd8f60e34652fda248","messageTitle":"Update edit command for insurance","messageBody":"","fileTypesAndContributionMap":{"docs":{"insertions":5,"deletions":5}}},{"hash":"def9e3e73da2645ad653adb91786464153a40415","messageTitle":"Add insurance restrictions","messageBody":"","fileTypesAndContributionMap":{"docs":{"insertions":3,"deletions":0}}},{"hash":"48519759c63bfd444d211ae1344e0d416a18faeb","messageTitle":"Update command summary","messageBody":"","fileTypesAndContributionMap":{"docs":{"insertions":2,"deletions":2}}}]},{"date":"2021-09-30","commitResults":[{"hash":"330cad120fbdac756737b7b20479e763cbb408fb","messageTitle":"Update picture link","messageBody":"","fileTypesAndContributionMap":{"docs":{"insertions":1,"deletions":1}}},{"hash":"29b276e60179622a3c20a0c5b84a763af1daca90","messageTitle":"Change , to + for standardization","messageBody":"","fileTypesAndContributionMap":{"docs":{"insertions":1,"deletions":1}}},{"hash":"29a6ead8e2e15912a2b1d698753aecb472fdcbb1","messageTitle":"Add glossary","messageBody":"","fileTypesAndContributionMap":{"docs":{"insertions":2,"deletions":1}}}]},{"date":"2021-10-10","commitResults":[{"hash":"77069c07a3631fcd4007db6fe4d9492c7bf5235a","messageTitle":"Add JavaDoc to Insurance","messageBody":"","fileTypesAndContributionMap":{"functional-code":{"insertions":9,"deletions":0}}},{"hash":"61f35d469061e3891bcc1b4cfb5ed3df490a42a5","messageTitle":"Adhere to coding standards","messageBody":"","fileTypesAndContributionMap":{"functional-code":{"insertions":7,"deletions":5}}}]},{"date":"2021-10-11","commitResults":[{"hash":"c8678f7bde76b157721aea2619580738261aa675","messageTitle":"Add tests for Insurance","messageBody":"","fileTypesAndContributionMap":{"test-code":{"insertions":26,"deletions":0}}},{"hash":"6b7743547f0fc64e7e5824a0f23002a44f0589a9","messageTitle":"Add equals() to Insurance","messageBody":"","fileTypesAndContributionMap":{"functional-code":{"insertions":12,"deletions":0}}},{"hash":"26a26f2ebc58afb8043499e289b89465402e0d61","messageTitle":"Add tests for InsuranceType","messageBody":"","fileTypesAndContributionMap":{"test-code":{"insertions":14,"deletions":0}}},{"hash":"0600788ae936ab46cb3b7fe1158aff6ca67554b6","messageTitle":"Add insurance set maker","messageBody":"","fileTypesAndContributionMap":{"functional-code":{"insertions":10,"deletions":5}}},{"hash":"325c6c793a514480a3858ef6e81c95c443619fa0","messageTitle":"Add Insurance to PersonBuilder","messageBody":"","fileTypesAndContributionMap":{"test-code":{"insertions":12,"deletions":5}}},{"hash":"a3f6132aeff0e90b6df21388c28b573b9880dcf5","messageTitle":"Remove wildcard import","messageBody":"","fileTypesAndContributionMap":{"functional-code":{"insertions":6,"deletions":1}}},{"hash":"474a576f29542f4bcd0e9b91a5c47978c357687b","messageTitle":"Add Client to glossary","messageBody":"","fileTypesAndContributionMap":{"docs":{"insertions":1,"deletions":1}}},{"hash":"7b012021b3567656b7c890211087c64ff7c9296b","messageTitle":"Add insurances to TypicalPersons","messageBody":"","fileTypesAndContributionMap":{"test-code":{"insertions":5,"deletions":3}}},{"hash":"857fe8aed1fc0afe623ace95a4ae575dc74ce6d0","messageTitle":"Add Insurance to EditPersonDescriptorBuilder","messageBody":"","fileTypesAndContributionMap":{"test-code":{"insertions":13,"deletions":0}}},{"hash":"d06d8d93ca59233e4286331653f754a26a7835eb","messageTitle":"Implement hashCode() in Insurance","messageBody":"Currently, Insurance relies on only equals() for equality.\n\nHashSet uses hashCode() to check equality, which this class\ndoesn\u0027t override.\n\nLet\u0027s implement hashCode() in Insurance so other classes\nusing HashSet\u003cInsurance\u003e can correctly implement equality.\n","fileTypesAndContributionMap":{"functional-code":{"insertions":5,"deletions":0}}},{"hash":"300e6a6a9b577cebe857ff51082ed0fe17fb8390","messageTitle":"Copy Person\u0027s Insurances in scheduleAppointment","messageBody":"","fileTypesAndContributionMap":{"functional-code":{"insertions":3,"deletions":1}}},{"hash":"6edb227585710a82678aee6a12d336b42e63565e","messageTitle":"Add sample insurances to CommandTestUtil","messageBody":"","fileTypesAndContributionMap":{"test-code":{"insertions":2,"deletions":0}}},{"hash":"e043d77005925fd0f2d92ed5fa8e91a0a9725627","messageTitle":"Add Insurance to EditCommandTest","messageBody":"","fileTypesAndContributionMap":{"test-code":{"insertions":4,"deletions":2}}},{"hash":"a83bf13c3c909458b15683d12a822c8e2d75324e","messageTitle":"Update sample data to match test data","messageBody":"","fileTypesAndContributionMap":{"test-code":{"insertions":3,"deletions":0}}},{"hash":"a025f0eae7d002f001a99daf899255875ea350e8","messageTitle":"Add test for Person Insurance inequality","messageBody":"","fileTypesAndContributionMap":{"test-code":{"insertions":5,"deletions":0}}},{"hash":"3e5fa586d8a1a1ed8959b4cc930f3baf8324354b","messageTitle":"Update PersonBuilder to use new constructor","messageBody":"","fileTypesAndContributionMap":{"test-code":{"insertions":1,"deletions":1}}},{"hash":"d6ffd269f1272a37c8e64da38b0a9a982bde865b","messageTitle":"Add Insurance to PersonUtil","messageBody":"","fileTypesAndContributionMap":{"test-code":{"insertions":15,"deletions":1}}},{"hash":"7cb42101588a275bd27c823552ea99acef495c20","messageTitle":"Add hash code checking for equals()","messageBody":"","fileTypesAndContributionMap":{"test-code":{"insertions":7,"deletions":0}}},{"hash":"efc218356466c2c330aa5b91d9a23a9145cbb02a","messageTitle":"Add test for ParserUtil Insurance methods","messageBody":"","fileTypesAndContributionMap":{"test-code":{"insertions":53,"deletions":0}}},{"hash":"cfeb7f3b37ece223438f01538ce71f61c56032dd","messageTitle":"Make Insurance throw IllegalValueException","messageBody":"","fileTypesAndContributionMap":{"functional-code":{"insertions":22,"deletions":4},"test-code":{"insertions":6,"deletions":4}}},{"hash":"af580c65292ec7341edcefa724449c892dd5e066","messageTitle":"Add Insurance to JsonAdaptedPersonTest","messageBody":"","fileTypesAndContributionMap":{"test-code":{"insertions":25,"deletions":14}}}]},{"date":"2021-10-12","commitResults":[{"hash":"f8ab218903314fea5a901ddf49470f2bcb027f00","messageTitle":"Fix checkstyle in Insurance","messageBody":"","fileTypesAndContributionMap":{"functional-code":{"insertions":4,"deletions":4}}},{"hash":"d681cff5b98e363d30f55865a462a09651101c73","messageTitle":"Remove unused import","messageBody":"","fileTypesAndContributionMap":{"functional-code":{"insertions":0,"deletions":1}}},{"hash":"38f1f199d73e07116723b97322a379d8dce88ec9","messageTitle":"Fix minor checkstyle issues","messageBody":"","fileTypesAndContributionMap":{"test-code":{"insertions":6,"deletions":5}}},{"hash":"2a0d9b4a4d665e600585714b84d7e931c227b657","messageTitle":"I comes before N","messageBody":"","fileTypesAndContributionMap":{"test-code":{"insertions":1,"deletions":1}}}]},{"date":"2021-10-14","commitResults":[{"hash":"cc0013f5e304e2632415cd2bbe5b6af0b961d34f","messageTitle":"Add Insurance commands to user messages","messageBody":"","fileTypesAndContributionMap":{"functional-code":{"insertions":5,"deletions":0}}},{"hash":"2b4bea17ca9c0edfff464deee43af1048f504514","messageTitle":"Check for insurance editing in Edit Command","messageBody":"","fileTypesAndContributionMap":{"functional-code":{"insertions":1,"deletions":1}}}]},{"date":"2021-10-20","commitResults":[{"hash":"d9b44a120ce9f032ab35acdbe09a358a73f29906","messageTitle":"Add name to Insurance","messageBody":"","fileTypesAndContributionMap":{"functional-code":{"insertions":20,"deletions":5}}},{"hash":"d803d6de4482f456a268bad60509d449224a0425","messageTitle":"Change display of Insurance on PersonCard","messageBody":"","fileTypesAndContributionMap":{"functional-code":{"insertions":1,"deletions":1}}},{"hash":"d05d4e9ad8f873c8962e35ec3abfe17203428d64","messageTitle":"Update Insurance parser","messageBody":"","fileTypesAndContributionMap":{"functional-code":{"insertions":4,"deletions":1}}}]},{"date":"2021-10-21","commitResults":[{"hash":"a861584c0cb0923ede732a44bc12e86dfaa53483","messageTitle":"Use new Insurance constructor","messageBody":"","fileTypesAndContributionMap":{"functional-code":{"insertions":1,"deletions":1}}},{"hash":"15230d55cb893712c000cf6f2d562f575feada07","messageTitle":"Write draft DG for Insurance implementation","messageBody":"","fileTypesAndContributionMap":{"docs":{"insertions":14,"deletions":0}}}]},{"date":"2021-10-24","commitResults":[{"hash":"74d27cdba26d42445df67477c99cb3681e832f50","messageTitle":"Rename insuranceName -\u003e insuranceType","messageBody":"","fileTypesAndContributionMap":{"functional-code":{"insertions":7,"deletions":7}}},{"hash":"a1ecd749c103b15390bd40bc9c6d26c7056ba481","messageTitle":"Add getter for Insurance\u0027s type\u0027s string","messageBody":"Follow law of demeter\n","fileTypesAndContributionMap":{"functional-code":{"insertions":9,"deletions":1}}},{"hash":"29451a3843c3f4e090c10c68d294b74da295960a","messageTitle":"Add getter for Insurance\u0027s name","messageBody":"","fileTypesAndContributionMap":{"functional-code":{"insertions":8,"deletions":0}}},{"hash":"13e467f21a1e0f142050c0f2eedcbcd6a44c3477","messageTitle":"Replace Collectors.toList() -\u003e joining()","messageBody":"","fileTypesAndContributionMap":{"functional-code":{"insertions":1,"deletions":1}}},{"hash":"b784bb7274d0f310a66329f24a5135380296d9a8","messageTitle":"Rename Insurance name -\u003e brand","messageBody":"It is very confusing to call everything a \u0027name\u0027, since many objects have a name, and previously \u0027name\u0027 was sometimes used to mean \u0027type\u0027.\n\nLet\u0027s change \u0027name\u0027 to \u0027brand\u0027, which is more descriptive for an insurance.\n","fileTypesAndContributionMap":{"functional-code":{"insertions":15,"deletions":15}}},{"hash":"017bd4823db1243202c1fad519dede7c6e553bd4","messageTitle":"Add brand to JsonAdaptedInsurance","messageBody":"","fileTypesAndContributionMap":{"functional-code":{"insertions":12,"deletions":4}}},{"hash":"c1b6cc24847a63b8865b5818e85961edafc79333","messageTitle":"Update tests for new Insurance field","messageBody":"","fileTypesAndContributionMap":{"test-code":{"insertions":2,"deletions":1}}},{"hash":"92ed174b460e3fc2fcf2287650630740a4056b09","messageTitle":"Correct JSON format","messageBody":"","fileTypesAndContributionMap":{"functional-code":{"insertions":3,"deletions":11}}},{"hash":"383c6e1e92625a50367658e1dc260ce053d0a73e","messageTitle":"Remove old Insurance.of","messageBody":"","fileTypesAndContributionMap":{"functional-code":{"insertions":0,"deletions":10}}}]},{"date":"2021-10-25","commitResults":[{"hash":"5f872ce182a7f04e91da335f04ac4fdeb540f353","messageTitle":"Rewrite ParserUtilTest for new Insurance format","messageBody":"","fileTypesAndContributionMap":{"test-code":{"insertions":17,"deletions":10}}},{"hash":"70d6d4839a46c032c5a69d7abc0c455dd1bd655c","messageTitle":"Rewrite InsuranceTest","messageBody":"","fileTypesAndContributionMap":{"test-code":{"insertions":36,"deletions":17}}},{"hash":"d8f39ba06074d2345f37a4c6c49cfe50cbdad1c0","messageTitle":"Change Insurance format in tests","messageBody":"","fileTypesAndContributionMap":{"test-code":{"insertions":31,"deletions":15}}},{"hash":"f85830a6466e1f8cf2559c165edf67239c84d7a4","messageTitle":"Update test Typical AB","messageBody":"","fileTypesAndContributionMap":{"test-code":{"insertions":7,"deletions":3}}},{"hash":"b63dcb6e6347393966045ed31a8ef90ce261a786","messageTitle":"Update regex to split by all whitespace","messageBody":"","fileTypesAndContributionMap":{"functional-code":{"insertions":1,"deletions":1}}},{"hash":"e2de2049e49cd282b80ef060220c222f6623d1fb","messageTitle":"Remove unused import","messageBody":"","fileTypesAndContributionMap":{"functional-code":{"insertions":0,"deletions":1}}},{"hash":"783033c33a90d6b2559bd8130364f87a3c8962cf","messageTitle":"Remove more unused imports","messageBody":"","fileTypesAndContributionMap":{"test-code":{"insertions":0,"deletions":2}}}]},{"date":"2021-10-26","commitResults":[{"hash":"8dc11844853c56a358e8e9a5d2542a7655318f61","messageTitle":"Update Insurance JavaDoc","messageBody":"","fileTypesAndContributionMap":{"functional-code":{"insertions":4,"deletions":2}}},{"hash":"cfd1862968671f5645b4066faa57fc408adbf92d","messageTitle":"Update Jackson Insurance JavaDoc","messageBody":"","fileTypesAndContributionMap":{"functional-code":{"insertions":5,"deletions":4}}}]},{"date":"2021-10-27","commitResults":[{"hash":"30ba1dfb55de0b892c7c4f73c85c9a9f24d28342","messageTitle":"Add Insurance Class Diagram","messageBody":"","fileTypesAndContributionMap":{"docs":{"insertions":16,"deletions":0}}},{"hash":"adb73221895c2529bf34214cfa39f9b657c37724","messageTitle":"Add Add Command Seq. Diagram","messageBody":"","fileTypesAndContributionMap":{"docs":{"insertions":23,"deletions":0}}},{"hash":"fb7c3d6c5088fe645cac9a52b00f2ded918eb6dd","messageTitle":"Add color to activation bars","messageBody":"","fileTypesAndContributionMap":{"docs":{"insertions":4,"deletions":4}}},{"hash":"cf95c1a0639dfad1736e9eea5d8fde6ccbb3f290","messageTitle":"Finish execution of add command","messageBody":"","fileTypesAndContributionMap":{"docs":{"insertions":27,"deletions":2}}},{"hash":"fd2aef6e4f425d24f84c5174b9cf04326b61182f","messageTitle":"Add details to AddCommandParser","messageBody":"","fileTypesAndContributionMap":{"docs":{"insertions":15,"deletions":7}}},{"hash":"486ad50d5ab5bc82c598e03ec76791d0efadb086","messageTitle":"Add AddCommandSequenceDiagram to DG","messageBody":"","fileTypesAndContributionMap":{"docs":{"insertions":6,"deletions":0}}},{"hash":"0abc4667bc76821cdd9bb1c4fde7eeb9698ccfaf","messageTitle":"Update Insurance in DG","messageBody":"","fileTypesAndContributionMap":{"docs":{"insertions":7,"deletions":4}}},{"hash":"92c5ab89e0a9c7046f206d1fabbdeed11986fbcf","messageTitle":"Remove features not planned in InsurancePal","messageBody":"","fileTypesAndContributionMap":{"docs":{"insertions":0,"deletions":85}}},{"hash":"de22fe37d81695ff8c63191f5a7984c15c7486a1","messageTitle":"Add newline to EOF of puml files","messageBody":"","fileTypesAndContributionMap":{"docs":{"insertions":2,"deletions":2}}},{"hash":"af04954427aa4603289aa5a0bf9d24f428ce8d61","messageTitle":"Fix previous merge conflict","messageBody":"","fileTypesAndContributionMap":{"docs":{"insertions":9,"deletions":9}}}]}],"rldefa":[{"date":"2021-09-24","commitResults":[{"hash":"08e3faad0a860a76f05481905b146cb315611f06","messageTitle":"Create appointment class which represents a meeting with an individual","messageBody":"","fileTypesAndContributionMap":{"functional-code":{"insertions":67,"deletions":0}}},{"hash":"be7c02936480aa027994fa453da47f624fab5acf","messageTitle":"Implement definition of two appointments being the same","messageBody":"","fileTypesAndContributionMap":{"functional-code":{"insertions":8,"deletions":0}}},{"hash":"f6c3ba9f4d00d99f559659db89b9703703277f94","messageTitle":"Add appointment attribute to a person","messageBody":"","fileTypesAndContributionMap":{"functional-code":{"insertions":9,"deletions":1}}},{"hash":"5d504d00647e43348cf011ce868c2da386745fc3","messageTitle":"Prepare parser for Appointment commands","messageBody":"","fileTypesAndContributionMap":{"functional-code":{"insertions":9,"deletions":1}}},{"hash":"08ea9b9f755851cd68136f54cd4606def7ea60bc","messageTitle":"Change Person constructor to accept appointment","messageBody":"","fileTypesAndContributionMap":{"functional-code":{"insertions":3,"deletions":2}}},{"hash":"eda96b46b876a135e2f126b4625c526e425e3b8e","messageTitle":"Provide getter for appointment field in string format, handle null case for toString and make appointment public","messageBody":"","fileTypesAndContributionMap":{"functional-code":{"insertions":8,"deletions":1}}},{"hash":"e30b230dfbcb573ffa958493fc937c95e41da11b","messageTitle":"Update calls to Person constructors to provide Appointment. Create ScheduleCommand","messageBody":"","fileTypesAndContributionMap":{"functional-code":{"insertions":100,"deletions":2}}},{"hash":"6eda213e2dcfd0df10c40e0d496ffbd70f26c7da","messageTitle":"Update parser to handle a command to schedule meeting","messageBody":"","fileTypesAndContributionMap":{"functional-code":{"insertions":42,"deletions":10}}},{"hash":"8641b42238dfdaefc49414060f757702a0823a3b","messageTitle":"Handle empty strings and fix datetime parsing in Appointment","messageBody":"","fileTypesAndContributionMap":{"functional-code":{"insertions":11,"deletions":4}}},{"hash":"4a498dc9495e0cb08f4e730856f7d7909189355a","messageTitle":"Update all sample people to include empty appointment during instantiation","messageBody":"","fileTypesAndContributionMap":{"functional-code":{"insertions":7,"deletions":6}}},{"hash":"819e26a3f2f394432decc7b571d8e133c8cd84ae","messageTitle":"Save scheduled meeting in addressbook.json as well as update all test cases","messageBody":"","fileTypesAndContributionMap":{"functional-code":{"insertions":12,"deletions":2},"test-code":{"insertions":10,"deletions":9}}},{"hash":"5dbd5c59916d625f0df6f86a5ae4ff179f81a1ed","messageTitle":"Display schedule meeting time with a user in the UI","messageBody":"","fileTypesAndContributionMap":{"functional-code":{"insertions":4,"deletions":0}}},{"hash":"008d9c68b619b8a423e6eaead43a4c00c2e0d228","messageTitle":"Fix checkstyle violations in Main","messageBody":"","fileTypesAndContributionMap":{"functional-code":{"insertions":53,"deletions":35}}},{"hash":"f7e0630d4781b40348290dbcd1a5c00a8319a9a7","messageTitle":"Resolve checkstyle warning in test and update PersonBuilder to include Appointment","messageBody":"","fileTypesAndContributionMap":{"test-code":{"insertions":18,"deletions":7}}},{"hash":"7023a80a0554e52a9cf0da03afd48b7508c7375e","messageTitle":"Fix mistake in equals method of EditCommand. Was checking if other was instanceof ScheduleCommand instead of EditCommand, causing it to return false every time.","messageBody":"","fileTypesAndContributionMap":{"functional-code":{"insertions":1,"deletions":1}}}]},{"date":"2021-09-26","commitResults":[{"hash":"027cde4f5ba7ce93bf914caf01ada794f1bca2e5","messageTitle":"Create markdown document about Richard","messageBody":"","fileTypesAndContributionMap":{"docs":{"insertions":47,"deletions":0}}}]},{"date":"2021-09-27","commitResults":[{"hash":"822b489c91ac4b89fa58c07c1e953df237ccf822","messageTitle":"Update non-function requirements in developer guide","messageBody":"","fileTypesAndContributionMap":{"docs":{"insertions":10,"deletions":5}}},{"hash":"597cefa399d41fdc0d16580f2869ffea6918de09","messageTitle":"Update richardli contributions","messageBody":"","fileTypesAndContributionMap":{"docs":{"insertions":4,"deletions":26}}},{"hash":"6d64455db33485eddfb9052d1ddcdb05e2a017db","messageTitle":"Add documentation for scheduling appointments in user guide","messageBody":"","fileTypesAndContributionMap":{"docs":{"insertions":15,"deletions":0}}},{"hash":"a22e19a4c94eedc13215a1164b0050542578d9b4","messageTitle":"Add description of Richard into AboutUs","messageBody":"","fileTypesAndContributionMap":{"docs":{"insertions":5,"deletions":5}}},{"hash":"d655655fa373d5383e5c8437f9b4e7f41dded7bb","messageTitle":"Ammend naming of photo","messageBody":"","fileTypesAndContributionMap":{"docs":{"insertions":1,"deletions":1}}}]},{"date":"2021-10-06","commitResults":[{"hash":"97d7c65ad1911b011a5e1469268ff90314a092c9","messageTitle":"Rename documentation of richard to GitHub username","messageBody":"","fileTypesAndContributionMap":{"docs":{"insertions":1,"deletions":1}}},{"hash":"bcfca710ae55ebc9c2ade8625e4346449149e4a3","messageTitle":"Standardise usage of requireNonNull within Appointment class","messageBody":"","fileTypesAndContributionMap":{"functional-code":{"insertions":11,"deletions":9}}},{"hash":"b2cd0dc46ce80f2f1a84e88aac6865511190e489","messageTitle":"Standardise usage of requireNonNull within ScheduleCommand class","messageBody":"","fileTypesAndContributionMap":{"functional-code":{"insertions":1,"deletions":1}}}]},{"date":"2021-10-10","commitResults":[{"hash":"24fd53cd54d06ea0590e9fe78c068208dc31df95","messageTitle":"Create tests for ScheduleCommand","messageBody":"","fileTypesAndContributionMap":{"test-code":{"insertions":85,"deletions":0}}},{"hash":"e92504dc206705b7ca1520f96de2d01afdbf1d33","messageTitle":"Create tests for Appointment","messageBody":"","fileTypesAndContributionMap":{"test-code":{"insertions":62,"deletions":1}}},{"hash":"b1171f8a8d72d4ca2f9c7c828fca3ae1c73a2062","messageTitle":"Refactor existsing classes to better handle invalid inputs","messageBody":"","fileTypesAndContributionMap":{"functional-code":{"insertions":16,"deletions":7}}},{"hash":"89babddcc662351095222be33102259ca6fdfbd6","messageTitle":"Create test for ScheduleCommandParser","messageBody":"","fileTypesAndContributionMap":{"functional-code":{"insertions":2,"deletions":1},"test-code":{"insertions":24,"deletions":0}}},{"hash":"72bc406ede354025e296d52da98f560c194f00de","messageTitle":"Remove unused imports","messageBody":"","fileTypesAndContributionMap":{"functional-code":{"insertions":0,"deletions":2}}},{"hash":"e4b799cdcd570b73b7f4dc30c947b2f6d6b88279","messageTitle":"Update all test json files to include appointment","messageBody":"","fileTypesAndContributionMap":{"test-code":{"insertions":40,"deletions":23}}}]},{"date":"2021-10-22","commitResults":[{"hash":"ac0e7386b0ec85ef0f9eb04c2d35b3ae5613eb82","messageTitle":"Appointment now comparable to another appointment based on its stored appointmentTime.","messageBody":"Using this, UniquePersonList now has a method to return list of people who have upcoming appointment, sorted based on the person with earliest appointment.\n","fileTypesAndContributionMap":{"functional-code":{"insertions":30,"deletions":3}}},{"hash":"b79283ecb4807b5435985488b7e36833fbf6062f","messageTitle":"Add test for Appointment\u0027s isExpired method","messageBody":"","fileTypesAndContributionMap":{"test-code":{"insertions":19,"deletions":0}}},{"hash":"a06b311372239748669bfd7f1ce2b07305da348e","messageTitle":"Resolve checkstyle warninings","messageBody":"","fileTypesAndContributionMap":{"functional-code":{"insertions":0,"deletions":1},"test-code":{"insertions":2,"deletions":2}}},{"hash":"90c50c9866d364a9244661bf00131b2017535735","messageTitle":"Write tests for Appointment and UniquePersonList classes","messageBody":"","fileTypesAndContributionMap":{"functional-code":{"insertions":1,"deletions":1},"test-code":{"insertions":39,"deletions":4}}}]},{"date":"2021-10-23","commitResults":[{"hash":"3279c1bb89c82548af56e977bd6497b715d4459c","messageTitle":"Replace isExpired to isUpcoming in Appointment","messageBody":"","fileTypesAndContributionMap":{"functional-code":{"insertions":16,"deletions":3},"test-code":{"insertions":3,"deletions":3}}}]},{"date":"2021-10-24","commitResults":[{"hash":"81e9c66ae164a6cf6a974eee1e26a360f1ec9b2c","messageTitle":"Write documentation and create diagrams for schedule appointment feature","messageBody":"","fileTypesAndContributionMap":{"docs":{"insertions":125,"deletions":2}}},{"hash":"4c1c03c48107eb15285ad231e86df2ae3dafa9b4","messageTitle":"Add new lines and remove trailing white spaces","messageBody":"","fileTypesAndContributionMap":{"docs":{"insertions":6,"deletions":6}}},{"hash":"b1e351250ddd8581b399876ce44f94dcd38ab528","messageTitle":"Update Model Class diagram to reflect all new attributes of Person","messageBody":"","fileTypesAndContributionMap":{"docs":{"insertions":9,"deletions":1}}}]},{"date":"2021-10-29","commitResults":[{"hash":"36964fdd7228125ce556ea6544142b93394bc0d3","messageTitle":"Fix Appointment parsing invalid dates","messageBody":"","fileTypesAndContributionMap":{"functional-code":{"insertions":5,"deletions":2}}}]}]},"authorFileTypeContributionMap":{"JoelChanZhiYang":{"docs":201,"functional-code":763,"test-code":712,"other":4},"CheahYan":{"docs":244,"functional-code":355,"test-code":251},"xianlinc":{"docs":458,"functional-code":705,"test-code":225},"kawaiigabrielneko":{"docs":126,"functional-code":146,"test-code":218},"rldefa":{"docs":143,"functional-code":315,"test-code":250}},"authorContributionVariance":{"JoelChanZhiYang":110939.22,"CheahYan":6792.0605,"xianlinc":14472.717,"kawaiigabrielneko":3631.05,"rldefa":6438.7275},"authorDisplayNameMap":{"JoelChanZhiYang":"CS2103T-T17-4 JOEL..YANG","CheahYan":"CS2103T-T17-4 CHEA..YAN)","xianlinc":"CS2103T-T17-4 CHNG.. LIN","kawaiigabrielneko":"CS2103T-T17-4 GABR.. LIN","rldefa":"CS2103T-T17-4 RICH..DEFA"}}
