{"authorDailyContributionsMap":{"JoelChanZhiYang":[{"date":"2021-09-23","commitResults":[{"hash":"c4037496cf8640e8818124ad359dfa5fc3d65a9f","messageTitle":"Update \"About Us\u0027 to include Joel Chan","messageBody":"","fileTypesAndContributionMap":{"docs":{"insertions":25,"deletions":5}}},{"hash":"8abad789722de30680684447653c8b072f18d7b5","messageTitle":"Fix broken picture link","messageBody":"","fileTypesAndContributionMap":{"docs":{"insertions":1,"deletions":1}}},{"hash":"fad3fb90aaef9715255297bd28f0d3a8476d1c47","messageTitle":"Update user guide to include information about adding claims to a person","messageBody":"","fileTypesAndContributionMap":{"docs":{"insertions":18,"deletions":3}}}]},{"date":"2021-09-26","commitResults":[{"hash":"9ca017ca1ca86e901a121510736950849457f9da","messageTitle":"Update README","messageBody":"","fileTypesAndContributionMap":{"docs":{"insertions":16,"deletions":11}}},{"hash":"64f2a0437534a09601c999d8236b38dc97850920","messageTitle":"Change reference from Address Book to InsurancePal","messageBody":"","fileTypesAndContributionMap":{"docs":{"insertions":1,"deletions":1}}}]},{"date":"2021-09-30","commitResults":[{"hash":"0fb9dff6476bbfdf36e8578a6cae4614d7fa6444","messageTitle":"Remove placeholder text in AboutUs.md","messageBody":"","fileTypesAndContributionMap":{"docs":{"insertions":1,"deletions":7}}},{"hash":"c8afe133bef2efec12cdcdd3ff01cb0330c6dfae","messageTitle":"Update Index.md with InsurancePal information","messageBody":"","fileTypesAndContributionMap":{"docs":{"insertions":12,"deletions":7}}},{"hash":"00a83288492e99f38eaa743225b6e3126544b8e6","messageTitle":"Update UserGuide to have InsurancePal information","messageBody":"","fileTypesAndContributionMap":{"docs":{"insertions":13,"deletions":9}}},{"hash":"a51af6a18c11d20b75c43910beacc9a4641d3552","messageTitle":"Remove trailing whitespaces in developer guide","messageBody":"","fileTypesAndContributionMap":{"docs":{"insertions":32,"deletions":32}}},{"hash":"71756adb7a726275f53c5b7a7002652217d4f3da","messageTitle":"Fix a typo in user guide","messageBody":"","fileTypesAndContributionMap":{"docs":{"insertions":1,"deletions":1}}}]}],"CheahYan":[{"date":"2021-09-29","commitResults":[{"hash":"dd8308cb1d7589d6e5321f308816634ee02b002b","messageTitle":"AboutUs Cheah Yan","messageBody":"Added AboutUs for Cheah Yan\n","fileTypesAndContributionMap":{"docs":{"insertions":26,"deletions":6}}},{"hash":"d1549e8b87b75ac9eea12b1553d272cf973a4216","messageTitle":"Update UserGuide.md","messageBody":"Added revenue documentation to user guide\n","fileTypesAndContributionMap":{"docs":{"insertions":19,"deletions":0}}},{"hash":"b69d0e4f3e3d1c307b3eb21d8eb6f41507382524","messageTitle":"Update DevGuide","messageBody":"Added Target user profile, value proposition, user stories to Developer guide\n","fileTypesAndContributionMap":{"docs":{"insertions":41,"deletions":13}}}]}],"xianlinc":[{"date":"2021-09-27","commitResults":[{"hash":"d6f4fa6325e97c19f95c6030d6aad7666bfc4ee8","messageTitle":"Update \u0027AboutUs\u0027 to include Chng Xian Lin","messageBody":"","fileTypesAndContributionMap":{"docs":{"insertions":6,"deletions":6}}}]},{"date":"2021-09-28","commitResults":[{"hash":"ef43b0f3e94c503e0185bde78d72e82760e9d0f3","messageTitle":"Create and update personal project portfolio page","messageBody":"","fileTypesAndContributionMap":{"docs":{"insertions":17,"deletions":0}}},{"hash":"a80e0fc9272884403cdcbeb92d6940379b254c83","messageTitle":"Update User Guide to include documentation for note feature","messageBody":"","fileTypesAndContributionMap":{"docs":{"insertions":12,"deletions":0}}},{"hash":"858105571c22aa89cf0491d0d04fd7ed717138e6","messageTitle":"Change filename to xianlinc.md and add newline at EOF","messageBody":"","fileTypesAndContributionMap":{"docs":{"insertions":1,"deletions":1}}},{"hash":"2c55404de0b27d4de804061ac265815429acf37b","messageTitle":"Update DG to include use cases","messageBody":"","fileTypesAndContributionMap":{"docs":{"insertions":215,"deletions":6}}},{"hash":"3480b47a7eeab781fe9807d514bfa96ab045462f","messageTitle":"Fix picture not showing up on AboutUs.md","messageBody":"Xianlin\u0027s picture was not showing up in the AboutUs document.\n\nProblem occurred because the image name was changed but the AboutUs document was not updated.\n\nLet\u0027s update the AboutUs.md file to reflect the proper file name.","fileTypesAndContributionMap":{"docs":{"insertions":2,"deletions":2}}}]},{"date":"2021-09-29","commitResults":[{"hash":"eca1a216bfd9bd06ffbb157c473d7d6bb676bc45","messageTitle":"Change instances of AddressBook to InsurancePal in DG","messageBody":"","fileTypesAndContributionMap":{"docs":{"insertions":35,"deletions":35}}}]}],"kawaiigabrielneko":[{"date":"2021-09-28","commitResults":[{"hash":"e60477b1db1e69a5109d125b14af5fdfd9c3da22","messageTitle":"Update name, picture, github, responsibilities","messageBody":"","fileTypesAndContributionMap":{"docs":{"insertions":4,"deletions":4}}},{"hash":"c6cd964197f7eada570b349edb5c5297cf4b9c9c","messageTitle":"Create Gabriel\u0027s team page","messageBody":"","fileTypesAndContributionMap":{"docs":{"insertions":25,"deletions":0}}},{"hash":"9fea19f39daa1be7a93dcc5397317a39049d5698","messageTitle":"Link AboutUs to team page","messageBody":"","fileTypesAndContributionMap":{"docs":{"insertions":1,"deletions":1}}},{"hash":"adc1bd786b0aaa9d1435ea4b60056457b4229ed3","messageTitle":"Update add command for insurance","messageBody":"","fileTypesAndContributionMap":{"docs":{"insertions":2,"deletions":2}}},{"hash":"b53942e372a536f86c48accd8f60e34652fda248","messageTitle":"Update edit command for insurance","messageBody":"","fileTypesAndContributionMap":{"docs":{"insertions":5,"deletions":5}}},{"hash":"def9e3e73da2645ad653adb91786464153a40415","messageTitle":"Add insurance restrictions","messageBody":"","fileTypesAndContributionMap":{"docs":{"insertions":3,"deletions":0}}},{"hash":"48519759c63bfd444d211ae1344e0d416a18faeb","messageTitle":"Update command summary","messageBody":"","fileTypesAndContributionMap":{"docs":{"insertions":2,"deletions":2}}}]},{"date":"2021-09-30","commitResults":[{"hash":"330cad120fbdac756737b7b20479e763cbb408fb","messageTitle":"Update picture link","messageBody":"","fileTypesAndContributionMap":{"docs":{"insertions":1,"deletions":1}}},{"hash":"29b276e60179622a3c20a0c5b84a763af1daca90","messageTitle":"Change , to + for standardization","messageBody":"","fileTypesAndContributionMap":{"docs":{"insertions":1,"deletions":1}}},{"hash":"29a6ead8e2e15912a2b1d698753aecb472fdcbb1","messageTitle":"Add glossary","messageBody":"","fileTypesAndContributionMap":{"docs":{"insertions":2,"deletions":1}}}]}],"rldefa":[{"date":"2021-09-26","commitResults":[{"hash":"027cde4f5ba7ce93bf914caf01ada794f1bca2e5","messageTitle":"Create markdown document about Richard","messageBody":"","fileTypesAndContributionMap":{"docs":{"insertions":47,"deletions":0}}}]},{"date":"2021-09-27","commitResults":[{"hash":"822b489c91ac4b89fa58c07c1e953df237ccf822","messageTitle":"Update non-function requirements in developer guide","messageBody":"","fileTypesAndContributionMap":{"docs":{"insertions":10,"deletions":5}}},{"hash":"597cefa399d41fdc0d16580f2869ffea6918de09","messageTitle":"Update richardli contributions","messageBody":"","fileTypesAndContributionMap":{"docs":{"insertions":4,"deletions":26}}},{"hash":"6d64455db33485eddfb9052d1ddcdb05e2a017db","messageTitle":"Add documentation for scheduling appointments in user guide","messageBody":"","fileTypesAndContributionMap":{"docs":{"insertions":15,"deletions":0}}},{"hash":"a22e19a4c94eedc13215a1164b0050542578d9b4","messageTitle":"Add description of Richard into AboutUs","messageBody":"","fileTypesAndContributionMap":{"docs":{"insertions":5,"deletions":5}}},{"hash":"d655655fa373d5383e5c8437f9b4e7f41dded7bb","messageTitle":"Ammend naming of photo","messageBody":"","fileTypesAndContributionMap":{"docs":{"insertions":1,"deletions":1}}}]}]},"authorFileTypeContributionMap":{"JoelChanZhiYang":{"docs":79,"functional-code":0,"test-code":0},"CheahYan":{"docs":84,"functional-code":0,"test-code":0},"xianlinc":{"docs":243,"functional-code":0,"test-code":0},"kawaiigabrielneko":{"docs":43,"functional-code":0,"test-code":0},"rldefa":{"docs":51,"functional-code":0,"test-code":0}},"authorContributionVariance":{"JoelChanZhiYang":1007.3521,"CheahYan":731.25,"xianlinc":4458.5513,"kawaiigabrielneko":207.25,"rldefa":455.82144},"authorDisplayNameMap":{"JoelChanZhiYang":"CS2103T-T17-4 JOEL..YANG","CheahYan":"CS2103T-T17-4 CHEA..YAN)","xianlinc":"CS2103T-T17-4 CHNG.. LIN","kawaiigabrielneko":"CS2103T-T17-4 GABR.. LIN","rldefa":"CS2103T-T17-4 RICH..DEFA"}}
