{"authorDailyContributionsMap":{"luffingluffy":[{"date":"2021-09-18","commitResults":[{"hash":"1139a64a6648bb84e3b023113b2fa7fb80f74f9d","messageTitle":"Add assertion check to Gradle","messageBody":"","fileTypesAndContributionMap":{"other":{"insertions":4,"deletions":0}}},{"hash":"56f79d461eceea79c93812c49514a4a446d1d2e4","messageTitle":"Update README.md and Ui.png (#5)","messageBody":"Co-authored-by: Lutfi Randiva \u003cluffingluffy@gmail.com\u003e","fileTypesAndContributionMap":{"docs":{"insertions":9,"deletions":11}}}]},{"date":"2021-09-28","commitResults":[{"hash":"d03624524fe272de3c16bf743bd10714997675fd","messageTitle":"Add Lutfi\u0027s information to AboutUs.md","messageBody":"","fileTypesAndContributionMap":{"docs":{"insertions":86,"deletions":29}}},{"hash":"88e514dcb30c7c7652e075a9778826ff423d88fd","messageTitle":"Remove johndoe.md","messageBody":"","fileTypesAndContributionMap":{"docs":{"insertions":0,"deletions":55}}},{"hash":"d06ee8193429532541731af7e6bfddd78dee7425","messageTitle":"Fix typo in Jekyll metadata","messageBody":"","fileTypesAndContributionMap":{"docs":{"insertions":37,"deletions":35}}}]},{"date":"2021-10-08","commitResults":[{"hash":"cdff2a793e5de3a40000945d688acd6e6ec695c8","messageTitle":"Add optional work \u0026 quarantine address fields","messageBody":"","fileTypesAndContributionMap":{"functional-code":{"insertions":34,"deletions":18},"test-code":{"insertions":2,"deletions":2}}}]},{"date":"2021-10-09","commitResults":[{"hash":"cd815960df6d8b56f48d595b34d6d0b7ae43995d","messageTitle":"Implement Json skeleton files","messageBody":"","fileTypesAndContributionMap":{"functional-code":{"insertions":56,"deletions":9}}}]},{"date":"2021-10-10","commitResults":[{"hash":"0e05cff775bdefc4974945d8c64559eaba2aee65","messageTitle":"Add work \u0026 quarantine address fields","messageBody":"","fileTypesAndContributionMap":{"functional-code":{"insertions":60,"deletions":30},"test-code":{"insertions":2,"deletions":2}}}]},{"date":"2021-10-11","commitResults":[{"hash":"cd20d503f3b0d2e00664dc763031ed3043b14948","messageTitle":"Change PersonBuilder to include optional fields","messageBody":"","fileTypesAndContributionMap":{"test-code":{"insertions":72,"deletions":2}}},{"hash":"ab09ba7f2f2149998e5c5ed22c77f0e744d530a9","messageTitle":"Remove deprecated constructor in JsonAdaptedPerson","messageBody":"","fileTypesAndContributionMap":{"functional-code":{"insertions":1,"deletions":8},"test-code":{"insertions":40,"deletions":15}}}]},{"date":"2021-10-20","commitResults":[{"hash":"1501d6fea76d250eea947852c24989452c058f1f","messageTitle":"Add tests for optional fields implemented in v1.2","messageBody":"","fileTypesAndContributionMap":{"functional-code":{"insertions":13,"deletions":4},"test-code":{"insertions":313,"deletions":42}}}]},{"date":"2021-10-23","commitResults":[{"hash":"45f12970d105a47dbd869aa4b5029a39d996e784","messageTitle":"Add additional tests for EditCommand\u0027s optional fields","messageBody":"","fileTypesAndContributionMap":{"test-code":{"insertions":141,"deletions":17}}}]},{"date":"2021-10-24","commitResults":[{"hash":"f14b2a6aca21442ab7126a49e777cc0832e7f307","messageTitle":"Add assertion for ClearCommand","messageBody":"","fileTypesAndContributionMap":{"functional-code":{"insertions":3,"deletions":2}}},{"hash":"92d798ca76746b00100655f05b6103c2451d9def","messageTitle":"Update DG for add person and instructions for manual testing.","messageBody":"","fileTypesAndContributionMap":{"docs":{"insertions":18,"deletions":10}}}]},{"date":"2021-11-04","commitResults":[{"hash":"11462341ba30fbd33505bda4588e98618d0e8018","messageTitle":"Refactor Person\u0027s fields to extend from Attribute class","messageBody":"","fileTypesAndContributionMap":{"functional-code":{"insertions":626,"deletions":309},"other":{"insertions":37,"deletions":91},"docs":{"insertions":5,"deletions":5},"test-code":{"insertions":209,"deletions":144}}}]},{"date":"2021-11-05","commitResults":[{"hash":"7ca4b8ad1d6cc295d35891cd1f38430e6063311f","messageTitle":"Fix bugs #173 #176 #183","messageBody":"","fileTypesAndContributionMap":{"functional-code":{"insertions":58,"deletions":29},"test-code":{"insertions":39,"deletions":6}}}]},{"date":"2021-11-07","commitResults":[{"hash":"f1b49ad345c298806dca1c613d1194b238728a0d","messageTitle":"Fix EditCommand Result, UG and DG bugs","messageBody":"","fileTypesAndContributionMap":{"functional-code":{"insertions":4,"deletions":3},"docs":{"insertions":9,"deletions":8}}},{"hash":"22832f5f5a9227b9cc5ef865dac1f57c18022a6e","messageTitle":"Fix minor UG/DG bugs","messageBody":"","fileTypesAndContributionMap":{"docs":{"insertions":55,"deletions":54}}}]}],"over-fitted":[{"date":"2021-09-28","commitResults":[{"hash":"b07858a43e41b53b3be9d998bc821f34050b8a8d","messageTitle":"Add Andrew\u0027s information to docs","messageBody":"","fileTypesAndContributionMap":{"docs":{"insertions":34,"deletions":5}}}]},{"date":"2021-10-11","commitResults":[{"hash":"2411c9e53459ee6c6c1b9ca9710b09fc1008a537","messageTitle":"Add CaseNumber attribute.","messageBody":"In the process of creating the attribute I documented the areas I had to\nchange, with emphasis on test files that I had to modify. These docs were\nadded to sanityCheck.md in sanityCheck branch with a separate PR.\n\nWith my changes only EditCommandTest failed, with reference to Wei En\u0027s\nrequest not to touch edit command for now. Every other test passes, so\ncan use this commit as a reference for adding other attributes with tests.\n\nTo bypass the EditCommandTest failures for CICD purposes, EditCommandTest\nhas been disabled.\n\nFurther, the following issue was observed and fixed after merging with other features:\nIssue was with conflicting changes from prior commits breaking\n`PersonBuilder.build()`. Specifically, in the `Person` constructor,\nattributes were set to type `Optional` with null no longer accepted.\nThis caused build to throw an exception, and since a static thing\ntriggered this issue in tests, this propagated up as classnotfound error.\n","fileTypesAndContributionMap":{"functional-code":{"insertions":98,"deletions":10},"test-code":{"insertions":325,"deletions":222}}}]},{"date":"2021-10-17","commitResults":[{"hash":"5f4456940eae99fbe5c6e9e40835a8da881350c1","messageTitle":"Add sanity check document from previous commit","messageBody":"","fileTypesAndContributionMap":{"docs":{"insertions":61,"deletions":0}}}]},{"date":"2021-10-26","commitResults":[{"hash":"0a050dc6d7cfdd4c90b13cb83988479efb65ca3c","messageTitle":"Implement enforcement-related commands","messageBody":"This commit implements the following commands:\n1. fcall\n2. scall\n3. schedule\n4. session\n","fileTypesAndContributionMap":{"functional-code":{"insertions":434,"deletions":11},"docs":{"insertions":19,"deletions":0},"test-code":{"insertions":106,"deletions":20}}}]},{"date":"2021-11-05","commitResults":[{"hash":"f972a0fc867dbe18bf2a76903c26a8a30413c653","messageTitle":"Fix findCommandTest style","messageBody":"","fileTypesAndContributionMap":{"test-code":{"insertions":0,"deletions":1}}},{"hash":"8e9f4349a0af9bc91708a6b8565214962f2451c9","messageTitle":"Improve test readability","messageBody":"","fileTypesAndContributionMap":{"functional-code":{"insertions":2,"deletions":1},"test-code":{"insertions":12,"deletions":10}}},{"hash":"2c979d8f10cdcb81c3668af673a5cd63cef9ffe1","messageTitle":"Add Tshift test for valid negative TShift within present boundaries","messageBody":"","fileTypesAndContributionMap":{"test-code":{"insertions":18,"deletions":0}}},{"hash":"282ea4a79623b5c6595e172ca4e1b1382716d9f7","messageTitle":"Add callStatus missing field tests","messageBody":"","fileTypesAndContributionMap":{"test-code":{"insertions":5,"deletions":0}}}]},{"date":"2021-11-08","commitResults":[{"hash":"d46c9dd9243ac531aee7cb2602d0bf4b551d587b","messageTitle":"Add equality tests for Clear Command","messageBody":"","fileTypesAndContributionMap":{"functional-code":{"insertions":9,"deletions":2},"test-code":{"insertions":29,"deletions":0}}},{"hash":"847eec65382c6c7301291fc58651e652099ffb12","messageTitle":"Add tshift equality checks to Track2GatherParserTest","messageBody":"","fileTypesAndContributionMap":{"test-code":{"insertions":3,"deletions":0}}},{"hash":"08d6251b52964f287c5bbe2f254c0c2e552d88e6","messageTitle":"Add Andrew\u0027s PPP","messageBody":"","fileTypesAndContributionMap":{"docs":{"insertions":71,"deletions":4}}}]}],"lrnshk":[{"date":"2021-09-28","commitResults":[{"hash":"6bfc2683f269c9c90dad97e2566a2061b60d9dde","messageTitle":"Add Lauren\u0027s information to AboutUs.md","messageBody":"Fix the table headers of AboutUs.md and johndoe.md, change the description of Track2Gather in johndoe.md, add all my and Ian\u0027s information and files.\n","fileTypesAndContributionMap":{"docs":{"insertions":76,"deletions":16}}}]},{"date":"2021-10-10","commitResults":[{"hash":"435f08cdda8e5fee82334ffa24120fbc737a6402","messageTitle":"Add SHN period field into AddCommand","messageBody":"No existent field for SHN period of persons in Track2Gather.\n\nAdding SHN period field will enable tracking of SHN period.\n","fileTypesAndContributionMap":{"functional-code":{"insertions":148,"deletions":11},"test-code":{"insertions":44,"deletions":0}}}]},{"date":"2021-10-17","commitResults":[{"hash":"549aeb3ba7b2b84ce65bde380218586c81729472","messageTitle":"Delete command: Add support for batch-deleting contacts","messageBody":"Delete command does not support the deletion of multiple contacts at once\n\nA delete operation that takes multiple indices will be more convenient for the user if they need to delete many contacts at one go.\n\nLet\u0027s update the delete command to take multiple indices at once and delete them all from the app\n","fileTypesAndContributionMap":{"functional-code":{"insertions":49,"deletions":12},"docs":{"insertions":8,"deletions":6}}},{"hash":"4e485224fa130cda405215efe3343436684488f6","messageTitle":"Clear command: Remove all contacts with outdated SHN periods","messageBody":"Clear command removes all entries in the app.\n\nChanging it to remove all contacts with outdated SHN periods is more value-add for the target users, since they are more likely to remove entries with completed SHN periods than remove all of them.\n\nLet\u0027s\n* change the clear command to remove all contacts with completed SHN periods\n","fileTypesAndContributionMap":{"functional-code":{"insertions":27,"deletions":3},"docs":{"insertions":2,"deletions":2}}}]},{"date":"2021-10-19","commitResults":[{"hash":"27bfe592b84bac56f774b810e49979f49eabd203","messageTitle":"Clear command: Fix tests","messageBody":"The tests did not work with new implemented functionality of Clear command.\n\nUpdating the tests is important to check the functionality works.\n\nLet\u0027s\n* Fix the tests to test the new functionality of Clear command\n","fileTypesAndContributionMap":{"test-code":{"insertions":2,"deletions":2}}}]},{"date":"2021-10-20","commitResults":[{"hash":"5b4eebb97717044ae457ad0f945c8e6adb77769c","messageTitle":"Delete command: Fix tests","messageBody":"Tests were not updated to check the new implemented functionality of the Delete command.\n\nUpdating the tests will ensure the Delete command works as intended.\n\nLet\u0027s\n* Fix the tests to check for the new functionality of Delete command\n","fileTypesAndContributionMap":{"functional-code":{"insertions":2,"deletions":3},"test-code":{"insertions":35,"deletions":12}}},{"hash":"1f3c197551a48d16d6fa5b5e96d20d8819efdc78","messageTitle":"Fix Developer\u0027s Guide to reflect v1.2 changes","messageBody":"Developer\u0027s Guide is outdated.\n\nUpdating Developer\u0027s Guide to reflect v1.2 changes will keep it updated with the product changes.\n\nLet\u0027s\n* Edit UML diagrams to reflect v1.2 field additions\n* Remove outdated UML diagrams\n","fileTypesAndContributionMap":{"docs":{"insertions":130,"deletions":119}}}]},{"date":"2021-10-21","commitResults":[{"hash":"7bb82d2062a704b628bbfdff6987bb17487aadac","messageTitle":"Delete command: update Developer\u0027s Guide","messageBody":"Developer\u0027s guide does not reflect the upgrades made to the delete command.\n\nUpdating the developer\u0027s guide will maintain its relevance to the current product.\n\nLet\u0027s update the user stories, use cases and instructions for manual testing for the delete command in the DG.\n","fileTypesAndContributionMap":{"docs":{"insertions":30,"deletions":13}}},{"hash":"1c323ec5d76290f4dd602618137e0e04eaffb772","messageTitle":"Delete command: Fix invalid format message","messageBody":"Invalid format message did not reflect the changes to functionality.\n\nUpdating the invalid format message will enable users to know how to use the command.\n\nLet\u0027s update the invalid format message to reflect the changes in v1.3.\n","fileTypesAndContributionMap":{"functional-code":{"insertions":3,"deletions":3}}},{"hash":"7289453f905090c40580584d40c4a8826ce28b7e","messageTitle":"Clear command: update Developer\u0027s Guide","messageBody":"Developer\u0027s guide does not reflect the upgrades made to the clear command.\n\nUpdating the developer\u0027s guide will maintain its relevance to the current product.\n\nLet\u0027s update the user stories, use cases and instructions for manual testing for the clear command in the DG.\n","fileTypesAndContributionMap":{"docs":{"insertions":22,"deletions":8}}}]},{"date":"2021-10-22","commitResults":[{"hash":"24d233c468f5665264e33198ae1b4a8defe5ee17","messageTitle":"Clear command: Fix tests","messageBody":"Test was fragile due to using current System time.\n\nUpdating test to use a fixed time will make sure they do not break sometime in the future.\n\nLet\u0027s change the tests to using a fixed time.\n","fileTypesAndContributionMap":{"functional-code":{"insertions":14,"deletions":4},"test-code":{"insertions":12,"deletions":3}}}]},{"date":"2021-10-24","commitResults":[{"hash":"0c9e5e7d2ac18d8f19ac9f8a45bbab651988d989","messageTitle":"Fix UML diagrams and miscellaneous errors","messageBody":"UML diagrams were not updated to match changes in v1.3.\n\nUpdating UML diagrams maintains the Developer\u0027s Guide for v1.3.\n\nLet\u0027s\n* Change UML diagrams to include Schedule command\n* Delete unnecessary images and diagrams\n","fileTypesAndContributionMap":{"docs":{"insertions":4,"deletions":22}}},{"hash":"7eb23d44a3e20a6f070d1107552aa24686a812c8","messageTitle":"Update Landing Page for v1.3","messageBody":"Landing page does not accurately reflect the product.\n\nLet\u0027s update the landing page to reflect the v1.3 iteration.\n","fileTypesAndContributionMap":{"docs":{"insertions":7,"deletions":6}}},{"hash":"30526a0a7189337b3133628c71f1e87cd4c58843","messageTitle":"Change the unique Person key from name to case number.","messageBody":"User cannot add people with the same name, but can add people with the same case number.\n\nFixing it to the other way around makes more sense for contact tracing personnel as people can have the same name but not the same assigned case number.\n\nLet\u0027s\n* Change isSamePerson() to compare case number instead of name.\n* Update the tests to reflect the change.\n","fileTypesAndContributionMap":{"functional-code":{"insertions":2,"deletions":2},"test-code":{"insertions":6,"deletions":14}}}]},{"date":"2021-10-25","commitResults":[{"hash":"83f7a7da055975a6c292f0fdfc7c8c4e832b133b","messageTitle":"Delete command: Allow indices in any order","messageBody":"Indices could only be provided in ascending order.\n\nChanging it to allow any order will make it more user-friendly.\n\nLet\u0027s change the Delete command to take indices in any given order.\n","fileTypesAndContributionMap":{"functional-code":{"insertions":18,"deletions":11},"test-code":{"insertions":61,"deletions":0}}},{"hash":"dd8a120d3d937b96cbca7d1e5aadb55b8ca4d772","messageTitle":"Delete command: Update UG and DG to reflect any-order deletion","messageBody":"UG and DG were not reflective of the any-order deletion.\n\nUpdating UG and DG to reflect the change in the Delete command maintains the documentation accuracy.\n\nLet\u0027s update the UG and DG to reflect the any-order deletion\n","fileTypesAndContributionMap":{"docs":{"insertions":11,"deletions":5}}}]},{"date":"2021-10-26","commitResults":[{"hash":"d6a3399d8443c6bf53f2a172c6888ec1259a2b19","messageTitle":"Fix UG and DG to be cohesive","messageBody":"","fileTypesAndContributionMap":{"docs":{"insertions":84,"deletions":83}}}]},{"date":"2021-11-01","commitResults":[{"hash":"7fa10685acbaa0ef19de1c22030845b34d7e73a7","messageTitle":"Improve User Guide to fix PED issues","messageBody":"","fileTypesAndContributionMap":{"docs":{"insertions":74,"deletions":26}}}]},{"date":"2021-11-03","commitResults":[{"hash":"f4b9e1dc916e889168b839b4888bab4802b4e8fd","messageTitle":"Update the User Guide to be cohesive for v1.4","messageBody":"","fileTypesAndContributionMap":{"docs":{"insertions":68,"deletions":74}}}]},{"date":"2021-11-04","commitResults":[{"hash":"4b8530858ee4d1450c2eb54ea15ba179987b77a9","messageTitle":"Fix User Guide to clarify Find command","messageBody":"","fileTypesAndContributionMap":{"docs":{"insertions":13,"deletions":8}}},{"hash":"2e056555add33618e5b53e2ad1ce587fd239052f","messageTitle":"no message","messageBody":"","fileTypesAndContributionMap":{"docs":{"insertions":5,"deletions":5}}},{"hash":"6f943f393b29cd2917323807f81ef8d408b6d1c6","messageTitle":"Update the Developer\u0027s Guide for v1.4","messageBody":"","fileTypesAndContributionMap":{"docs":{"insertions":260,"deletions":210}}},{"hash":"dc5b899791da9222de0f8007e1ac64fcff42a8a3","messageTitle":"Update Developer\u0027s Guide to reflect v1.4","messageBody":"","fileTypesAndContributionMap":{"docs":{"insertions":110,"deletions":116}}},{"hash":"9f4e8733f4a852e2dd4de362b1ead9ff6bcf1333","messageTitle":"Update user-visible messages (command results) to address PE-D bugs","messageBody":"","fileTypesAndContributionMap":{"functional-code":{"insertions":103,"deletions":66},"test-code":{"insertions":35,"deletions":23}}},{"hash":"53fadb8722f8e4ce06145f130c91a626f6eb6b82","messageTitle":"Fix typo in UG","messageBody":"","fileTypesAndContributionMap":{"docs":{"insertions":2,"deletions":2}}},{"hash":"de83965daa0baddf510981329a70221265443afa","messageTitle":"Fix misalignment in DG","messageBody":"","fileTypesAndContributionMap":{"docs":{"insertions":13,"deletions":13}}}]},{"date":"2021-11-06","commitResults":[{"hash":"2801e00173844d1c428cb080c6f3b49840933237","messageTitle":"Prepare PPP for Lauren","messageBody":"","fileTypesAndContributionMap":{"docs":{"insertions":49,"deletions":35}}},{"hash":"ec924c80dee1b6c5d0ea6b91668cb0b133fe02a0","messageTitle":"Fix bug in link to the UG","messageBody":"","fileTypesAndContributionMap":{"docs":{"insertions":1,"deletions":1}}}]},{"date":"2021-11-07","commitResults":[{"hash":"e2ea80f5aa28df58356381e8313ca5020bf4f688","messageTitle":"Clear command: Fix to clear all instead of displayed persons","messageBody":"","fileTypesAndContributionMap":{"functional-code":{"insertions":6,"deletions":1},"docs":{"insertions":4,"deletions":2}}},{"hash":"cf0f4f30dfcb0c491ee0cd2dba174a8335d19ca0","messageTitle":"Delete command: Fix to ignore whitespaces surrounding or between indices","messageBody":"","fileTypesAndContributionMap":{"functional-code":{"insertions":1,"deletions":1}}},{"hash":"0aa4c0b3f40bc21d7650b8d6d1328983d7cd62d0","messageTitle":"Fix HTML in the UG","messageBody":"","fileTypesAndContributionMap":{"docs":{"insertions":5,"deletions":5}}}]}],"wei2912":[{"date":"2021-09-28","commitResults":[{"hash":"cceebdcc856b4f1f95c46bf6613cd26f473c7188","messageTitle":"Update UserGuide.md for Track2Gather (#23)","messageBody":"","fileTypesAndContributionMap":{"docs":{"insertions":35,"deletions":51}}},{"hash":"36ced4f95ae2b49bf57f6130a5de007050946965","messageTitle":"Add Wei En to AboutUs.md","messageBody":"","fileTypesAndContributionMap":{"docs":{"insertions":40,"deletions":0}}}]},{"date":"2021-09-29","commitResults":[{"hash":"9c4c1a2e0bfdbc5c269ac322249e8d3ed3b1b0f3","messageTitle":"Update index.md for Track2Gather","messageBody":"","fileTypesAndContributionMap":{"docs":{"insertions":10,"deletions":6}}},{"hash":"6ec87eb5765132be61f0364c7e0613156d3dd5de","messageTitle":"Remove all instances of AB3 from UserGuide.md","messageBody":"","fileTypesAndContributionMap":{"docs":{"insertions":7,"deletions":10}}},{"hash":"12f87e4f06ff333f64439f7dd1be532ff991c959","messageTitle":"Acknowledge AB3 in index.md","messageBody":"","fileTypesAndContributionMap":{"docs":{"insertions":1,"deletions":0}}}]},{"date":"2021-10-03","commitResults":[{"hash":"5a10b86438dc692d19a8f837ae1f31c05fd3b1bc","messageTitle":"Implement skeleton for new Add command","messageBody":"This commit implements a skeleton for the addition of various fields to\nthe Add command in preparation for v1.2, as indicated in\n`docs/UserGuide.md`.\n\nThe following changes were made:\n1. `address` has been renamed to `homeAddress`\n2. The following fields were added: `workAddress`, `quarantineAddress`,\n   `shnPeriod`, `caseNumber`, `nextOfKinName`, `nextOfKinPhone`,\n   `nextOfKinAddress`\n3. `tags` was deprecated and will be removed when the changes are\n   integrated.\n4. Related variables and classes have been modified accordingly. All\n   new fields are of type `Object` and set to `null` by default.\n   Currently, equality checks exclude these fields.\n\nA list of tasks to be carried out during integration has been added into\nthe codebase at relevant points, marked by `TODO` comments.\n","fileTypesAndContributionMap":{"functional-code":{"insertions":146,"deletions":41},"docs":{"insertions":4,"deletions":4},"test-code":{"insertions":94,"deletions":92}}}]},{"date":"2021-10-09","commitResults":[{"hash":"b27a2fedc49400ae5ab170ce37eea1ea1a98d142","messageTitle":"Revert \"Add optional work and quarantine address field\"","messageBody":"","fileTypesAndContributionMap":{"functional-code":{"insertions":18,"deletions":34},"test-code":{"insertions":2,"deletions":2}}}]},{"date":"2021-10-11","commitResults":[{"hash":"173ca73cb0a77a80b3f2c54996191ddd55a2345b","messageTitle":"Standardise order of Person attributes","messageBody":"This commit also fixes issues with the Edit command and all broken\ntests, as well as documentation and UI changes.\n","fileTypesAndContributionMap":{"functional-code":{"insertions":146,"deletions":141},"docs":{"insertions":5,"deletions":5},"test-code":{"insertions":300,"deletions":274}}},{"hash":"f7a68cabef5a7459e54ec211addf32ab93cfb960","messageTitle":"Use Objects.hash() for hashCode method of ShnPeriod","messageBody":"","fileTypesAndContributionMap":{"functional-code":{"insertions":2,"deletions":3}}},{"hash":"cb8d950cc19b063042edafccba3b47f282fb94eb","messageTitle":"Update relevant constructors and deprecate Tag-related features","messageBody":"Tags will be removed completely in a future PR.\n","fileTypesAndContributionMap":{"functional-code":{"insertions":23,"deletions":16},"test-code":{"insertions":37,"deletions":15}}},{"hash":"7dbc800a37ef5f420ed997028e8759a3e93c1531","messageTitle":"Modify prefix of ShnPeriod in Add command","messageBody":"","fileTypesAndContributionMap":{"functional-code":{"insertions":1,"deletions":1},"docs":{"insertions":3,"deletions":3}}},{"hash":"63a434a608422d527d307f20ffd7c44262b8f328","messageTitle":"Store only date in ShnPeriod","messageBody":"","fileTypesAndContributionMap":{"functional-code":{"insertions":19,"deletions":18},"test-code":{"insertions":9,"deletions":10}}},{"hash":"d11e83562b52067efeda0da7101ac8c6ffae421c","messageTitle":"Use shorter constructor for Person where relevant","messageBody":"","fileTypesAndContributionMap":{"functional-code":{"insertions":5,"deletions":6},"test-code":{"insertions":1,"deletions":3}}},{"hash":"1268ba0ef9e56f90cd86c01a7795dffe03ea6573","messageTitle":"Remove all instances of Tag","messageBody":"","fileTypesAndContributionMap":{"functional-code":{"insertions":43,"deletions":309},"test-code":{"insertions":45,"deletions":278}}}]},{"date":"2021-10-16","commitResults":[{"hash":"d3eae906aa0eb21b382a4bdc892e64abfe1b9263","messageTitle":"Implement number of persons displayed in status bar","messageBody":"","fileTypesAndContributionMap":{"functional-code":{"insertions":11,"deletions":2}}}]},{"date":"2021-10-21","commitResults":[{"hash":"579c2f3dc1b49e75775d8719e68b53ed4aa74994","messageTitle":"Sort contacts by alphabetical order","messageBody":"This commit creates a SortedList that wraps around the existing\nFilteredList of ModelManager, which updates automatically as\nFilteredList updates.\n\nAs a consequence of this change, getFilteredPersonList() in Model has\nbeen renamed to getSortedPersonList(). An additional method,\nupdateSortedPersonList(), has been created for future developers to set\nspecific comparators on the SortedList. Also, a natural order has been\ncreated for the Person and Name classes, based on case-insensitive\nlexicographic order of full names.\n","fileTypesAndContributionMap":{"functional-code":{"insertions":30,"deletions":5},"docs":{"insertions":1,"deletions":1},"test-code":{"insertions":6,"deletions":0}}}]},{"date":"2021-10-24","commitResults":[{"hash":"85f6217317dc3f2cc7ac455f68f1371cb09a0c56","messageTitle":"Implement SortCommand for sort by Name and CaseNumber","messageBody":"","fileTypesAndContributionMap":{"functional-code":{"insertions":151,"deletions":4},"docs":{"insertions":19,"deletions":2},"test-code":{"insertions":259,"deletions":3}}},{"hash":"5875ffedb86264d4454eb40ee55e33e2a7a3c589","messageTitle":"Implement directional sorting in Sort command","messageBody":"This commit modifies the previous approach of input parsing to use\nArgumentMultimap. This required a change to the internal data structure\nfrom HashMap to LinkedHashMap, which would preserve the insertion order\nof prefixes. An additional method, getPrefixes(), has been created in\nArgumentMultimap to return a list of prefixes ordered by index of last\noccurrence.\n","fileTypesAndContributionMap":{"functional-code":{"insertions":97,"deletions":53},"test-code":{"insertions":226,"deletions":83}}},{"hash":"b9338ca53fd89b08600ed7394b61f93f1c1dec0a","messageTitle":"Sort command: Update UG and DG","messageBody":"This commit also includes a minor change to the help message.\n","fileTypesAndContributionMap":{"functional-code":{"insertions":5,"deletions":5},"docs":{"insertions":54,"deletions":7}}}]},{"date":"2021-10-25","commitResults":[{"hash":"1545521ab5ef5431a328a8274f81e3d90409d85b","messageTitle":"Default to ascending case number sort","messageBody":"This commit also makes a few changes to TypicalPersons, due to some\nnon-ideal assumptions in previous test case designs.\n","fileTypesAndContributionMap":{"functional-code":{"insertions":1,"deletions":1},"test-code":{"insertions":3,"deletions":3}}},{"hash":"11afd597a43679340b083c849370d2497bcaf4e1","messageTitle":"Display total number of contacts","messageBody":"","fileTypesAndContributionMap":{"functional-code":{"insertions":12,"deletions":4}}},{"hash":"85d1dfc949fad0bcea2d3f7c0aaee872224c65c0","messageTitle":"Sort command: Fix raw types warning","messageBody":"","fileTypesAndContributionMap":{"functional-code":{"insertions":5,"deletions":8}}},{"hash":"2d51956c0fa92f327aa6ce6026f80c272970f269","messageTitle":"Sort command: Add support for SHN Period start/end dates","messageBody":"This commit also creates getters for startDate and endDate in ShnPeriod\nand creates a few constant comparators for each of the 4 supported field\nprefixes.\n","fileTypesAndContributionMap":{"functional-code":{"insertions":39,"deletions":10},"docs":{"insertions":9,"deletions":9},"test-code":{"insertions":102,"deletions":9}}},{"hash":"225625812d2b97b487fdb763664120168493c099","messageTitle":"Sort command: Add missing parser tests","messageBody":"","fileTypesAndContributionMap":{"test-code":{"insertions":10,"deletions":0}}}]},{"date":"2021-10-26","commitResults":[{"hash":"be3e03a1e65661c066fea641266eeafbffb23705","messageTitle":"Update UG and DG for enforcement-related features","messageBody":"","fileTypesAndContributionMap":{"docs":{"insertions":120,"deletions":0}}},{"hash":"71eefa4ac937cbf1ffdba9ad75ac2f731f9ad5b3","messageTitle":"Update output of SCall and FCall commands","messageBody":"","fileTypesAndContributionMap":{"functional-code":{"insertions":2,"deletions":2}}},{"hash":"509e0be28bc045487c87397132dd34774be725e1","messageTitle":"Update version number to v0.3","messageBody":"","fileTypesAndContributionMap":{"functional-code":{"insertions":1,"deletions":1}}},{"hash":"39e2fc2e3c1f3c24a6cf48fcfbb0d9a4d9d9a975","messageTitle":"Corrected major version number in MainApp","messageBody":"","fileTypesAndContributionMap":{"functional-code":{"insertions":1,"deletions":1}}}]},{"date":"2021-10-31","commitResults":[{"hash":"a12fefc5a01a30eef5703f554fe5a3e786a7bbb3","messageTitle":"Rename files to Track2Gather equivalents","messageBody":"","fileTypesAndContributionMap":{"functional-code":{"insertions":4,"deletions":2}}},{"hash":"8f48580ee521dcb959e498e9992d9f344ab7b3d4","messageTitle":"Rename all instances of AddressBook to Track2Gather","messageBody":"","fileTypesAndContributionMap":{"functional-code":{"insertions":297,"deletions":296},"other":{"insertions":1157,"deletions":1157},"docs":{"insertions":84,"deletions":84},"test-code":{"insertions":333,"deletions":333}}},{"hash":"f2ced3a96d69c329814eb15d68569fd53c19399b","messageTitle":"Fix checkstyle violations","messageBody":"","fileTypesAndContributionMap":{"functional-code":{"insertions":4,"deletions":4},"test-code":{"insertions":5,"deletions":5}}}]},{"date":"2021-11-04","commitResults":[{"hash":"b61af0aa870d111027d844cba744379aeb7c6090","messageTitle":"Update Architecture section of DG","messageBody":"","fileTypesAndContributionMap":{"docs":{"insertions":5,"deletions":3}}},{"hash":"7c4fafa17d5219257a856478c2e108d32c5e2576","messageTitle":"Update Person UML with new class structure of attributes","messageBody":"This commit is linked to https://github.com/AY2122S1-CS2103-W14-2/tp/issues/204\n","fileTypesAndContributionMap":{"docs":{"insertions":16,"deletions":7}}},{"hash":"84f638e4922ff24f9bcd856f05e06b3aa2f203c7","messageTitle":"fixup! Update Architecture section of DG","messageBody":"","fileTypesAndContributionMap":{"docs":{"insertions":1,"deletions":1}}}]},{"date":"2021-11-07","commitResults":[{"hash":"8565233883dc5574d898a20a131fdd97b5b3c574","messageTitle":"SortCommand: Sort contacts without SHN periods below","messageBody":"","fileTypesAndContributionMap":{"functional-code":{"insertions":12,"deletions":4},"test-code":{"insertions":8,"deletions":6}}},{"hash":"b08e2721bdba189712ed548592b2b8a61b3e8300","messageTitle":"UG: Amend Find command table to explain in terms of keywords","messageBody":"","fileTypesAndContributionMap":{"docs":{"insertions":5,"deletions":5}}},{"hash":"bb1dfd37ab6c955e3ef3f7d2d2d26a57280dc73d","messageTitle":"CaseNumber: Standardise help messages","messageBody":"","fileTypesAndContributionMap":{"functional-code":{"insertions":4,"deletions":4},"docs":{"insertions":1,"deletions":1}}},{"hash":"3507a2935e53c1903960b1b00978cf13e1ca2dd2","messageTitle":"Impose stricter validation for phone numbers","messageBody":"","fileTypesAndContributionMap":{"functional-code":{"insertions":5,"deletions":4},"docs":{"insertions":3,"deletions":3},"test-code":{"insertions":25,"deletions":1}}},{"hash":"c1b06b05ed30534c0a2bfda94acdc2ce738a3f8a","messageTitle":"DG: Standardise alignment of lists in Use Cases","messageBody":"","fileTypesAndContributionMap":{"docs":{"insertions":39,"deletions":39}}}]}],"frederickpek":[{"date":"2021-09-26","commitResults":[{"hash":"75d954082141eda57593ca7092f2c920168a56a5","messageTitle":"Update DeveloperGuide.md (#15)","messageBody":"Update details to match Track2Gather, including:\r\n* target user profile\r\n* value proposition\r\n* user stories\r\n* use cases\r\n* non-functional requirements\r\n* glossary","fileTypesAndContributionMap":{"docs":{"insertions":128,"deletions":24}}}]},{"date":"2021-09-28","commitResults":[{"hash":"47b908a0db3620189fdd1d7f20d88b121afa6c7e","messageTitle":"Add Frederick\u0027s information to AboutUs.md","messageBody":"","fileTypesAndContributionMap":{"docs":{"insertions":40,"deletions":0}}}]},{"date":"2021-10-12","commitResults":[{"hash":"c7bdc440604667ec01037b9c53a6798f1d16bd31","messageTitle":"Implement GUI v1.2","messageBody":"Add various icons for PersonListCard fields. Enhance the GUI to match the mock up GUI.\n","fileTypesAndContributionMap":{"functional-code":{"insertions":326,"deletions":74},"test-code":{"insertions":25,"deletions":0}}}]},{"date":"2021-10-17","commitResults":[{"hash":"f9c6fdbe3dceb3726b2cec990a3eb9931a07f857","messageTitle":"Update edit command","messageBody":"Update edit command to work with optional fields in person class.\n* workAddress\n* quarantineAddress\n* shnPeriod\n* nextOfKinName\n* nextOfKinPhone\n* nextOfKinAddress\n","fileTypesAndContributionMap":{"functional-code":{"insertions":128,"deletions":5}}}]},{"date":"2021-10-18","commitResults":[{"hash":"3991d734f34c9663ed54c0da870371d6bf76b823","messageTitle":"Update UG for v1.2","messageBody":"Fully describe all commands available in Track2Gather v1.2\n","fileTypesAndContributionMap":{"docs":{"insertions":63,"deletions":55}}},{"hash":"d0bc73f416ae7a7f421e3c17dd89840f4d9bc267","messageTitle":"Improve functional style of EditCommand","messageBody":"Use Optional::or instead of Optional::isPresent.\nAdditionally, add optional fields to MESSAGE_USAGE.\n","fileTypesAndContributionMap":{"functional-code":{"insertions":26,"deletions":25}}}]},{"date":"2021-10-20","commitResults":[{"hash":"bf65e49ebf1210c3439dad1f4f8dcb77219bddda","messageTitle":"Fix Typo","messageBody":"","fileTypesAndContributionMap":{"docs":{"insertions":1,"deletions":1}}}]},{"date":"2021-10-23","commitResults":[{"hash":"be6aeb7bd083d3a88150787c72449af5d352f047","messageTitle":"Edit Command: Update UG and DG for v1.3","messageBody":"","fileTypesAndContributionMap":{"docs":{"insertions":35,"deletions":15}}},{"hash":"c484998314ba2fa4978f8aac18aeed8cdc5e0fd6","messageTitle":"TShift Command: Update UG and DG for v1.3","messageBody":"","fileTypesAndContributionMap":{"docs":{"insertions":56,"deletions":1}}},{"hash":"0757738664dc0ebbebc29118a30203eb783391c9","messageTitle":"Implement TShiftCommand","messageBody":"* Include tests for TShiftCommand and TShiftCommandParser\n","fileTypesAndContributionMap":{"functional-code":{"insertions":118,"deletions":1},"test-code":{"insertions":163,"deletions":0}}}]},{"date":"2021-10-26","commitResults":[{"hash":"d533a9bd76d5d49f6402f1f84dbd3541092a8f8b","messageTitle":"Update GUI to reflect v1.3 changes","messageBody":"","fileTypesAndContributionMap":{"functional-code":{"insertions":64,"deletions":10},"docs":{"insertions":1,"deletions":2}}}]},{"date":"2021-11-01","commitResults":[{"hash":"fff9738ef05cbec77e7ab718eac969773ac81dc2","messageTitle":"Fix User Guide Issues","messageBody":"","fileTypesAndContributionMap":{"docs":{"insertions":26,"deletions":7}}}]},{"date":"2021-11-04","commitResults":[{"hash":"23dd3cb4ac400301d7591cd5de5ff0bb951ddfe8","messageTitle":"Fix Gui Display Issue","messageBody":"","fileTypesAndContributionMap":{"functional-code":{"insertions":1,"deletions":1}}},{"hash":"252118481c9d68eaf704645d2362b7617b80dfaf","messageTitle":"Fix bug in TShift command","messageBody":"TShift only shifts those in the display.\nBut after execution, it shows the entire list.\nThe fix is to not have it show everyone right execution\n","fileTypesAndContributionMap":{"functional-code":{"insertions":0,"deletions":4}}}]},{"date":"2021-11-05","commitResults":[{"hash":"bd81238fca92ef8c2db35597287d5154d8d023b9","messageTitle":"Edit Period class help message","messageBody":"Edit to conform to User Guide\n","fileTypesAndContributionMap":{"functional-code":{"insertions":3,"deletions":3}}},{"hash":"02d9f68eca7902b35f45a047dd7240c424cb8ef9","messageTitle":"EditCommandParser remove redundant checks","messageBody":"Redundant checks lowers coverage, those lines will never be reached,\nhence cannot be tested for and should be removed.\n","fileTypesAndContributionMap":{"functional-code":{"insertions":12,"deletions":18}}}]},{"date":"2021-11-06","commitResults":[{"hash":"4ecc7a19635c7acf7e06a6db33c2c84265daa517","messageTitle":"Add assert statements to improve defensiveness in editcommandparser","messageBody":"","fileTypesAndContributionMap":{"functional-code":{"insertions":6,"deletions":0}}}]},{"date":"2021-11-07","commitResults":[{"hash":"f87ae13f74c904a190f972c88326b50f274ce08c","messageTitle":"Bugfix: next of kin particulars not aligned","messageBody":"","fileTypesAndContributionMap":{"functional-code":{"insertions":56,"deletions":52}}},{"hash":"b6c202a8f0d6f9fd6a75037e34f4f83c101f0350","messageTitle":"Update README.md","messageBody":"Repo README.md not updated with latest landing page index.md,\nlets update it.\n\nInclude also, updated track2gather_32.png file\n","fileTypesAndContributionMap":{"docs":{"insertions":20,"deletions":8}}},{"hash":"d2b106c9545a4de0962970606ef54beb26b6d24c","messageTitle":"Fix README.md links to webpages","messageBody":"","fileTypesAndContributionMap":{"docs":{"insertions":3,"deletions":2}}},{"hash":"acd43356085146a1690b85cffab66739293ae8a7","messageTitle":"Update draft PPP for @frederickpek","messageBody":"","fileTypesAndContributionMap":{"docs":{"insertions":60,"deletions":17}}},{"hash":"89dbcd5396342f9b08109e05a15bfd9cbdd03cb1","messageTitle":"Fix README.md and index.md links","messageBody":"","fileTypesAndContributionMap":{"docs":{"insertions":5,"deletions":5}}},{"hash":"d954bd7f4a33681c45db8623cf30b0f24c76772b","messageTitle":"Update PPP for @frederickpek","messageBody":"","fileTypesAndContributionMap":{"docs":{"insertions":32,"deletions":55}}},{"hash":"861de1e646e29fb1751ff4c908fcf15a20a6deb9","messageTitle":"Update PPP for @frederickpek","messageBody":"","fileTypesAndContributionMap":{"docs":{"insertions":8,"deletions":4}}}]}],"jennibearduit":[{"date":"2021-09-28","commitResults":[{"hash":"4a8db79a120e8f3407e48336dd9d96c8829be641","messageTitle":"Add Jennifer to AboutUs.md","messageBody":"","fileTypesAndContributionMap":{"docs":{"insertions":44,"deletions":5}}}]},{"date":"2021-10-10","commitResults":[{"hash":"72dca400611b843a0573135cf483facc07320516","messageTitle":"Add nextOfKinName, nextOfKinPhone and nextOfKinAddress fields to AddCommand","messageBody":"","fileTypesAndContributionMap":{"functional-code":{"insertions":69,"deletions":27}}}]},{"date":"2021-10-24","commitResults":[{"hash":"08848c514ab9cc98fbd6f31d62856d76a346440f","messageTitle":"Edit find command to allow find by Phone, Case Number, SHN Period (start date) and SHN Period (end date) in addition to Name.","messageBody":"","fileTypesAndContributionMap":{"functional-code":{"insertions":204,"deletions":17},"other":{"insertions":9,"deletions":7},"test-code":{"insertions":429,"deletions":16}}}]},{"date":"2021-10-26","commitResults":[{"hash":"a7304a90a9951f8cb8479f7303801eb164339a91","messageTitle":"Edit find predicates","messageBody":"","fileTypesAndContributionMap":{"functional-code":{"insertions":102,"deletions":68},"other":{"insertions":75,"deletions":75},"test-code":{"insertions":125,"deletions":86}}},{"hash":"a9098ac063b58a15c79327b317177a52cc70c72d","messageTitle":"Update DG and UG with changes to Find Command in v1.3","messageBody":"","fileTypesAndContributionMap":{"docs":{"insertions":74,"deletions":24}}}]},{"date":"2021-11-05","commitResults":[{"hash":"479c3b2034d188a5bf6f1455bba1c00f9d650c90","messageTitle":"Add enforcement tests","messageBody":"","fileTypesAndContributionMap":{"test-code":{"insertions":463,"deletions":0}}},{"hash":"9ba082cfb026416d2eb4b39082bcf2d39c269c9a","messageTitle":"v1.4 - Update Jennifer\u0027s PPP","messageBody":"","fileTypesAndContributionMap":{"docs":{"insertions":79,"deletions":15}}}]},{"date":"2021-11-06","commitResults":[{"hash":"0d00cf936d70056191fd6c2af5dac6f7159b2c03","messageTitle":"Update find command error messages and tests","messageBody":"","fileTypesAndContributionMap":{"functional-code":{"insertions":33,"deletions":7},"docs":{"insertions":2,"deletions":2},"test-code":{"insertions":44,"deletions":16}}}]},{"date":"2021-11-07","commitResults":[{"hash":"e3e51a57cb77133ff6c8b62cad8dbf26facd3f27","messageTitle":"Update email message and UG","messageBody":"","fileTypesAndContributionMap":{"functional-code":{"insertions":3,"deletions":3},"docs":{"insertions":1,"deletions":1}}}]},{"date":"2021-11-08","commitResults":[{"hash":"8522c22e9c24b94348accb2493f256b227ba8a31","messageTitle":"Update enforcement tests","messageBody":"","fileTypesAndContributionMap":{"test-code":{"insertions":131,"deletions":25}}}]}]},"authorFileTypeContributionMap":{"luffingluffy":{"docs":143,"functional-code":727,"test-code":671,"other":4},"over-fitted":{"docs":172,"functional-code":417,"test-code":232},"lrnshk":{"docs":564,"functional-code":189,"test-code":127},"wei2912":{"docs":217,"functional-code":1166,"test-code":1497,"other":3},"frederickpek":{"docs":215,"functional-code":534,"test-code":161},"jennibearduit":{"docs":109,"functional-code":241,"test-code":1037}},"authorContributionVariance":{"luffingluffy":40974.887,"over-fitted":14255.8,"lrnshk":20597.68,"wei2912":325102.53,"frederickpek":8630.679,"jennibearduit":21126.0},"authorDisplayNameMap":{"luffingluffy":"CS2103-W14-2 LUTF..DIVA","over-fitted":"CS2103-W14-2 ANDR..IPTO","lrnshk":"CS2103-W14-2 LAUR.. JUN","wei2912":"CS2103-W14-2 NG W..I EN","frederickpek":"CS2103-W14-2 FRED.. PEK","jennibearduit":"CS2103-W14-2 JENN..IFER"}}
