{"authorDailyContributionsMap":{"wangpeialex":[{"date":"2021-09-29","commitResults":[{"hash":"d75b9677eb870942cd3c01a6507288610ca4deb0","messageTitle":"Add descriptions and usage messages to UG","messageBody":"","fileTypesAndContributionMap":{"docs":{"insertions":130,"deletions":90}}},{"hash":"9fcc0ffe51ac85a15ea6c58012d206972e72fd3f","messageTitle":"Add workflow illustration of manage orders","messageBody":"","fileTypesAndContributionMap":{"docs":{"insertions":0,"deletions":1}}},{"hash":"44a680aced4a4427c3a96eed50e3cae74ca57b98","messageTitle":"Auto format code style","messageBody":"","fileTypesAndContributionMap":{"docs":{"insertions":37,"deletions":26}}},{"hash":"b0f29e4c0f93ede6b0e793e494e7d6e3f729a013","messageTitle":"Fix coding style","messageBody":"","fileTypesAndContributionMap":{"docs":{"insertions":2,"deletions":2}}}]},{"date":"2021-10-08","commitResults":[{"hash":"4980ef84cbf6fd60ed250a263b70c5a2a531d633","messageTitle":"Implement addItems() in Inventory class","messageBody":"","fileTypesAndContributionMap":{"functional-code":{"insertions":10,"deletions":0}}},{"hash":"bb65fca7d77d7878389e19951d3e12b3727bd5af","messageTitle":"Implement Order and OrderManager class","messageBody":"","fileTypesAndContributionMap":{"functional-code":{"insertions":59,"deletions":0}}},{"hash":"1eafc17d494544d24f4515a1f2c35d5409a7c6da","messageTitle":"Add and implement Order APIs in model","messageBody":"","fileTypesAndContributionMap":{"functional-code":{"insertions":80,"deletions":0}}},{"hash":"4c394036f44df705c19306a8e561a16197bf7c8a","messageTitle":"Update method signature of Order","messageBody":"","fileTypesAndContributionMap":{"functional-code":{"insertions":3,"deletions":3}}},{"hash":"78080430b6a7b2907134a2abd3f44078b8bdf66e","messageTitle":"Implement addOrder in Inventory","messageBody":"","fileTypesAndContributionMap":{"functional-code":{"insertions":7,"deletions":0}}},{"hash":"2116f1c4b4c98e1a798062f836baa1fb44f7e881","messageTitle":"Implement Transaction class as records of orders","messageBody":"","fileTypesAndContributionMap":{"functional-code":{"insertions":23,"deletions":0}}},{"hash":"7088d7fd2f81bd23c04a99db72b960a98874d727","messageTitle":"Implement order transaction","messageBody":"","fileTypesAndContributionMap":{"functional-code":{"insertions":66,"deletions":7},"other":{"insertions":3,"deletions":3}}}]},{"date":"2021-10-09","commitResults":[{"hash":"d1686ce452d9bbe74e7dfba830b901649e7d4e33","messageTitle":"Implement StartOrderCommand","messageBody":"","fileTypesAndContributionMap":{"functional-code":{"insertions":40,"deletions":0}}},{"hash":"2b480042b63193f8609d03a42590acd4ccbba86e","messageTitle":"Implement AddToOrderCommand","messageBody":"","fileTypesAndContributionMap":{"functional-code":{"insertions":61,"deletions":0}}},{"hash":"a1d7e59d40c0afac6c57925ca078553841c11e8b","messageTitle":"Implement rest order commands","messageBody":"","fileTypesAndContributionMap":{"functional-code":{"insertions":4,"deletions":0}}},{"hash":"ab0afb5863e1ff02d898892f9d16e10c79573b32","messageTitle":"Implement 3 order commands","messageBody":"","fileTypesAndContributionMap":{"functional-code":{"insertions":97,"deletions":7}}},{"hash":"a55e16c0ab21bc670a535efa47a32e70ea45ede3","messageTitle":"Implement order operations in ModelManager","messageBody":"","fileTypesAndContributionMap":{"functional-code":{"insertions":11,"deletions":4}}},{"hash":"7b42ebb7a4c171989020fd08b7277660ab8b71bc","messageTitle":"Add some preliminary tests","messageBody":"","fileTypesAndContributionMap":{"test-code":{"insertions":73,"deletions":0}}},{"hash":"b265b8e4a0c0d10802dad04ae59155493fca683c","messageTitle":"Refactor Order class","messageBody":"","fileTypesAndContributionMap":{"functional-code":{"insertions":24,"deletions":51},"other":{"insertions":2,"deletions":2}}},{"hash":"bff3d58aac9c6e9df522953308faad356fe07f59","messageTitle":"Add order relevant tests in Model class","messageBody":"","fileTypesAndContributionMap":{"functional-code":{"insertions":2,"deletions":7},"test-code":{"insertions":19,"deletions":0}}},{"hash":"c47579e53c002fee92000286698461a6cff2592e","messageTitle":"Restyle code","messageBody":"","fileTypesAndContributionMap":{"functional-code":{"insertions":5,"deletions":4},"docs":{"insertions":144,"deletions":89}}},{"hash":"19376886be7cbb32b598fc9263d5850c045382a9","messageTitle":"Add new line at EOF","messageBody":"","fileTypesAndContributionMap":{"test-code":{"insertions":1,"deletions":1}}}]},{"date":"2021-10-11","commitResults":[{"hash":"7d1c58db401ff4dfa78e724e7e273542765bc926","messageTitle":"Finish implementation of order system","messageBody":"","fileTypesAndContributionMap":{"functional-code":{"insertions":203,"deletions":1}}},{"hash":"0c0d8cfbc3701352305ec5ea39eebda35a088cac","messageTitle":"Fix style errors","messageBody":"","fileTypesAndContributionMap":{"functional-code":{"insertions":12,"deletions":4},"test-code":{"insertions":8,"deletions":3}}}]},{"date":"2021-10-13","commitResults":[{"hash":"7abd663fe7751e81ac398997d3a10a0b3c338994","messageTitle":"Fix transaction not update inventory error","messageBody":"","fileTypesAndContributionMap":{"functional-code":{"insertions":2,"deletions":2}}},{"hash":"8cfea5a1ff7e46b37cdb78b81aef7d3e8375deb2","messageTitle":"Add tests for StringUtil","messageBody":"","fileTypesAndContributionMap":{"functional-code":{"insertions":12,"deletions":3},"test-code":{"insertions":7,"deletions":0}}},{"hash":"1541a3daecbd479cdec65fb7af38362d8b80813f","messageTitle":"Add comparison method for count","messageBody":"","fileTypesAndContributionMap":{"functional-code":{"insertions":11,"deletions":0}}},{"hash":"fbb687d2a32033206ce0466113cc04b489f54cdd","messageTitle":"Add timestamp for TransactionRecord","messageBody":"","fileTypesAndContributionMap":{"functional-code":{"insertions":4,"deletions":0}}},{"hash":"0820eefb61cdb6f16a8d5f1cb5987d6ec4ebecf8","messageTitle":"Write tests for new commands","messageBody":"","fileTypesAndContributionMap":{"functional-code":{"insertions":11,"deletions":0},"test-code":{"insertions":749,"deletions":0}}},{"hash":"64ad783e735eec0a8648bc9fb9145d05c3ab9c73","messageTitle":"Fix code style","messageBody":"","fileTypesAndContributionMap":{"functional-code":{"insertions":3,"deletions":10},"test-code":{"insertions":2,"deletions":3}}},{"hash":"d8bdd164267a68ccc824c79602dc6dd18cf0e91d","messageTitle":"Rebase and fix errors","messageBody":"","fileTypesAndContributionMap":{"test-code":{"insertions":36,"deletions":0}}},{"hash":"7f71252cb70ffec57b75622fa9a53ce3ec1e80d0","messageTitle":"Implement addItems() in Inventory class","messageBody":"","fileTypesAndContributionMap":{"functional-code":{"insertions":10,"deletions":0}}},{"hash":"90fe5564cab423dedd1199251013d6b553b24254","messageTitle":"Implement Order and OrderManager class","messageBody":"","fileTypesAndContributionMap":{"functional-code":{"insertions":59,"deletions":0}}},{"hash":"2275aea04b516a7d4fd9d55559b46a75e366f865","messageTitle":"Add and implement Order APIs in model","messageBody":"","fileTypesAndContributionMap":{"functional-code":{"insertions":80,"deletions":0}}},{"hash":"f7f65d13c5d9e780651a9ff9478621ea0f3c77c3","messageTitle":"Update method signature of Order","messageBody":"","fileTypesAndContributionMap":{"functional-code":{"insertions":3,"deletions":3}}},{"hash":"2622371b30f5245381e28c6ca0508dc0ba172b0d","messageTitle":"Implement addOrder in Inventory","messageBody":"","fileTypesAndContributionMap":{"functional-code":{"insertions":7,"deletions":0}}},{"hash":"5f8726d8f3c52782004bb07c36ddbbfeece69592","messageTitle":"Implement Transaction class as records of orders","messageBody":"","fileTypesAndContributionMap":{"functional-code":{"insertions":23,"deletions":0}}},{"hash":"75cb57a0c64842da850073894f81c6696c46c01b","messageTitle":"Implement order transaction","messageBody":"","fileTypesAndContributionMap":{"functional-code":{"insertions":66,"deletions":7},"other":{"insertions":3,"deletions":3}}},{"hash":"db05238ee1cc9fed92b48be10bfc686294736365","messageTitle":"Implement StartOrderCommand","messageBody":"","fileTypesAndContributionMap":{"functional-code":{"insertions":40,"deletions":0}}},{"hash":"37f7ec4525065c5617c6438411fa10823cf7b423","messageTitle":"Implement AddToOrderCommand","messageBody":"","fileTypesAndContributionMap":{"functional-code":{"insertions":61,"deletions":0}}},{"hash":"17d57e5a3a68fedf7dd12489a1a3c457b418eb0d","messageTitle":"Implement rest order commands","messageBody":"","fileTypesAndContributionMap":{"functional-code":{"insertions":4,"deletions":0}}},{"hash":"edb369c553b5dc29f72fd430d050b2f8df7c2ca2","messageTitle":"Implement 3 order commands","messageBody":"","fileTypesAndContributionMap":{"functional-code":{"insertions":97,"deletions":7}}},{"hash":"7f97580b7bc5bf201f07233902222687acfacd78","messageTitle":"Implement order operations in ModelManager","messageBody":"","fileTypesAndContributionMap":{"functional-code":{"insertions":11,"deletions":4}}},{"hash":"70e4e224c04fb8c5edb13ba24c262dfd476aa45e","messageTitle":"Add some preliminary tests","messageBody":"","fileTypesAndContributionMap":{"test-code":{"insertions":73,"deletions":0}}},{"hash":"e959d01ae7e7b0af058fa3a17b0971a29681875f","messageTitle":"Refactor Order class","messageBody":"","fileTypesAndContributionMap":{"functional-code":{"insertions":24,"deletions":51},"other":{"insertions":2,"deletions":2}}},{"hash":"f40023b08cdcb7591c2db7e92de33f2b43342f1b","messageTitle":"Add order relevant tests in Model class","messageBody":"","fileTypesAndContributionMap":{"functional-code":{"insertions":2,"deletions":7},"test-code":{"insertions":19,"deletions":0}}},{"hash":"1dd1da7b030f399e933251b94f126073c1e4e51f","messageTitle":"Restyle code","messageBody":"","fileTypesAndContributionMap":{"functional-code":{"insertions":5,"deletions":4},"docs":{"insertions":144,"deletions":89}}},{"hash":"745a1951a1ee304f2c8813c0c8c09743abe1bf7b","messageTitle":"Add new line at EOF","messageBody":"","fileTypesAndContributionMap":{"test-code":{"insertions":1,"deletions":1}}},{"hash":"f8e7670994854406dfeb15c993298d776b31512a","messageTitle":"Finish implementation of order system","messageBody":"","fileTypesAndContributionMap":{"functional-code":{"insertions":203,"deletions":1}}},{"hash":"36b7c1cd729612c7e82e4f4ff7ac5612b0a25cf9","messageTitle":"Fix style errors","messageBody":"","fileTypesAndContributionMap":{"functional-code":{"insertions":12,"deletions":4},"test-code":{"insertions":8,"deletions":3}}}]},{"date":"2021-10-14","commitResults":[{"hash":"f892d6653e4d6aa78b2cc74c113f9b38a0301518","messageTitle":"Update UG for order system","messageBody":"","fileTypesAndContributionMap":{"docs":{"insertions":11,"deletions":5}}}]},{"date":"2021-10-17","commitResults":[{"hash":"f428c312dfc7af3abf53a82be04f7df372d7b203","messageTitle":"Add typical orders for order testing","messageBody":"","fileTypesAndContributionMap":{"test-code":{"insertions":2,"deletions":0}}},{"hash":"9f47842eb6e6d150f6c1bccc38c365a6df89148a","messageTitle":"Refactor TypicalOrders class","messageBody":"","fileTypesAndContributionMap":{"test-code":{"insertions":50,"deletions":1}}},{"hash":"85b904ab53cc56ca55e9eadd91fc2003ef897fc4","messageTitle":"Add tests to order methods in Inventory class","messageBody":"","fileTypesAndContributionMap":{"functional-code":{"insertions":25,"deletions":1},"test-code":{"insertions":42,"deletions":0}}},{"hash":"0a99b887552812bc959b72a777e070d33134420c","messageTitle":"Add one more test for transactOrder() in Inventory class","messageBody":"","fileTypesAndContributionMap":{"test-code":{"insertions":13,"deletions":1}}},{"hash":"3334d7871b3a8e1533206194cd9212a32d5fed37","messageTitle":"Add more tests for Order class","messageBody":"","fileTypesAndContributionMap":{"functional-code":{"insertions":3,"deletions":0},"test-code":{"insertions":69,"deletions":21}}},{"hash":"270bee30865939c92faf2b3d8379b40906d6cda8","messageTitle":"Fix error of Order test","messageBody":"","fileTypesAndContributionMap":{"test-code":{"insertions":1,"deletions":1}}},{"hash":"aaee4a3be346d6c96b84670ff9e145edb137ad85","messageTitle":"Add tests for order system in ModelManager","messageBody":"","fileTypesAndContributionMap":{"functional-code":{"insertions":3,"deletions":0},"test-code":{"insertions":100,"deletions":5}}},{"hash":"3702a9e1186da805a4804fc2566810a62a48d5d2","messageTitle":"Fix styling and errors","messageBody":"","fileTypesAndContributionMap":{"functional-code":{"insertions":1,"deletions":1},"test-code":{"insertions":19,"deletions":19}}}]},{"date":"2021-10-18","commitResults":[{"hash":"b15a7b5270a40bd111c0703fbecb24d425a97237","messageTitle":"Fix lexical order of imports","messageBody":"","fileTypesAndContributionMap":{"test-code":{"insertions":1,"deletions":1}}},{"hash":"b6ae510d5c6479dd7263cb3e2cb9aa74e31c8821","messageTitle":"Fix lexical order of import","messageBody":"","fileTypesAndContributionMap":{"test-code":{"insertions":1,"deletions":1}}},{"hash":"6c3906f2967949b6594b301b540e84fe4a01527e","messageTitle":"Remove unused import","messageBody":"","fileTypesAndContributionMap":{"test-code":{"insertions":0,"deletions":1}}}]},{"date":"2021-10-20","commitResults":[{"hash":"7a056b330fcad0839b38bb8a548be9487627959f","messageTitle":"Implement methods in TransactionRecord","messageBody":"","fileTypesAndContributionMap":{"functional-code":{"insertions":50,"deletions":2}}},{"hash":"a43ebd8aae22f05e0e7b04f390e89ea99b6eb9ab","messageTitle":"Refactor Order and Transaction to a new order package","messageBody":"","fileTypesAndContributionMap":{"functional-code":{"insertions":8,"deletions":1},"other":{"insertions":2,"deletions":2},"test-code":{"insertions":10,"deletions":6}}},{"hash":"cc42acb1b6968eb74018aca90f7eac8b727ac5af","messageTitle":"Implement transaction recording","messageBody":"","fileTypesAndContributionMap":{"functional-code":{"insertions":47,"deletions":3}}},{"hash":"c8cd52e2144cf964df914d6f092b384af7bdf3d3","messageTitle":"Add transactions init to ModelManager constructor","messageBody":"","fileTypesAndContributionMap":{"functional-code":{"insertions":4,"deletions":2},"test-code":{"insertions":5,"deletions":5}}},{"hash":"75e3d9758696478996cb4536036956c8aa91c26b","messageTitle":"Reformat style","messageBody":"","fileTypesAndContributionMap":{"functional-code":{"insertions":18,"deletions":5}}}]},{"date":"2021-10-21","commitResults":[{"hash":"45b1c7eee4a427f855ccb0a356b614d78dbc6bdd","messageTitle":"Update DG of Model","messageBody":"","fileTypesAndContributionMap":{"docs":{"insertions":10,"deletions":2}}}]},{"date":"2021-10-24","commitResults":[{"hash":"8d190b4a194f274fb904dbc8a174dfc7bf0dcd9b","messageTitle":"Add tests for TransactionOrder class","messageBody":"","fileTypesAndContributionMap":{"functional-code":{"insertions":18,"deletions":0},"other":{"insertions":1,"deletions":2},"test-code":{"insertions":66,"deletions":0}}},{"hash":"91b9ef7620aa59b1738be01f910662fbf62e4e64","messageTitle":"Add more tests for transactionAndClearOrder() in Inventory class","messageBody":"","fileTypesAndContributionMap":{"functional-code":{"insertions":9,"deletions":0},"test-code":{"insertions":13,"deletions":0}}},{"hash":"255cf7b0bb1e47e5593e3d58472c83c79b0b3d06","messageTitle":"Include item list comparison in equals of TransactionRecord","messageBody":"","fileTypesAndContributionMap":{"functional-code":{"insertions":1,"deletions":2}}},{"hash":"399310cff94376d7562617fa7749e52737763d35","messageTitle":"Add system time as random seed of random string","messageBody":"","fileTypesAndContributionMap":{"functional-code":{"insertions":3,"deletions":2},"test-code":{"insertions":0,"deletions":1}}},{"hash":"e4da0f639b1f358414727dfb3cca17c4f579de92","messageTitle":"Add double random to random string generation","messageBody":"","fileTypesAndContributionMap":{"functional-code":{"insertions":1,"deletions":1}}},{"hash":"96599f876bde8a2c8aeacdb7c2312156e90db858","messageTitle":"Delete unused import","messageBody":"","fileTypesAndContributionMap":{"functional-code":{"insertions":0,"deletions":1}}}]},{"date":"2021-10-25","commitResults":[{"hash":"a0c47c192c4071ffa3e0e2ad99deb4652b1b1ff4","messageTitle":"Implement case insensitive matching of Name","messageBody":"","fileTypesAndContributionMap":{"functional-code":{"insertions":8,"deletions":1}}},{"hash":"efb089c83b3d7dd84a3df8f820d7c50c42d55306","messageTitle":"Add tests for case insensitive name matching","messageBody":"","fileTypesAndContributionMap":{"test-code":{"insertions":28,"deletions":0}}},{"hash":"d94fc3b61089f619c6bb03357b9fd028684dff87","messageTitle":"Draft DG according to current implementation and draw new diagrams","messageBody":"","fileTypesAndContributionMap":{"docs":{"insertions":632,"deletions":80}}}]},{"date":"2021-10-26","commitResults":[{"hash":"8b8e608c82d2d8219ae641c65b3e870057c636ae","messageTitle":"Add more use cases to DG","messageBody":"","fileTypesAndContributionMap":{"docs":{"insertions":162,"deletions":12}}}]},{"date":"2021-10-31","commitResults":[{"hash":"2aae3e2eb23187d41a2cfde1ebe0afb5edbd4125","messageTitle":"Draw class diagram for Model and Ui","messageBody":"","fileTypesAndContributionMap":{"docs":{"insertions":31,"deletions":19}}},{"hash":"2ad4b8fa0bc2fd271a60ae980d65e1b6f2bb4bc4","messageTitle":"Draw new class diagram for Storage component","messageBody":"","fileTypesAndContributionMap":{"docs":{"insertions":37,"deletions":19}}}]},{"date":"2021-11-04","commitResults":[{"hash":"7eddebcf1b521328416d3b0cf8b8b0f02edffc71","messageTitle":"Draw class diagram of Model component","messageBody":"","fileTypesAndContributionMap":{"docs":{"insertions":164,"deletions":42}}},{"hash":"f553370b2f0ce233a187a19b3898160eb3ccb170","messageTitle":"Update low level class diagram of Model","messageBody":"","fileTypesAndContributionMap":{"docs":{"insertions":5,"deletions":2}}},{"hash":"c621bc6ca888b249d58b492e8b8783a026dc0c03","messageTitle":"Update UG about new class diagrams","messageBody":"","fileTypesAndContributionMap":{"docs":{"insertions":23,"deletions":11}}},{"hash":"5756108ae8c6417f544ebc886a0deb982b64658b","messageTitle":"Fix styles","messageBody":"","fileTypesAndContributionMap":{"docs":{"insertions":115,"deletions":108}}},{"hash":"3a77168901495e56ffca4bc8c9ced076da750382","messageTitle":"Fix styles","messageBody":"","fileTypesAndContributionMap":{"docs":{"insertions":3,"deletions":4}}},{"hash":"b1d9c04aa8ec29776c4faaa508b70bf4b04a5782","messageTitle":"Include UserPrefs in Model class diagram","messageBody":"","fileTypesAndContributionMap":{"docs":{"insertions":6,"deletions":0}}},{"hash":"2df9056c226104a8b74d7b6a1063f60e2808b207","messageTitle":"Update low level class diagram","messageBody":"","fileTypesAndContributionMap":{"docs":{"insertions":4,"deletions":6}}},{"hash":"fac9749d3650dff6137798d7789ff67284cb348a","messageTitle":"Update DG on change of diagrams","messageBody":"","fileTypesAndContributionMap":{"docs":{"insertions":5,"deletions":13}}},{"hash":"66b372501630e424ba4463adbca14a760512af38","messageTitle":"Add diagrams for Observer pattern and Model, Ui interaction","messageBody":"","fileTypesAndContributionMap":{"docs":{"insertions":40,"deletions":3}}},{"hash":"ed8bb350b102b67f6e7c2c427f3ce262b69c6823","messageTitle":"Add PPP","messageBody":"","fileTypesAndContributionMap":{"docs":{"insertions":46,"deletions":0}}},{"hash":"ab673963b3f331914ed6bf1fb1b030f82eac9ce5","messageTitle":"Fix styles","messageBody":"","fileTypesAndContributionMap":{"docs":{"insertions":118,"deletions":89}}},{"hash":"15b74ff69aee9ff38dae425a8f6cde897947edd0","messageTitle":"Fix style","messageBody":"","fileTypesAndContributionMap":{"docs":{"insertions":1,"deletions":1}}}]}],"bernarduskrishna":[{"date":"2021-09-27","commitResults":[{"hash":"d4892bdc51100685f5bb839070fbbc6158e459b9","messageTitle":"Update AboutUs.md","messageBody":"","fileTypesAndContributionMap":{"docs":{"insertions":15,"deletions":28}}}]},{"date":"2021-09-28","commitResults":[{"hash":"240a1846d612cf84bdd8a28afbdbad13e70deba5","messageTitle":"Update AboutUs.md","messageBody":"","fileTypesAndContributionMap":{"docs":{"insertions":1,"deletions":1}}}]},{"date":"2021-10-06","commitResults":[{"hash":"071b4d14bf1f4d218b26e2de03daeca1594f2524","messageTitle":"Add count field","messageBody":"","fileTypesAndContributionMap":{"functional-code":{"insertions":50,"deletions":25}}},{"hash":"e349cec4140e0f1915d3c76cfe511b201bcb62b1","messageTitle":"Update Testcases (Haven\u0027t added testcases specific to Count)","messageBody":"","fileTypesAndContributionMap":{"functional-code":{"insertions":2,"deletions":2},"test-code":{"insertions":59,"deletions":39}}}]},{"date":"2021-10-07","commitResults":[{"hash":"3c118f75434ad5d85231cf557921274b5511902d","messageTitle":"Add items to items alr in inventory will replenish the item. (3 testcases are commented first)","messageBody":"","fileTypesAndContributionMap":{"functional-code":{"insertions":44,"deletions":5},"test-code":{"insertions":34,"deletions":26}}},{"hash":"45d1b9b0570463f33825b8856922879b143bf592","messageTitle":"Fix checkstyle","messageBody":"","fileTypesAndContributionMap":{"functional-code":{"insertions":15,"deletions":6}}},{"hash":"420cb749240343798e182b8aff56c648569e23af","messageTitle":"Fix checkstyle for test","messageBody":"","fileTypesAndContributionMap":{"test-code":{"insertions":56,"deletions":35}}}]},{"date":"2021-10-13","commitResults":[{"hash":"13c20a5ff739588c29d4ae7282bb43c775d2fab7","messageTitle":"Update AboutUs.md","messageBody":"","fileTypesAndContributionMap":{"docs":{"insertions":15,"deletions":28}}},{"hash":"851768d30c848491d3832850089a1f405a5953f0","messageTitle":"Update AboutUs.md","messageBody":"","fileTypesAndContributionMap":{"docs":{"insertions":1,"deletions":1}}},{"hash":"526f8d06bc5928fd54aad6daf5adf4518760d77f","messageTitle":"Add count field","messageBody":"","fileTypesAndContributionMap":{"functional-code":{"insertions":50,"deletions":25}}},{"hash":"ae4544c775fac2af59cff60dc0584e916e0ca4d4","messageTitle":"Update Testcases (Haven\u0027t added testcases specific to Count)","messageBody":"","fileTypesAndContributionMap":{"functional-code":{"insertions":2,"deletions":2},"test-code":{"insertions":59,"deletions":39}}},{"hash":"9108cbe614c952e0240ae371e7e72a4995e3b98b","messageTitle":"Add items to items alr in inventory will replenish the item. (3 testcases are commented first)","messageBody":"","fileTypesAndContributionMap":{"functional-code":{"insertions":44,"deletions":5},"test-code":{"insertions":34,"deletions":26}}},{"hash":"fd68f11ae8007dfa21d5eac89c8712feea9aaec6","messageTitle":"Fix checkstyle","messageBody":"","fileTypesAndContributionMap":{"functional-code":{"insertions":15,"deletions":6}}},{"hash":"4e41e97b915745e754b550eb729c01f8f83a7d32","messageTitle":"Fix checkstyle for test","messageBody":"","fileTypesAndContributionMap":{"test-code":{"insertions":56,"deletions":35}}},{"hash":"78e7d5867e33a72371cb06711699724692639c3e","messageTitle":"Fix problems with id and name. Count is optional (assumed 1). Id/name is optional for replenishing.","messageBody":"","fileTypesAndContributionMap":{"functional-code":{"insertions":51,"deletions":11}}},{"hash":"2ff65027561876c534746bf1283728304df9268c","messageTitle":"Fix test and checkstyle","messageBody":"","fileTypesAndContributionMap":{"functional-code":{"insertions":0,"deletions":1},"test-code":{"insertions":5,"deletions":3}}},{"hash":"4ae38c4bc6744085357bc26dc41aacd9ad90b852","messageTitle":"Fix slight styling issue","messageBody":"","fileTypesAndContributionMap":{"functional-code":{"insertions":2,"deletions":0}}},{"hash":"f5b4ce4f98f7a3bef235559517b2ccd0831e2654","messageTitle":"Fix style","messageBody":"","fileTypesAndContributionMap":{"functional-code":{"insertions":2,"deletions":2}}}]},{"date":"2021-10-14","commitResults":[{"hash":"ca7d7f8d1cd6e701547b7cf1f522a56d060e1350","messageTitle":"Fix tests","messageBody":"","fileTypesAndContributionMap":{"test-code":{"insertions":20,"deletions":0}}},{"hash":"86d596f7025e728b5eb89870de4dd2ac3d2f8b10","messageTitle":"Add test for add command","messageBody":"","fileTypesAndContributionMap":{"test-code":{"insertions":42,"deletions":16}}}]},{"date":"2021-10-21","commitResults":[{"hash":"483fb091c2d6d1a50454ab44bce33f84cdffb8aa","messageTitle":"Add 2 new fields","messageBody":"","fileTypesAndContributionMap":{"functional-code":{"insertions":168,"deletions":21},"test-code":{"insertions":137,"deletions":29}}},{"hash":"cf8075185acbeea8d59881068eedbdcce1b587e3","messageTitle":"Fix tests","messageBody":"","fileTypesAndContributionMap":{"test-code":{"insertions":1,"deletions":1}}},{"hash":"3c7eea3e2856000fe8691335b4f21ee0662360fd","messageTitle":"Change gradle and add 1 logging","messageBody":"","fileTypesAndContributionMap":{"functional-code":{"insertions":6,"deletions":0},"other":{"insertions":4,"deletions":0}}},{"hash":"7edbd31aff3560d993c64e3ad7161892a032c9cd","messageTitle":"Change version","messageBody":"","fileTypesAndContributionMap":{"functional-code":{"insertions":1,"deletions":1}}}]},{"date":"2021-10-22","commitResults":[{"hash":"8469c5ce0915214936cd37a333bef31d5317f789","messageTitle":"Update DeveloperGuide.md","messageBody":"","fileTypesAndContributionMap":{"docs":{"insertions":16,"deletions":0}}},{"hash":"70fdbd22d2b54571c5ed9ba427d7bfd6907d8111","messageTitle":"Fix tests","messageBody":"","fileTypesAndContributionMap":{"test-code":{"insertions":3,"deletions":3}}}]},{"date":"2021-10-26","commitResults":[{"hash":"75b8b867ee1ed14889a41a549e7336ab765990d0","messageTitle":"Update Storage so that it can store transaction as well","messageBody":"","fileTypesAndContributionMap":{"functional-code":{"insertions":159,"deletions":0}}},{"hash":"a05f0915e6b0b7c6f229d48076a9ec9a1d5a3ca3","messageTitle":"Update model so that we can store Transaction","messageBody":"","fileTypesAndContributionMap":{"functional-code":{"insertions":40,"deletions":1}}},{"hash":"3817004ee66173f4b7b6260de32284cc58f8ea5b","messageTitle":"Fix style","messageBody":"","fileTypesAndContributionMap":{"functional-code":{"insertions":52,"deletions":30}}},{"hash":"be2a001f19ce12cb201eb2765d4f10b86875a60d","messageTitle":"Use temporary dir for tests so that transaction file is not meddled with","messageBody":"","fileTypesAndContributionMap":{"functional-code":{"insertions":5,"deletions":1},"test-code":{"insertions":5,"deletions":1}}},{"hash":"c98802def921d27c1747d4b88152edca11c8392d","messageTitle":"Fix style","messageBody":"","fileTypesAndContributionMap":{"functional-code":{"insertions":5,"deletions":0},"test-code":{"insertions":3,"deletions":3}}},{"hash":"aefb9e3d520b63462706d5b3dc9d08cd02424c18","messageTitle":"Add Revenue Profit Cost","messageBody":"","fileTypesAndContributionMap":{"functional-code":{"insertions":155,"deletions":2}}},{"hash":"d32e7ff14fe977c7438a6293ba7ab5adcbbcdda4","messageTitle":"Fix style and tests","messageBody":"","fileTypesAndContributionMap":{"functional-code":{"insertions":73,"deletions":14},"test-code":{"insertions":20,"deletions":0}}}]},{"date":"2021-10-27","commitResults":[{"hash":"12320b68da3aa28785dc4a4f002d2efba6bc6912","messageTitle":"Fix first 2 bugs","messageBody":"","fileTypesAndContributionMap":{"functional-code":{"insertions":50,"deletions":3}}},{"hash":"abfa37a025cf57cdf118e5084e97bf2dbbaafe23","messageTitle":"Fix tests and style","messageBody":"","fileTypesAndContributionMap":{"functional-code":{"insertions":37,"deletions":18},"test-code":{"insertions":38,"deletions":18}}}]},{"date":"2021-10-28","commitResults":[{"hash":"6107edaacbeb0d48207fc31dc9d9f594afe54596","messageTitle":"Store items\u0027 sales price and order\u0027s total price in transaction.json","messageBody":"","fileTypesAndContributionMap":{"functional-code":{"insertions":16,"deletions":5}}},{"hash":"a868dc3ab47434f0974a19e86c4c0f11d3dcb3c3","messageTitle":"Update UserGuide.md","messageBody":"","fileTypesAndContributionMap":{"docs":{"insertions":69,"deletions":25}}},{"hash":"4a9741639e99c1ae1235ecc8430950c5a398741c","messageTitle":"Update UserGuide.md","messageBody":"","fileTypesAndContributionMap":{"docs":{"insertions":8,"deletions":8}}},{"hash":"7c2dfb645b8cbe854888b923dc89d1484c6ded05","messageTitle":"Update UserGuide.md","messageBody":"","fileTypesAndContributionMap":{"docs":{"insertions":46,"deletions":0}}},{"hash":"310d32aa3ab32974137dd9618ddaa6dece999ced","messageTitle":"Update UserGuide.md","messageBody":"","fileTypesAndContributionMap":{"docs":{"insertions":3,"deletions":5}}},{"hash":"4f44512140f68c229fe65b7a4f85b6629aba5d5c","messageTitle":"Update UserGuide.md","messageBody":"","fileTypesAndContributionMap":{"docs":{"insertions":4,"deletions":4}}},{"hash":"5ee4f9505dfeca82dc392bf71f997dd8b7ec85af","messageTitle":"Add BookKeeping stuff when listing txns","messageBody":"","fileTypesAndContributionMap":{"functional-code":{"insertions":38,"deletions":15},"test-code":{"insertions":22,"deletions":3}}}]},{"date":"2021-10-29","commitResults":[{"hash":"f8b22362e14f067879b307a8eae9322d6aa59345","messageTitle":"Update Gradle","messageBody":"","fileTypesAndContributionMap":{"other":{"insertions":1,"deletions":1}}},{"hash":"4a85cf66f4210a040b5f5b672b071b753c120596","messageTitle":"Update UserGuide.md","messageBody":"","fileTypesAndContributionMap":{"docs":{"insertions":2,"deletions":2}}},{"hash":"71f9771cc688bfaec821681260cce9558bf24dbf","messageTitle":"Fixed bug for find tag","messageBody":"","fileTypesAndContributionMap":{"functional-code":{"insertions":3,"deletions":0}}}]},{"date":"2021-10-31","commitResults":[{"hash":"922a4dd68d5c65af7faa0571a5d975c2e8aaba56","messageTitle":"make storage follow the initial model","messageBody":"","fileTypesAndContributionMap":{"functional-code":{"insertions":370,"deletions":135},"test-code":{"insertions":136,"deletions":55}}}]},{"date":"2021-11-01","commitResults":[{"hash":"c15b36736dd39083236cb00f7194721763d2eaf4","messageTitle":"Update usecases","messageBody":"","fileTypesAndContributionMap":{"docs":{"insertions":12,"deletions":10}}}]},{"date":"2021-11-02","commitResults":[{"hash":"8b51398be60d8c24f75fba76ffe186f4a4849f5c","messageTitle":"Update DG - Order related stuff","messageBody":"","fileTypesAndContributionMap":{"docs":{"insertions":218,"deletions":0}}}]},{"date":"2021-11-03","commitResults":[{"hash":"75cf22c52401d4853b5215ab89cbeb2139121749","messageTitle":"Fix sale price not showing properly in card","messageBody":"","fileTypesAndContributionMap":{"functional-code":{"insertions":1,"deletions":1}}},{"hash":"971c9a0c38f0aa3e947e5ad813f5d6716df57146","messageTitle":"Fix discrepancy between sampleBookKeeping and sampleInventory","messageBody":"","fileTypesAndContributionMap":{"functional-code":{"insertions":12,"deletions":3}}},{"hash":"21d849cd5a638010653b6ae8412bafcfb3c2c572","messageTitle":"Clear should clear not only inventory but also bookkeeping and transactions.","messageBody":"","fileTypesAndContributionMap":{"functional-code":{"insertions":28,"deletions":0}}},{"hash":"d4085fdd39955c88158a2069344e3e729a49377d","messageTitle":"Fix error message for edit","messageBody":"","fileTypesAndContributionMap":{"functional-code":{"insertions":2,"deletions":2}}},{"hash":"267d968882a6c5d5162fc697c8f969da077c53d0","messageTitle":"Fix test","messageBody":"","fileTypesAndContributionMap":{"functional-code":{"insertions":1,"deletions":1},"test-code":{"insertions":10,"deletions":0}}},{"hash":"7d2c0832eaf38299d9a03df61cd31acb6a664d5b","messageTitle":"Add some javadocs","messageBody":"","fileTypesAndContributionMap":{"functional-code":{"insertions":19,"deletions":1}}}]},{"date":"2021-11-04","commitResults":[{"hash":"fa32b266ff8368c13e70697d31ea84094fb37fd2","messageTitle":"Update DG Mutating Inventory","messageBody":"","fileTypesAndContributionMap":{"functional-code":{"insertions":1,"deletions":1},"docs":{"insertions":78,"deletions":46}}}]},{"date":"2021-11-05","commitResults":[{"hash":"10b6d8bb9f393ba5b294aac8608778281ba63548","messageTitle":"Fix newfound bugs.","messageBody":"","fileTypesAndContributionMap":{"functional-code":{"insertions":36,"deletions":0}}}]}],"bryanwee023":[{"date":"2021-09-27","commitResults":[{"hash":"11d134cd614148ae921f9ccb10740ab7f82107ed","messageTitle":"Add user stories","messageBody":"","fileTypesAndContributionMap":{"docs":{"insertions":9,"deletions":8}}},{"hash":"1d93ec8db3ea8ca6c634b68b8bcf85faf45c7d0c","messageTitle":"Add target user profile","messageBody":"","fileTypesAndContributionMap":{"docs":{"insertions":3,"deletions":3}}},{"hash":"8b31f0bc4a115013c63ada473d2dbb3c5b4baadc","messageTitle":"Add requirements","messageBody":"","fileTypesAndContributionMap":{"docs":{"insertions":108,"deletions":12}}}]},{"date":"2021-10-01","commitResults":[{"hash":"1aba63738f5ab3d3e4c6953bfc3e0f9400d236a3","messageTitle":"Add Item model","messageBody":"","fileTypesAndContributionMap":{"functional-code":{"insertions":934,"deletions":0}}},{"hash":"ae1690f54fe9217e88f84b20bdacd370bba9cb01","messageTitle":"Add Item tests","messageBody":"","fileTypesAndContributionMap":{"test-code":{"insertions":817,"deletions":0}}},{"hash":"95dbcf71a36e94d9e22964bd5641ba888431897a","messageTitle":"Fix styling","messageBody":"","fileTypesAndContributionMap":{"functional-code":{"insertions":3,"deletions":5},"test-code":{"insertions":7,"deletions":7}}}]},{"date":"2021-10-04","commitResults":[{"hash":"2595ff7523865806ed3f0afa7a2b6db65cf10f37","messageTitle":"Replace person with item","messageBody":"","fileTypesAndContributionMap":{"functional-code":{"insertions":493,"deletions":701},"other":{"insertions":7,"deletions":7}}},{"hash":"e2ada5a77dfb27d68dfc283e5a6d4c933cbcd0cb","messageTitle":"Remove temporary newmodel package","messageBody":"","fileTypesAndContributionMap":{"functional-code":{"insertions":0,"deletions":932}}},{"hash":"39e0c3316d60ef691bdf6dba43cb319fcd59be3b","messageTitle":"Update model tests for item","messageBody":"","fileTypesAndContributionMap":{"other":{"insertions":9,"deletions":9},"test-code":{"insertions":37,"deletions":838}}},{"hash":"64239c15a0c0f9ffb04e193ad4383a4165b1030d","messageTitle":"Integrate item class into storage","messageBody":"","fileTypesAndContributionMap":{"functional-code":{"insertions":203,"deletions":236},"other":{"insertions":20,"deletions":20}}},{"hash":"56acc327ec0c7a47780de9e2808c45d13c6be4a3","messageTitle":"Integrate item class into application","messageBody":"","fileTypesAndContributionMap":{"functional-code":{"insertions":163,"deletions":265}}},{"hash":"fd276baf175132a4dd1a1c925ac43016e7a48353","messageTitle":"Update tests for item class","messageBody":"","fileTypesAndContributionMap":{"test-code":{"insertions":764,"deletions":1287}}}]},{"date":"2021-10-12","commitResults":[{"hash":"e9e12d154bab15387293c960797396deb74d6a30","messageTitle":"Add SortCommand","messageBody":"","fileTypesAndContributionMap":{"functional-code":{"insertions":138,"deletions":0}}},{"hash":"7c200f2c416492f76fe842e49846a5e62aa53978","messageTitle":"Add Item comparators","messageBody":"","fileTypesAndContributionMap":{"functional-code":{"insertions":29,"deletions":0}}},{"hash":"eafcea39efc7cdd89d3ab092d06883e8aeefa9b9","messageTitle":"Add Inventory sort method","messageBody":"","fileTypesAndContributionMap":{"functional-code":{"insertions":37,"deletions":1}}},{"hash":"ebd1f55939e9abfe848f179330688619c095c0db","messageTitle":"Add sort tests","messageBody":"","fileTypesAndContributionMap":{"test-code":{"insertions":233,"deletions":0}}}]},{"date":"2021-10-13","commitResults":[{"hash":"4e9dcea043b87192daf163e7907cd720832dc54c","messageTitle":"Add user stories","messageBody":"","fileTypesAndContributionMap":{"docs":{"insertions":9,"deletions":8}}},{"hash":"a9783027324616dade24583309c27bfc80b23e44","messageTitle":"Add target user profile","messageBody":"","fileTypesAndContributionMap":{"docs":{"insertions":3,"deletions":3}}},{"hash":"011279ff4cc4df68d9b81cd06e3cb8d6f0cb4628","messageTitle":"Add requirements","messageBody":"","fileTypesAndContributionMap":{"docs":{"insertions":108,"deletions":12}}},{"hash":"62827b7c8acc97013863f42cf1bfe84052ba169b","messageTitle":"Add Item model","messageBody":"","fileTypesAndContributionMap":{"functional-code":{"insertions":934,"deletions":0}}},{"hash":"2484faea16e1ea70e72f2ac3ef48c4393f01cfe8","messageTitle":"Add Item tests","messageBody":"","fileTypesAndContributionMap":{"test-code":{"insertions":817,"deletions":0}}},{"hash":"f7071d8ae58cfacbc559abdf57f7f15b50f27ceb","messageTitle":"Fix styling","messageBody":"","fileTypesAndContributionMap":{"functional-code":{"insertions":3,"deletions":5},"test-code":{"insertions":7,"deletions":7}}},{"hash":"16d3073a2e99c20e496856fc655bb122aeca2c36","messageTitle":"Replace person with item","messageBody":"","fileTypesAndContributionMap":{"functional-code":{"insertions":493,"deletions":701},"other":{"insertions":7,"deletions":7}}},{"hash":"f28c6a33ef1ba1c9e0cea8a4744b2bd3893a8e4c","messageTitle":"Remove temporary newmodel package","messageBody":"","fileTypesAndContributionMap":{"functional-code":{"insertions":0,"deletions":932}}},{"hash":"2be2f8a4285b99f85e6efc5a78942277aca966d4","messageTitle":"Update model tests for item","messageBody":"","fileTypesAndContributionMap":{"other":{"insertions":9,"deletions":9},"test-code":{"insertions":37,"deletions":838}}},{"hash":"d016479c646536835e20bb95d1c2a4f8d87d826a","messageTitle":"Integrate item class into storage","messageBody":"","fileTypesAndContributionMap":{"functional-code":{"insertions":203,"deletions":236},"other":{"insertions":20,"deletions":20}}},{"hash":"d4163d79cc28463cb0bccaf2eebc5b87de918aa6","messageTitle":"Integrate item class into application","messageBody":"","fileTypesAndContributionMap":{"functional-code":{"insertions":163,"deletions":265}}},{"hash":"05ef46871ee205845c903bdbedee01e1cb1b28ce","messageTitle":"Update tests for item class","messageBody":"","fileTypesAndContributionMap":{"test-code":{"insertions":764,"deletions":1287}}},{"hash":"00a7719f5d9990962ab7761af7106a93f6a2af1d","messageTitle":"Add SortCommand","messageBody":"","fileTypesAndContributionMap":{"functional-code":{"insertions":138,"deletions":0}}},{"hash":"9f1a3e2b87167dbc7c8be28dbe768f8356a08453","messageTitle":"Add Item comparators","messageBody":"","fileTypesAndContributionMap":{"functional-code":{"insertions":29,"deletions":0}}},{"hash":"dd53e03d0f083c28c5e771de3bd0d45effa85148","messageTitle":"Add Inventory sort method","messageBody":"","fileTypesAndContributionMap":{"functional-code":{"insertions":37,"deletions":1}}},{"hash":"777f39ffa0b256a9f7d478fd61f0ebcbb47c032d","messageTitle":"Add sort tests","messageBody":"","fileTypesAndContributionMap":{"test-code":{"insertions":233,"deletions":0}}}]},{"date":"2021-10-14","commitResults":[{"hash":"23e1f279ffe826a69e3c7f3f6fee9e867e59b53a","messageTitle":"Fix equals method","messageBody":"","fileTypesAndContributionMap":{"functional-code":{"insertions":1,"deletions":0},"test-code":{"insertions":5,"deletions":0}}},{"hash":"fae39ede2ee423aac472fd3f6b2a08ac2a9bb3f6","messageTitle":"Overload hasItem and removeItem","messageBody":"","fileTypesAndContributionMap":{"functional-code":{"insertions":171,"deletions":16}}},{"hash":"c2505daf163fab47ad8b62c3e7d2096b8c21f898","messageTitle":"Add delete command","messageBody":"","fileTypesAndContributionMap":{"functional-code":{"insertions":87,"deletions":26}}},{"hash":"a5a7ee325f1db6948829522baa00cb655e3415f4","messageTitle":"Add delete command tests","messageBody":"","fileTypesAndContributionMap":{"test-code":{"insertions":327,"deletions":182}}},{"hash":"c34b1819ff3c5c1194aed83f10e07b98dc08610f","messageTitle":"Use ModelStub class","messageBody":"","fileTypesAndContributionMap":{"test-code":{"insertions":11,"deletions":409}}},{"hash":"0a53db49a60e65d91d9ff9964dbc37c01537a0b3","messageTitle":"Fix styling","messageBody":"","fileTypesAndContributionMap":{"functional-code":{"insertions":6,"deletions":10},"test-code":{"insertions":28,"deletions":28}}},{"hash":"d8dfd8d7aeeb064a7efdc1def611102bd69d2c6c","messageTitle":"Fix mutability bug","messageBody":"","fileTypesAndContributionMap":{"test-code":{"insertions":1,"deletions":1}}},{"hash":"92c3aaa306f9ccf014104e042c08eee2b53ca914","messageTitle":"Rename person to item","messageBody":"","fileTypesAndContributionMap":{"functional-code":{"insertions":1,"deletions":1},"other":{"insertions":5,"deletions":10}}},{"hash":"8753e0a804d44113300568f0177cb503792b481b","messageTitle":"Update card labels","messageBody":"","fileTypesAndContributionMap":{"functional-code":{"insertions":30,"deletions":31}}},{"hash":"cf244cfe359c47300db8ec920f3bbf6ab4fdd1a4","messageTitle":"Fix styling","messageBody":"","fileTypesAndContributionMap":{"functional-code":{"insertions":5,"deletions":5}}}]},{"date":"2021-10-15","commitResults":[{"hash":"425636e6d1421f892b217bb20293ce47212c224c","messageTitle":"Add general ItemDescriptor class","messageBody":"","fileTypesAndContributionMap":{"functional-code":{"insertions":104,"deletions":0},"other":{"insertions":9,"deletions":9}}},{"hash":"a3ceacbcdeccfd16b6640b6696d4532e9fe09139","messageTitle":"Use general ItemDescriptor class","messageBody":"","fileTypesAndContributionMap":{"functional-code":{"insertions":23,"deletions":117}}},{"hash":"c6557cbc8ed61884dfc46bbaf26ae3dcd0e5b3ec","messageTitle":"Update tests for new ItemDescriptor class","messageBody":"","fileTypesAndContributionMap":{"test-code":{"insertions":163,"deletions":42}}},{"hash":"7126b75033bb265469a3621a26fe9c0ae348e994","messageTitle":"Find items by descriptor","messageBody":"","fileTypesAndContributionMap":{"functional-code":{"insertions":61,"deletions":2}}},{"hash":"9fd018e31e620777df6efab8f419fe7d4f28ed05","messageTitle":"Refactor Add command","messageBody":"","fileTypesAndContributionMap":{"functional-code":{"insertions":98,"deletions":55}}},{"hash":"e2876d00015b9ed4c5aa6bceecda7e5cfaf7c113","messageTitle":"Update tests","messageBody":"","fileTypesAndContributionMap":{"test-code":{"insertions":360,"deletions":122}}},{"hash":"7f2463dd07eb464085aad7facc4b5a1326c9fcc0","messageTitle":"Add getItem tests","messageBody":"","fileTypesAndContributionMap":{"test-code":{"insertions":187,"deletions":0}}},{"hash":"a999d991d64c2250bf2a65e5efe21379133332b1","messageTitle":"Fix styling","messageBody":"","fileTypesAndContributionMap":{"functional-code":{"insertions":13,"deletions":14},"test-code":{"insertions":13,"deletions":25}}}]},{"date":"2021-10-19","commitResults":[{"hash":"f19ffc0f0b09b4a4ef1018bde55ffeb5742fce46","messageTitle":"Modify delete command","messageBody":"","fileTypesAndContributionMap":{"functional-code":{"insertions":73,"deletions":269},"test-code":{"insertions":22,"deletions":16}}},{"hash":"123c3f196ce2ffde23fad9195a363d541f92e1eb","messageTitle":"Allow zero count","messageBody":"","fileTypesAndContributionMap":{"functional-code":{"insertions":85,"deletions":4}}},{"hash":"a17a1631d8d7d13cb1726b89a6d3b756db0c426f","messageTitle":"Add Parsing and Help","messageBody":"","fileTypesAndContributionMap":{"functional-code":{"insertions":58,"deletions":0}}},{"hash":"409e31daa3e802de988508044475c1093eed2b7b","messageTitle":"Update DeleteCommand tests","messageBody":"","fileTypesAndContributionMap":{"test-code":{"insertions":97,"deletions":52}}},{"hash":"b700ed2005bd627129bdab2c942d9a1d01c13d62","messageTitle":"Update RemoveCommand tests","messageBody":"","fileTypesAndContributionMap":{"test-code":{"insertions":287,"deletions":0}}},{"hash":"73fd12e70277d2e620a28b5ab998bf0e6673a4ca","messageTitle":"Update logic tests","messageBody":"","fileTypesAndContributionMap":{"test-code":{"insertions":51,"deletions":6}}},{"hash":"a4cc607a0939857dd765a2e06ebb6623eec091fa","messageTitle":"Update model tests","messageBody":"","fileTypesAndContributionMap":{"test-code":{"insertions":21,"deletions":103}}},{"hash":"96336edd499e90ff251b14f38ad4b45a81235ab9","messageTitle":"Update utils","messageBody":"","fileTypesAndContributionMap":{"test-code":{"insertions":13,"deletions":2}}}]},{"date":"2021-10-21","commitResults":[{"hash":"6baef2e0d590c5954171a965cf9bd8c60d37fc83","messageTitle":"Add sort use case","messageBody":"","fileTypesAndContributionMap":{"docs":{"insertions":16,"deletions":0}}},{"hash":"439d41e1ae2114ab9581d714bd8f66ca59198eaa","messageTitle":"Update to BogoBogo context","messageBody":"","fileTypesAndContributionMap":{"docs":{"insertions":27,"deletions":30}}}]},{"date":"2021-10-22","commitResults":[{"hash":"cbb87e879334d0e2017110777d64aa0d3c150a4d","messageTitle":"Update JavaDoc header","messageBody":"","fileTypesAndContributionMap":{"functional-code":{"insertions":5,"deletions":1}}},{"hash":"4fd9cf3945de47110ea4ecf028d1ed88261cae08","messageTitle":"Add assertions","messageBody":"","fileTypesAndContributionMap":{"functional-code":{"insertions":2,"deletions":0}}},{"hash":"12b6d75b983fef145c19fcedfa64ef922b3a7bc6","messageTitle":"Manage duplicates in order","messageBody":"","fileTypesAndContributionMap":{"functional-code":{"insertions":78,"deletions":72}}},{"hash":"aadf0edc859daa4a9f1bb4362c164ee23963297a","messageTitle":"Add execution checks","messageBody":"","fileTypesAndContributionMap":{"functional-code":{"insertions":68,"deletions":16}}},{"hash":"df14c7feebc40dfae88e9ec9c14b3ee09fcf52e1","messageTitle":"Fix variable name","messageBody":"","fileTypesAndContributionMap":{"functional-code":{"insertions":6,"deletions":6}}},{"hash":"eabf6f0b9ab69e7b0bcb37727199bf0d86388cb8","messageTitle":"Update command tests","messageBody":"","fileTypesAndContributionMap":{"test-code":{"insertions":269,"deletions":137}}},{"hash":"f7e38d7b6d1d1b8cde4a4c028ddb5080431284d7","messageTitle":"Update parser tests","messageBody":"","fileTypesAndContributionMap":{"test-code":{"insertions":251,"deletions":0}}},{"hash":"b8e5c27bb49174259fcc428dd7eec0dfec6c5b0b","messageTitle":"Fix test bugs","messageBody":"","fileTypesAndContributionMap":{"functional-code":{"insertions":91,"deletions":100},"test-code":{"insertions":36,"deletions":97}}},{"hash":"4cb195f5e9dd854068a75b37092262a7fbe41161","messageTitle":"Fix styling","messageBody":"","fileTypesAndContributionMap":{"test-code":{"insertions":4,"deletions":3}}},{"hash":"3b82352caecde80cd4135240b40cfab977a257ff","messageTitle":"Add getItem test","messageBody":"","fileTypesAndContributionMap":{"test-code":{"insertions":53,"deletions":0}}},{"hash":"bf61e133cb775a19b013bdf637076efc5e0dc1fa","messageTitle":"Add insufficient item test","messageBody":"","fileTypesAndContributionMap":{"test-code":{"insertions":12,"deletions":0}}}]},{"date":"2021-10-25","commitResults":[{"hash":"59c42bff2d20a52ebd834e870ba53ccd094fd5e5","messageTitle":"Update old terms","messageBody":"","fileTypesAndContributionMap":{"functional-code":{"insertions":3,"deletions":3}}},{"hash":"b38aef8cdefc7bf3562de8bbf5b1114b117e7461","messageTitle":"Add Model display mode","messageBody":"","fileTypesAndContributionMap":{"functional-code":{"insertions":64,"deletions":11}}},{"hash":"1f4a0d559a13d7782b09d3b2d66f8aa3172d8fa8","messageTitle":"Update Javadocs","messageBody":"","fileTypesAndContributionMap":{"functional-code":{"insertions":1,"deletions":1}}},{"hash":"4378abfb5717dc15ed63e33dedbb0c9b441def53","messageTitle":"Add Display List","messageBody":"","fileTypesAndContributionMap":{"functional-code":{"insertions":78,"deletions":8}}},{"hash":"faf60a76a2db82c9d6846da1a43f3a811a167d2b","messageTitle":"Add view order","messageBody":"","fileTypesAndContributionMap":{"functional-code":{"insertions":37,"deletions":0}}},{"hash":"28012b949062d5c6e35a82519fced1dcb7aabafc","messageTitle":"Update updateFilteredList signature","messageBody":"","fileTypesAndContributionMap":{"test-code":{"insertions":25,"deletions":12}}},{"hash":"f3779d1b1575a9b25565e1ab283dd5a05526aa4f","messageTitle":"Fix styling","messageBody":"","fileTypesAndContributionMap":{"functional-code":{"insertions":34,"deletions":12}}},{"hash":"62b0839cb87b5fa82f95c0f8eec882fd446237a8","messageTitle":"Fix missed bugs","messageBody":"","fileTypesAndContributionMap":{"functional-code":{"insertions":13,"deletions":3}}},{"hash":"a58171ecb8dfbf88d9469e27856633f84e951f05","messageTitle":"Add tests","messageBody":"","fileTypesAndContributionMap":{"test-code":{"insertions":332,"deletions":51}}},{"hash":"ff8be923d3556a7f41185414bf36123d193354c4","messageTitle":"Fix styling","messageBody":"","fileTypesAndContributionMap":{"functional-code":{"insertions":0,"deletions":1},"test-code":{"insertions":17,"deletions":16}}},{"hash":"7486c38d1fd1c378ad513afa510032f9bd46ffaa","messageTitle":"Remove TODO statement","messageBody":"","fileTypesAndContributionMap":{"functional-code":{"insertions":0,"deletions":2}}}]},{"date":"2021-10-27","commitResults":[{"hash":"f85603b65cf435c675395fa494f83b2306a1f6ed","messageTitle":"Refactor displaylist","messageBody":"","fileTypesAndContributionMap":{"functional-code":{"insertions":182,"deletions":155},"other":{"insertions":0,"deletions":0},"test-code":{"insertions":0,"deletions":59}}},{"hash":"6a134cf4ec862eccdb75274521bafe9d6092419f","messageTitle":"Add transaction card","messageBody":"","fileTypesAndContributionMap":{"functional-code":{"insertions":129,"deletions":23}}},{"hash":"092d3f4895852c3b87c50d9d0431185f38948171","messageTitle":"Update commands","messageBody":"","fileTypesAndContributionMap":{"functional-code":{"insertions":117,"deletions":38}}},{"hash":"8307c576753f81c46699f3272a50070da1b3bd74","messageTitle":"Update tests","messageBody":"","fileTypesAndContributionMap":{"test-code":{"insertions":109,"deletions":69}}},{"hash":"8b1993a41491edc623282fcfd15bb1ab6e58da8a","messageTitle":"Add tests for new classes","messageBody":"","fileTypesAndContributionMap":{"functional-code":{"insertions":12,"deletions":1},"test-code":{"insertions":171,"deletions":127}}},{"hash":"1ee2faa56c67bb8c5957c07238438cd463c40238","messageTitle":"Fix styling","messageBody":"","fileTypesAndContributionMap":{"test-code":{"insertions":20,"deletions":20}}},{"hash":"ad26407d19ebaea424e93005be20318697369c75","messageTitle":"Fix printing bug","messageBody":"","fileTypesAndContributionMap":{"functional-code":{"insertions":10,"deletions":3}}}]},{"date":"2021-10-28","commitResults":[{"hash":"6d6f8642e6686b857d5e7afa5e101ea84db7d4d6","messageTitle":"Refactor TransactionRecord to inherit Order","messageBody":"","fileTypesAndContributionMap":{"test-code":{"insertions":78,"deletions":40}}},{"hash":"bc52d5a4d00178565e28df09086d00c90c11e1b3","messageTitle":"Update tests","messageBody":"","fileTypesAndContributionMap":{"functional-code":{"insertions":34,"deletions":61}}},{"hash":"55085381ffb58d01907dcc70b371eb64b96befa5","messageTitle":"Add ListTransactionCommand","messageBody":"","fileTypesAndContributionMap":{"functional-code":{"insertions":159,"deletions":84},"other":{"insertions":16,"deletions":37},"test-code":{"insertions":28,"deletions":14}}},{"hash":"bfd4fa65a306a0cdfc5817bcce0412bbcd37e78f","messageTitle":"Add opening of transaction","messageBody":"","fileTypesAndContributionMap":{"functional-code":{"insertions":57,"deletions":10}}},{"hash":"ac085329e1896574f8d0486b6f45884182d2b4d1","messageTitle":"Update tests","messageBody":"","fileTypesAndContributionMap":{"test-code":{"insertions":14,"deletions":11}}},{"hash":"c32976290b99a23b749f3d0ce709c53bececdf8b","messageTitle":"Fix styling","messageBody":"","fileTypesAndContributionMap":{"functional-code":{"insertions":6,"deletions":6},"test-code":{"insertions":0,"deletions":2}}},{"hash":"aedda0932b53d5cfc694b859d4d8069e300d356f","messageTitle":"Remove redundant classes","messageBody":"","fileTypesAndContributionMap":{"functional-code":{"insertions":1,"deletions":34},"test-code":{"insertions":54,"deletions":0}}},{"hash":"9d0cc5a4c825cc8fb74d7b098265d442c6c03dfc","messageTitle":"Update features","messageBody":"","fileTypesAndContributionMap":{"docs":{"insertions":91,"deletions":57}}}]},{"date":"2021-10-30","commitResults":[{"hash":"a501066eaccec9f6ed6cf6c430a68c26d50d347c","messageTitle":"Update introduction","messageBody":"","fileTypesAndContributionMap":{"docs":{"insertions":47,"deletions":44}}},{"hash":"686c7e04523c1e91ff2429b406e90995f73a18da","messageTitle":"Index pages and navigation structure","messageBody":"","fileTypesAndContributionMap":{"docs":{"insertions":78,"deletions":9}}},{"hash":"eff1244eb155b919c1e7475513b082f1d035552b","messageTitle":"Reformat guide","messageBody":"","fileTypesAndContributionMap":{"docs":{"insertions":164,"deletions":163}}},{"hash":"3ec81f8768dddcd5ad3fd765da9fede882834240","messageTitle":"Fix styling","messageBody":"","fileTypesAndContributionMap":{"docs":{"insertions":4,"deletions":4}}}]},{"date":"2021-11-02","commitResults":[{"hash":"3413c5191f41b16aef5ed6b6458e9ef7c2b82c3b","messageTitle":"Fix naming issues","messageBody":"","fileTypesAndContributionMap":{"functional-code":{"insertions":11,"deletions":10}}},{"hash":"c102554b9180ae9abcb40ccd6c0ec5e319a3df10","messageTitle":"Fix parsing of prices","messageBody":"","fileTypesAndContributionMap":{"functional-code":{"insertions":23,"deletions":39}}},{"hash":"bd20062d632dd62f9ab76a7a26912809df3df84c","messageTitle":"Add tests for parsing prices","messageBody":"","fileTypesAndContributionMap":{"test-code":{"insertions":48,"deletions":15}}},{"hash":"6716faff4ce70bc8dd2adf87ab9bcd8d0a733d6d","messageTitle":"Fix parsing issues in find command","messageBody":"","fileTypesAndContributionMap":{"functional-code":{"insertions":100,"deletions":112}}},{"hash":"3f02d7fa4d4f629a52d115adb66e2dd01265716a","messageTitle":"Fix styling","messageBody":"","fileTypesAndContributionMap":{"functional-code":{"insertions":5,"deletions":79}}},{"hash":"274a0ea1a03198c0654b9cf52095abf14467f4a9","messageTitle":"Update tests","messageBody":"","fileTypesAndContributionMap":{"test-code":{"insertions":201,"deletions":279}}},{"hash":"ca1e7a32971dc0357012ce8a74b32a996d68fa0a","messageTitle":"Fix spelling","messageBody":"","fileTypesAndContributionMap":{"functional-code":{"insertions":1,"deletions":1}}},{"hash":"cbd78b666d38698c2f250a602c4f5893ac0f507d","messageTitle":"Update help links","messageBody":"","fileTypesAndContributionMap":{"functional-code":{"insertions":3,"deletions":5},"test-code":{"insertions":4,"deletions":3}}},{"hash":"c3270266e44a22910545c535e06ab27ca01116d1","messageTitle":"Improve how-to messages","messageBody":"","fileTypesAndContributionMap":{"functional-code":{"insertions":1,"deletions":2}}},{"hash":"aba4aeaddfcafb87768654376272c660622341d8","messageTitle":"Have sorting by name ignore case","messageBody":"","fileTypesAndContributionMap":{"functional-code":{"insertions":3,"deletions":3}}},{"hash":"4a09f976740974908396f87cd43f29a772971bf6","messageTitle":"Fix window name","messageBody":"","fileTypesAndContributionMap":{"functional-code":{"insertions":2,"deletions":2}}},{"hash":"c59bb4cd7a4bef2e3f3c62324f49dddde9b3eeae","messageTitle":"Standardise formatting of  help messages","messageBody":"","fileTypesAndContributionMap":{"functional-code":{"insertions":53,"deletions":54},"test-code":{"insertions":3,"deletions":5}}},{"hash":"ee77a354dbf1fba7ff09b486f79e497a9efdefb7","messageTitle":"Fix documentation bugs","messageBody":"","fileTypesAndContributionMap":{"docs":{"insertions":7,"deletions":3}}}]},{"date":"2021-11-03","commitResults":[{"hash":"161f4eba9f7af161409c327e08cef271165b5fa5","messageTitle":"Fix list transaction bugs","messageBody":"","fileTypesAndContributionMap":{"functional-code":{"insertions":45,"deletions":23},"other":{"insertions":5,"deletions":3}}},{"hash":"14b92156edf3585d140cad7f011162af58b14230","messageTitle":"Update tests","messageBody":"","fileTypesAndContributionMap":{"test-code":{"insertions":35,"deletions":8}}}]},{"date":"2021-11-04","commitResults":[{"hash":"3f9ce31959feb042fc8b166fc0de459328dd05d2","messageTitle":"Add DisplayList implementation details","messageBody":"","fileTypesAndContributionMap":{"docs":{"insertions":59,"deletions":0}}},{"hash":"b1faae4bedc1864e24337aab5f3e9c8f8632e154","messageTitle":"Fix indexing","messageBody":"","fileTypesAndContributionMap":{"docs":{"insertions":5,"deletions":2}}},{"hash":"87dd34e90c9f87f34cf3e2f326ca24e2cf42d882","messageTitle":"Edit DisplayList details","messageBody":"","fileTypesAndContributionMap":{"docs":{"insertions":30,"deletions":14}}},{"hash":"aa9a3610c70a10edcd2e8a8d9b93673d736e3612","messageTitle":"Fix naming of image","messageBody":"","fileTypesAndContributionMap":{"docs":{"insertions":1,"deletions":1}}},{"hash":"a07b0dfda4f050eec709c5d561fa5680559b447d","messageTitle":"Format use cases","messageBody":"","fileTypesAndContributionMap":{"docs":{"insertions":320,"deletions":249}}}]},{"date":"2021-11-05","commitResults":[{"hash":"88d7b7cd4bbec17114978b0185a97ae340329c4d","messageTitle":"Edit architecture section","messageBody":"","fileTypesAndContributionMap":{"docs":{"insertions":39,"deletions":36}}}]}],"GraceWang2322":[{"date":"2021-09-30","commitResults":[{"hash":"825abe30082449e177febcdcc41d4108c49e261a","messageTitle":"Update Readme","messageBody":"","fileTypesAndContributionMap":{"docs":{"insertions":8,"deletions":8}}}]},{"date":"2021-10-07","commitResults":[{"hash":"87ad7b6236c5238469ea4a31b08b5e888f162c61","messageTitle":"Find by Id","messageBody":"","fileTypesAndContributionMap":{"functional-code":{"insertions":78,"deletions":8},"test-code":{"insertions":153,"deletions":20}}},{"hash":"54c78a9170c6b35e60c826350f9467c9c6fa2943","messageTitle":"fix Checkstyle issues","messageBody":"","fileTypesAndContributionMap":{"functional-code":{"insertions":0,"deletions":1},"test-code":{"insertions":0,"deletions":2}}},{"hash":"00e19019fc6e21ca7c0697a11ba67ac83237adbd","messageTitle":"Restrict count input format to positive integer","messageBody":"","fileTypesAndContributionMap":{"functional-code":{"insertions":19,"deletions":2}}}]},{"date":"2021-10-08","commitResults":[{"hash":"c1cd2e49e3f88f5d3a0c9e5fc3f9fb30317e5c1c","messageTitle":"Restrict id to positive integer and of six digits","messageBody":"","fileTypesAndContributionMap":{"functional-code":{"insertions":23,"deletions":16}}},{"hash":"0c3ff13c74a8568663d06918546da28646c0204a","messageTitle":"Add IDs with positive integer and six digits only","messageBody":"","fileTypesAndContributionMap":{"functional-code":{"insertions":17,"deletions":1}}},{"hash":"9f2b4bf646510c938adbf8754d294423c1c2bee0","messageTitle":"Edit current Ids to only positive integers with 6 digits","messageBody":"","fileTypesAndContributionMap":{"functional-code":{"insertions":2,"deletions":2}}},{"hash":"7a7c1154b28d3fcb83749a61cade12b22f719ab0","messageTitle":"Add Test Cases","messageBody":"","fileTypesAndContributionMap":{"test-code":{"insertions":111,"deletions":31}}},{"hash":"a1c32a0c2f0d3b36ec246005df4ad3fa985030a1","messageTitle":"Fix Checkstyle issues","messageBody":"","fileTypesAndContributionMap":{"test-code":{"insertions":19,"deletions":4}}},{"hash":"4b06ceb064f1e8bf4e486b02d6514fbf41b906eb","messageTitle":"Fix main checkstyle issues","messageBody":"","fileTypesAndContributionMap":{"functional-code":{"insertions":1,"deletions":2}}},{"hash":"36612104b975e306be19e654280dd37a08c136dd","messageTitle":"fix testing bug","messageBody":"","fileTypesAndContributionMap":{"test-code":{"insertions":2,"deletions":2}}}]},{"date":"2021-10-13","commitResults":[{"hash":"637ae4fc537d9a85877b4caaa52739339d5e4edf","messageTitle":"Enables help info for each command type","messageBody":"","fileTypesAndContributionMap":{"functional-code":{"insertions":104,"deletions":8}}},{"hash":"09954def0362cdaccc992d5591519e47d1c2ef33","messageTitle":"Remove pop-up window","messageBody":"","fileTypesAndContributionMap":{"functional-code":{"insertions":5,"deletions":21}}},{"hash":"302e9128353910b8fc2cf0addc9d06ad5cbe488b","messageTitle":"Add tests","messageBody":"","fileTypesAndContributionMap":{"functional-code":{"insertions":1,"deletions":5},"test-code":{"insertions":29,"deletions":9}}},{"hash":"017eca5c126ed05889d37964e1c695268a05ff99","messageTitle":"Update Readme","messageBody":"","fileTypesAndContributionMap":{"docs":{"insertions":8,"deletions":8}}},{"hash":"df0553a9dc4380b8f7210af1d46a419905681800","messageTitle":"Find by Id","messageBody":"","fileTypesAndContributionMap":{"functional-code":{"insertions":78,"deletions":8},"test-code":{"insertions":153,"deletions":20}}},{"hash":"1b01ed74d0acd6da9d550c5fcf12e78730c20db7","messageTitle":"fix Checkstyle issues","messageBody":"","fileTypesAndContributionMap":{"functional-code":{"insertions":0,"deletions":1},"test-code":{"insertions":0,"deletions":2}}},{"hash":"1dd17d324d8945ab3ad170ae63ba4369416fecc3","messageTitle":"Restrict count input format to positive integer","messageBody":"","fileTypesAndContributionMap":{"functional-code":{"insertions":19,"deletions":2}}},{"hash":"e9bb3c28fa3575a2207c0194f692dba8a9c1eefb","messageTitle":"Restrict id to positive integer and of six digits","messageBody":"","fileTypesAndContributionMap":{"functional-code":{"insertions":23,"deletions":16}}},{"hash":"e9a8a627acabddab8a43d384575a76d29fd0ca19","messageTitle":"Add IDs with positive integer and six digits only","messageBody":"","fileTypesAndContributionMap":{"functional-code":{"insertions":17,"deletions":1}}},{"hash":"2f9469714f5c67fd03689fc6fb210cdc2876c8fe","messageTitle":"Edit current Ids to only positive integers with 6 digits","messageBody":"","fileTypesAndContributionMap":{"functional-code":{"insertions":2,"deletions":2}}},{"hash":"c50a3b0edd7405f469ed0d8855ff7c07cd598b61","messageTitle":"Add Test Cases","messageBody":"","fileTypesAndContributionMap":{"test-code":{"insertions":111,"deletions":31}}},{"hash":"c17c0041e24c6a4d4e70fb00887b0f7d325c3d0f","messageTitle":"Fix Checkstyle issues","messageBody":"","fileTypesAndContributionMap":{"test-code":{"insertions":19,"deletions":4}}},{"hash":"d0f5dc51b0c0e7a368129691cb885cc529ae5bfd","messageTitle":"Fix main checkstyle issues","messageBody":"","fileTypesAndContributionMap":{"functional-code":{"insertions":1,"deletions":2}}},{"hash":"308db733c5f4eb1f79c4173c8671d62e84e50039","messageTitle":"fix testing bug","messageBody":"","fileTypesAndContributionMap":{"test-code":{"insertions":2,"deletions":2}}}]},{"date":"2021-10-14","commitResults":[{"hash":"d5ee46507ffd9fb76f783e293c389891174e4c41","messageTitle":"Fix checkstyle bugs","messageBody":"","fileTypesAndContributionMap":{"functional-code":{"insertions":12,"deletions":2},"test-code":{"insertions":106,"deletions":12}}},{"hash":"92f84827bd347b61aa92ccb655cbc1f880811f0a","messageTitle":"Allow names with numbers","messageBody":"","fileTypesAndContributionMap":{"functional-code":{"insertions":18,"deletions":6},"test-code":{"insertions":20,"deletions":3}}},{"hash":"6dfa62ac242f3a42f479f554882b673690b96c71","messageTitle":"Organise code","messageBody":"","fileTypesAndContributionMap":{"functional-code":{"insertions":58,"deletions":15}}}]},{"date":"2021-10-21","commitResults":[{"hash":"510988bd608debbf6b76038ce33169a3856ffc1f","messageTitle":"Remove old item constructor","messageBody":"","fileTypesAndContributionMap":{"functional-code":{"insertions":0,"deletions":13},"test-code":{"insertions":1,"deletions":1}}},{"hash":"7b1687fabe416f536816a82b1df120b39727917e","messageTitle":"Update item equals method","messageBody":"","fileTypesAndContributionMap":{"functional-code":{"insertions":2,"deletions":0},"test-code":{"insertions":9,"deletions":3}}},{"hash":"a527384c257b533f5f650b31b354fc49907172f7","messageTitle":"Update AddCommand Test","messageBody":"","fileTypesAndContributionMap":{"test-code":{"insertions":29,"deletions":0}}},{"hash":"acb45b2fc403c9afe69464b1f5fb7cec5f7afc9e","messageTitle":"Update AddCommand","messageBody":"","fileTypesAndContributionMap":{"test-code":{"insertions":30,"deletions":9}}},{"hash":"26f3896528c664caf567388a1f2836921f7f62a6","messageTitle":"Fix Checkstyle Errors","messageBody":"","fileTypesAndContributionMap":{"test-code":{"insertions":13,"deletions":3}}},{"hash":"9072d8d8d550bab96041ab69b2d6056102ac1c67","messageTitle":"Change id fields to Integer","messageBody":"","fileTypesAndContributionMap":{"functional-code":{"insertions":61,"deletions":45},"test-code":{"insertions":33,"deletions":26}}},{"hash":"0b4918355cdc32e2f95ad85ac96a7a4b49149540","messageTitle":"Update FindCommand to find by prefixes","messageBody":"","fileTypesAndContributionMap":{"functional-code":{"insertions":35,"deletions":81}}},{"hash":"557d8d6ec387923fb26769917495896098784f35","messageTitle":"Update tests","messageBody":"","fileTypesAndContributionMap":{"functional-code":{"insertions":0,"deletions":5},"test-code":{"insertions":30,"deletions":30}}},{"hash":"c5f3f686eeee4ed0b8ba8fd7f802fc2922489858","messageTitle":"Fix checkstyle errors","messageBody":"","fileTypesAndContributionMap":{"functional-code":{"insertions":2,"deletions":1},"test-code":{"insertions":2,"deletions":6}}},{"hash":"82d54a0d67952853333df2cb562c034eea6edda1","messageTitle":"Update FindCommand","messageBody":"","fileTypesAndContributionMap":{"functional-code":{"insertions":2,"deletions":0},"docs":{"insertions":6,"deletions":11}}},{"hash":"db66f13e60c4009e7030c15bd8cea64a25ca02c2","messageTitle":"Fix bugs","messageBody":"","fileTypesAndContributionMap":{"functional-code":{"insertions":0,"deletions":2}}}]},{"date":"2021-10-22","commitResults":[{"hash":"3939b407f2236b4d6bc2444153db46a9d75778e7","messageTitle":"Allow ids with less than 6 digits","messageBody":"","fileTypesAndContributionMap":{"functional-code":{"insertions":4,"deletions":3},"test-code":{"insertions":1,"deletions":1}}},{"hash":"0914c8d0d2a1ce1b795e389d295f572895f242ce","messageTitle":"Fix tests","messageBody":"","fileTypesAndContributionMap":{"test-code":{"insertions":6,"deletions":24}}}]},{"date":"2021-10-26","commitResults":[{"hash":"5bd3b639dba93c6b8a17829566d7733b82c154f1","messageTitle":"Make message usage of helpCommands non-static","messageBody":"Fix tests\n","fileTypesAndContributionMap":{"functional-code":{"insertions":5,"deletions":5},"test-code":{"insertions":44,"deletions":43}}},{"hash":"28efc9da9066d901da299266af23e5210026b23a","messageTitle":"Update help message for FindCommand","messageBody":"","fileTypesAndContributionMap":{"functional-code":{"insertions":6,"deletions":4}}}]},{"date":"2021-10-27","commitResults":[{"hash":"03a2eaa556ae6af3bfed66875dece7c7ee5c3a85","messageTitle":"Allow finding with space in name","messageBody":"","fileTypesAndContributionMap":{"functional-code":{"insertions":59,"deletions":3},"test-code":{"insertions":65,"deletions":6}}},{"hash":"62e8ddc46023233aefcfe6d846f3914b082603d1","messageTitle":"Tidy up StringUtil class","messageBody":"","fileTypesAndContributionMap":{"functional-code":{"insertions":22,"deletions":15},"test-code":{"insertions":24,"deletions":0}}},{"hash":"f14253033173732088ca685742ddb3744f117fd0","messageTitle":"Extra parameters for list throws warning","messageBody":"","fileTypesAndContributionMap":{"functional-code":{"insertions":26,"deletions":2}}},{"hash":"d3f5fc825e415e13404137f04eea6223a1961dae","messageTitle":"Input ListCommand test","messageBody":"","fileTypesAndContributionMap":{"functional-code":{"insertions":14,"deletions":3},"test-code":{"insertions":32,"deletions":0}}},{"hash":"9b6e1cc3eff9fd759786d34a78ea372109085e29","messageTitle":"Updating help message for remove and delete","messageBody":"","fileTypesAndContributionMap":{"functional-code":{"insertions":5,"deletions":2}}},{"hash":"5128c7fc24858382a5a6586e80a4f66fe5308705","messageTitle":"Update help message for iorder","messageBody":"","fileTypesAndContributionMap":{"functional-code":{"insertions":7,"deletions":7}}},{"hash":"edf126c4578b126dc1d9e34144471744a8614f30","messageTitle":"Warning when index of edit is 0","messageBody":"","fileTypesAndContributionMap":{"functional-code":{"insertions":3,"deletions":1}}},{"hash":"c3553e31a5dd22344484845a6c97714ba99cc61e","messageTitle":"Edit does not allow id and name clashes","messageBody":"","fileTypesAndContributionMap":{"functional-code":{"insertions":110,"deletions":3}}},{"hash":"ad003c5bdad0159d42389f1bbf411f2b374f04c2","messageTitle":"Fix test cases","messageBody":"","fileTypesAndContributionMap":{"functional-code":{"insertions":7,"deletions":8},"test-code":{"insertions":50,"deletions":53}}}]},{"date":"2021-10-28","commitResults":[{"hash":"0f67983f9111828e0fa7c6eb3dbcd6d992b990c4","messageTitle":"Delete Command shows warning for inexistent name or inexistent ID","messageBody":"","fileTypesAndContributionMap":{"functional-code":{"insertions":17,"deletions":1},"test-code":{"insertions":31,"deletions":8}}},{"hash":"a3cfc010cc211778a0884c97377b1a3a713a0f8f","messageTitle":"Remove unnecessary fields in edit command classes","messageBody":"","fileTypesAndContributionMap":{"functional-code":{"insertions":9,"deletions":12},"test-code":{"insertions":48,"deletions":25}}},{"hash":"f432a83711956c9a4deb7db12b41793f8901a8aa","messageTitle":"Remove Command shows warning for inexistent name and inexistent id","messageBody":"","fileTypesAndContributionMap":{"functional-code":{"insertions":20,"deletions":1},"test-code":{"insertions":30,"deletions":6}}},{"hash":"8ac889f4edc89ceceb32813af40672205b53bafc","messageTitle":"Fix AddCommand Help message","messageBody":"","fileTypesAndContributionMap":{"functional-code":{"insertions":6,"deletions":4}}},{"hash":"868db3a775629e3b7325bfa8dffdadd255bedbd8","messageTitle":"Fix message usages","messageBody":"","fileTypesAndContributionMap":{"functional-code":{"insertions":12,"deletions":11}}},{"hash":"d26863c4728c0467ab2bafbe2885c4b75e99bb42","messageTitle":"AddCommand shows warning for inexistent id or inexistent name","messageBody":"","fileTypesAndContributionMap":{"functional-code":{"insertions":18,"deletions":1}}},{"hash":"7a735f19cef9aadd11042c7f50d6c962ed902691","messageTitle":"Fix AddCommand tests","messageBody":"","fileTypesAndContributionMap":{"test-code":{"insertions":36,"deletions":17}}},{"hash":"097ceaa57e258fd28a2546d9ab8592858a337a09","messageTitle":"AddCommand does not allow adding of new items with existing name or id","messageBody":"","fileTypesAndContributionMap":{"functional-code":{"insertions":24,"deletions":4},"test-code":{"insertions":30,"deletions":0}}},{"hash":"617f7308510998fafbcf22c8f152c815cb06f9e6","messageTitle":"Fix AddCommand tests","messageBody":"","fileTypesAndContributionMap":{"functional-code":{"insertions":5,"deletions":6},"test-code":{"insertions":4,"deletions":2}}},{"hash":"f951a9cd53f3da3e034584807388a74f522ddfbf","messageTitle":"Fix tests","messageBody":"","fileTypesAndContributionMap":{"functional-code":{"insertions":4,"deletions":15},"test-code":{"insertions":14,"deletions":77}}},{"hash":"8257c957db4eec16123ab1f0088bb639e9d19743","messageTitle":"Fix checkstyle errors","messageBody":"","fileTypesAndContributionMap":{"functional-code":{"insertions":17,"deletions":4},"test-code":{"insertions":36,"deletions":7}}},{"hash":"42ae5a5bbd01b1a4c93c6104f547093e0af0efb0","messageTitle":"Allow finding by tag","messageBody":"","fileTypesAndContributionMap":{"functional-code":{"insertions":76,"deletions":13}}},{"hash":"00677a6356a44e7809b6c1272b9f27ec7e30370b","messageTitle":"Fix checkstyle errors","messageBody":"","fileTypesAndContributionMap":{"functional-code":{"insertions":9,"deletions":7}}}]},{"date":"2021-10-29","commitResults":[{"hash":"93ef071de87048d1a37d9a48a9b00ea09afe8d9c","messageTitle":"Update Userguide","messageBody":"","fileTypesAndContributionMap":{"docs":{"insertions":5,"deletions":1}}}]},{"date":"2021-10-30","commitResults":[{"hash":"f6798793eda487d30c45ba35434d115f2ba8b5b1","messageTitle":"Update user guide","messageBody":"","fileTypesAndContributionMap":{"docs":{"insertions":21,"deletions":6}}}]},{"date":"2021-11-01","commitResults":[{"hash":"d3faca1b10636f9b0a1fcb1286a892e48b984216","messageTitle":"Implementation for Find","messageBody":"","fileTypesAndContributionMap":{"docs":{"insertions":44,"deletions":0}}},{"hash":"b85b1fa87d073fddb3d745bb674cb9ff47ca1c81","messageTitle":"Implementation for Sort","messageBody":"","fileTypesAndContributionMap":{"docs":{"insertions":45,"deletions":1}}},{"hash":"935bcc889b0eb7378dd89fa04743693669015ef5","messageTitle":"Update find feature UML diagram","messageBody":"","fileTypesAndContributionMap":{"docs":{"insertions":125,"deletions":108}}},{"hash":"f5f45ddfd293319c857eddc755f343fe4999ea77","messageTitle":"Update sort feature UML diagram","messageBody":"","fileTypesAndContributionMap":{"docs":{"insertions":25,"deletions":35}}},{"hash":"44abee8e636027c17d992e265c1e1d75f55cee40","messageTitle":"Update design considerations","messageBody":"","fileTypesAndContributionMap":{"docs":{"insertions":36,"deletions":9}}}]},{"date":"2021-11-02","commitResults":[{"hash":"ba0afc4f75e85ec86f29c0c9bc906c5ef2516172","messageTitle":"Mutating Inventory","messageBody":"","fileTypesAndContributionMap":{"functional-code":{"insertions":0,"deletions":1},"docs":{"insertions":33,"deletions":24}}},{"hash":"39b91e74d280bc6b132e63463bae6abb67333a6b","messageTitle":"Fix Errors","messageBody":"","fileTypesAndContributionMap":{"docs":{"insertions":64,"deletions":66}}}]},{"date":"2021-11-03","commitResults":[{"hash":"a970d7305a664fcf30eaf2017e51f1e5c33941b6","messageTitle":"Error for editing count directly","messageBody":"","fileTypesAndContributionMap":{"functional-code":{"insertions":7,"deletions":1}}},{"hash":"c2da7c73bcbb89b13076eb833e988a5f59aa30e3","messageTitle":"DeleteCommand detects extra flags","messageBody":"","fileTypesAndContributionMap":{"functional-code":{"insertions":13,"deletions":7}}},{"hash":"2cd3d81924b5979f7eea8058a058b7f231d8a23c","messageTitle":"Fix AddCommand bugs","messageBody":"","fileTypesAndContributionMap":{"functional-code":{"insertions":62,"deletions":37},"test-code":{"insertions":52,"deletions":45}}},{"hash":"56e6e4283ae0baf75dfd798406d29e4d16beb3db","messageTitle":"Fix bugs","messageBody":"","fileTypesAndContributionMap":{"functional-code":{"insertions":36,"deletions":6}}},{"hash":"2429ce5b0cc62dcc19bd9fd8e851d52a3adbab82","messageTitle":"fix checkstyle","messageBody":"","fileTypesAndContributionMap":{"functional-code":{"insertions":10,"deletions":3},"test-code":{"insertions":11,"deletions":0}}},{"hash":"b38dbf99edec9fda8eb69858d3222ffd05f6ed8c","messageTitle":"HelpCommand notify user of invalid commands","messageBody":"","fileTypesAndContributionMap":{"functional-code":{"insertions":7,"deletions":3}}},{"hash":"baf85ea54f01f3a3b76ffc088d86bce232bbb469","messageTitle":"Add HelpCommand tests","messageBody":"","fileTypesAndContributionMap":{"test-code":{"insertions":16,"deletions":0}}},{"hash":"dd30a813968c2761548bd1e8b111e68c021202c3","messageTitle":"Delete Find and sort in DG","messageBody":"","fileTypesAndContributionMap":{"docs":{"insertions":0,"deletions":61}}},{"hash":"60503bf8afca5e26d6fab5a1729b937da2f4749e","messageTitle":"Fix bugs","messageBody":"","fileTypesAndContributionMap":{"functional-code":{"insertions":4,"deletions":16}}}]},{"date":"2021-11-04","commitResults":[{"hash":"f7acb56df6ced19887b7eca5b7566cb822475090","messageTitle":"Fix bugs","messageBody":"","fileTypesAndContributionMap":{"functional-code":{"insertions":49,"deletions":10},"test-code":{"insertions":45,"deletions":7}}},{"hash":"53482bb2cb8a9171650d261feeb5aae08308f38e","messageTitle":"Update use cases","messageBody":"","fileTypesAndContributionMap":{"docs":{"insertions":33,"deletions":20}}}]}]},"authorFileTypeContributionMap":{"wangpeialex":{"docs":1099,"functional-code":548,"test-code":423},"bernarduskrishna":{"docs":344,"functional-code":993,"test-code":389,"other":3},"bryanwee023":{"docs":671,"functional-code":2475,"test-code":3960},"GraceWang2322":{"docs":141,"functional-code":553,"test-code":664}},"authorContributionVariance":{"wangpeialex":106983.46,"bernarduskrishna":24256.41,"bryanwee023":2113999.2,"GraceWang2322":33527.01},"authorDisplayNameMap":{"wangpeialex":"CS2103-F10-2 WANG.. PEI","bernarduskrishna":"CS2103-F10-2 BERN..SHNA","bryanwee023":"CS2103-F10-2 BRYA..N YI","GraceWang2322":"CS2103-F10-2 HAY ..LWIN"}}
