{"authorDailyContributionsMap":{"Chesterwongz":[{"date":"2021-09-20","commitResults":[{"hash":"d0842ecb8bbebbd0c1965991cacb5ef0ece7c367","messageTitle":"Add remark parameter to add and edit commands","messageBody":"","fileTypesAndContributionMap":{"functional-code":{"insertions":35,"deletions":10},"test-code":{"insertions":55,"deletions":21}}},{"hash":"c95d01144644a055d7b4bdf8df20989b57cdcb0e","messageTitle":"Remove remark command","messageBody":"Since we can add remarks with the add command, and edit remarks with the edit command, the remark command is not necessary\n","fileTypesAndContributionMap":{"functional-code":{"insertions":0,"deletions":136},"test-code":{"insertions":0,"deletions":128}}}]},{"date":"2021-09-24","commitResults":[{"hash":"885ef0f75df1dc0d6e2a0f0c754f8a83e7662db4","messageTitle":"Fix SLAP in AddCommandParser","messageBody":"","fileTypesAndContributionMap":{"functional-code":{"insertions":1,"deletions":7}}}]}],"angkoonhwee":[{"date":"2021-09-19","commitResults":[{"hash":"0993a9c0f3b2fbbc5222e0f0ea615c6e3d7aa802","messageTitle":"Add Remark feature","messageBody":"","fileTypesAndContributionMap":{"functional-code":{"insertions":225,"deletions":31},"test-code":{"insertions":149,"deletions":17}}}]},{"date":"2021-09-25","commitResults":[{"hash":"da38bf732654789ba64763b26aece43960374c27","messageTitle":"Revert \"Add Remark feature\"","messageBody":"This reverts commit 0993a9c0f3b2fbbc5222e0f0ea615c6e3d7aa802.\n","fileTypesAndContributionMap":{"functional-code":{"insertions":31,"deletions":225},"test-code":{"insertions":17,"deletions":149}}},{"hash":"cb1254e2857476a33eee979ecc94f11b5587459c","messageTitle":"Add Use Case for Undo, Redo and Add Student","messageBody":"","fileTypesAndContributionMap":{"docs":{"insertions":78,"deletions":1}}}]}],"lingshanng":[{"date":"2021-09-24","commitResults":[{"hash":"5a201b10ff43d330608b60185d078ba97c34ea1b","messageTitle":"add use case for F1 - Find student by name","messageBody":"","fileTypesAndContributionMap":{"docs":{"insertions":19,"deletions":0}}}]},{"date":"2021-09-26","commitResults":[{"hash":"abe400836cb4d7c409d6a7301042fe22059f6366","messageTitle":"change find to include student fields","messageBody":"","fileTypesAndContributionMap":{"docs":{"insertions":5,"deletions":5}}},{"hash":"25288cabb4a79234cb8e0f39db58afe6b4eacee3","messageTitle":"formatting","messageBody":"","fileTypesAndContributionMap":{"docs":{"insertions":1,"deletions":1}}},{"hash":"a1ab854863532ccfad750cfc6fcc36e409c5f765","messageTitle":"add use case for Filter students by tags","messageBody":"","fileTypesAndContributionMap":{"docs":{"insertions":18,"deletions":1}}},{"hash":"1d633c99d8cb65cdf67e1045de4b55fc8c691f39","messageTitle":"add NFR","messageBody":"","fileTypesAndContributionMap":{"docs":{"insertions":1,"deletions":0}}}]}],"Xiaoyunnn":[{"date":"2021-09-25","commitResults":[{"hash":"258717a818ef21b22c2a1597b798a4efa9ad8966","messageTitle":"Update UG with optional fields regarding acad details for add and edit","messageBody":"","fileTypesAndContributionMap":{"docs":{"insertions":15,"deletions":13}}},{"hash":"0c7e74e23d681e6cffe09d121888c80eff69cc54","messageTitle":"Update DG with use case for edit, help and NFRs","messageBody":"","fileTypesAndContributionMap":{"docs":{"insertions":57,"deletions":1}}},{"hash":"2ebd8e2c22d02965e86bebe9fdb52d9ad6d0dc0f","messageTitle":"Edit indentation","messageBody":"","fileTypesAndContributionMap":{"docs":{"insertions":17,"deletions":15}}}]},{"date":"2021-09-26","commitResults":[{"hash":"37ca109786d3e9c167d471ca6691ed1767afa083","messageTitle":"Update UG with view tag feature","messageBody":"","fileTypesAndContributionMap":{"docs":{"insertions":5,"deletions":0}}},{"hash":"fc777187691794d9fb18b0067b2ade311052b100","messageTitle":"Update docs/UserGuide.md","messageBody":"Co-authored-by: Shan \u003c35279431+lingshanng@users.noreply.github.com\u003e","fileTypesAndContributionMap":{"docs":{"insertions":1,"deletions":1}}}]}],"eeliana":[{"date":"2021-09-20","commitResults":[{"hash":"755eb124aeb6e7fec030edc3977924a6270ce0ee","messageTitle":"Add use case L2 to Developer Guide","messageBody":"","fileTypesAndContributionMap":{"docs":{"insertions":27,"deletions":0}}}]},{"date":"2021-09-26","commitResults":[{"hash":"6eeb8faf7bd6b807db87924cfa40d99d5af5fcde","messageTitle":"Add use case Delete Lesson for Student","messageBody":"","fileTypesAndContributionMap":{"docs":{"insertions":32,"deletions":3}}},{"hash":"613910881e9624602f8bf99b2525bcc8e7bbcdbf","messageTitle":"Add use case Edit Lesson for Student","messageBody":"","fileTypesAndContributionMap":{"docs":{"insertions":31,"deletions":0}}},{"hash":"ae791f35ce60a42342b9d39f854919034fb4b10f","messageTitle":"Update UG for adding a Lesson for a Student","messageBody":"","fileTypesAndContributionMap":{"docs":{"insertions":29,"deletions":0}}},{"hash":"31ab590c7c67d51e7fece83b2b029773056401cd","messageTitle":"Update UG with delete Lesson for Student","messageBody":"","fileTypesAndContributionMap":{"docs":{"insertions":22,"deletions":5}}},{"hash":"fd321826872e8f9baece06e92d9e8a8ef0e33194","messageTitle":"Fix typos in LessonAdd and LessonDelete features in UG","messageBody":"","fileTypesAndContributionMap":{"docs":{"insertions":8,"deletions":8}}},{"hash":"54616ac4cb330f6aadc37759a0ebcbbcf7981bb5","messageTitle":"Update Lesson Add feature in UG","messageBody":"","fileTypesAndContributionMap":{"docs":{"insertions":2,"deletions":2}}}]}]},"authorFileTypeContributionMap":{"Chesterwongz":{"docs":0,"functional-code":29,"test-code":55},"angkoonhwee":{"docs":77,"functional-code":0,"test-code":0},"lingshanng":{"docs":35,"functional-code":0,"test-code":0},"Xiaoyunnn":{"docs":73,"functional-code":0,"test-code":0},"eeliana":{"docs":134,"functional-code":0,"test-code":0}},"authorContributionVariance":{"Chesterwongz":13284.411,"angkoonhwee":34389.21,"lingshanng":112.48999,"Xiaoyunnn":1241.05,"eeliana":1803.6901},"authorDisplayNameMap":{"Chesterwongz":"CS2103T-F13-3 WONG..STER","angkoonhwee":"CS2103T-F13-3 ANG ..HWEE","lingshanng":"CS2103T-F13-3 NG L..SHAN","Xiaoyunnn":"CS2103T-F13-3 WU X.. YUN","eeliana":"CS2103T-F13-3 PANG..IANA"}}
