{"authorDailyContributionsMap":{"Chesterwongz":[{"date":"2021-09-20","commitResults":[{"hash":"d0842ecb8bbebbd0c1965991cacb5ef0ece7c367","messageTitle":"Add remark parameter to add and edit commands","messageBody":"","fileTypesAndContributionMap":{"functional-code":{"insertions":35,"deletions":10},"test-code":{"insertions":55,"deletions":21}}},{"hash":"c95d01144644a055d7b4bdf8df20989b57cdcb0e","messageTitle":"Remove remark command","messageBody":"Since we can add remarks with the add command, and edit remarks with the edit command, the remark command is not necessary\n","fileTypesAndContributionMap":{"functional-code":{"insertions":0,"deletions":136},"test-code":{"insertions":0,"deletions":128}}}]},{"date":"2021-09-24","commitResults":[{"hash":"9a2b57af4348d1dc8b2ae62a92881cbfbac3cd6a","messageTitle":"Update DeveloperGuide.md","messageBody":"","fileTypesAndContributionMap":{"docs":{"insertions":37,"deletions":15}}},{"hash":"885ef0f75df1dc0d6e2a0f0c754f8a83e7662db4","messageTitle":"Fix SLAP in AddCommandParser","messageBody":"","fileTypesAndContributionMap":{"functional-code":{"insertions":1,"deletions":7}}}]},{"date":"2021-09-25","commitResults":[{"hash":"ee62d06029c68bc5cd4a1df5940c7cfae0c197a6","messageTitle":"Update DeveloperGuide.md","messageBody":"","fileTypesAndContributionMap":{"docs":{"insertions":4,"deletions":4}}},{"hash":"a7d17a860c2a64aa1acf8d25c7aaf0d984cd279d","messageTitle":"Update DeveloperGuide.md","messageBody":"","fileTypesAndContributionMap":{"docs":{"insertions":84,"deletions":35}}}]},{"date":"2021-09-26","commitResults":[{"hash":"9d5776baf6f280442dbdb6871c6af0e272c78500","messageTitle":"Add parent contact fields","messageBody":"","fileTypesAndContributionMap":{"functional-code":{"insertions":126,"deletions":30}}},{"hash":"1d98bdf22c79d1f5329d2f05976c256d4815f6fd","messageTitle":"Add oustanding fees field","messageBody":"","fileTypesAndContributionMap":{"functional-code":{"insertions":184,"deletions":46}}},{"hash":"ab5dc9a83b32ba2840adf5263072fc3fd57f2cec","messageTitle":"Fix JsonAdaptedPersonTests","messageBody":"","fileTypesAndContributionMap":{"functional-code":{"insertions":2,"deletions":1},"test-code":{"insertions":20,"deletions":9}}},{"hash":"1c2b39d7f9182c4236883481c827eda73dc536bc","messageTitle":"Enforce at least one contact field for Persons","messageBody":"","fileTypesAndContributionMap":{"functional-code":{"insertions":25,"deletions":5},"test-code":{"insertions":203,"deletions":48}}},{"hash":"0c59a393c97bed6b13fb99220c9dee094b46c76a","messageTitle":"Add JUnit tests for no contact field case","messageBody":"","fileTypesAndContributionMap":{"functional-code":{"insertions":1,"deletions":0},"test-code":{"insertions":30,"deletions":3}}},{"hash":"add92c50a8f23c1dae2eebe268d266a72a94fc10","messageTitle":"Fix checkstyleTest errors","messageBody":"","fileTypesAndContributionMap":{"test-code":{"insertions":4,"deletions":4}}},{"hash":"4a5758d392dccf624faf0e641aba499f8c50579a","messageTitle":"Update DeveloperGuide.md","messageBody":"","fileTypesAndContributionMap":{"docs":{"insertions":51,"deletions":75}}},{"hash":"c8f633dd2375f6c11fef9a89391f2c9789333c48","messageTitle":"Update DeveloperGuide.md","messageBody":"","fileTypesAndContributionMap":{"docs":{"insertions":147,"deletions":93}}},{"hash":"8c53019faf5ffaa83d56a406c88c1c199257b8a7","messageTitle":"Fix numbering","messageBody":"","fileTypesAndContributionMap":{"docs":{"insertions":2,"deletions":2}}},{"hash":"bccbbb8a5339437f0ade495276a9e6b4469c1cf6","messageTitle":"Fix formatting inconsistencies","messageBody":"","fileTypesAndContributionMap":{"docs":{"insertions":2,"deletions":2}}}]},{"date":"2021-09-27","commitResults":[{"hash":"79840c0d15781d534474745db00bcceb7f22284b","messageTitle":"Fix NFRs","messageBody":"","fileTypesAndContributionMap":{"docs":{"insertions":2,"deletions":2}}},{"hash":"2f5e03706c24a2257125c95ed160d238f7a72123","messageTitle":"Update UserGuide.md","messageBody":"","fileTypesAndContributionMap":{"docs":{"insertions":5,"deletions":0}}},{"hash":"d4f5c13a61c9e40cec4c1e19fa51af3b5a931ffe","messageTitle":"Add more user stories","messageBody":"","fileTypesAndContributionMap":{"docs":{"insertions":30,"deletions":19}}},{"hash":"e50dba3ef0ba9365bf194d4abcb9413e8d7dd4e8","messageTitle":"Improve phrasing and grammar of user stories U1 and U9","messageBody":"","fileTypesAndContributionMap":{"docs":{"insertions":2,"deletions":2}}},{"hash":"4d323147cad5dddcf6bbbca9cb130dd26ae3c64c","messageTitle":"Add priorities legend","messageBody":"","fileTypesAndContributionMap":{"docs":{"insertions":2,"deletions":0}}},{"hash":"6c4a7adec94c95124f1d4b0038e82e4b4f7f7911","messageTitle":"Update docs/DeveloperGuide.md","messageBody":"Co-authored-by: Shan \u003c35279431+lingshanng@users.noreply.github.com\u003e","fileTypesAndContributionMap":{"docs":{"insertions":1,"deletions":1}}},{"hash":"1f50c4657a5a59f63dc39e610c1bdad6e0d7742b","messageTitle":"Update docs/DeveloperGuide.md","messageBody":"Co-authored-by: Shan \u003c35279431+lingshanng@users.noreply.github.com\u003e","fileTypesAndContributionMap":{"docs":{"insertions":1,"deletions":1}}},{"hash":"81ef92f13cdf5d9dededa3b11d311a04e6a5eab8","messageTitle":"Update docs/DeveloperGuide.md","messageBody":"Co-authored-by: Shan \u003c35279431+lingshanng@users.noreply.github.com\u003e","fileTypesAndContributionMap":{"docs":{"insertions":1,"deletions":1}}},{"hash":"f30f577c3d9905b691d3a3682e8fe37a8ce2b117","messageTitle":"Update DeveloperGuide.md","messageBody":"","fileTypesAndContributionMap":{"docs":{"insertions":3,"deletions":3}}},{"hash":"ccf7fb56682e32941cd930256c83c269a6e367d2","messageTitle":"Update DeveloperGuide.md","messageBody":"","fileTypesAndContributionMap":{"docs":{"insertions":2,"deletions":2}}},{"hash":"779d959307fe2c4bf7a1b852c13d5a3c5ffcb0ea","messageTitle":"Add more terms to the glossary","messageBody":"","fileTypesAndContributionMap":{"docs":{"insertions":12,"deletions":5}}}]},{"date":"2021-09-28","commitResults":[{"hash":"9ff50c3c63b769ba16a1d5d3a66d779df1a6035f","messageTitle":"Add Fee JUnit tests and improve parsing of fee input","messageBody":"","fileTypesAndContributionMap":{"functional-code":{"insertions":35,"deletions":4},"test-code":{"insertions":52,"deletions":0}}},{"hash":"d003122811d7d7adc6b09928d23ae89b4bdbf14a","messageTitle":"Fix Fee message constraints format","messageBody":"","fileTypesAndContributionMap":{"functional-code":{"insertions":1,"deletions":1}}},{"hash":"2135286b627c1b5b39899bd3df2460c16f447ccd","messageTitle":"Add tests for parsing fee","messageBody":"","fileTypesAndContributionMap":{"test-code":{"insertions":79,"deletions":5}}}]},{"date":"2021-09-29","commitResults":[{"hash":"714700b0187ccaeaa3d36eb36e3270f31cc36f7a","messageTitle":"Add fields for add and edit command and improve phrasing and formatting","messageBody":"","fileTypesAndContributionMap":{"docs":{"insertions":42,"deletions":12}}},{"hash":"9d9708279975acb94d4d7f6f75b3825f0aee6acf","messageTitle":"Update docs/UserGuide.md","messageBody":"Co-authored-by: Lingshan \u003c35279431+lingshanng@users.noreply.github.com\u003e","fileTypesAndContributionMap":{"docs":{"insertions":1,"deletions":1}}},{"hash":"a4628942c1f5402e9efd8bb68e6a3fcf191baaaf","messageTitle":"Update docs/UserGuide.md","messageBody":"Co-authored-by: Lingshan \u003c35279431+lingshanng@users.noreply.github.com\u003e","fileTypesAndContributionMap":{"docs":{"insertions":1,"deletions":1}}},{"hash":"b1fca21674ff9e8a590385443e79b1e2a96cc435","messageTitle":"Standardise words","messageBody":"","fileTypesAndContributionMap":{"docs":{"insertions":15,"deletions":15}}},{"hash":"57c819d7b44d6ff55351c2b59512601ba5eaaa21","messageTitle":"Change person to student","messageBody":"","fileTypesAndContributionMap":{"docs":{"insertions":1,"deletions":1}}},{"hash":"0ea64d608f1fa59cf8d030bf0ed3c9cbe107dfc1","messageTitle":"Add more test coverage and standardise formatting of fees","messageBody":"","fileTypesAndContributionMap":{"functional-code":{"insertions":18,"deletions":18},"test-code":{"insertions":91,"deletions":2}}},{"hash":"5eb6584f1cb86174c8866103363ee94645d0b64f","messageTitle":"Remove unused import","messageBody":"","fileTypesAndContributionMap":{"test-code":{"insertions":0,"deletions":1}}},{"hash":"772b2b7ce8564f8811aa5ae75a2d2bb109a1a3a8","messageTitle":"Add more tests","messageBody":"","fileTypesAndContributionMap":{"test-code":{"insertions":20,"deletions":0}}},{"hash":"78ad887f6fd2c3f5edecb71183b6f7f1b98be82b","messageTitle":"Fix numbering and capitalisation","messageBody":"","fileTypesAndContributionMap":{"docs":{"insertions":17,"deletions":17}}},{"hash":"ea62c946c8a912a24d6783566dfe8927cf0cf42b","messageTitle":"Fix capitalisation of View schedule","messageBody":"","fileTypesAndContributionMap":{"docs":{"insertions":1,"deletions":1}}},{"hash":"7be351f41e3042a6641a5b40f8455b0f19b19684","messageTitle":"Update docs/UserGuide.md","messageBody":"Co-authored-by: Lingshan \u003c35279431+lingshanng@users.noreply.github.com\u003e","fileTypesAndContributionMap":{"docs":{"insertions":1,"deletions":1}}},{"hash":"a2c62a0e44a7ab4d867dc3c4c9df65e0b2d7cc5c","messageTitle":"Update docs/UserGuide.md","messageBody":"Co-authored-by: Lingshan \u003c35279431+lingshanng@users.noreply.github.com\u003e","fileTypesAndContributionMap":{"docs":{"insertions":1,"deletions":1}}},{"hash":"6b055730b64797208fb5c30945a5673bdac74adc","messageTitle":"Update docs/UserGuide.md","messageBody":"Co-authored-by: Lingshan \u003c35279431+lingshanng@users.noreply.github.com\u003e","fileTypesAndContributionMap":{"docs":{"insertions":1,"deletions":1}}},{"hash":"ac00dfd789bb93bb099fb1a66fb7af32353c7ae5","messageTitle":"Update docs/UserGuide.md","messageBody":"Co-authored-by: Lingshan \u003c35279431+lingshanng@users.noreply.github.com\u003e","fileTypesAndContributionMap":{"docs":{"insertions":1,"deletions":1}}},{"hash":"319a7532f0fb7c8ea6b9d06fc0dd148a219ee078","messageTitle":"Update command summary","messageBody":"","fileTypesAndContributionMap":{"docs":{"insertions":3,"deletions":2}}}]},{"date":"2021-09-30","commitResults":[{"hash":"c8ee245f7af60a35f90e1b8aa305bb38cf578007","messageTitle":"Fix not detecting lesson clash with different persons","messageBody":"","fileTypesAndContributionMap":{"functional-code":{"insertions":144,"deletions":121}}},{"hash":"a9b21cac98cafc759ea2c2d7ed4fa4de831e3665","messageTitle":"Update tests to use TimeRange","messageBody":"","fileTypesAndContributionMap":{"functional-code":{"insertions":8,"deletions":13},"test-code":{"insertions":31,"deletions":32}}},{"hash":"38360dcdbe7d8932389a75b1e6bd4e990cbbb188","messageTitle":"Fix checkstyle","messageBody":"","fileTypesAndContributionMap":{"functional-code":{"insertions":1,"deletions":1},"test-code":{"insertions":0,"deletions":2}}}]},{"date":"2021-10-01","commitResults":[{"hash":"cecfc63585271e7228e48483282337e7d43b7d0c","messageTitle":"Integrate CalendarFX into the GUI","messageBody":"","fileTypesAndContributionMap":{"functional-code":{"insertions":260,"deletions":17},"other":{"insertions":1,"deletions":0}}},{"hash":"8e62402dd55f4c1b234585c657497c7020299594","messageTitle":"Fix check not working","messageBody":"","fileTypesAndContributionMap":{"functional-code":{"insertions":8,"deletions":5},"test-code":{"insertions":10,"deletions":2}}},{"hash":"3d655b660f340fb1964ca1a92a2389b400d2a30b","messageTitle":"Fix checking for lessons always returning true","messageBody":"","fileTypesAndContributionMap":{"functional-code":{"insertions":24,"deletions":22},"test-code":{"insertions":5,"deletions":3}}},{"hash":"3a9e8e3a3efc2cbe84ceb4c6265b8716f6db851b","messageTitle":"Update src/main/java/seedu/address/model/person/UniquePersonList.java","messageBody":"Co-authored-by: eeliana \u003c62977276+eeliana@users.noreply.github.com\u003e","fileTypesAndContributionMap":{"functional-code":{"insertions":1,"deletions":1}}},{"hash":"b291f0caae7ec7f99000c1cf5f9d81b0f6db0fdb","messageTitle":"Fix checkstyle","messageBody":"","fileTypesAndContributionMap":{"functional-code":{"insertions":0,"deletions":3}}},{"hash":"66ab85b453287f5c6adfdaa213f2e30fe0d763be","messageTitle":"Add time range format help","messageBody":"","fileTypesAndContributionMap":{"functional-code":{"insertions":2,"deletions":1}}},{"hash":"090e9dbad141be7f5b80daddf325d1af8bb17878","messageTitle":"Add fullstop","messageBody":"","fileTypesAndContributionMap":{"functional-code":{"insertions":1,"deletions":1}}}]},{"date":"2021-10-05","commitResults":[{"hash":"01d0f9d55439737667b784383d194df6664f9cfe","messageTitle":"Handle different logic for clashing makeup and recurring lessons","messageBody":"","fileTypesAndContributionMap":{"functional-code":{"insertions":55,"deletions":5}}}]},{"date":"2021-10-08","commitResults":[{"hash":"485ba37216911b094ee0a7c5306ea5b6852de4c4","messageTitle":"add util to convert lesson ito calendarfx entry","messageBody":"","fileTypesAndContributionMap":{"functional-code":{"insertions":104,"deletions":6}}},{"hash":"d837fe533a15c97a436059e7a29b176d2773cb04","messageTitle":"fix initializing from json not detecting clashing lessons","messageBody":"","fileTypesAndContributionMap":{"functional-code":{"insertions":95,"deletions":30},"test-code":{"insertions":48,"deletions":0}}},{"hash":"28c80f48db0a6da1c269aeae10a5efc4959161c0","messageTitle":"Add Schedule command","messageBody":"","fileTypesAndContributionMap":{"functional-code":{"insertions":162,"deletions":32},"test-code":{"insertions":1,"deletions":1}}}]},{"date":"2021-10-09","commitResults":[{"hash":"7855f367782b4bba8abc79f4d892108fa8d3540f","messageTitle":"Change week view to start from current day","messageBody":"","fileTypesAndContributionMap":{"functional-code":{"insertions":1,"deletions":0}}},{"hash":"607c262c1c868d260d05921f567a3507fc7d6896","messageTitle":"Remove duplicate code","messageBody":"","fileTypesAndContributionMap":{"functional-code":{"insertions":1,"deletions":5}}}]},{"date":"2021-10-10","commitResults":[{"hash":"dbdde88b523bb6098e2928efeb47d0bbe45c754c","messageTitle":"Add ScheduleCommandTest","messageBody":"","fileTypesAndContributionMap":{"functional-code":{"insertions":2,"deletions":1},"test-code":{"insertions":69,"deletions":7}}},{"hash":"9e535784a0ab1d0da7e7c47f90462d82781b8b54","messageTitle":"Show name of person for their lessons","messageBody":"","fileTypesAndContributionMap":{"functional-code":{"insertions":319,"deletions":116},"test-code":{"insertions":27,"deletions":29}}}]},{"date":"2021-10-11","commitResults":[{"hash":"46f1fb05d06feb17ed76e7fa78497c961d8e8041","messageTitle":"Fix merge problems","messageBody":"","fileTypesAndContributionMap":{"functional-code":{"insertions":1,"deletions":1},"test-code":{"insertions":2,"deletions":20}}},{"hash":"a961b5eded7420cf3e01ce0fc815cb9943d96971","messageTitle":"Fix checkstyle","messageBody":"","fileTypesAndContributionMap":{"functional-code":{"insertions":35,"deletions":6},"test-code":{"insertions":8,"deletions":2}}}]},{"date":"2021-10-13","commitResults":[{"hash":"340966d441431b0123e5bd3137f807cba13ba280","messageTitle":"Improve OOP of lesson entries","messageBody":"","fileTypesAndContributionMap":{"functional-code":{"insertions":254,"deletions":507},"test-code":{"insertions":19,"deletions":67}}},{"hash":"9f0a88d17f8c4253966a8ec625c87a3640dd09d1","messageTitle":"Fix checkstyle","messageBody":"","fileTypesAndContributionMap":{"functional-code":{"insertions":9,"deletions":3}}}]},{"date":"2021-10-14","commitResults":[{"hash":"059d2d8a8d6d937574709b1378cbc903bbd774ec","messageTitle":"Update src/main/java/seedu/address/model/AddressBook.java","messageBody":"Co-authored-by: Lingshan \u003c35279431+lingshanng@users.noreply.github.com\u003e","fileTypesAndContributionMap":{"functional-code":{"insertions":1,"deletions":1}}},{"hash":"c605cdf944c778ab17732d790780e82dc8115a25","messageTitle":"Update src/main/java/seedu/address/ui/CenterPanel.java","messageBody":"Co-authored-by: Lingshan \u003c35279431+lingshanng@users.noreply.github.com\u003e","fileTypesAndContributionMap":{"functional-code":{"insertions":1,"deletions":1}}},{"hash":"929029b1a704fdbf45e06e87f4824c5492712665","messageTitle":"merge and refactor unused code","messageBody":"","fileTypesAndContributionMap":{"functional-code":{"insertions":5,"deletions":41}}},{"hash":"43ecf756471af283eb1be359375a206fd844c164","messageTitle":"Add command summary","messageBody":"","fileTypesAndContributionMap":{"functional-code":{"insertions":5,"deletions":0}}},{"hash":"db0fd5c8830583ba7ef67193dbb21b7d93bb3ce0","messageTitle":"Refactor CalendarUtil","messageBody":"","fileTypesAndContributionMap":{"functional-code":{"insertions":28,"deletions":43}}},{"hash":"fba9ef0beb16b63fbb8ec466567b6b34e053028d","messageTitle":"Improve javadocs","messageBody":"","fileTypesAndContributionMap":{"functional-code":{"insertions":14,"deletions":2}}},{"hash":"47f38bfd286328695d6ef454ddb04be00493171a","messageTitle":"Update DeveloperGuide.md","messageBody":"","fileTypesAndContributionMap":{"docs":{"insertions":47,"deletions":54}}},{"hash":"214d994163a0510072435f7aee813efc1b14b266","messageTitle":"Update DeveloperGuide.md","messageBody":"","fileTypesAndContributionMap":{"docs":{"insertions":27,"deletions":19}}},{"hash":"d0c3e017ec5071f309db590d0585f04bdbbd11d3","messageTitle":"Update src/main/java/seedu/address/ui/UiManager.java","messageBody":"Co-authored-by: eeliana \u003c62977276+eeliana@users.noreply.github.com\u003e","fileTypesAndContributionMap":{"functional-code":{"insertions":0,"deletions":3}}}]}],"angkoonhwee":[{"date":"2021-09-19","commitResults":[{"hash":"0993a9c0f3b2fbbc5222e0f0ea615c6e3d7aa802","messageTitle":"Add Remark feature","messageBody":"","fileTypesAndContributionMap":{"functional-code":{"insertions":225,"deletions":31},"test-code":{"insertions":149,"deletions":17}}}]},{"date":"2021-09-25","commitResults":[{"hash":"da38bf732654789ba64763b26aece43960374c27","messageTitle":"Revert \"Add Remark feature\"","messageBody":"This reverts commit 0993a9c0f3b2fbbc5222e0f0ea615c6e3d7aa802.\n","fileTypesAndContributionMap":{"functional-code":{"insertions":31,"deletions":225},"test-code":{"insertions":17,"deletions":149}}},{"hash":"1d51977c4b80f26bd9be704abff5d185a3c323e3","messageTitle":"Update AboutUs.md","messageBody":"","fileTypesAndContributionMap":{"docs":{"insertions":17,"deletions":22}}},{"hash":"cb1254e2857476a33eee979ecc94f11b5587459c","messageTitle":"Add Use Case for Undo, Redo and Add Student","messageBody":"","fileTypesAndContributionMap":{"docs":{"insertions":78,"deletions":1}}}]},{"date":"2021-09-26","commitResults":[{"hash":"6e6ee0e9ff1ccc9b2690c8d389968cce3b6f87ac","messageTitle":"Update name","messageBody":"","fileTypesAndContributionMap":{"docs":{"insertions":1,"deletions":1}}},{"hash":"13336eeb95c1ea14592ae20221441bd19058b813","messageTitle":"Update Undo, Redo and View","messageBody":"","fileTypesAndContributionMap":{"docs":{"insertions":22,"deletions":0}}},{"hash":"a17a79c5807b03a34fd0a61a6587d15112ad1d1c","messageTitle":"Update responsibilities","messageBody":"","fileTypesAndContributionMap":{"docs":{"insertions":3,"deletions":1}}}]},{"date":"2021-09-27","commitResults":[{"hash":"20c902dda35b91bfe6f94dd5f27440bb3f608d04","messageTitle":"Remove Portfolio link","messageBody":"","fileTypesAndContributionMap":{"docs":{"insertions":2,"deletions":5}}}]},{"date":"2021-09-28","commitResults":[{"hash":"b626cf6ac4213a13d05b737e1af43cca4342fb0a","messageTitle":"KIV view feature","messageBody":"","fileTypesAndContributionMap":{"docs":{"insertions":1,"deletions":0}}},{"hash":"5a81e87e6db8ba8b15d26a8ae7ad5adc3617bdc0","messageTitle":"Change Note background colour","messageBody":"","fileTypesAndContributionMap":{"docs":{"insertions":3,"deletions":2}}},{"hash":"3504854e42ec1d3d6693a69d8898a08d82e810ce","messageTitle":"Remove Note background colour","messageBody":"","fileTypesAndContributionMap":{"docs":{"insertions":1,"deletions":2}}}]},{"date":"2021-09-29","commitResults":[{"hash":"e260c1cfb05780a5595648154879c468f132cf57","messageTitle":"Change view feature phrasing","messageBody":"","fileTypesAndContributionMap":{"docs":{"insertions":2,"deletions":1}}}]},{"date":"2021-10-08","commitResults":[{"hash":"4f6455f1c20932c667369a44d0b35ae8f615717d","messageTitle":"Lesson-UserStories","messageBody":"","fileTypesAndContributionMap":{"docs":{"insertions":16,"deletions":6}}},{"hash":"805540d341fd46cf89ccd62ed561279f957b5e12","messageTitle":"Update phrasing for L3, L4 and L8","messageBody":"","fileTypesAndContributionMap":{"docs":{"insertions":3,"deletions":3}}}]},{"date":"2021-10-10","commitResults":[{"hash":"d268935afacf44709eb38333805d0c26f8160efc","messageTitle":"Implement undo","messageBody":"","fileTypesAndContributionMap":{"functional-code":{"insertions":250,"deletions":39}}}]},{"date":"2021-10-13","commitResults":[{"hash":"a8df609d141c5473faa8b26066b39a8f87b97454","messageTitle":"Refactor Tests and Add Redo feature","messageBody":"","fileTypesAndContributionMap":{"functional-code":{"insertions":138,"deletions":10},"test-code":{"insertions":156,"deletions":48}}},{"hash":"4566b37895cdcb79935f5529eee156ad38f3b5c9","messageTitle":"Remove unused imports","messageBody":"","fileTypesAndContributionMap":{"functional-code":{"insertions":0,"deletions":13}}},{"hash":"61674920a0f5a3df72d6c827ee0798d5dd509939","messageTitle":"Modify according to Checkstyle","messageBody":"","fileTypesAndContributionMap":{"functional-code":{"insertions":16,"deletions":7},"test-code":{"insertions":11,"deletions":6}}},{"hash":"ecaf031e8385fe2e6d512b844380588e3c2c0ecb","messageTitle":"Update src/main/java/seedu/address/logic/UndoRedoStack.java","messageBody":"Co-authored-by: Wu Xiaoyun \u003c76084739+Xiaoyunnn@users.noreply.github.com\u003e","fileTypesAndContributionMap":{"functional-code":{"insertions":1,"deletions":1}}},{"hash":"924b020613b469abf47f3375be2ab15c44700bce","messageTitle":"Update src/main/java/seedu/address/logic/UndoRedoStack.java","messageBody":"Co-authored-by: Wu Xiaoyun \u003c76084739+Xiaoyunnn@users.noreply.github.com\u003e","fileTypesAndContributionMap":{"functional-code":{"insertions":1,"deletions":1}}},{"hash":"1542df10486456e345d86bfbdb4a64ba49dee9d7","messageTitle":"Update src/main/java/seedu/address/logic/UndoRedoStack.java","messageBody":"Co-authored-by: Wu Xiaoyun \u003c76084739+Xiaoyunnn@users.noreply.github.com\u003e","fileTypesAndContributionMap":{"functional-code":{"insertions":1,"deletions":1}}},{"hash":"2f6a2223b1976995e1db16f8f014ae8501ff1820","messageTitle":"Update src/main/java/seedu/address/logic/UndoRedoStack.java","messageBody":"Co-authored-by: Wu Xiaoyun \u003c76084739+Xiaoyunnn@users.noreply.github.com\u003e","fileTypesAndContributionMap":{"functional-code":{"insertions":1,"deletions":1}}},{"hash":"d19fea89650bd02c5acfc5fbb764f06c8d825baf","messageTitle":"Update src/main/java/seedu/address/logic/UndoRedoStack.java","messageBody":"Co-authored-by: Wu Xiaoyun \u003c76084739+Xiaoyunnn@users.noreply.github.com\u003e","fileTypesAndContributionMap":{"functional-code":{"insertions":2,"deletions":1}}},{"hash":"c97ec2f7d738fbc05b9354f5e0cc3332a4fbf57f","messageTitle":"Update src/main/java/seedu/address/logic/UndoRedoStack.java","messageBody":"Co-authored-by: Wu Xiaoyun \u003c76084739+Xiaoyunnn@users.noreply.github.com\u003e","fileTypesAndContributionMap":{"functional-code":{"insertions":1,"deletions":1}}},{"hash":"4d67f863898d7f411918bd51508f97794217e604","messageTitle":"Update src/main/java/seedu/address/logic/commands/Command.java","messageBody":"Co-authored-by: Wu Xiaoyun \u003c76084739+Xiaoyunnn@users.noreply.github.com\u003e","fileTypesAndContributionMap":{"functional-code":{"insertions":4,"deletions":4}}},{"hash":"df3616855eb5438f499e859a052a8615ed041af0","messageTitle":"Update src/test/java/seedu/address/logic/commands/AddCommandTest.java","messageBody":"Co-authored-by: Wu Xiaoyun \u003c76084739+Xiaoyunnn@users.noreply.github.com\u003e","fileTypesAndContributionMap":{"test-code":{"insertions":1,"deletions":1}}},{"hash":"5397ad8ad274bf1bbd5d830f5e7df3f33599165a","messageTitle":"Update src/test/java/seedu/address/logic/commands/EditCommandTest.java","messageBody":"Co-authored-by: Wu Xiaoyun \u003c76084739+Xiaoyunnn@users.noreply.github.com\u003e","fileTypesAndContributionMap":{"test-code":{"insertions":1,"deletions":1}}},{"hash":"ab3789a6740503c07c3cc6f3a6749dc46a4e9ded","messageTitle":"Modify JavaDocs and Refactor code","messageBody":"","fileTypesAndContributionMap":{"functional-code":{"insertions":9,"deletions":10},"test-code":{"insertions":22,"deletions":17}}},{"hash":"4963389d30b13f8185d7cd769bc6f6eba0c7e7a4","messageTitle":"Update src/main/java/seedu/address/logic/LogicManager.java","messageBody":"Co-authored-by: Chester Wong \u003c70138507+Chesterwongz@users.noreply.github.com\u003e","fileTypesAndContributionMap":{"functional-code":{"insertions":1,"deletions":1}}},{"hash":"a9e062c4c75fda32860036d96f24c3369a5243ae","messageTitle":"Update src/main/java/seedu/address/logic/commands/DeleteCommand.java","messageBody":"Co-authored-by: Chester Wong \u003c70138507+Chesterwongz@users.noreply.github.com\u003e","fileTypesAndContributionMap":{"functional-code":{"insertions":1,"deletions":1}}}]},{"date":"2021-10-14","commitResults":[{"hash":"5fc90725a59a933b801e57dddd16689d12320bf5","messageTitle":"Update src/main/java/seedu/address/logic/UndoRedoStack.java","messageBody":"Co-authored-by: Wu Xiaoyun \u003c76084739+Xiaoyunnn@users.noreply.github.com\u003e","fileTypesAndContributionMap":{"functional-code":{"insertions":1,"deletions":0}}},{"hash":"c83ac1379b6c082515b01d40fa5cffcc184e6ee0","messageTitle":"Update src/main/java/seedu/address/logic/UndoRedoStack.java","messageBody":"Co-authored-by: Wu Xiaoyun \u003c76084739+Xiaoyunnn@users.noreply.github.com\u003e","fileTypesAndContributionMap":{"functional-code":{"insertions":1,"deletions":0}}},{"hash":"6105c98a33e8f87e3a61d727582d1718a39a2c22","messageTitle":"Update src/main/java/seedu/address/logic/UndoRedoStack.java","messageBody":"Co-authored-by: Wu Xiaoyun \u003c76084739+Xiaoyunnn@users.noreply.github.com\u003e","fileTypesAndContributionMap":{"functional-code":{"insertions":1,"deletions":1}}},{"hash":"f88f27b49914ff21996e4471719e4078a2ce14be","messageTitle":"Update src/main/java/seedu/address/logic/UndoRedoStack.java","messageBody":"Co-authored-by: Wu Xiaoyun \u003c76084739+Xiaoyunnn@users.noreply.github.com\u003e","fileTypesAndContributionMap":{"functional-code":{"insertions":2,"deletions":0}}},{"hash":"5922d45b4c139a11085b7ae5d0f5a11d03f44725","messageTitle":"Add references and Checkstyle","messageBody":"","fileTypesAndContributionMap":{"functional-code":{"insertions":13,"deletions":2}}}]}],"lingshanng":[{"date":"2021-09-24","commitResults":[{"hash":"5a201b10ff43d330608b60185d078ba97c34ea1b","messageTitle":"add use case for F1 - Find student by name","messageBody":"","fileTypesAndContributionMap":{"docs":{"insertions":19,"deletions":0}}},{"hash":"0c22e440bc3ad558729d3ef98a21e2cabed105df","messageTitle":"add use case F2 filter students by tags","messageBody":"","fileTypesAndContributionMap":{"docs":{"insertions":20,"deletions":0}}},{"hash":"7f5e9f293f8973c25848d33946ff44e9b07bd4e4","messageTitle":"update content to match project","messageBody":"","fileTypesAndContributionMap":{"docs":{"insertions":13,"deletions":10}}},{"hash":"f21e1eec34b05f0c775cba98d91460fb03cb6887","messageTitle":"Update the link of the GitHub Actions build status badge","messageBody":"","fileTypesAndContributionMap":{"docs":{"insertions":1,"deletions":1}}}]},{"date":"2021-09-26","commitResults":[{"hash":"abe400836cb4d7c409d6a7301042fe22059f6366","messageTitle":"change find to include student fields","messageBody":"","fileTypesAndContributionMap":{"docs":{"insertions":5,"deletions":5}}},{"hash":"25288cabb4a79234cb8e0f39db58afe6b4eacee3","messageTitle":"formatting","messageBody":"","fileTypesAndContributionMap":{"docs":{"insertions":1,"deletions":1}}},{"hash":"a1ab854863532ccfad750cfc6fcc36e409c5f765","messageTitle":"add use case for Filter students by tags","messageBody":"","fileTypesAndContributionMap":{"docs":{"insertions":18,"deletions":1}}},{"hash":"1d633c99d8cb65cdf67e1045de4b55fc8c691f39","messageTitle":"add NFR","messageBody":"","fileTypesAndContributionMap":{"docs":{"insertions":1,"deletions":0}}}]},{"date":"2021-09-27","commitResults":[{"hash":"a1a818e3caa96a3692cc71525c92bbb3bb75b646","messageTitle":"update UG - find by student fields","messageBody":"","fileTypesAndContributionMap":{"docs":{"insertions":21,"deletions":18}}},{"hash":"c16b0be0a75e5be56529f109aa83a979b49ff80e","messageTitle":"update UG - filter persons by tags","messageBody":"","fileTypesAndContributionMap":{"docs":{"insertions":18,"deletions":0}}},{"hash":"7dc03551d4bd22c556891d1a6ddb9687749be85a","messageTitle":"tweak readme description","messageBody":"","fileTypesAndContributionMap":{"docs":{"insertions":3,"deletions":1}}},{"hash":"c36729c9d22447eab1a523dc75ed588e258f560a","messageTitle":"add break","messageBody":"","fileTypesAndContributionMap":{"docs":{"insertions":1,"deletions":1}}},{"hash":"b01ab82bb197a9138a0e6e0e9b177804116fa2b4","messageTitle":"unbold TAB","messageBody":"","fileTypesAndContributionMap":{"docs":{"insertions":1,"deletions":1}}},{"hash":"f9665fed64d8b35144409a9cfdd029513a46e50e","messageTitle":"reorder","messageBody":"","fileTypesAndContributionMap":{"docs":{"insertions":40,"deletions":40}}},{"hash":"c216bbc7e11e8ccd4666f68688e4cafc9ed41231","messageTitle":"fix formatting issues","messageBody":"","fileTypesAndContributionMap":{"docs":{"insertions":16,"deletions":16}}},{"hash":"a793cc0f9542e5ca66517170c1f130a5fba2f32d","messageTitle":"remove extra newline","messageBody":"","fileTypesAndContributionMap":{"docs":{"insertions":0,"deletions":1}}},{"hash":"37276ce2f0c499613b13fabe170c8a69f5c3be18","messageTitle":"add ellipsis to filter command format","messageBody":"","fileTypesAndContributionMap":{"docs":{"insertions":1,"deletions":1}}}]},{"date":"2021-09-28","commitResults":[{"hash":"2876e5248609f555d035a6690bb820317050aa10","messageTitle":"reword find and filter to emphasise multiple results","messageBody":"","fileTypesAndContributionMap":{"docs":{"insertions":4,"deletions":4}}},{"hash":"3ce994249d686c947f1ac662b3bab28bc57b0e59","messageTitle":"add find and filter to command summary","messageBody":"","fileTypesAndContributionMap":{"docs":{"insertions":2,"deletions":1}}},{"hash":"7da7b73b0fa7516f35e8c6bdf28003966f06452d","messageTitle":"update filter examples with t/ prefix","messageBody":"","fileTypesAndContributionMap":{"docs":{"insertions":5,"deletions":5}}},{"hash":"f34248ef0ee8ab37163d702b9c9af0ce5da40e2e","messageTitle":"Change headers","messageBody":"","fileTypesAndContributionMap":{"docs":{"insertions":2,"deletions":2}}}]},{"date":"2021-09-29","commitResults":[{"hash":"d74de47ae0cf7a77173192e4a8062a318550af5c","messageTitle":"update find and filter text","messageBody":"","fileTypesAndContributionMap":{"docs":{"insertions":6,"deletions":6}}},{"hash":"e7645db883a29d87b9078435a5a7615eaefed297","messageTitle":"improve formatting and phrasing for find and filter","messageBody":"","fileTypesAndContributionMap":{"docs":{"insertions":54,"deletions":24}}},{"hash":"728bc2c7e4fe49249caa7151d69aee763d55bb6d","messageTitle":"update command summary","messageBody":"","fileTypesAndContributionMap":{"docs":{"insertions":1,"deletions":1}}},{"hash":"e4cecad988c644118a19e6e2b476832fc7614d2a","messageTitle":"tweak formatting","messageBody":"","fileTypesAndContributionMap":{"docs":{"insertions":6,"deletions":6}}},{"hash":"364b3b2262b560447203f6c79ac486c9e4492089","messageTitle":"tweak filter format","messageBody":"","fileTypesAndContributionMap":{"docs":{"insertions":2,"deletions":2}}}]},{"date":"2021-09-30","commitResults":[{"hash":"3243d08dd61f74d49d2365cfe72a06a8b6c30a05","messageTitle":"add sections","messageBody":"","fileTypesAndContributionMap":{"docs":{"insertions":36,"deletions":3}}},{"hash":"f9e5c356eca79b1c2259413f3b28dc291878ecca","messageTitle":"reorganise features","messageBody":"","fileTypesAndContributionMap":{"docs":{"insertions":70,"deletions":69}}},{"hash":"3472c98cfd6d8a18517129863d9b70808d2cb846","messageTitle":"update command summary table","messageBody":"","fileTypesAndContributionMap":{"docs":{"insertions":14,"deletions":9}}},{"hash":"cf79c5941db241946f5d65fd61a302cafd6b26b4","messageTitle":"tweak formatting","messageBody":"","fileTypesAndContributionMap":{"docs":{"insertions":8,"deletions":8}}},{"hash":"109bce857b9500787c87d3c9de5451e6cdd4c0bb","messageTitle":"remove todos","messageBody":"","fileTypesAndContributionMap":{"docs":{"insertions":0,"deletions":12}}},{"hash":"f17113a5659acbd5c112b0591c76c320aea627a9","messageTitle":"move view with list","messageBody":"","fileTypesAndContributionMap":{"docs":{"insertions":10,"deletions":10}}},{"hash":"1865fdb3d87c08992ff1677a334a2f079a62b6f7","messageTitle":"update headers","messageBody":"","fileTypesAndContributionMap":{"docs":{"insertions":45,"deletions":42}}},{"hash":"0922ea57a9dc45c01baae85beec7129901bfb1a2","messageTitle":"add newline","messageBody":"","fileTypesAndContributionMap":{"docs":{"insertions":1,"deletions":0}}},{"hash":"fee1fb772d40a9a163498c1a8c1409b101f89f33","messageTitle":"tweak formatting and language","messageBody":"","fileTypesAndContributionMap":{"docs":{"insertions":17,"deletions":17}}},{"hash":"d3bf8553fa34497d1f46859a7188bcbe3bd1c9a4","messageTitle":"use address book instead of tuition address book","messageBody":"","fileTypesAndContributionMap":{"docs":{"insertions":2,"deletions":2}}},{"hash":"8884a5b7a22b91ab7cf92063877db399b7a37f66","messageTitle":"tweak formatting and use \"data\" instead of \"Storage\"","messageBody":"","fileTypesAndContributionMap":{"docs":{"insertions":3,"deletions":3}}},{"hash":"de284e63e470b660e35c522552ca4555549c873f","messageTitle":"replace OS with operating system","messageBody":"","fileTypesAndContributionMap":{"docs":{"insertions":9,"deletions":11}}},{"hash":"654d4e0de32c1bcb942af31044375763ced6d25b","messageTitle":"remove colon","messageBody":"","fileTypesAndContributionMap":{"docs":{"insertions":1,"deletions":1}}},{"hash":"8a8448d1dec8d5606b9c3df8a1045e4b194e98a8","messageTitle":"replace address book with TAB, replace contact with student","messageBody":"","fileTypesAndContributionMap":{"docs":{"insertions":15,"deletions":15}}}]},{"date":"2021-10-08","commitResults":[{"hash":"8f9611b49e19d3962a1222d899ac70d6301a4c77","messageTitle":"wip","messageBody":"","fileTypesAndContributionMap":{"functional-code":{"insertions":119,"deletions":9}}},{"hash":"5a69e58b13be2717cace2facc695788f0a742ab8","messageTitle":"add parameters and condition to find command","messageBody":"","fileTypesAndContributionMap":{"functional-code":{"insertions":253,"deletions":65}}}]},{"date":"2021-10-09","commitResults":[{"hash":"2028583e96b6553b976e51157e137805aa9e215c","messageTitle":"Add more fields and relax keyword match to substring","messageBody":"","fileTypesAndContributionMap":{"functional-code":{"insertions":222,"deletions":15}}},{"hash":"1274cccdb772c814f8eeaec4de046aaea28f4460","messageTitle":"update find and remove filter","messageBody":"","fileTypesAndContributionMap":{"docs":{"insertions":25,"deletions":17}}},{"hash":"eb2b5991d153e08a895e8d2a025bd00bf47a4840","messageTitle":"update find command description","messageBody":"","fileTypesAndContributionMap":{"functional-code":{"insertions":19,"deletions":7}}}]},{"date":"2021-10-10","commitResults":[{"hash":"e27f619d542784eb90ab33f63a37219a8269c08d","messageTitle":"use deleteText instead of setText to allow default text undo to work","messageBody":"","fileTypesAndContributionMap":{"functional-code":{"insertions":1,"deletions":1}}},{"hash":"d1777a68b8f4d3ba609c71828051e3adb90db037","messageTitle":"formatting","messageBody":"","fileTypesAndContributionMap":{"functional-code":{"insertions":1,"deletions":1}}},{"hash":"8e2c78f7e1fbe1ca4c2e97ade707f4a7a728305d","messageTitle":"update find restrictions","messageBody":"","fileTypesAndContributionMap":{"functional-code":{"insertions":20,"deletions":19}}},{"hash":"df2f5826904d5d0ff23d651a190389de6bf01ef0","messageTitle":"add tests","messageBody":"","fileTypesAndContributionMap":{"test-code":{"insertions":155,"deletions":0}}}]},{"date":"2021-10-11","commitResults":[{"hash":"ad760df33afc60d9dfe9dea97547a14ba78c87f6","messageTitle":"add and tweak tests for find","messageBody":"","fileTypesAndContributionMap":{"functional-code":{"insertions":101,"deletions":33},"test-code":{"insertions":656,"deletions":89}}},{"hash":"4c58c75c219571c8aa4fe13f7818cafa679d9fd4","messageTitle":"revert change","messageBody":"","fileTypesAndContributionMap":{"functional-code":{"insertions":1,"deletions":1}}},{"hash":"81b592dcaff124e9f0edc960e90ebdc5cf9f00d1","messageTitle":"throw error if tags keyword has whitespace","messageBody":"","fileTypesAndContributionMap":{"functional-code":{"insertions":11,"deletions":4},"test-code":{"insertions":21,"deletions":33}}},{"hash":"cd279288e9e83de1ad3762f74bdf0568081d5668","messageTitle":"remove filter, update find search constraints","messageBody":"","fileTypesAndContributionMap":{"docs":{"insertions":14,"deletions":43}}},{"hash":"b192b0e47308a3c99b5c8f602e1ffb86a68f65e5","messageTitle":"add tag constraint","messageBody":"","fileTypesAndContributionMap":{"docs":{"insertions":4,"deletions":1}}},{"hash":"44d02754e61bccddf5b68ee950f6e7ef3102ab8b","messageTitle":"update command format with alternative choice parameters","messageBody":"","fileTypesAndContributionMap":{"docs":{"insertions":4,"deletions":1}}},{"hash":"5d2735f44d6588dd8292ce2133c18abd9075ba3f","messageTitle":"update command summary table","messageBody":"","fileTypesAndContributionMap":{"docs":{"insertions":1,"deletions":2}}},{"hash":"dbffa347655c737780d2216626c3404ea377b41e","messageTitle":"fix suggested changes","messageBody":"","fileTypesAndContributionMap":{"docs":{"insertions":3,"deletions":3}}}]},{"date":"2021-10-12","commitResults":[{"hash":"10d7718d3bdbbf15867ca5f592638e7c8032d47f","messageTitle":"fix style and suggestions","messageBody":"","fileTypesAndContributionMap":{"functional-code":{"insertions":54,"deletions":49},"test-code":{"insertions":127,"deletions":156}}},{"hash":"360d6a550167cac7352984783a98ed2b3b71e657","messageTitle":"rephrase","messageBody":"","fileTypesAndContributionMap":{"docs":{"insertions":9,"deletions":7}}},{"hash":"e7d89ef63f732abae483b75984d4c06d28128c3d","messageTitle":"Add find by school, acad stream and acad level","messageBody":"","fileTypesAndContributionMap":{"functional-code":{"insertions":121,"deletions":11},"test-code":{"insertions":147,"deletions":24}}},{"hash":"262253656e7588342fbe698061db2dde8ace9ef4","messageTitle":"replace MESSAGE_FIELD_REQUIRED with just INVALID_COMMAND and change results message to display find keywords","messageBody":"","fileTypesAndContributionMap":{"functional-code":{"insertions":124,"deletions":85},"test-code":{"insertions":9,"deletions":10}}}]},{"date":"2021-10-13","commitResults":[{"hash":"66f157ab6f04bb6b041e768990887c9b9aed2a70","messageTitle":"tweak java code and formatting","messageBody":"","fileTypesAndContributionMap":{"functional-code":{"insertions":8,"deletions":8},"test-code":{"insertions":47,"deletions":33}}},{"hash":"86222f1be7b74b21e9b346285eb162257e0a0868","messageTitle":"change messages to fit TAB","messageBody":"","fileTypesAndContributionMap":{"functional-code":{"insertions":16,"deletions":15},"test-code":{"insertions":8,"deletions":2}}},{"hash":"3d6c6b079d714627c6cb1e85f4a465838e71f75f","messageTitle":"change address book to TAB","messageBody":"","fileTypesAndContributionMap":{"functional-code":{"insertions":1,"deletions":1}}},{"hash":"275e65357da394e71fcac2fb2ef149ae16ec5f9d","messageTitle":"update tests","messageBody":"","fileTypesAndContributionMap":{"test-code":{"insertions":9,"deletions":3}}},{"hash":"1bc208fa7a04c86d4265121c75c35d40fa2b38b8","messageTitle":"remove unused message","messageBody":"","fileTypesAndContributionMap":{"functional-code":{"insertions":0,"deletions":1}}}]},{"date":"2021-10-14","commitResults":[{"hash":"5ee20131accca4c8d35f019ebcf5b2b13c486fcb","messageTitle":"remove semicolons","messageBody":"","fileTypesAndContributionMap":{"functional-code":{"insertions":11,"deletions":11}}},{"hash":"f73272a65cdd0f8a439997790f07f35084dbe3d1","messageTitle":"refactor constant name from person to student","messageBody":"","fileTypesAndContributionMap":{"functional-code":{"insertions":17,"deletions":18},"test-code":{"insertions":16,"deletions":16}}},{"hash":"fdb5aa84a1166a59fcaaacc7f81468f997fc3885","messageTitle":"change list message","messageBody":"","fileTypesAndContributionMap":{"functional-code":{"insertions":1,"deletions":1}}}]}],"Xiaoyunnn":[{"date":"2021-09-23","commitResults":[{"hash":"83130c06555287d7e63835836abc0a25cf289942","messageTitle":"Add quick start instruction w/o lesson","messageBody":"","fileTypesAndContributionMap":{"functional-code":{"insertions":10,"deletions":0}}},{"hash":"0ca5e1f74c1223486e18cdb592711be84c217a1e","messageTitle":"Add school and stream data fields","messageBody":"","fileTypesAndContributionMap":{"functional-code":{"insertions":350,"deletions":29},"test-code":{"insertions":18,"deletions":0}}},{"hash":"0f9fe208aa987425264a2da47f88464c599346b3","messageTitle":"Collapse data field in UI when empty","messageBody":"","fileTypesAndContributionMap":{"functional-code":{"insertions":23,"deletions":3}}},{"hash":"e9de9812dcdb1246b096adc04fc2a27430fc3129","messageTitle":"Add partial tests for tracking school info","messageBody":"","fileTypesAndContributionMap":{"functional-code":{"insertions":8,"deletions":8},"test-code":{"insertions":189,"deletions":20}}},{"hash":"7352d6a451667530241a69af0d4ca8ef153b6d46","messageTitle":"Refactor tests","messageBody":"","fileTypesAndContributionMap":{"functional-code":{"insertions":1,"deletions":3},"test-code":{"insertions":39,"deletions":6}}}]},{"date":"2021-09-24","commitResults":[{"hash":"9e8a17b78c866fb1f30211f824ccd13016e1903b","messageTitle":"Add school and acad stream optional fields","messageBody":"","fileTypesAndContributionMap":{"functional-code":{"insertions":10,"deletions":17},"test-code":{"insertions":22,"deletions":8}}},{"hash":"edca2ac1eba29d9ae6e78c5b5494f16399713150","messageTitle":"Refactor in accordance with checkstyle","messageBody":"","fileTypesAndContributionMap":{"functional-code":{"insertions":8,"deletions":13},"test-code":{"insertions":2,"deletions":2}}}]},{"date":"2021-09-25","commitResults":[{"hash":"416521b7c88f4d9a6d7de9aceb30151ab47962e7","messageTitle":"Add academic level otional field to add and edit commands","messageBody":"","fileTypesAndContributionMap":{"functional-code":{"insertions":170,"deletions":21},"test-code":{"insertions":212,"deletions":65}}},{"hash":"ed798ae58c2366e7ff36c048d07396ebd6373090","messageTitle":"Refactor code in accordance with checkstyle","messageBody":"","fileTypesAndContributionMap":{"test-code":{"insertions":2,"deletions":2}}},{"hash":"bea91cfc5a11d15e3d31ea8e1b266bec686d988a","messageTitle":"Update UG regarding new fields for add and edit commands","messageBody":"","fileTypesAndContributionMap":{"docs":{"insertions":10,"deletions":8}}},{"hash":"e904ffb6ba8dd6c6d584963d7844a804f1e5c65b","messageTitle":"Revert changes for ug","messageBody":"","fileTypesAndContributionMap":{"docs":{"insertions":8,"deletions":10}}},{"hash":"258717a818ef21b22c2a1597b798a4efa9ad8966","messageTitle":"Update UG with optional fields regarding acad details for add and edit","messageBody":"","fileTypesAndContributionMap":{"docs":{"insertions":15,"deletions":13}}},{"hash":"0c7e74e23d681e6cffe09d121888c80eff69cc54","messageTitle":"Update DG with use case for edit, help and NFRs","messageBody":"","fileTypesAndContributionMap":{"docs":{"insertions":57,"deletions":1}}},{"hash":"2ebd8e2c22d02965e86bebe9fdb52d9ad6d0dc0f","messageTitle":"Edit indentation","messageBody":"","fileTypesAndContributionMap":{"docs":{"insertions":17,"deletions":15}}}]},{"date":"2021-09-26","commitResults":[{"hash":"37ca109786d3e9c167d471ca6691ed1767afa083","messageTitle":"Update UG with view tag feature","messageBody":"","fileTypesAndContributionMap":{"docs":{"insertions":5,"deletions":0}}},{"hash":"fc777187691794d9fb18b0067b2ade311052b100","messageTitle":"Update docs/UserGuide.md","messageBody":"Co-authored-by: Shan \u003c35279431+lingshanng@users.noreply.github.com\u003e","fileTypesAndContributionMap":{"docs":{"insertions":1,"deletions":1}}}]},{"date":"2021-09-28","commitResults":[{"hash":"a5876ffa8430bf12f3d6e32fdf80d600a7f85e49","messageTitle":"Update index.md","messageBody":"","fileTypesAndContributionMap":{"docs":{"insertions":9,"deletions":3}}},{"hash":"6d8633baab2c5a31e17583f9e2f7bc4202185b63","messageTitle":"Refactor Addressbook to TAB","messageBody":"","fileTypesAndContributionMap":{"docs":{"insertions":2,"deletions":2}}}]},{"date":"2021-09-29","commitResults":[{"hash":"a5d9b953f0f213471cc18524519f5ddf38a50326","messageTitle":"Edit intro","messageBody":"Co-authored-by: eeliana \u003c62977276+eeliana@users.noreply.github.com\u003e","fileTypesAndContributionMap":{"docs":{"insertions":1,"deletions":1}}},{"hash":"669052415aa7a654d9c2d7205917ca9893ffd367","messageTitle":"Edit quick tips with team suggestions","messageBody":"","fileTypesAndContributionMap":{"functional-code":{"insertions":32,"deletions":4}}},{"hash":"7f9719eba25ca7df32a42d744d2decc9c9aa5da0","messageTitle":"Add comment for regex","messageBody":"","fileTypesAndContributionMap":{"functional-code":{"insertions":2,"deletions":0}}},{"hash":"9c4e9e44dcc40cf136b86004842a4f4aa4732314","messageTitle":"Add comment for regex","messageBody":"","fileTypesAndContributionMap":{"functional-code":{"insertions":1,"deletions":0}}},{"hash":"a3e187732e707b33946a993fa563f0e3d44b3858","messageTitle":"Edit formatting of intro","messageBody":"","fileTypesAndContributionMap":{"docs":{"insertions":1,"deletions":1}}}]},{"date":"2021-09-30","commitResults":[{"hash":"000bea053907f27300577b3231dd6baa5e2b1a70","messageTitle":"Include intro in UG","messageBody":"","fileTypesAndContributionMap":{"docs":{"insertions":7,"deletions":1}}},{"hash":"a0eee4554f0a2ba527bbe8a2495b36a17c4ccb07","messageTitle":"Include ladd command usage in quick tips","messageBody":"","fileTypesAndContributionMap":{"functional-code":{"insertions":19,"deletions":0}}},{"hash":"81f165f5b323afef29b5c7616c97a45d1e7cca2b","messageTitle":"Edit typical addressbook data","messageBody":"","fileTypesAndContributionMap":{"functional-code":{"insertions":15,"deletions":4},"test-code":{"insertions":10,"deletions":23}}},{"hash":"ec76cb3a9c80fb510fcee00a54f00b840eef68d1","messageTitle":"Resolve merge conflict in FXML file","messageBody":"","fileTypesAndContributionMap":{"functional-code":{"insertions":6,"deletions":17}}}]},{"date":"2021-10-02","commitResults":[{"hash":"60cb25de47f6ee5aae253b5ae4a3f63a65cb5e4f","messageTitle":"Change quick start instructions","messageBody":"","fileTypesAndContributionMap":{"functional-code":{"insertions":1,"deletions":1}}},{"hash":"9df79031d684c990903f05833c6f986cef999075","messageTitle":"Extend command result height","messageBody":"","fileTypesAndContributionMap":{"functional-code":{"insertions":1,"deletions":1}}}]},{"date":"2021-10-06","commitResults":[{"hash":"ecdbb7361c359cc7f766c39d4167cf87ed51c492","messageTitle":"Remove todo comment","messageBody":"","fileTypesAndContributionMap":{"functional-code":{"insertions":0,"deletions":1}}}]},{"date":"2021-10-07","commitResults":[{"hash":"8d0944f73ec04008ce561a1c4ea360ac94009f4c","messageTitle":"Change emoticon and refactor command params and example","messageBody":"","fileTypesAndContributionMap":{"functional-code":{"insertions":65,"deletions":67}}},{"hash":"81c20bea0f90eb68c1095e1f1f3ab07343b35d3a","messageTitle":"Relax acad stream and school constrains","messageBody":"","fileTypesAndContributionMap":{"functional-code":{"insertions":46,"deletions":49},"test-code":{"insertions":4,"deletions":4}}},{"hash":"de7d8969c8a5c23a86f00aad7413d0a97472d381","messageTitle":"Edit acad stream constrains","messageBody":"","fileTypesAndContributionMap":{"functional-code":{"insertions":2,"deletions":2}}},{"hash":"6b7aae3c3c8cc74c6935d028f615baabb6cc068f","messageTitle":"Edit acad stream constrains","messageBody":"","fileTypesAndContributionMap":{"functional-code":{"insertions":2,"deletions":2}}},{"hash":"58d1d031a45582bc7e8e0d5498073d12565ca678","messageTitle":"Edit test cases for invalid inputs","messageBody":"","fileTypesAndContributionMap":{"test-code":{"insertions":4,"deletions":3}}},{"hash":"9b7e0e7361700d0e1431f5bbdf74fe84ab3422b4","messageTitle":"Change acad stream validation method","messageBody":"","fileTypesAndContributionMap":{"functional-code":{"insertions":3,"deletions":5}}},{"hash":"72b3d22b2e5b186eeb0f63f425e32f80a6f704ae","messageTitle":"Add command summary table to help window","messageBody":"","fileTypesAndContributionMap":{"functional-code":{"insertions":281,"deletions":23}}},{"hash":"6bb3c55a75c2ec8c633dc251279e57a13a75dd0c","messageTitle":"Add javadoc and verify checkstyle","messageBody":"","fileTypesAndContributionMap":{"functional-code":{"insertions":53,"deletions":25}}},{"hash":"3df080502752f76b7d9dfa4d8b7502d796455799","messageTitle":"Add action, format and example getters in respective command subclasses","messageBody":"","fileTypesAndContributionMap":{"functional-code":{"insertions":336,"deletions":105}}},{"hash":"5129e400e8a7d6c18dc0c095b7b61fa6a1508594","messageTitle":"Refactor code in accordance with checkstyle","messageBody":"","fileTypesAndContributionMap":{"functional-code":{"insertions":16,"deletions":20}}},{"hash":"3c63dc45d59e915f0e5209215acc8395fd958829","messageTitle":"Edit checkstyle","messageBody":"","fileTypesAndContributionMap":{"functional-code":{"insertions":0,"deletions":1}}},{"hash":"a4d205a0ac2621fbcb7019e64c7c1d5859694219","messageTitle":"Edit checkstyle","messageBody":"","fileTypesAndContributionMap":{"functional-code":{"insertions":1,"deletions":1}}},{"hash":"24808e3f1811c0dc885ffc2dbf4ac8934a47efe1","messageTitle":"Remove duplicate help command in summary table","messageBody":"","fileTypesAndContributionMap":{"docs":{"insertions":0,"deletions":1}}},{"hash":"1a6298d5071b7dddc77c2bb7356f1a8a9f32dabf","messageTitle":"Edit user stories and use case","messageBody":"","fileTypesAndContributionMap":{"docs":{"insertions":32,"deletions":30}}},{"hash":"0b8b9b8be37f9c1413ad64b37d1b03aefcaefcf0","messageTitle":"Edit acad detail validation","messageBody":"","fileTypesAndContributionMap":{"functional-code":{"insertions":4,"deletions":4},"test-code":{"insertions":2,"deletions":2}}}]},{"date":"2021-10-08","commitResults":[{"hash":"51044249919c729023e1c6e55b5b095c9056bf77","messageTitle":"Edit user stories for separate fields","messageBody":"","fileTypesAndContributionMap":{"docs":{"insertions":16,"deletions":8}}},{"hash":"664fedb21d05796e9144d70edf4b57d376c7f1ff","messageTitle":"Add new line before command format","messageBody":"","fileTypesAndContributionMap":{"functional-code":{"insertions":2,"deletions":2}}},{"hash":"33099fabf5e12f49ed5bebd585ce91cd717d6433","messageTitle":"Edit use case for help","messageBody":"","fileTypesAndContributionMap":{"docs":{"insertions":1,"deletions":1}}},{"hash":"1336c1d9f3697bf2d91754e10c1412988ef38f70","messageTitle":"Add new line for message usage","messageBody":"","fileTypesAndContributionMap":{"functional-code":{"insertions":1,"deletions":1}}},{"hash":"bf191304f4ccabe96ed7fe143d693cac90d17cf7","messageTitle":"Change user guide url and add lesson delete command into help table","messageBody":"","fileTypesAndContributionMap":{"functional-code":{"insertions":84,"deletions":68}}},{"hash":"069e6f4768d3f86e5f6a873a324037fb49ad7b8f","messageTitle":"Change sch and acad stream to no constraints","messageBody":"","fileTypesAndContributionMap":{"functional-code":{"insertions":2,"deletions":48},"test-code":{"insertions":0,"deletions":34}}},{"hash":"cb3e31795e413bdc0d357c1b6ffa9ade81d9c07d","messageTitle":"Edit checkstyle","messageBody":"","fileTypesAndContributionMap":{"functional-code":{"insertions":0,"deletions":2},"test-code":{"insertions":0,"deletions":4}}}]},{"date":"2021-10-09","commitResults":[{"hash":"af786139d4a8b73cd50551e69c7fa3c8f135cf24","messageTitle":"Create util folder for command summary class","messageBody":"","fileTypesAndContributionMap":{"functional-code":{"insertions":126,"deletions":319}}}]},{"date":"2021-10-10","commitResults":[{"hash":"c75fb38aa387a4fb78fb94ce328aa11de5dd7961","messageTitle":"Remove editable table cell to circumvent ui limitations","messageBody":"","fileTypesAndContributionMap":{"functional-code":{"insertions":200,"deletions":91}}},{"hash":"c2a5124cc4015c53cf6db6bbf4e342be342ab9de","messageTitle":"Set table to be uneditable","messageBody":"","fileTypesAndContributionMap":{"functional-code":{"insertions":0,"deletions":1}}},{"hash":"025f967847d72a0378e751e541d33cc75bf8b2ea","messageTitle":"Remove unused imports","messageBody":"","fileTypesAndContributionMap":{"functional-code":{"insertions":10,"deletions":3}}},{"hash":"eba0dbd386832b5d0dbec1bd03006d9c26f5a873","messageTitle":"Add tests","messageBody":"","fileTypesAndContributionMap":{"functional-code":{"insertions":0,"deletions":1},"test-code":{"insertions":25,"deletions":0}}},{"hash":"b48452463248728303f8ababb9b85e359208cafa","messageTitle":"Add help message for copying cell values","messageBody":"","fileTypesAndContributionMap":{"functional-code":{"insertions":8,"deletions":7}}},{"hash":"4dad861196c7741f29824dd2fdc884896536dfed","messageTitle":"Make help window resizable","messageBody":"","fileTypesAndContributionMap":{"functional-code":{"insertions":9,"deletions":6}}},{"hash":"dcacbe9b0f48c505a64475200bb22f03b8e8cc08","messageTitle":"Edit UI optional field bug","messageBody":"","fileTypesAndContributionMap":{"functional-code":{"insertions":13,"deletions":5}}}]},{"date":"2021-10-11","commitResults":[{"hash":"0b468eb6a4a93d1aa685e0ea471c9c115ebfa4f3","messageTitle":"Resolve merge conflicts complete","messageBody":"","fileTypesAndContributionMap":{"functional-code":{"insertions":37,"deletions":93},"test-code":{"insertions":89,"deletions":373}}},{"hash":"e267e0847282c33bfa1201d88089bae23c19902e","messageTitle":"Edit person toString format","messageBody":"","fileTypesAndContributionMap":{"functional-code":{"insertions":12,"deletions":12}}},{"hash":"3f86daef15df90c2e369397af114da402d3f89d0","messageTitle":"Remove toUpperCase for acadlevel","messageBody":"","fileTypesAndContributionMap":{"functional-code":{"insertions":1,"deletions":1}}}]},{"date":"2021-10-12","commitResults":[{"hash":"f15ab8fecea5200ad35c4adba2d5b822374b5e42","messageTitle":"Change ui details","messageBody":"","fileTypesAndContributionMap":{"functional-code":{"insertions":30,"deletions":32},"test-code":{"insertions":1,"deletions":1}}},{"hash":"fa3012a433ee5a8c6b4458a8f6dd42744ae2dea5","messageTitle":"Add sort column instruction","messageBody":"","fileTypesAndContributionMap":{"functional-code":{"insertions":14,"deletions":13}}},{"hash":"8ffd943dee1c5f3f2f161e7ea4a106e29de8bb68","messageTitle":"Resolve merge conflicts","messageBody":"","fileTypesAndContributionMap":{"docs":{"insertions":0,"deletions":20}}}]}],"eeliana":[{"date":"2021-09-20","commitResults":[{"hash":"9f67f8aa4e11adb47d569c586e210b1555462651","messageTitle":"Add Lesson class and its fields","messageBody":"To allow users to keep track of lessons\n","fileTypesAndContributionMap":{"functional-code":{"insertions":449,"deletions":0}}},{"hash":"5590e5bfc5f98e14fe0ce5aed71303429d73f1a3","messageTitle":"Add new prefixes to CliSyntax for parsing of lesson fields","messageBody":"","fileTypesAndContributionMap":{"functional-code":{"insertions":8,"deletions":0}}},{"hash":"b54ad7b6ed1cc768a9c1f92882995d3eb7bbfcc2","messageTitle":"Update lesson field objects for validation","messageBody":"","fileTypesAndContributionMap":{"functional-code":{"insertions":54,"deletions":54}}},{"hash":"05f1e0f1371357ead89b38616be7e2d14f2f763e","messageTitle":"Add LessonAddCommand to add lesson to a person","messageBody":"","fileTypesAndContributionMap":{"functional-code":{"insertions":109,"deletions":0}}},{"hash":"58e28978e7ab167c2373ef9c82c6c7a55565fd97","messageTitle":"Update Lesson classes to differentiate recurring lessons","messageBody":"","fileTypesAndContributionMap":{"functional-code":{"insertions":20,"deletions":7}}},{"hash":"077cf0446008af38350e05a8a43e29bfbe52ef99","messageTitle":"Update Parser to parse LessonAddCommand","messageBody":"","fileTypesAndContributionMap":{"functional-code":{"insertions":177,"deletions":0}}},{"hash":"8f62a84f2b43b57949cdbf409111d7684828bb21","messageTitle":"Edit existing command functions to include new Lesson field for person","messageBody":"","fileTypesAndContributionMap":{"functional-code":{"insertions":32,"deletions":6}}},{"hash":"c8b4a88bf9c1dd9f6b3a9c76063935776e915588","messageTitle":"Update UI with basic Labels for now","messageBody":"","fileTypesAndContributionMap":{"functional-code":{"insertions":6,"deletions":0}}},{"hash":"c7a2b72202d89289c52fdc2f19370ae524f7882f","messageTitle":"Update Storage files","messageBody":"","fileTypesAndContributionMap":{"functional-code":{"insertions":185,"deletions":2}}},{"hash":"cffa43ee7f3d83f9b9a811a47530a20655f6329c","messageTitle":"Update existing tests to include Lessons field","messageBody":"","fileTypesAndContributionMap":{"functional-code":{"insertions":10,"deletions":6},"test-code":{"insertions":25,"deletions":10}}},{"hash":"1051fa900889dcb1828f747b7445bc255e6145f1","messageTitle":"Handle error when end time is earlier than start time for lesson","messageBody":"","fileTypesAndContributionMap":{"functional-code":{"insertions":9,"deletions":0}}},{"hash":"755eb124aeb6e7fec030edc3977924a6270ce0ee","messageTitle":"Add use case L2 to Developer Guide","messageBody":"","fileTypesAndContributionMap":{"docs":{"insertions":27,"deletions":0}}}]},{"date":"2021-09-21","commitResults":[{"hash":"f1e94ddadc62ea4ae5d1771b2e4537f64f4f9415","messageTitle":"Fix bug in parsing homework","messageBody":"","fileTypesAndContributionMap":{"functional-code":{"insertions":3,"deletions":3}}},{"hash":"4f97fbc10bf598c10f44a38d5ec3c717c2ecf65d","messageTitle":"Update Homework validation regex","messageBody":"Validation regex now limits user to entering 50 characters\nper homework\n","fileTypesAndContributionMap":{"functional-code":{"insertions":3,"deletions":2}}}]},{"date":"2021-09-24","commitResults":[{"hash":"9c3523ccb8cc49b02185a0aff8175d3f5ee4ea0d","messageTitle":"Update JavaDoc for Lesson and field classes","messageBody":"","fileTypesAndContributionMap":{"functional-code":{"insertions":83,"deletions":20}}},{"hash":"1ebea17673ad00be956e9ba0148f8f72a4d8f906","messageTitle":"Update JavaDoc and minor refactoring for Parser, Person and Command classes","messageBody":"","fileTypesAndContributionMap":{"functional-code":{"insertions":39,"deletions":19}}},{"hash":"ad503549997af1f8985e31721131e0c8de31696b","messageTitle":"Add tests for LessonAddCommand","messageBody":"","fileTypesAndContributionMap":{"functional-code":{"insertions":40,"deletions":1},"test-code":{"insertions":196,"deletions":0}}},{"hash":"24de3a0fb25628f037c5411eb5efaa9ec72d89a9","messageTitle":"Update LessonAddCommand to return Person with Remark","messageBody":"","fileTypesAndContributionMap":{"functional-code":{"insertions":3,"deletions":1}}},{"hash":"5c2ae7bf9d820264482a1dada3e11154fded4d7b","messageTitle":"Update code to follow checkstyle","messageBody":"","fileTypesAndContributionMap":{"functional-code":{"insertions":3,"deletions":3},"test-code":{"insertions":4,"deletions":4}}},{"hash":"c0b3388b7c866ba664a894ea0ff30038b8dec650","messageTitle":"Add strict parsing for Date and Time strings","messageBody":"","fileTypesAndContributionMap":{"functional-code":{"insertions":7,"deletions":2}}}]},{"date":"2021-09-25","commitResults":[{"hash":"4289f0bc1cd4ac3c69a2de420f90c0dd91a2a13c","messageTitle":"Add delete lesson functionality to TAB","messageBody":"","fileTypesAndContributionMap":{"functional-code":{"insertions":146,"deletions":0}}},{"hash":"7784b08fa16961d6f2b7840862db55511869aad7","messageTitle":"Add LessonDeleteCommand to Parser","messageBody":"","fileTypesAndContributionMap":{"functional-code":{"insertions":4,"deletions":0}}},{"hash":"f04bd94356b204b1350b9a99127a6326907660bb","messageTitle":"Update command message for LessonAddCommand","messageBody":"","fileTypesAndContributionMap":{"functional-code":{"insertions":3,"deletions":3}}},{"hash":"9ecf5fdf21734925df39ecd68326be1b7938fe02","messageTitle":"Update UI to show sorted list for Lesson objects","messageBody":"","fileTypesAndContributionMap":{"functional-code":{"insertions":5,"deletions":4}}},{"hash":"a4522e2a3b7e988be610d1ffdc7d15b332000bb7","messageTitle":"Do minor refactoring","messageBody":"","fileTypesAndContributionMap":{"functional-code":{"insertions":2,"deletions":3}}},{"hash":"2032327c4412b698b20e7e953da6ea188a90188f","messageTitle":"Add test for updateDateWithWeek in Lesson","messageBody":"","fileTypesAndContributionMap":{"functional-code":{"insertions":2,"deletions":2},"test-code":{"insertions":34,"deletions":0}}},{"hash":"4eb78abb6c7dde1bf37d75f2d079b191c0634ec7","messageTitle":"Do refactoring of code","messageBody":"","fileTypesAndContributionMap":{"functional-code":{"insertions":17,"deletions":10}}},{"hash":"7574ce798b903a83527fa9d2cdb309175e1c66af","messageTitle":"Add comments and some refactoring","messageBody":"","fileTypesAndContributionMap":{"functional-code":{"insertions":53,"deletions":19}}},{"hash":"8a359ab0be1bac8457a056bfb2d412608a02570f","messageTitle":"Add tests for Date, Homework, Time fields for Lesson","messageBody":"","fileTypesAndContributionMap":{"test-code":{"insertions":106,"deletions":0}}},{"hash":"8ee38f280979f3c6fc242aaf2aa59414cbf213c1","messageTitle":"Update JavaDoc and comments","messageBody":"","fileTypesAndContributionMap":{"functional-code":{"insertions":30,"deletions":4}}},{"hash":"e26e75eb8a51d7f5b17edca662c19b3a25b79a8f","messageTitle":"Refactor code to comply with checkstyle","messageBody":"","fileTypesAndContributionMap":{"functional-code":{"insertions":1,"deletions":1},"test-code":{"insertions":0,"deletions":5}}},{"hash":"4804d0974641b1bca95ffdef638efd1c67a47699","messageTitle":"Update notification message on adding Lesson to a Student","messageBody":"","fileTypesAndContributionMap":{"functional-code":{"insertions":2,"deletions":2}}}]},{"date":"2021-09-26","commitResults":[{"hash":"a1513c5993e64f6900fd49a61d24db05bcf1bc9a","messageTitle":"Refactor name of variable","messageBody":"","fileTypesAndContributionMap":{"functional-code":{"insertions":3,"deletions":3}}},{"hash":"6eeb8faf7bd6b807db87924cfa40d99d5af5fcde","messageTitle":"Add use case Delete Lesson for Student","messageBody":"","fileTypesAndContributionMap":{"docs":{"insertions":32,"deletions":3}}},{"hash":"613910881e9624602f8bf99b2525bcc8e7bbcdbf","messageTitle":"Add use case Edit Lesson for Student","messageBody":"","fileTypesAndContributionMap":{"docs":{"insertions":31,"deletions":0}}},{"hash":"ae791f35ce60a42342b9d39f854919034fb4b10f","messageTitle":"Update UG for adding a Lesson for a Student","messageBody":"","fileTypesAndContributionMap":{"docs":{"insertions":29,"deletions":0}}},{"hash":"31ab590c7c67d51e7fece83b2b029773056401cd","messageTitle":"Update UG with delete Lesson for Student","messageBody":"","fileTypesAndContributionMap":{"docs":{"insertions":22,"deletions":5}}},{"hash":"fd321826872e8f9baece06e92d9e8a8ef0e33194","messageTitle":"Fix typos in LessonAdd and LessonDelete features in UG","messageBody":"","fileTypesAndContributionMap":{"docs":{"insertions":8,"deletions":8}}},{"hash":"54616ac4cb330f6aadc37759a0ebcbbcf7981bb5","messageTitle":"Update Lesson Add feature in UG","messageBody":"","fileTypesAndContributionMap":{"docs":{"insertions":2,"deletions":2}}}]},{"date":"2021-09-27","commitResults":[{"hash":"e1923533182b230b7ebf84ee30b71d803ba452c3","messageTitle":"Refactor Time and ParserUtil class","messageBody":"","fileTypesAndContributionMap":{"functional-code":{"insertions":14,"deletions":14}}},{"hash":"95a198adbc0937349964ce770305ae483ea694b5","messageTitle":"Refactor Date class to implement Comparable\u003cDate\u003e","messageBody":"","fileTypesAndContributionMap":{"functional-code":{"insertions":11,"deletions":1}}},{"hash":"059be35ba5c28d632434610b8f2cac06aabeb9d9","messageTitle":"Refactor Lesson to implement Comparable\u003cLesson\u003e","messageBody":"","fileTypesAndContributionMap":{"functional-code":{"insertions":15,"deletions":1}}},{"hash":"bb548c9ab8f536601b517c442c0ae4d1ed4f049b","messageTitle":"Sort the lesson list displayed on the UI","messageBody":"","fileTypesAndContributionMap":{"functional-code":{"insertions":3,"deletions":3}}},{"hash":"7305d574fe57ddf5b59f3b5d50f4fb7c992ba415","messageTitle":"Update Persons to hold Lesson objects in a TreeSet","messageBody":"An advantage of using TreeSet over HashSet is that TreeSets maintain\na sorted order on each addition or deletion of Lesson objects, whereas\nHashSet does not.\n","fileTypesAndContributionMap":{"functional-code":{"insertions":12,"deletions":8},"test-code":{"insertions":4,"deletions":3}}},{"hash":"e57b0ce3af382a29543434f6959ae5a416d6d109","messageTitle":"Fix bug in declaration of EMPTY_LESSON_SET","messageBody":"","fileTypesAndContributionMap":{"functional-code":{"insertions":1,"deletions":1}}},{"hash":"cbb29bda139f774aad948edd8fe2c1e3e206d0e9","messageTitle":"Update Makeup Lesson String in Lesson class","messageBody":"","fileTypesAndContributionMap":{"functional-code":{"insertions":1,"deletions":1}}},{"hash":"a534e408f5a6eb52f274996604d153399ca748d8","messageTitle":"Update comments for LessonAddCommandParser","messageBody":"","fileTypesAndContributionMap":{"functional-code":{"insertions":4,"deletions":2}}}]},{"date":"2021-09-28","commitResults":[{"hash":"158ebfbc233b60a6dd723094a57cc2b1b5f5b65b","messageTitle":"Update date of recurring lessons if date has passed","messageBody":"","fileTypesAndContributionMap":{"functional-code":{"insertions":109,"deletions":4},"test-code":{"insertions":115,"deletions":0}}},{"hash":"d11ae344c4af48e8f271dd7f96c30e41777ce351","messageTitle":"Update Quick Start for UG","messageBody":"","fileTypesAndContributionMap":{"docs":{"insertions":11,"deletions":2}}},{"hash":"c738480b8520462d1c8b4efe714434de38745155","messageTitle":"Update line spacing","messageBody":"","fileTypesAndContributionMap":{"docs":{"insertions":1,"deletions":0}}},{"hash":"0bfdd79cbe0308488e01dd0291c8e369573abbd1","messageTitle":"Update numbering for Quick Start","messageBody":"","fileTypesAndContributionMap":{"docs":{"insertions":5,"deletions":5}}},{"hash":"bcb5138ee6d7e4a11d070702a9dcda643f5bae59","messageTitle":"Fix markdown problem","messageBody":"","fileTypesAndContributionMap":{"docs":{"insertions":2,"deletions":1}}},{"hash":"5c4aaa47a7c85e4a76a51bcb842a70594aabde05","messageTitle":"Remove Update logic due to bugs","messageBody":"","fileTypesAndContributionMap":{"functional-code":{"insertions":0,"deletions":85}}},{"hash":"8150e0252dd0467189ff39575c909a53c57e8932","messageTitle":"Update formatter and usage message for Date","messageBody":"Parsing of date strings is now case-insensitive.\n","fileTypesAndContributionMap":{"functional-code":{"insertions":11,"deletions":6}}},{"hash":"ad659d1015f1fcfb9f477c8907b5458b7df10190","messageTitle":"Add TimeRange class and time range validation for lessons","messageBody":"","fileTypesAndContributionMap":{"functional-code":{"insertions":102,"deletions":27}}},{"hash":"19b7733ce9e82079094e2c76502a095ec2bd9dc5","messageTitle":"Remove unused imports","messageBody":"","fileTypesAndContributionMap":{"functional-code":{"insertions":0,"deletions":1}}},{"hash":"d1f456a73566a87203a0c9f2594208a167c5d8ee","messageTitle":"Add test for TimeRange class","messageBody":"","fileTypesAndContributionMap":{"functional-code":{"insertions":12,"deletions":6},"test-code":{"insertions":47,"deletions":0}}},{"hash":"7dde53c5792500276765b019586428fa65040d5d","messageTitle":"Fix checkstyle issues","messageBody":"","fileTypesAndContributionMap":{"test-code":{"insertions":4,"deletions":3}}},{"hash":"5f2e7c1753ac58ccfd6f5bfbd762a56595c461ae","messageTitle":"Update usage message for LessonAddCommand","messageBody":"","fileTypesAndContributionMap":{"functional-code":{"insertions":24,"deletions":14}}}]},{"date":"2021-09-29","commitResults":[{"hash":"8f7e71975b998b55d3be9678463b0c3efb5e95ab","messageTitle":"Fix target invocation error in LessonAddCommandParser","messageBody":"","fileTypesAndContributionMap":{"functional-code":{"insertions":3,"deletions":3}}},{"hash":"0c505e1d4d14f9756b0babd1f966e69862a15476","messageTitle":"Add test for ladd command in AddressBookParserTest","messageBody":"","fileTypesAndContributionMap":{"functional-code":{"insertions":11,"deletions":10},"test-code":{"insertions":58,"deletions":0}}},{"hash":"2822a909f7a6d6b9cac6f45e649d63247fcc63bc","messageTitle":"Add tests for ParserUtilTest","messageBody":"","fileTypesAndContributionMap":{"test-code":{"insertions":143,"deletions":0}}},{"hash":"aa2be4569ec6762562056fd1add18a3c36eeafda","messageTitle":"Refactor Lesson and TimeRange classes","messageBody":"","fileTypesAndContributionMap":{"functional-code":{"insertions":69,"deletions":53},"test-code":{"insertions":4,"deletions":3}}},{"hash":"1490f0237a08453dd1c3251a3095e3f512526727","messageTitle":"Refactor isClashing method in TimeRange","messageBody":"","fileTypesAndContributionMap":{"functional-code":{"insertions":1,"deletions":1},"test-code":{"insertions":7,"deletions":5}}},{"hash":"208e69741b6f0eca613479389e3697e9621a1bbe","messageTitle":"Refactor and debug isClashing method in TimeRange","messageBody":"","fileTypesAndContributionMap":{"functional-code":{"insertions":2,"deletions":1}}},{"hash":"8c1838f7dfe1d7a5011939fb3f7f1d6d41a13672","messageTitle":"Refactor and debug isClashing method in TimeRange","messageBody":"","fileTypesAndContributionMap":{"functional-code":{"insertions":27,"deletions":7}}},{"hash":"90777ecc5c253e352cd2c5008558354122293a4c","messageTitle":"Remove unused imports","messageBody":"","fileTypesAndContributionMap":{"functional-code":{"insertions":1,"deletions":2}}},{"hash":"7d11a1bb8f1cf22da5b1ad2b76487694595c354a","messageTitle":"Reword sentence","messageBody":"","fileTypesAndContributionMap":{"docs":{"insertions":1,"deletions":1}}},{"hash":"4344ae6311ce59521189cd5045ed02e1ea9271ea","messageTitle":"Restrict time range of lesson to between 8am and 10pm, inclusive.","messageBody":"","fileTypesAndContributionMap":{"functional-code":{"insertions":11,"deletions":3}}},{"hash":"9924c7a063737f17b40bf9e93d2894af010ce69a","messageTitle":"Fix bug for adding lesson with completely overlapping time range with existing lessons.","messageBody":"Previously, lessons with a broad time range such that existing lessons time ranges\nare completely contained in the time range can be added. Failure to detect clash and throw\nerror.\n\nTime range validation now checks if either the newly added lesson\u0027s range contains existing lessons\u0027\ntime ranges, vice versa.\n","fileTypesAndContributionMap":{"functional-code":{"insertions":6,"deletions":1}}},{"hash":"4a7fe27b62e9622fa1290ecba7cb4fdc8b47fbbf","messageTitle":"Add LessonDeleteCommand to delete lesson for student","messageBody":"","fileTypesAndContributionMap":{"functional-code":{"insertions":19,"deletions":10}}},{"hash":"88fc650e1779ecc2a190b384bd310df6a3d27da5","messageTitle":"Add tests for LessonDeleteCommand and LessonDeleteCommandParser","messageBody":"","fileTypesAndContributionMap":{"test-code":{"insertions":239,"deletions":0}}}]},{"date":"2021-09-30","commitResults":[{"hash":"80b4bef25c34af7bd4a6b718166a576351592965","messageTitle":"Refactor updateDateWithWeek","messageBody":"","fileTypesAndContributionMap":{"functional-code":{"insertions":11,"deletions":11},"test-code":{"insertions":10,"deletions":1}}}]},{"date":"2021-10-08","commitResults":[{"hash":"4698357aa3695d34bfc641f3bec0f8515a4b210f","messageTitle":"Fix LessonDeleteCommand arrayOutOfBounds error","messageBody":"","fileTypesAndContributionMap":{"functional-code":{"insertions":27,"deletions":5}}},{"hash":"22d302bcfb3530cd1ce4d721e5f0ef645959362d","messageTitle":"Update UI to display lessons with index for each student","messageBody":"","fileTypesAndContributionMap":{"functional-code":{"insertions":130,"deletions":7}}},{"hash":"3c4780c3c4d67870af9cdc55b9f9c007ce81a529","messageTitle":"Remove unused import","messageBody":"","fileTypesAndContributionMap":{"functional-code":{"insertions":0,"deletions":1}}},{"hash":"d0f0c674f729c63cf8094dae3980f5a2f40aa941","messageTitle":"Update UI to differentiate homework for lessons","messageBody":"","fileTypesAndContributionMap":{"functional-code":{"insertions":14,"deletions":1}}},{"hash":"93e0e351e58587ce3b0128bf0152c95166f365c7","messageTitle":"Fix bug in LessonDeleteCommandTest","messageBody":"","fileTypesAndContributionMap":{"test-code":{"insertions":5,"deletions":0}}},{"hash":"59367b6fe742e6885f774eeeac015d759f2af84c","messageTitle":"Add newline at EOF for DarkTheme.css","messageBody":"","fileTypesAndContributionMap":{"functional-code":{"insertions":1,"deletions":1}}},{"hash":"f2aac5a68ac77df478232dbf6d50466af3a276ba","messageTitle":"Rename \"person\" in messages to user to \"student\"","messageBody":"","fileTypesAndContributionMap":{"functional-code":{"insertions":6,"deletions":6}}},{"hash":"76983e9cca738f1c64608706bb478a230a5602bf","messageTitle":"Remove Time class and its usages","messageBody":"","fileTypesAndContributionMap":{"functional-code":{"insertions":2,"deletions":114},"test-code":{"insertions":0,"deletions":64}}}]},{"date":"2021-10-11","commitResults":[{"hash":"dbd2c7cdedb74bb1fc50582a9ae6cd9f458330c4","messageTitle":"Update LessonAdd feature","messageBody":"","fileTypesAndContributionMap":{"docs":{"insertions":8,"deletions":7}}},{"hash":"df9e9d82d0e5a967fa40fbb1cbca6ea9f186abb7","messageTitle":"Update docs/UserGuide.md","messageBody":"","fileTypesAndContributionMap":{"docs":{"insertions":1,"deletions":1}}}]},{"date":"2021-10-12","commitResults":[{"hash":"98aef3c05af9df5a9e4564f8784c8c6f88840a8f","messageTitle":"Refactor tests and code","messageBody":"","fileTypesAndContributionMap":{"functional-code":{"insertions":22,"deletions":8},"test-code":{"insertions":199,"deletions":175}}},{"hash":"4306c3ffb67d1dfd241bfc7dba0d6db845ac1adf","messageTitle":"Remove code duplication","messageBody":"","fileTypesAndContributionMap":{"functional-code":{"insertions":47,"deletions":49}}},{"hash":"518a8abb73be62b75691f7638290296254c90c75","messageTitle":"Add and update tests for LessonAddCommand","messageBody":"","fileTypesAndContributionMap":{"functional-code":{"insertions":3,"deletions":14},"test-code":{"insertions":93,"deletions":121}}},{"hash":"0a467e07e6651674314a79e01abd32d4d0938fa0","messageTitle":"Add and update tests for LessonDeleteCommand","messageBody":"","fileTypesAndContributionMap":{"functional-code":{"insertions":4,"deletions":9},"test-code":{"insertions":141,"deletions":178}}},{"hash":"c8f34ce047105528c3d74744266594a87beb5dbc","messageTitle":"Refactor SampleDataUtil","messageBody":"","fileTypesAndContributionMap":{"functional-code":{"insertions":0,"deletions":23},"test-code":{"insertions":2,"deletions":1}}},{"hash":"f3d6fcd7247a8b09ef6d39f415a79bd486c184fa","messageTitle":"Add tests for LessonAddCommandParser","messageBody":"","fileTypesAndContributionMap":{"test-code":{"insertions":230,"deletions":0}}},{"hash":"20eb80f36ae3cf5d27f2eef99a584760434f7a68","messageTitle":"Add and update tests for LessonDeleteCommandParser","messageBody":"","fileTypesAndContributionMap":{"test-code":{"insertions":30,"deletions":0}}},{"hash":"b56d0dd20531992ea58e99947ba5f84345410a70","messageTitle":"Refactor naming of variable","messageBody":"","fileTypesAndContributionMap":{"test-code":{"insertions":2,"deletions":2}}},{"hash":"297e42f9ffc17a07da10bfa3e3646e74033bdc2f","messageTitle":"Add tests for JsonAdaptedLessonTest","messageBody":"","fileTypesAndContributionMap":{"test-code":{"insertions":104,"deletions":0}}},{"hash":"7228489e23454324fcfac5429920f2b937e63c3d","messageTitle":"Fix formatting and remove unused imports","messageBody":"","fileTypesAndContributionMap":{"test-code":{"insertions":6,"deletions":6}}},{"hash":"fa4848c21ae61df0bb81bba3bc3de5d35d262060","messageTitle":"Edit ladd command examples","messageBody":"","fileTypesAndContributionMap":{"docs":{"insertions":3,"deletions":3}}}]},{"date":"2021-10-13","commitResults":[{"hash":"50ec793db1c463d4cd9a8a8c1c6652d593e8a18c","messageTitle":"Update UG formatting for LessonAdd feature","messageBody":"","fileTypesAndContributionMap":{"docs":{"insertions":11,"deletions":7}}},{"hash":"63cdab6a6432f56ff4db2e28104e826ae320e9d0","messageTitle":"Update UG for LessonDelete feature","messageBody":"","fileTypesAndContributionMap":{"docs":{"insertions":11,"deletions":1}}},{"hash":"ce2415eea96f898e33218f39fddee483e89a52b1","messageTitle":"Add missing prefix","messageBody":"","fileTypesAndContributionMap":{"docs":{"insertions":1,"deletions":1}}},{"hash":"d9be669a7c3744f0ab5ed9510937b138465c33eb","messageTitle":"Add missing prefix","messageBody":"","fileTypesAndContributionMap":{"docs":{"insertions":1,"deletions":1}}},{"hash":"fe395e5e54ad91c674b61ee13976ce0a2cfe93db","messageTitle":"Format to follow coding standards","messageBody":"","fileTypesAndContributionMap":{"functional-code":{"insertions":20,"deletions":22}}},{"hash":"1484826e9a385cadd3553811296f2617046c249b","messageTitle":"Refactor and remove lesson update methods","messageBody":"To be implemented in a later iteration\n","fileTypesAndContributionMap":{"functional-code":{"insertions":10,"deletions":91}}},{"hash":"47b82e157e26f5d1f955bb3188b6796efd66c5e4","messageTitle":"Update examples in ladd UG","messageBody":"","fileTypesAndContributionMap":{"docs":{"insertions":6,"deletions":3}}},{"hash":"a4d690281a41fffc3a172050f0aae60d3f46547a","messageTitle":"Reformat double quotations to backticks","messageBody":"","fileTypesAndContributionMap":{"docs":{"insertions":1,"deletions":1}}},{"hash":"b70b6c9831ff3adda875a393c6ae04b18ac67c83","messageTitle":"Vary index and homework for examples","messageBody":"","fileTypesAndContributionMap":{"docs":{"insertions":3,"deletions":3}}}]},{"date":"2021-10-14","commitResults":[{"hash":"c6b1f58479734a589e8c37669aa3ee20c2ae2b62","messageTitle":"Update title of lesson card display","messageBody":"","fileTypesAndContributionMap":{"functional-code":{"insertions":5,"deletions":9}}},{"hash":"dbcad6dbf49e026188ea9ff7f94088162eaf89be","messageTitle":"Add whitespace","messageBody":"","fileTypesAndContributionMap":{"functional-code":{"insertions":1,"deletions":1}}},{"hash":"1dad127407a938060dc2f695d080895c146c7ae2","messageTitle":"Refactor Date and tests","messageBody":"","fileTypesAndContributionMap":{"functional-code":{"insertions":1,"deletions":11},"test-code":{"insertions":0,"deletions":10}}},{"hash":"5e2540c4afdc90f319728e1bbd6f87b7db80c12e","messageTitle":"Resolve merge conflict","messageBody":"","fileTypesAndContributionMap":{"test-code":{"insertions":0,"deletions":3}}},{"hash":"beed9844a221eded5b5f64e0ecd13116584c8a6f","messageTitle":"Reorder DG for user stories relating to lessons","messageBody":"","fileTypesAndContributionMap":{"docs":{"insertions":19,"deletions":15}}}]},{"date":"2021-10-15","commitResults":[{"hash":"9d559d30e6cfad3de126ee92ceedca587062e590","messageTitle":"Update model diagram to reflect Lesson","messageBody":"","fileTypesAndContributionMap":{"docs":{"insertions":32,"deletions":7}}},{"hash":"b722442ee45b480305d54cd07f191acc24a4991f","messageTitle":"Adjust packages in Model diagram","messageBody":"","fileTypesAndContributionMap":{"docs":{"insertions":7,"deletions":1}}},{"hash":"994bddb008b354a8abf351cea7af648eb3bb7d12","messageTitle":"Update storage diagram","messageBody":"","fileTypesAndContributionMap":{"docs":{"insertions":4,"deletions":0}}},{"hash":"7b1b3650332ae60f5c332ae18658be806470fce0","messageTitle":"Adjust width of model diagram","messageBody":"","fileTypesAndContributionMap":{"docs":{"insertions":1,"deletions":1}}}]},{"date":"2021-10-17","commitResults":[{"hash":"6073fbef456218042e0adc652b11cbf4779694ba","messageTitle":"Update numbering","messageBody":"","fileTypesAndContributionMap":{"docs":{"insertions":18,"deletions":18}}}]}]},"authorFileTypeContributionMap":{"Chesterwongz":{"docs":306,"functional-code":1045,"test-code":506,"other":1},"angkoonhwee":{"docs":73,"functional-code":304,"test-code":138,"other":1},"lingshanng":{"docs":169,"functional-code":802,"test-code":898},"Xiaoyunnn":{"docs":32,"functional-code":1128,"test-code":488},"eeliana":{"docs":129,"functional-code":1274,"test-code":1035}},"authorContributionVariance":{"Chesterwongz":73266.43,"angkoonhwee":22203.959,"lingshanng":64795.773,"Xiaoyunnn":79499.484,"eeliana":127407.195},"authorDisplayNameMap":{"Chesterwongz":"CS2103T-F13-3 WONG..STER","angkoonhwee":"CS2103T-F13-3 ANG ..HWEE","lingshanng":"CS2103T-F13-3 NG L..SHAN","Xiaoyunnn":"CS2103T-F13-3 WU X.. YUN","eeliana":"CS2103T-F13-3 PANG..IANA"}}
