{"authorDailyContributionsMap":{"luayida99":[{"date":"2021-09-27","commitResults":[{"hash":"416848e722030764656205609dd51ec3ab826513","messageTitle":"Update _config.yml and index.md","messageBody":"","fileTypesAndContributionMap":{"docs":{"insertions":4,"deletions":4}}},{"hash":"04ea10383ad84ecba687155cbda893f7296f5ab7","messageTitle":"Update User Guide add and delete commands","messageBody":"","fileTypesAndContributionMap":{"docs":{"insertions":26,"deletions":22}}},{"hash":"2023041118d6c8b81c69537a2010bfeb36926230","messageTitle":"Update target user profile, value proposition, and user stories","messageBody":"","fileTypesAndContributionMap":{"docs":{"insertions":11,"deletions":10}}},{"hash":"21ffcea383424d2340439ebe83baf036d86a395a","messageTitle":"Update AboutUs for Yida","messageBody":"","fileTypesAndContributionMap":{"docs":{"insertions":51,"deletions":5}}},{"hash":"52b0f61728f53779db68278f5caa6bbbd417b3db","messageTitle":"Relocate help in User Guide","messageBody":"","fileTypesAndContributionMap":{"docs":{"insertions":8,"deletions":23}}}]}],"huisthat":[{"date":"2021-09-27","commitResults":[{"hash":"24aa8e54aa83a801af10321f2b08b835afae70f4","messageTitle":"Edit user guide","messageBody":"","fileTypesAndContributionMap":{"docs":{"insertions":55,"deletions":34}}},{"hash":"2feeb748f444b24da4cfb00f1d75c5e51e7d01cf","messageTitle":"Update about us","messageBody":"","fileTypesAndContributionMap":{"docs":{"insertions":51,"deletions":5}}}]}],"ailing35":[],"ziqing26":[{"date":"2021-09-27","commitResults":[{"hash":"9bdbe21843999f99f7d542ae37a1a5eefbbbcd93","messageTitle":"Update README.md for Ziqing","messageBody":"","fileTypesAndContributionMap":{"docs":{"insertions":53,"deletions":5}}},{"hash":"546520d26bb23f77298fe5c3e9f08b75807da169","messageTitle":"Update User Guide","messageBody":"* Add help command mockup\n* Add description for SeniorLove\n* Add feature list\n* Add command summary\n","fileTypesAndContributionMap":{"docs":{"insertions":20,"deletions":11}}},{"hash":"8ea7664c4bed686eab1d3c32447dd8a26b0f0c0b","messageTitle":"Update README.md","messageBody":"","fileTypesAndContributionMap":{"docs":{"insertions":17,"deletions":12}}},{"hash":"1cb9d0361ea2d2f76b1e02fae0209fd7f7af4045","messageTitle":"Fix checkstyle for README","messageBody":"","fileTypesAndContributionMap":{"docs":{"insertions":6,"deletions":7}}},{"hash":"0a71c39a31972cc3d7b028c4b76e2cfc623b92b7","messageTitle":"Fix photo link in about us","messageBody":"","fileTypesAndContributionMap":{"docs":{"insertions":1,"deletions":1}}}]}],"Chen-Yiyang":[]},"authorFileTypeContributionMap":{"luayida99":{"docs":92,"functional-code":0,"test-code":0},"huisthat":{"docs":81,"functional-code":0,"test-code":0},"ailing35":{"docs":0,"functional-code":0,"test-code":0},"ziqing26":{"docs":94,"functional-code":0,"test-code":0},"Chen-Yiyang":{"docs":0,"functional-code":0,"test-code":0}},"authorContributionVariance":{"luayida99":2222.81,"huisthat":1737.6031,"ailing35":0.0,"ziqing26":1461.9008,"Chen-Yiyang":0.0},"authorDisplayNameMap":{"luayida99":"CS2103-T14-1 LUA ..I DA","huisthat":"CS2103-T14-1 HU L..LONG","ailing35":"CS2103-T14-1 HONG..LING","ziqing26":"CS2103-T14-1 ZHAN..QING","Chen-Yiyang":"CS2103-T14-1 CHEN..YANG"}}
