{"authorDailyContributionsMap":{"luayida99":[{"date":"2021-09-27","commitResults":[{"hash":"416848e722030764656205609dd51ec3ab826513","messageTitle":"Update _config.yml and index.md","messageBody":"","fileTypesAndContributionMap":{"docs":{"insertions":4,"deletions":4}}},{"hash":"04ea10383ad84ecba687155cbda893f7296f5ab7","messageTitle":"Update User Guide add and delete commands","messageBody":"","fileTypesAndContributionMap":{"docs":{"insertions":26,"deletions":22}}},{"hash":"2023041118d6c8b81c69537a2010bfeb36926230","messageTitle":"Update target user profile, value proposition, and user stories","messageBody":"","fileTypesAndContributionMap":{"docs":{"insertions":11,"deletions":10}}},{"hash":"21ffcea383424d2340439ebe83baf036d86a395a","messageTitle":"Update AboutUs for Yida","messageBody":"","fileTypesAndContributionMap":{"docs":{"insertions":51,"deletions":5}}},{"hash":"52b0f61728f53779db68278f5caa6bbbd417b3db","messageTitle":"Relocate help in User Guide","messageBody":"","fileTypesAndContributionMap":{"docs":{"insertions":8,"deletions":23}}}]},{"date":"2021-09-28","commitResults":[{"hash":"c9eab82b5af189cf89bcfabb2c874342b2c90317","messageTitle":"Update User Guide features links","messageBody":"","fileTypesAndContributionMap":{"docs":{"insertions":2,"deletions":2}}},{"hash":"0865b9325f18ee2f4b7e187e54ba51f8068a83f3","messageTitle":"Reformat User Guide and ToC","messageBody":"","fileTypesAndContributionMap":{"docs":{"insertions":4,"deletions":4}}}]},{"date":"2021-09-30","commitResults":[{"hash":"7af0efbc2859a91d0ec5bf35028c29379cf74895","messageTitle":"Change social worker to user for standardising across guide","messageBody":"","fileTypesAndContributionMap":{"docs":{"insertions":1,"deletions":1}}},{"hash":"3730bfe0c5cef59233424bb0350fbc9b721f4c60","messageTitle":"Setup template for visit command","messageBody":"","fileTypesAndContributionMap":{"functional-code":{"insertions":213,"deletions":12},"test-code":{"insertions":261,"deletions":12}}}]},{"date":"2021-10-01","commitResults":[{"hash":"6e3577d55cdd744bf139a34339488ffcdb425676","messageTitle":"Change remark command to visit command","messageBody":"","fileTypesAndContributionMap":{"functional-code":{"insertions":29,"deletions":29},"other":{"insertions":92,"deletions":92},"test-code":{"insertions":28,"deletions":28}}},{"hash":"d57e381a4519d3d2bfaf5363591777d7c4375e34","messageTitle":"Rename variables for visits","messageBody":"","fileTypesAndContributionMap":{"functional-code":{"insertions":19,"deletions":19},"test-code":{"insertions":27,"deletions":27}}},{"hash":"ad9b2ae9352e67d8027b972bb25797733cd1fe9b","messageTitle":"Update javadocs","messageBody":"","fileTypesAndContributionMap":{"functional-code":{"insertions":1,"deletions":1},"test-code":{"insertions":2,"deletions":2}}},{"hash":"5dca07eaf0c8ce03172f13248a3bff2063ae4373","messageTitle":"Remove extra getAddress call","messageBody":"","fileTypesAndContributionMap":{"functional-code":{"insertions":0,"deletions":1}}},{"hash":"cc779988d69b9be1b76908f0eb451b90c9aec89b","messageTitle":"Add date formatting for visit command","messageBody":"","fileTypesAndContributionMap":{"functional-code":{"insertions":20,"deletions":8},"test-code":{"insertions":12,"deletions":10}}}]},{"date":"2021-10-02","commitResults":[{"hash":"481252574a57fd708304a6f161aab6dcc2218e8c","messageTitle":"Fix tests","messageBody":"","fileTypesAndContributionMap":{"functional-code":{"insertions":1,"deletions":0},"test-code":{"insertions":3,"deletions":11}}},{"hash":"85ce243425aeb537e2a136c6d5be5a7d329afaa5","messageTitle":"Rename variable","messageBody":"","fileTypesAndContributionMap":{"test-code":{"insertions":1,"deletions":1}}},{"hash":"1ce31de5d05aca97ebbff16b17f7f85dbef44871","messageTitle":"Fix tests","messageBody":"","fileTypesAndContributionMap":{"test-code":{"insertions":2,"deletions":2}}},{"hash":"a7820e2e13d43f831a33021cecd0e18b956f851e","messageTitle":"Try fixing failing tests","messageBody":"","fileTypesAndContributionMap":{"test-code":{"insertions":3,"deletions":10}}},{"hash":"f58dfc09085efdf13d3cc2ce33a38c76f3d223b3","messageTitle":"Fix style violations","messageBody":"","fileTypesAndContributionMap":{"test-code":{"insertions":0,"deletions":4}}},{"hash":"e7d0df9e2ee0f6b98d5bebce515f08510c8af3d0","messageTitle":"Fix failing test","messageBody":"","fileTypesAndContributionMap":{"test-code":{"insertions":0,"deletions":8}}},{"hash":"4c511851c89daa163096be70b48c41d699158050","messageTitle":"Remove unused imports","messageBody":"","fileTypesAndContributionMap":{"test-code":{"insertions":0,"deletions":5}}}]},{"date":"2021-10-06","commitResults":[{"hash":"53b2f9a73efe17713140498fe4d841e226df3cb8","messageTitle":"Fix error in UserGuide add command","messageBody":"","fileTypesAndContributionMap":{"docs":{"insertions":4,"deletions":4}}},{"hash":"645d4cb31cb3003f1eea17f483df5f9caeca2130","messageTitle":"Abstract visit parsing","messageBody":"","fileTypesAndContributionMap":{"functional-code":{"insertions":26,"deletions":8}}},{"hash":"98bdecca992ed82989060a72f2a71c0ca6c55c31","messageTitle":"Reformat code and add tests","messageBody":"","fileTypesAndContributionMap":{"functional-code":{"insertions":20,"deletions":2},"test-code":{"insertions":27,"deletions":0}}},{"hash":"9cda8c53a37fbf4d57a942351aa186fb0a051b0f","messageTitle":"Fix checkstyle","messageBody":"","fileTypesAndContributionMap":{"functional-code":{"insertions":0,"deletions":6}}}]},{"date":"2021-10-07","commitResults":[{"hash":"b046fc4e78d383788d9b1fd74cde22abe883170b","messageTitle":"Update help command with SeniorLove UG URL","messageBody":"","fileTypesAndContributionMap":{"functional-code":{"insertions":1,"deletions":1}}},{"hash":"b35077a59d61e7417d242bbbe7660f6f31f9da8a","messageTitle":"Reformat Visit to be inline with lastVisit","messageBody":"","fileTypesAndContributionMap":{"functional-code":{"insertions":78,"deletions":29},"test-code":{"insertions":26,"deletions":20}}},{"hash":"2e729e9b02ab92f332b2b8f589d84d8c1c259460","messageTitle":"Fix checkstyle","messageBody":"","fileTypesAndContributionMap":{"functional-code":{"insertions":0,"deletions":1}}}]},{"date":"2021-10-08","commitResults":[{"hash":"d8b3c135845156b0cf57bbf85f2a10fdb2f3420e","messageTitle":"Rename variables","messageBody":"","fileTypesAndContributionMap":{"functional-code":{"insertions":5,"deletions":5}}},{"hash":"ff671697abbb43586058768bf3d7b22e9fbb36ed","messageTitle":"Throw exception for empty visit","messageBody":"","fileTypesAndContributionMap":{"functional-code":{"insertions":0,"deletions":3}}},{"hash":"b51d45a70a4062aa435ebeedcd68619cd559eb27","messageTitle":"Add tests","messageBody":"","fileTypesAndContributionMap":{"test-code":{"insertions":15,"deletions":1}}},{"hash":"98cd13f37cceeff22cc3748c1f002f2c780bc580","messageTitle":"Remove unnecessary method","messageBody":"","fileTypesAndContributionMap":{"functional-code":{"insertions":0,"deletions":27}}}]},{"date":"2021-10-09","commitResults":[{"hash":"a7cc075e210346f6ce6a54a73e0b083cf7e0e368","messageTitle":"Add v flag for add command","messageBody":"","fileTypesAndContributionMap":{"functional-code":{"insertions":31,"deletions":2},"test-code":{"insertions":54,"deletions":5}}},{"hash":"b7c3e27990593cc5edc6f5c526bd3070706630f8","messageTitle":"Fix UI display bug for Visit","messageBody":"","fileTypesAndContributionMap":{"functional-code":{"insertions":1,"deletions":1}}},{"hash":"599a32cfe20a06da0185e0eaf1dc3d27aa555a5d","messageTitle":"Update format message for add","messageBody":"","fileTypesAndContributionMap":{"functional-code":{"insertions":3,"deletions":0}}}]},{"date":"2021-10-10","commitResults":[{"hash":"5f480707bdb254758486f455c6f097150b4aff5a","messageTitle":"Improve test coverage","messageBody":"","fileTypesAndContributionMap":{"functional-code":{"insertions":7,"deletions":7},"test-code":{"insertions":37,"deletions":2}}},{"hash":"fd5ba6ea38eb31e0449d0565f6d0fe412b778651","messageTitle":"Fix checkstyle","messageBody":"","fileTypesAndContributionMap":{"functional-code":{"insertions":12,"deletions":4},"test-code":{"insertions":10,"deletions":9}}}]},{"date":"2021-10-11","commitResults":[{"hash":"98a71395479111ca9e46837198560c2cc9b08316","messageTitle":"Add tests","messageBody":"","fileTypesAndContributionMap":{"test-code":{"insertions":32,"deletions":2}}}]}],"huisthat":[{"date":"2021-09-27","commitResults":[{"hash":"24aa8e54aa83a801af10321f2b08b835afae70f4","messageTitle":"Edit user guide","messageBody":"","fileTypesAndContributionMap":{"docs":{"insertions":55,"deletions":34}}},{"hash":"2feeb748f444b24da4cfb00f1d75c5e51e7d01cf","messageTitle":"Update about us","messageBody":"","fileTypesAndContributionMap":{"docs":{"insertions":51,"deletions":5}}}]},{"date":"2021-10-06","commitResults":[{"hash":"62296573827d1978ab98216dc594bf0e10cd3bb4","messageTitle":"Replace email with language","messageBody":"","fileTypesAndContributionMap":{"functional-code":{"insertions":127,"deletions":145},"test-code":{"insertions":165,"deletions":201}}},{"hash":"acc4ce194cf93906d6b23497d901be04748eea3a","messageTitle":"Edit checkstyle issues","messageBody":"","fileTypesAndContributionMap":{"functional-code":{"insertions":11,"deletions":4}}},{"hash":"cdd2eeb3d6ad3b2d4349949d5a53708f2fc49b52","messageTitle":"Edit more checkstyle issues","messageBody":"","fileTypesAndContributionMap":{"test-code":{"insertions":35,"deletions":19}}},{"hash":"578d3e689870b878fb02454c1dfc39f334e1302e","messageTitle":"Edit test issues","messageBody":"","fileTypesAndContributionMap":{"test-code":{"insertions":28,"deletions":28}}}]},{"date":"2021-10-07","commitResults":[{"hash":"2e12388045ced48ba79befecf6057b75ff5b159f","messageTitle":"Modify display for Person","messageBody":"","fileTypesAndContributionMap":{"functional-code":{"insertions":6,"deletions":8}}}]},{"date":"2021-10-09","commitResults":[{"hash":"938b6d32478f7e8ba4a91672eb92ae6ea43730c6","messageTitle":"add recurring visits","messageBody":"","fileTypesAndContributionMap":{"functional-code":{"insertions":226,"deletions":28},"test-code":{"insertions":103,"deletions":31}}}]}],"ailing35":[{"date":"2021-09-28","commitResults":[{"hash":"c3bdeffe508963cea262c2af7182a628f4a532c9","messageTitle":"Update AboutUs","messageBody":"","fileTypesAndContributionMap":{"docs":{"insertions":74,"deletions":22}}},{"hash":"ee890b29283056a152f1bb5602da7beb4c8fd71a","messageTitle":"Fix photo url","messageBody":"","fileTypesAndContributionMap":{"docs":{"insertions":1,"deletions":1}}},{"hash":"0f9188d5d88656f8c9ed3f54bbf3e24260e7335f","messageTitle":"Update user guide list and find commands","messageBody":"","fileTypesAndContributionMap":{"docs":{"insertions":14,"deletions":8}}},{"hash":"08d9b9ed17f3f30c1ffd985a8a295118180e7066","messageTitle":"Update developer guide NFR and glossary","messageBody":"","fileTypesAndContributionMap":{"docs":{"insertions":4,"deletions":19}}}]},{"date":"2021-10-06","commitResults":[{"hash":"cdcbe74ea3cd2e1ce0cd031cfd2210c628cf46ce","messageTitle":"Add LastVisit model and test, and add it to Person model","messageBody":"","fileTypesAndContributionMap":{"functional-code":{"insertions":50,"deletions":2},"test-code":{"insertions":31,"deletions":0}}},{"hash":"e00e4eac2f929c4911457a063462fb02cc85fb6d","messageTitle":"Update commands and tests with last visit field","messageBody":"","fileTypesAndContributionMap":{"functional-code":{"insertions":68,"deletions":14},"test-code":{"insertions":40,"deletions":12}}},{"hash":"cb240dafadd0bc19e5514e13f35ceefa5f49f0f3","messageTitle":"Fix test data and make last visit optional","messageBody":"","fileTypesAndContributionMap":{"functional-code":{"insertions":35,"deletions":24},"test-code":{"insertions":40,"deletions":20}}},{"hash":"a6dc5b95b02d2c93424060dd7bacf20bb5809885","messageTitle":"Rearrange visit and last visit on UI","messageBody":"","fileTypesAndContributionMap":{"functional-code":{"insertions":65,"deletions":10},"test-code":{"insertions":0,"deletions":1}}},{"hash":"b16ddd1585ae21f469370659bc9c7f2f37568468","messageTitle":"Fix codestyle","messageBody":"","fileTypesAndContributionMap":{"functional-code":{"insertions":9,"deletions":11},"test-code":{"insertions":0,"deletions":3}}},{"hash":"b4c7abd9a4345c00faac5eaa9b6e634ed9582b5a","messageTitle":"Update add command format in UI and user guide","messageBody":"","fileTypesAndContributionMap":{"functional-code":{"insertions":2,"deletions":2},"docs":{"insertions":4,"deletions":4}}}]}],"ziqing26":[{"date":"2021-09-27","commitResults":[{"hash":"9bdbe21843999f99f7d542ae37a1a5eefbbbcd93","messageTitle":"Update README.md for Ziqing","messageBody":"","fileTypesAndContributionMap":{"docs":{"insertions":53,"deletions":5}}},{"hash":"546520d26bb23f77298fe5c3e9f08b75807da169","messageTitle":"Update User Guide","messageBody":"* Add help command mockup\n* Add description for SeniorLove\n* Add feature list\n* Add command summary\n","fileTypesAndContributionMap":{"docs":{"insertions":20,"deletions":11}}},{"hash":"8ea7664c4bed686eab1d3c32447dd8a26b0f0c0b","messageTitle":"Update README.md","messageBody":"","fileTypesAndContributionMap":{"docs":{"insertions":17,"deletions":12}}},{"hash":"1cb9d0361ea2d2f76b1e02fae0209fd7f7af4045","messageTitle":"Fix checkstyle for README","messageBody":"","fileTypesAndContributionMap":{"docs":{"insertions":6,"deletions":7}}},{"hash":"0a71c39a31972cc3d7b028c4b76e2cfc623b92b7","messageTitle":"Fix photo link in about us","messageBody":"","fileTypesAndContributionMap":{"docs":{"insertions":1,"deletions":1}}}]},{"date":"2021-09-30","commitResults":[{"hash":"a1b815506cf0821ac974ec2853b3b356359de853","messageTitle":"Add elderly to glossary","messageBody":"","fileTypesAndContributionMap":{"docs":{"insertions":5,"deletions":3}}}]},{"date":"2021-10-05","commitResults":[{"hash":"00680d457a07529c2f9a4dbc5ce102cabaf1a00f","messageTitle":"Add v/ tag to command delete","messageBody":"","fileTypesAndContributionMap":{"functional-code":{"insertions":47,"deletions":11},"docs":{"insertions":3,"deletions":2}}},{"hash":"39dc4adb4da8b954dfbd4c7655d4a161bed99680","messageTitle":"Add tests for delete visit","messageBody":"","fileTypesAndContributionMap":{"functional-code":{"insertions":28,"deletions":7},"test-code":{"insertions":67,"deletions":0}}},{"hash":"af633305bbd3dc3ab32c60317937cf7962c281d6","messageTitle":"Fix delete visit test for filtered list","messageBody":"","fileTypesAndContributionMap":{"docs":{"insertions":2,"deletions":2},"test-code":{"insertions":17,"deletions":20}}},{"hash":"68b74eb8b5a0083e796755f26c8c7fc3282e92fc","messageTitle":"Delete unused method","messageBody":"","fileTypesAndContributionMap":{"functional-code":{"insertions":0,"deletions":4}}},{"hash":"30a0c780186dfe0169fc96f20dac18cc84f848a5","messageTitle":"Add message usage for delete visit","messageBody":"","fileTypesAndContributionMap":{"functional-code":{"insertions":5,"deletions":3}}}]},{"date":"2021-10-08","commitResults":[{"hash":"f097efe2f8c4e00d5179c6723f2c532f47aeb86c","messageTitle":"Recurring visit: Add Frequency Enum and Occurrence class","messageBody":"","fileTypesAndContributionMap":{"functional-code":{"insertions":109,"deletions":0},"test-code":{"insertions":70,"deletions":0}}}]},{"date":"2021-10-10","commitResults":[{"hash":"ed65e71c9feb7cf82f1afed3caa0918c35f8363d","messageTitle":"Add checks and tests for optional flags in recurring visit","messageBody":"","fileTypesAndContributionMap":{"functional-code":{"insertions":50,"deletions":2},"test-code":{"insertions":109,"deletions":35}}}]}],"Chen-Yiyang":[{"date":"2021-09-28","commitResults":[{"hash":"9186f453536e111c6d6d9da9f6f48fc53ce73520","messageTitle":"Update AboutUs for Chen Yiyang","messageBody":"","fileTypesAndContributionMap":{"docs":{"insertions":51,"deletions":5}}},{"hash":"ef644178465536f9bee3dc86ef9957b4dabe2b40","messageTitle":"Update User Guide for visit and done commands","messageBody":"","fileTypesAndContributionMap":{"docs":{"insertions":26,"deletions":0}}},{"hash":"31307f2b16f68c7c28a4ac9304173da40ab3c730","messageTitle":"Update Developer Guide use cases","messageBody":"","fileTypesAndContributionMap":{"docs":{"insertions":69,"deletions":9}}}]},{"date":"2021-09-29","commitResults":[{"hash":"9b70533ad24087d9f34f063ebad701c28b143008","messageTitle":"Adjust developer guide use case format","messageBody":"","fileTypesAndContributionMap":{"docs":{"insertions":3,"deletions":3}}}]},{"date":"2021-10-05","commitResults":[{"hash":"073cafa094a1e5bdbf68eeffb98fa130015366e9","messageTitle":"Implement parser and model for done command","messageBody":"","fileTypesAndContributionMap":{"functional-code":{"insertions":124,"deletions":0}}},{"hash":"714c6f91c34e6d507586658d0afaf7691f3cccf6","messageTitle":"Update format to follow the checkstyle","messageBody":"","fileTypesAndContributionMap":{"functional-code":{"insertions":2,"deletions":2}}},{"hash":"222940d02ccf9065e122f4e56a75c40941596fad","messageTitle":"Add new tests for Visit and Person models","messageBody":"","fileTypesAndContributionMap":{"test-code":{"insertions":17,"deletions":0}}},{"hash":"bc55fb21dde39e0f6222f559d37032a31f35b13a","messageTitle":"Update Person and Visit test","messageBody":"","fileTypesAndContributionMap":{"functional-code":{"insertions":1,"deletions":1},"test-code":{"insertions":3,"deletions":2}}}]},{"date":"2021-10-06","commitResults":[{"hash":"2f7c2f33eb6c52e2502a24a9b494fc922fe2f1f2","messageTitle":"Create unit tests for done command and its parser","messageBody":"","fileTypesAndContributionMap":{"functional-code":{"insertions":4,"deletions":4},"test-code":{"insertions":147,"deletions":0}}},{"hash":"85edacc191e54ffddb19abe037338fbc38bfa927","messageTitle":"Update test classes\u0027 format to follow the checkystyle","messageBody":"","fileTypesAndContributionMap":{"test-code":{"insertions":13,"deletions":14}}}]},{"date":"2021-10-07","commitResults":[{"hash":"57bd74a023974faeead7729d1c9bba1dc13cb7d9","messageTitle":"Include last visited field in main and test code","messageBody":"","fileTypesAndContributionMap":{"functional-code":{"insertions":8,"deletions":9},"test-code":{"insertions":18,"deletions":9}}}]},{"date":"2021-10-10","commitResults":[{"hash":"c3e7962e72955073484179a1610dcfcfa26931d4","messageTitle":"Add in code for date time","messageBody":"","fileTypesAndContributionMap":{"functional-code":{"insertions":27,"deletions":19}}}]},{"date":"2021-10-11","commitResults":[{"hash":"cfd392ae854e7659ff4a2982cb11b86f4b3705c4","messageTitle":"Fix test code and add in tests for valid vist \u0026 last visit regex","messageBody":"","fileTypesAndContributionMap":{"functional-code":{"insertions":2,"deletions":2},"test-code":{"insertions":119,"deletions":34}}},{"hash":"5a71664d4a82478e2302659c9974c77326f7f9b9","messageTitle":"Fix test code","messageBody":"","fileTypesAndContributionMap":{"test-code":{"insertions":4,"deletions":4}}}]}]},"authorFileTypeContributionMap":{"luayida99":{"docs":95,"functional-code":289,"test-code":322},"huisthat":{"docs":71,"functional-code":339,"test-code":253},"ailing35":{"docs":82,"functional-code":162,"test-code":73},"ziqing26":{"docs":97,"functional-code":211,"test-code":256},"Chen-Yiyang":{"docs":121,"functional-code":148,"test-code":292}},"authorContributionVariance":{"luayida99":16750.713,"huisthat":27411.598,"ailing35":8253.358,"ziqing26":4567.35,"Chen-Yiyang":3613.6},"authorDisplayNameMap":{"luayida99":"CS2103-T14-1 LUA ..I DA","huisthat":"CS2103-T14-1 HU L..LONG","ailing35":"CS2103-T14-1 HONG..LING","ziqing26":"CS2103-T14-1 ZHAN..QING","Chen-Yiyang":"CS2103-T14-1 CHEN..YANG"}}
