{"authorDailyContributionsMap":{"luayida99":[{"date":"2021-09-27","commitResults":[{"hash":"416848e722030764656205609dd51ec3ab826513","messageTitle":"Update _config.yml and index.md","messageBody":"","fileTypesAndContributionMap":{"docs":{"insertions":4,"deletions":4}}},{"hash":"04ea10383ad84ecba687155cbda893f7296f5ab7","messageTitle":"Update User Guide add and delete commands","messageBody":"","fileTypesAndContributionMap":{"docs":{"insertions":26,"deletions":22}}},{"hash":"2023041118d6c8b81c69537a2010bfeb36926230","messageTitle":"Update target user profile, value proposition, and user stories","messageBody":"","fileTypesAndContributionMap":{"docs":{"insertions":11,"deletions":10}}},{"hash":"21ffcea383424d2340439ebe83baf036d86a395a","messageTitle":"Update AboutUs for Yida","messageBody":"","fileTypesAndContributionMap":{"docs":{"insertions":51,"deletions":5}}},{"hash":"52b0f61728f53779db68278f5caa6bbbd417b3db","messageTitle":"Relocate help in User Guide","messageBody":"","fileTypesAndContributionMap":{"docs":{"insertions":8,"deletions":23}}}]},{"date":"2021-09-28","commitResults":[{"hash":"c9eab82b5af189cf89bcfabb2c874342b2c90317","messageTitle":"Update User Guide features links","messageBody":"","fileTypesAndContributionMap":{"docs":{"insertions":2,"deletions":2}}},{"hash":"0865b9325f18ee2f4b7e187e54ba51f8068a83f3","messageTitle":"Reformat User Guide and ToC","messageBody":"","fileTypesAndContributionMap":{"docs":{"insertions":4,"deletions":4}}}]},{"date":"2021-09-30","commitResults":[{"hash":"7af0efbc2859a91d0ec5bf35028c29379cf74895","messageTitle":"Change social worker to user for standardising across guide","messageBody":"","fileTypesAndContributionMap":{"docs":{"insertions":1,"deletions":1}}},{"hash":"3730bfe0c5cef59233424bb0350fbc9b721f4c60","messageTitle":"Setup template for visit command","messageBody":"","fileTypesAndContributionMap":{"functional-code":{"insertions":213,"deletions":12},"test-code":{"insertions":261,"deletions":12}}}]},{"date":"2021-10-01","commitResults":[{"hash":"6e3577d55cdd744bf139a34339488ffcdb425676","messageTitle":"Change remark command to visit command","messageBody":"","fileTypesAndContributionMap":{"functional-code":{"insertions":29,"deletions":29},"other":{"insertions":92,"deletions":92},"test-code":{"insertions":28,"deletions":28}}},{"hash":"d57e381a4519d3d2bfaf5363591777d7c4375e34","messageTitle":"Rename variables for visits","messageBody":"","fileTypesAndContributionMap":{"functional-code":{"insertions":19,"deletions":19},"test-code":{"insertions":27,"deletions":27}}},{"hash":"ad9b2ae9352e67d8027b972bb25797733cd1fe9b","messageTitle":"Update javadocs","messageBody":"","fileTypesAndContributionMap":{"functional-code":{"insertions":1,"deletions":1},"test-code":{"insertions":2,"deletions":2}}},{"hash":"5dca07eaf0c8ce03172f13248a3bff2063ae4373","messageTitle":"Remove extra getAddress call","messageBody":"","fileTypesAndContributionMap":{"functional-code":{"insertions":0,"deletions":1}}},{"hash":"cc779988d69b9be1b76908f0eb451b90c9aec89b","messageTitle":"Add date formatting for visit command","messageBody":"","fileTypesAndContributionMap":{"functional-code":{"insertions":20,"deletions":8},"test-code":{"insertions":12,"deletions":10}}}]},{"date":"2021-10-02","commitResults":[{"hash":"481252574a57fd708304a6f161aab6dcc2218e8c","messageTitle":"Fix tests","messageBody":"","fileTypesAndContributionMap":{"functional-code":{"insertions":1,"deletions":0},"test-code":{"insertions":3,"deletions":11}}},{"hash":"85ce243425aeb537e2a136c6d5be5a7d329afaa5","messageTitle":"Rename variable","messageBody":"","fileTypesAndContributionMap":{"test-code":{"insertions":1,"deletions":1}}},{"hash":"1ce31de5d05aca97ebbff16b17f7f85dbef44871","messageTitle":"Fix tests","messageBody":"","fileTypesAndContributionMap":{"test-code":{"insertions":2,"deletions":2}}},{"hash":"a7820e2e13d43f831a33021cecd0e18b956f851e","messageTitle":"Try fixing failing tests","messageBody":"","fileTypesAndContributionMap":{"test-code":{"insertions":3,"deletions":10}}},{"hash":"f58dfc09085efdf13d3cc2ce33a38c76f3d223b3","messageTitle":"Fix style violations","messageBody":"","fileTypesAndContributionMap":{"test-code":{"insertions":0,"deletions":4}}},{"hash":"e7d0df9e2ee0f6b98d5bebce515f08510c8af3d0","messageTitle":"Fix failing test","messageBody":"","fileTypesAndContributionMap":{"test-code":{"insertions":0,"deletions":8}}},{"hash":"4c511851c89daa163096be70b48c41d699158050","messageTitle":"Remove unused imports","messageBody":"","fileTypesAndContributionMap":{"test-code":{"insertions":0,"deletions":5}}}]},{"date":"2021-10-06","commitResults":[{"hash":"53b2f9a73efe17713140498fe4d841e226df3cb8","messageTitle":"Fix error in UserGuide add command","messageBody":"","fileTypesAndContributionMap":{"docs":{"insertions":4,"deletions":4}}},{"hash":"645d4cb31cb3003f1eea17f483df5f9caeca2130","messageTitle":"Abstract visit parsing","messageBody":"","fileTypesAndContributionMap":{"functional-code":{"insertions":26,"deletions":8}}},{"hash":"98bdecca992ed82989060a72f2a71c0ca6c55c31","messageTitle":"Reformat code and add tests","messageBody":"","fileTypesAndContributionMap":{"functional-code":{"insertions":20,"deletions":2},"test-code":{"insertions":27,"deletions":0}}},{"hash":"9cda8c53a37fbf4d57a942351aa186fb0a051b0f","messageTitle":"Fix checkstyle","messageBody":"","fileTypesAndContributionMap":{"functional-code":{"insertions":0,"deletions":6}}}]},{"date":"2021-10-07","commitResults":[{"hash":"b046fc4e78d383788d9b1fd74cde22abe883170b","messageTitle":"Update help command with SeniorLove UG URL","messageBody":"","fileTypesAndContributionMap":{"functional-code":{"insertions":1,"deletions":1}}},{"hash":"b35077a59d61e7417d242bbbe7660f6f31f9da8a","messageTitle":"Reformat Visit to be inline with lastVisit","messageBody":"","fileTypesAndContributionMap":{"functional-code":{"insertions":78,"deletions":29},"test-code":{"insertions":26,"deletions":20}}},{"hash":"2e729e9b02ab92f332b2b8f589d84d8c1c259460","messageTitle":"Fix checkstyle","messageBody":"","fileTypesAndContributionMap":{"functional-code":{"insertions":0,"deletions":1}}}]},{"date":"2021-10-08","commitResults":[{"hash":"d8b3c135845156b0cf57bbf85f2a10fdb2f3420e","messageTitle":"Rename variables","messageBody":"","fileTypesAndContributionMap":{"functional-code":{"insertions":5,"deletions":5}}},{"hash":"ff671697abbb43586058768bf3d7b22e9fbb36ed","messageTitle":"Throw exception for empty visit","messageBody":"","fileTypesAndContributionMap":{"functional-code":{"insertions":0,"deletions":3}}},{"hash":"b51d45a70a4062aa435ebeedcd68619cd559eb27","messageTitle":"Add tests","messageBody":"","fileTypesAndContributionMap":{"test-code":{"insertions":15,"deletions":1}}},{"hash":"98cd13f37cceeff22cc3748c1f002f2c780bc580","messageTitle":"Remove unnecessary method","messageBody":"","fileTypesAndContributionMap":{"functional-code":{"insertions":0,"deletions":27}}}]},{"date":"2021-10-09","commitResults":[{"hash":"a7cc075e210346f6ce6a54a73e0b083cf7e0e368","messageTitle":"Add v flag for add command","messageBody":"","fileTypesAndContributionMap":{"functional-code":{"insertions":31,"deletions":2},"test-code":{"insertions":54,"deletions":5}}},{"hash":"b7c3e27990593cc5edc6f5c526bd3070706630f8","messageTitle":"Fix UI display bug for Visit","messageBody":"","fileTypesAndContributionMap":{"functional-code":{"insertions":1,"deletions":1}}},{"hash":"599a32cfe20a06da0185e0eaf1dc3d27aa555a5d","messageTitle":"Update format message for add","messageBody":"","fileTypesAndContributionMap":{"functional-code":{"insertions":3,"deletions":0}}}]},{"date":"2021-10-10","commitResults":[{"hash":"5f480707bdb254758486f455c6f097150b4aff5a","messageTitle":"Improve test coverage","messageBody":"","fileTypesAndContributionMap":{"functional-code":{"insertions":7,"deletions":7},"test-code":{"insertions":37,"deletions":2}}},{"hash":"fd5ba6ea38eb31e0449d0565f6d0fe412b778651","messageTitle":"Fix checkstyle","messageBody":"","fileTypesAndContributionMap":{"functional-code":{"insertions":12,"deletions":4},"test-code":{"insertions":10,"deletions":9}}}]},{"date":"2021-10-11","commitResults":[{"hash":"98a71395479111ca9e46837198560c2cc9b08316","messageTitle":"Add tests","messageBody":"","fileTypesAndContributionMap":{"test-code":{"insertions":32,"deletions":2}}}]},{"date":"2021-10-12","commitResults":[{"hash":"73efafbf8a0a8e12dd1df7b344b8082953cdeb91","messageTitle":"Update UserGuide","messageBody":"","fileTypesAndContributionMap":{"docs":{"insertions":17,"deletions":14}}},{"hash":"0767c683bdb8d36ba67ab132f23e61ef1ab74220","messageTitle":"Update MainWindow name to reflect SeniorLove","messageBody":"","fileTypesAndContributionMap":{"functional-code":{"insertions":1,"deletions":1}}},{"hash":"ba619f4775e135c43a474697b5041ca8b190d462","messageTitle":"Change find command to be consistent with UG specification","messageBody":"","fileTypesAndContributionMap":{"functional-code":{"insertions":20,"deletions":3},"test-code":{"insertions":6,"deletions":3}}}]},{"date":"2021-10-13","commitResults":[{"hash":"a1ceab72905cf0754a8b94a3fa227af74f434089","messageTitle":"Edit find message usage","messageBody":"","fileTypesAndContributionMap":{"functional-code":{"insertions":2,"deletions":2}}},{"hash":"dc837e215bfc01e38ede2cc69471e28a23f2c90e","messageTitle":"Abstract method","messageBody":"","fileTypesAndContributionMap":{"functional-code":{"insertions":11,"deletions":18}}},{"hash":"ad7f1a3457e943e35d697359f84e0a28eef64a34","messageTitle":"Fix checkstyle","messageBody":"","fileTypesAndContributionMap":{"functional-code":{"insertions":0,"deletions":1}}},{"hash":"39df1a4c2fa8f95040fec95bce8f5bc0bc615074","messageTitle":"Update find command example command","messageBody":"","fileTypesAndContributionMap":{"docs":{"insertions":1,"deletions":1}}}]},{"date":"2021-10-15","commitResults":[{"hash":"8882c23d7d9a762683242d7388d15daaa8d011e6","messageTitle":"Enhance find command","messageBody":"","fileTypesAndContributionMap":{"functional-code":{"insertions":88,"deletions":23},"test-code":{"insertions":54,"deletions":32}}},{"hash":"c915a9aee0c5c0ec186626db74d673b90fb0671e","messageTitle":"Update UG","messageBody":"","fileTypesAndContributionMap":{"functional-code":{"insertions":1,"deletions":1},"docs":{"insertions":13,"deletions":12},"test-code":{"insertions":0,"deletions":1}}},{"hash":"e248a3d9589a4198201eedc7ab9823429d639396","messageTitle":"Update test","messageBody":"","fileTypesAndContributionMap":{"test-code":{"insertions":1,"deletions":1}}},{"hash":"ad57af86fa25b315914df332109ba1a3aaedb584","messageTitle":"Update tests","messageBody":"","fileTypesAndContributionMap":{"test-code":{"insertions":48,"deletions":12}}},{"hash":"fd8d38ccf68681ed5fb06c95201f2ffcf549d109","messageTitle":"Add tests","messageBody":"","fileTypesAndContributionMap":{"test-code":{"insertions":20,"deletions":0}}}]},{"date":"2021-10-16","commitResults":[{"hash":"cab5a09f462881be9e0d50a10f11c197ea011567","messageTitle":"Enable assertions","messageBody":"","fileTypesAndContributionMap":{"other":{"insertions":4,"deletions":0}}}]},{"date":"2021-10-18","commitResults":[{"hash":"23ca9f17e7de3cff058a4afa65ba286590c34ca2","messageTitle":"Update DG","messageBody":"","fileTypesAndContributionMap":{"docs":{"insertions":59,"deletions":0}}},{"hash":"fb7b287dec00d5ed120d47b6f6aaa9e52787621e","messageTitle":"Remove whitespace","messageBody":"","fileTypesAndContributionMap":{"docs":{"insertions":4,"deletions":4}}},{"hash":"3b91ff2e80bafd27c04fdd3f1b433c7d1a550a0e","messageTitle":"Remove whitespace","messageBody":"","fileTypesAndContributionMap":{"docs":{"insertions":2,"deletions":2}}},{"hash":"94e4b8b718bfa0d8d9261362fbe8e7b61a0aad26","messageTitle":"Update activity diagram","messageBody":"","fileTypesAndContributionMap":{"docs":{"insertions":9,"deletions":5}}}]}],"huisthat":[{"date":"2021-09-27","commitResults":[{"hash":"24aa8e54aa83a801af10321f2b08b835afae70f4","messageTitle":"Edit user guide","messageBody":"","fileTypesAndContributionMap":{"docs":{"insertions":55,"deletions":34}}},{"hash":"2feeb748f444b24da4cfb00f1d75c5e51e7d01cf","messageTitle":"Update about us","messageBody":"","fileTypesAndContributionMap":{"docs":{"insertions":51,"deletions":5}}}]},{"date":"2021-10-06","commitResults":[{"hash":"62296573827d1978ab98216dc594bf0e10cd3bb4","messageTitle":"Replace email with language","messageBody":"","fileTypesAndContributionMap":{"functional-code":{"insertions":127,"deletions":145},"test-code":{"insertions":165,"deletions":201}}},{"hash":"acc4ce194cf93906d6b23497d901be04748eea3a","messageTitle":"Edit checkstyle issues","messageBody":"","fileTypesAndContributionMap":{"functional-code":{"insertions":11,"deletions":4}}},{"hash":"cdd2eeb3d6ad3b2d4349949d5a53708f2fc49b52","messageTitle":"Edit more checkstyle issues","messageBody":"","fileTypesAndContributionMap":{"test-code":{"insertions":35,"deletions":19}}},{"hash":"578d3e689870b878fb02454c1dfc39f334e1302e","messageTitle":"Edit test issues","messageBody":"","fileTypesAndContributionMap":{"test-code":{"insertions":28,"deletions":28}}}]},{"date":"2021-10-07","commitResults":[{"hash":"2e12388045ced48ba79befecf6057b75ff5b159f","messageTitle":"Modify display for Person","messageBody":"","fileTypesAndContributionMap":{"functional-code":{"insertions":6,"deletions":8}}}]},{"date":"2021-10-09","commitResults":[{"hash":"938b6d32478f7e8ba4a91672eb92ae6ea43730c6","messageTitle":"add recurring visits","messageBody":"","fileTypesAndContributionMap":{"functional-code":{"insertions":226,"deletions":28},"test-code":{"insertions":103,"deletions":31}}}]},{"date":"2021-10-19","commitResults":[{"hash":"36681658cc771fca18c76b1031d580d6db9be38a","messageTitle":"Change tags to health conditions","messageBody":"","fileTypesAndContributionMap":{"functional-code":{"insertions":222,"deletions":211},"test-code":{"insertions":216,"deletions":193}}},{"hash":"74a1d8c4652e4bc2c940509438170cdf70afd57f","messageTitle":"Update Developer Guide and User Guide","messageBody":"","fileTypesAndContributionMap":{"docs":{"insertions":201,"deletions":16}}},{"hash":"9495e0bf2efe1d401c91c147a9beffff78199228","messageTitle":"Update Developer Guide and User Guide","messageBody":"","fileTypesAndContributionMap":{"docs":{"insertions":3,"deletions":4}}},{"hash":"4f24c120b7648c9ba8eaf591368d48b41028a0a4","messageTitle":"Edit spelling error","messageBody":"","fileTypesAndContributionMap":{"docs":{"insertions":1,"deletions":1}}}]}],"ailing35":[{"date":"2021-09-28","commitResults":[{"hash":"c3bdeffe508963cea262c2af7182a628f4a532c9","messageTitle":"Update AboutUs","messageBody":"","fileTypesAndContributionMap":{"docs":{"insertions":74,"deletions":22}}},{"hash":"ee890b29283056a152f1bb5602da7beb4c8fd71a","messageTitle":"Fix photo url","messageBody":"","fileTypesAndContributionMap":{"docs":{"insertions":1,"deletions":1}}},{"hash":"0f9188d5d88656f8c9ed3f54bbf3e24260e7335f","messageTitle":"Update user guide list and find commands","messageBody":"","fileTypesAndContributionMap":{"docs":{"insertions":14,"deletions":8}}},{"hash":"08d9b9ed17f3f30c1ffd985a8a295118180e7066","messageTitle":"Update developer guide NFR and glossary","messageBody":"","fileTypesAndContributionMap":{"docs":{"insertions":4,"deletions":19}}}]},{"date":"2021-10-06","commitResults":[{"hash":"cdcbe74ea3cd2e1ce0cd031cfd2210c628cf46ce","messageTitle":"Add LastVisit model and test, and add it to Person model","messageBody":"","fileTypesAndContributionMap":{"functional-code":{"insertions":50,"deletions":2},"test-code":{"insertions":31,"deletions":0}}},{"hash":"e00e4eac2f929c4911457a063462fb02cc85fb6d","messageTitle":"Update commands and tests with last visit field","messageBody":"","fileTypesAndContributionMap":{"functional-code":{"insertions":68,"deletions":14},"test-code":{"insertions":40,"deletions":12}}},{"hash":"cb240dafadd0bc19e5514e13f35ceefa5f49f0f3","messageTitle":"Fix test data and make last visit optional","messageBody":"","fileTypesAndContributionMap":{"functional-code":{"insertions":35,"deletions":24},"test-code":{"insertions":40,"deletions":20}}},{"hash":"a6dc5b95b02d2c93424060dd7bacf20bb5809885","messageTitle":"Rearrange visit and last visit on UI","messageBody":"","fileTypesAndContributionMap":{"functional-code":{"insertions":65,"deletions":10},"test-code":{"insertions":0,"deletions":1}}},{"hash":"b16ddd1585ae21f469370659bc9c7f2f37568468","messageTitle":"Fix codestyle","messageBody":"","fileTypesAndContributionMap":{"functional-code":{"insertions":9,"deletions":11},"test-code":{"insertions":0,"deletions":3}}},{"hash":"b4c7abd9a4345c00faac5eaa9b6e634ed9582b5a","messageTitle":"Update add command format in UI and user guide","messageBody":"","fileTypesAndContributionMap":{"functional-code":{"insertions":2,"deletions":2},"docs":{"insertions":4,"deletions":4}}}]},{"date":"2021-10-12","commitResults":[{"hash":"2b489aa9cce7b9e013af93dd1ae6442f3411b5b6","messageTitle":"Abstract out the checking of datetime regex with a datetime utility class","messageBody":"","fileTypesAndContributionMap":{"functional-code":{"insertions":23,"deletions":16}}},{"hash":"43d83a5c73d338565b4c1e88fe9690d096bb388f","messageTitle":"Disallow visit dates in the past and last visit dates in the future","messageBody":"","fileTypesAndContributionMap":{"functional-code":{"insertions":37,"deletions":3}}},{"hash":"321ce31d1a803970fa8cdcc5e62784d857c2cca0","messageTitle":"Fix test dates and add visit and last visit date generators for tests","messageBody":"","fileTypesAndContributionMap":{"test-code":{"insertions":56,"deletions":12}}},{"hash":"0c01d1394ee6e867fe71fba85e73892224f23047","messageTitle":"Abstract datetime formatter into utils and fix tests","messageBody":"","fileTypesAndContributionMap":{"functional-code":{"insertions":40,"deletions":41},"test-code":{"insertions":55,"deletions":11}}},{"hash":"70beaef28c09cf3224dc8d7e9c102c6137b153a4","messageTitle":"Fix checkstyle","messageBody":"","fileTypesAndContributionMap":{"test-code":{"insertions":2,"deletions":2}}},{"hash":"f38b0d05b531f631c9595d0f96f2a5871c3d5ace","messageTitle":"Add comments to DateTimeUtil class","messageBody":"","fileTypesAndContributionMap":{"functional-code":{"insertions":13,"deletions":6}}}]},{"date":"2021-10-14","commitResults":[{"hash":"f6c45c3ae77dc44c60b8e945b5874299040c0efc","messageTitle":"Fix checkstyle","messageBody":"","fileTypesAndContributionMap":{"test-code":{"insertions":7,"deletions":7}}},{"hash":"df3ffb4a06d74af697b3338a78dcd9b6d520a6ee","messageTitle":"Increase test coverage for frequency model","messageBody":"","fileTypesAndContributionMap":{"test-code":{"insertions":45,"deletions":0}}}]},{"date":"2021-10-16","commitResults":[{"hash":"923de94d1f1a7ea41a8758fac7be5f6218c46ebb","messageTitle":"Add frequency and occurrence to visit view","messageBody":"","fileTypesAndContributionMap":{"functional-code":{"insertions":26,"deletions":3}}},{"hash":"4d0cf48f0e93eb58596b27b02c3a52ebf9c65dc2","messageTitle":"Fix checkstyle","messageBody":"","fileTypesAndContributionMap":{"functional-code":{"insertions":0,"deletions":5}}},{"hash":"948870c5acfadfd703dbed69edcf06821951853d","messageTitle":"Fix tests","messageBody":"","fileTypesAndContributionMap":{"test-code":{"insertions":2,"deletions":2}}},{"hash":"f572e212fcc2121f34fd0591c2db08573200c911","messageTitle":"Fix empty get and add tests","messageBody":"","fileTypesAndContributionMap":{"functional-code":{"insertions":1,"deletions":1},"test-code":{"insertions":21,"deletions":0}}},{"hash":"fe49082dc83b2b56ecd9ca4f84d75d242a0ea0f2","messageTitle":"Fix checkstyle","messageBody":"","fileTypesAndContributionMap":{"test-code":{"insertions":2,"deletions":1}}}]}],"ziqing26":[{"date":"2021-09-27","commitResults":[{"hash":"9bdbe21843999f99f7d542ae37a1a5eefbbbcd93","messageTitle":"Update README.md for Ziqing","messageBody":"","fileTypesAndContributionMap":{"docs":{"insertions":53,"deletions":5}}},{"hash":"546520d26bb23f77298fe5c3e9f08b75807da169","messageTitle":"Update User Guide","messageBody":"* Add help command mockup\n* Add description for SeniorLove\n* Add feature list\n* Add command summary\n","fileTypesAndContributionMap":{"docs":{"insertions":20,"deletions":11}}},{"hash":"8ea7664c4bed686eab1d3c32447dd8a26b0f0c0b","messageTitle":"Update README.md","messageBody":"","fileTypesAndContributionMap":{"docs":{"insertions":17,"deletions":12}}},{"hash":"1cb9d0361ea2d2f76b1e02fae0209fd7f7af4045","messageTitle":"Fix checkstyle for README","messageBody":"","fileTypesAndContributionMap":{"docs":{"insertions":6,"deletions":7}}},{"hash":"0a71c39a31972cc3d7b028c4b76e2cfc623b92b7","messageTitle":"Fix photo link in about us","messageBody":"","fileTypesAndContributionMap":{"docs":{"insertions":1,"deletions":1}}}]},{"date":"2021-09-30","commitResults":[{"hash":"a1b815506cf0821ac974ec2853b3b356359de853","messageTitle":"Add elderly to glossary","messageBody":"","fileTypesAndContributionMap":{"docs":{"insertions":5,"deletions":3}}}]},{"date":"2021-10-05","commitResults":[{"hash":"00680d457a07529c2f9a4dbc5ce102cabaf1a00f","messageTitle":"Add v/ tag to command delete","messageBody":"","fileTypesAndContributionMap":{"functional-code":{"insertions":47,"deletions":11},"docs":{"insertions":3,"deletions":2}}},{"hash":"39dc4adb4da8b954dfbd4c7655d4a161bed99680","messageTitle":"Add tests for delete visit","messageBody":"","fileTypesAndContributionMap":{"functional-code":{"insertions":28,"deletions":7},"test-code":{"insertions":67,"deletions":0}}},{"hash":"af633305bbd3dc3ab32c60317937cf7962c281d6","messageTitle":"Fix delete visit test for filtered list","messageBody":"","fileTypesAndContributionMap":{"docs":{"insertions":2,"deletions":2},"test-code":{"insertions":17,"deletions":20}}},{"hash":"68b74eb8b5a0083e796755f26c8c7fc3282e92fc","messageTitle":"Delete unused method","messageBody":"","fileTypesAndContributionMap":{"functional-code":{"insertions":0,"deletions":4}}},{"hash":"30a0c780186dfe0169fc96f20dac18cc84f848a5","messageTitle":"Add message usage for delete visit","messageBody":"","fileTypesAndContributionMap":{"functional-code":{"insertions":5,"deletions":3}}}]},{"date":"2021-10-08","commitResults":[{"hash":"f097efe2f8c4e00d5179c6723f2c532f47aeb86c","messageTitle":"Recurring visit: Add Frequency Enum and Occurrence class","messageBody":"","fileTypesAndContributionMap":{"functional-code":{"insertions":109,"deletions":0},"test-code":{"insertions":70,"deletions":0}}}]},{"date":"2021-10-10","commitResults":[{"hash":"ed65e71c9feb7cf82f1afed3caa0918c35f8363d","messageTitle":"Add checks and tests for optional flags in recurring visit","messageBody":"","fileTypesAndContributionMap":{"functional-code":{"insertions":50,"deletions":2},"test-code":{"insertions":109,"deletions":35}}}]},{"date":"2021-10-19","commitResults":[{"hash":"6019c593b0e33b86651f213e14d21f2b7cded2d2","messageTitle":"Developer Guide: Update Delete Command and its diagrams","messageBody":"","fileTypesAndContributionMap":{"docs":{"insertions":163,"deletions":1}}}]}],"Chen-Yiyang":[{"date":"2021-09-28","commitResults":[{"hash":"9186f453536e111c6d6d9da9f6f48fc53ce73520","messageTitle":"Update AboutUs for Chen Yiyang","messageBody":"","fileTypesAndContributionMap":{"docs":{"insertions":51,"deletions":5}}},{"hash":"ef644178465536f9bee3dc86ef9957b4dabe2b40","messageTitle":"Update User Guide for visit and done commands","messageBody":"","fileTypesAndContributionMap":{"docs":{"insertions":26,"deletions":0}}},{"hash":"31307f2b16f68c7c28a4ac9304173da40ab3c730","messageTitle":"Update Developer Guide use cases","messageBody":"","fileTypesAndContributionMap":{"docs":{"insertions":69,"deletions":9}}}]},{"date":"2021-09-29","commitResults":[{"hash":"9b70533ad24087d9f34f063ebad701c28b143008","messageTitle":"Adjust developer guide use case format","messageBody":"","fileTypesAndContributionMap":{"docs":{"insertions":3,"deletions":3}}}]},{"date":"2021-10-05","commitResults":[{"hash":"073cafa094a1e5bdbf68eeffb98fa130015366e9","messageTitle":"Implement parser and model for done command","messageBody":"","fileTypesAndContributionMap":{"functional-code":{"insertions":124,"deletions":0}}},{"hash":"714c6f91c34e6d507586658d0afaf7691f3cccf6","messageTitle":"Update format to follow the checkstyle","messageBody":"","fileTypesAndContributionMap":{"functional-code":{"insertions":2,"deletions":2}}},{"hash":"222940d02ccf9065e122f4e56a75c40941596fad","messageTitle":"Add new tests for Visit and Person models","messageBody":"","fileTypesAndContributionMap":{"test-code":{"insertions":17,"deletions":0}}},{"hash":"bc55fb21dde39e0f6222f559d37032a31f35b13a","messageTitle":"Update Person and Visit test","messageBody":"","fileTypesAndContributionMap":{"functional-code":{"insertions":1,"deletions":1},"test-code":{"insertions":3,"deletions":2}}}]},{"date":"2021-10-06","commitResults":[{"hash":"2f7c2f33eb6c52e2502a24a9b494fc922fe2f1f2","messageTitle":"Create unit tests for done command and its parser","messageBody":"","fileTypesAndContributionMap":{"functional-code":{"insertions":4,"deletions":4},"test-code":{"insertions":147,"deletions":0}}},{"hash":"85edacc191e54ffddb19abe037338fbc38bfa927","messageTitle":"Update test classes\u0027 format to follow the checkystyle","messageBody":"","fileTypesAndContributionMap":{"test-code":{"insertions":13,"deletions":14}}}]},{"date":"2021-10-07","commitResults":[{"hash":"57bd74a023974faeead7729d1c9bba1dc13cb7d9","messageTitle":"Include last visited field in main and test code","messageBody":"","fileTypesAndContributionMap":{"functional-code":{"insertions":8,"deletions":9},"test-code":{"insertions":18,"deletions":9}}}]},{"date":"2021-10-10","commitResults":[{"hash":"c3e7962e72955073484179a1610dcfcfa26931d4","messageTitle":"Add in code for date time","messageBody":"","fileTypesAndContributionMap":{"functional-code":{"insertions":27,"deletions":19}}}]},{"date":"2021-10-11","commitResults":[{"hash":"cfd392ae854e7659ff4a2982cb11b86f4b3705c4","messageTitle":"Fix test code and add in tests for valid vist \u0026 last visit regex","messageBody":"","fileTypesAndContributionMap":{"functional-code":{"insertions":2,"deletions":2},"test-code":{"insertions":119,"deletions":34}}},{"hash":"5a71664d4a82478e2302659c9974c77326f7f9b9","messageTitle":"Fix test code","messageBody":"","fileTypesAndContributionMap":{"test-code":{"insertions":4,"deletions":4}}},{"hash":"00ff2dbe5c0a876b734613419d018957abed3805","messageTitle":"Fix optional[] in visit and last visit display","messageBody":"","fileTypesAndContributionMap":{"functional-code":{"insertions":2,"deletions":2},"test-code":{"insertions":2,"deletions":2}}},{"hash":"7021eaba61e25c0382ca706941190c544651464f","messageTitle":"Format displayed datetime for visit and last visit on GUI","messageBody":"","fileTypesAndContributionMap":{"functional-code":{"insertions":42,"deletions":20}}},{"hash":"61b1193a743595448da07c2e65ba650e34b1fb36","messageTitle":"Include testing for display datetime format","messageBody":"","fileTypesAndContributionMap":{"test-code":{"insertions":31,"deletions":0}}},{"hash":"81abb53201e36ffdd8a1acb2c1090b189d7319ff","messageTitle":"Update command message for add and visit command","messageBody":"","fileTypesAndContributionMap":{"functional-code":{"insertions":4,"deletions":4}}},{"hash":"20e8a7c45970607bd9f30f463e9920ee259b4153","messageTitle":"Add testing for done command parser","messageBody":"","fileTypesAndContributionMap":{"test-code":{"insertions":4,"deletions":3}}}]},{"date":"2021-10-17","commitResults":[{"hash":"f1d92194156122f9e3335a16517b6a26b322c377","messageTitle":"Fix bug","messageBody":"","fileTypesAndContributionMap":{"functional-code":{"insertions":7,"deletions":3}}},{"hash":"c491dde7da0c77fc2ce058f7189d0b16d64f3105","messageTitle":"Make exception message consistent for done and del command when no exisiting visit","messageBody":"","fileTypesAndContributionMap":{"functional-code":{"insertions":4,"deletions":3},"test-code":{"insertions":1,"deletions":1}}},{"hash":"e378b02f3c77a1b5dcf5d6f4bae4fea0a99085e1","messageTitle":"Update unit test","messageBody":"","fileTypesAndContributionMap":{"test-code":{"insertions":2,"deletions":1}}},{"hash":"62ec6dbef358e44ff2822d53c557deb739d484d3","messageTitle":"Mark overdue visits as red","messageBody":"","fileTypesAndContributionMap":{"functional-code":{"insertions":60,"deletions":0}}},{"hash":"7414e833544e21a5e419b337652b818dbfb39ec4","messageTitle":"Add unit tests for non-GUI parts","messageBody":"","fileTypesAndContributionMap":{"test-code":{"insertions":15,"deletions":0}}},{"hash":"4e6f1441408c0f80132d6ea630e7ed9ebf1c7bc0","messageTitle":"Improve code to follow the checkstyle","messageBody":"","fileTypesAndContributionMap":{"functional-code":{"insertions":7,"deletions":8}}},{"hash":"49a49607fbf217db898a4080024838d8b34eec47","messageTitle":"Improve resource files and docs to follow the checkstyle","messageBody":"","fileTypesAndContributionMap":{"functional-code":{"insertions":1,"deletions":1},"docs":{"insertions":8,"deletions":8}}},{"hash":"09b325d56aeba801c6d5a0fe77294cdbb8b5c6f6","messageTitle":"Add more unit tests","messageBody":"","fileTypesAndContributionMap":{"test-code":{"insertions":12,"deletions":0}}}]},{"date":"2021-10-19","commitResults":[{"hash":"1463557f47c6ce80dac6a517a2bea25cef7872e0","messageTitle":"Update Develope Guide for done command and datetime","messageBody":"","fileTypesAndContributionMap":{"docs":{"insertions":58,"deletions":0}}},{"hash":"1aa593484ffa7a8c39ae75c15f1f49f6e51b4c99","messageTitle":"Fix typo in DG","messageBody":"","fileTypesAndContributionMap":{"docs":{"insertions":3,"deletions":3}}}]}]},"authorFileTypeContributionMap":{"luayida99":{"docs":174,"functional-code":370,"test-code":413,"other":4},"huisthat":{"docs":269,"functional-code":536,"test-code":441},"ailing35":{"docs":75,"functional-code":237,"test-code":246},"ziqing26":{"docs":257,"functional-code":209,"test-code":255},"Chen-Yiyang":{"docs":175,"functional-code":237,"test-code":341}},"authorContributionVariance":{"luayida99":15003.565,"huisthat":52218.125,"ailing35":8975.015,"ziqing26":4187.682,"Chen-Yiyang":4666.29},"authorDisplayNameMap":{"luayida99":"CS2103-T14-1 LUA ..I DA","huisthat":"CS2103-T14-1 HU L..LONG","ailing35":"CS2103-T14-1 HONG..LING","ziqing26":"CS2103-T14-1 ZHAN..QING","Chen-Yiyang":"CS2103-T14-1 CHEN..YANG"}}
