{"authorDailyContributionsMap":{"GWphua":[{"date":"2021-09-29","commitResults":[{"hash":"682b547ecba11c6080709c38dd23f2e1e2aa94ea","messageTitle":"Update User Guide.","messageBody":"","fileTypesAndContributionMap":{"docs":{"insertions":71,"deletions":81}}}]},{"date":"2021-10-01","commitResults":[{"hash":"95229334bda14380dfe82724533b8ca70451fb43","messageTitle":"Move \u0027Menu\u0027 to [coming soon] as planned.","messageBody":"","fileTypesAndContributionMap":{"docs":{"insertions":6,"deletions":9}}}]},{"date":"2021-10-07","commitResults":[{"hash":"31e11a191f66b35f20f24ee6a3e9a448c92ccfc4","messageTitle":"Refactor n/ to /n","messageBody":"","fileTypesAndContributionMap":{"functional-code":{"insertions":5,"deletions":5}}},{"hash":"0fc06eecfc86a23b70f5d7258acf00291fe825ef","messageTitle":"Update User Guide according to command change.","messageBody":"","fileTypesAndContributionMap":{"docs":{"insertions":3,"deletions":3}}},{"hash":"ccf9a3c19d001d4653550f4633ff8bb062937efe","messageTitle":"Update Developer Guide to follow new commands.","messageBody":"","fileTypesAndContributionMap":{"docs":{"insertions":1,"deletions":1}}}]},{"date":"2021-10-12","commitResults":[{"hash":"ad211b9c3fac983de35bc39d350b8d55f15a64b6","messageTitle":"Add a column for eventList viewing.","messageBody":"","fileTypesAndContributionMap":{"functional-code":{"insertions":39,"deletions":13}}},{"hash":"17d8d7d3862b66fd808e4edbc0512c1c402a51ef","messageTitle":"Add foundation to event viewing in the GUI.","messageBody":"","fileTypesAndContributionMap":{"functional-code":{"insertions":185,"deletions":1}}}]},{"date":"2021-10-13","commitResults":[{"hash":"bc7c3d6985d0bb0b4322337fe35132b5f1f918b1","messageTitle":"Refactor code to work with merge.","messageBody":"","fileTypesAndContributionMap":{"functional-code":{"insertions":3,"deletions":4}}},{"hash":"a168e0979542b93f9fdf35ade8a9bc3e5ca16a42","messageTitle":"Fix bug that causes only half of the EventList to appear.","messageBody":"","fileTypesAndContributionMap":{"functional-code":{"insertions":27,"deletions":25}}},{"hash":"6dca448b7651bbc4e0e569b889f8e2280175bb9b","messageTitle":"Add in display for tasks.","messageBody":"","fileTypesAndContributionMap":{"functional-code":{"insertions":8,"deletions":1}}},{"hash":"6bbc6c5be23f5c320401f3956006a103e18d27cc","messageTitle":"Styling for participants and tasks.","messageBody":"","fileTypesAndContributionMap":{"functional-code":{"insertions":29,"deletions":0}}}]},{"date":"2021-10-19","commitResults":[{"hash":"cdd82dd779e586a7b23e32ed801cb8cd20ae9547","messageTitle":"Fix bug where Member list and Event list is not updating as expected.","messageBody":"","fileTypesAndContributionMap":{"functional-code":{"insertions":4,"deletions":1}}},{"hash":"3e17005d93a28a470f706b24d39526494b3fd21b","messageTitle":"Bug still persists after reboot. Reverting Changes.","messageBody":"","fileTypesAndContributionMap":{"functional-code":{"insertions":0,"deletions":4}}}]},{"date":"2021-10-20","commitResults":[{"hash":"9e22996b52886245b91b55f4c309433f1ebdb876","messageTitle":"Update UML diagram according to UI architecture.","messageBody":"","fileTypesAndContributionMap":{"docs":{"insertions":25,"deletions":19}}}]},{"date":"2021-10-21","commitResults":[{"hash":"0b622e31bec160f43f48b8850cdfe02e9efeb989","messageTitle":"Update DeveloperGuide.md","messageBody":"","fileTypesAndContributionMap":{"docs":{"insertions":30,"deletions":3}}},{"hash":"b480623b6a8e66dab4aee4853a4e43a774738f25","messageTitle":"Add assertion.","messageBody":"","fileTypesAndContributionMap":{"test-code":{"insertions":1,"deletions":0}}}]},{"date":"2021-10-22","commitResults":[{"hash":"e148d73299ebede1ece0c41a0e321841d6e3bef7","messageTitle":"Add classes to facilitate display of Task List on GUI.","messageBody":"","fileTypesAndContributionMap":{"functional-code":{"insertions":113,"deletions":0}}},{"hash":"3f444352f269899559f094bc4315531eec4e9c8b","messageTitle":"Add fxml files for Task List.","messageBody":"","fileTypesAndContributionMap":{"functional-code":{"insertions":40,"deletions":0}}}]},{"date":"2021-10-24","commitResults":[{"hash":"ee1af653dc04d09172c43e5b78901679ee13def2","messageTitle":"Update GUI settings.","messageBody":"","fileTypesAndContributionMap":{"functional-code":{"insertions":30,"deletions":13}}},{"hash":"885d89483e6d8a8a4c771222ae08e4d7c01bbbaf","messageTitle":"Add method to return ObservableList in Logic.","messageBody":"","fileTypesAndContributionMap":{"functional-code":{"insertions":16,"deletions":2}}},{"hash":"29841511f9cfca92805eb473a84d31f02a3ab009","messageTitle":"Add some SLAP to MainWindow.","messageBody":"","fileTypesAndContributionMap":{"functional-code":{"insertions":36,"deletions":18}}},{"hash":"b537f0ad16e444f315171c4ff94211b70e6d00fb","messageTitle":"Force refresh Event/Member/Task list to deal with delayed input bug.","messageBody":"","fileTypesAndContributionMap":{"functional-code":{"insertions":3,"deletions":0}}},{"hash":"117fa3f9bcc94a1fb60bc207b5da93304b4823d6","messageTitle":"Force update of filteredTasks to help with showing of tasks.","messageBody":"","fileTypesAndContributionMap":{"functional-code":{"insertions":3,"deletions":1}}},{"hash":"44b89455cb5e56dd24beba7b09700b35496298bd","messageTitle":"Revert \"Force update of filteredTasks to help with showing of tasks.\"","messageBody":"This reverts commit 117fa3f9bcc94a1fb60bc207b5da93304b4823d6.\n","fileTypesAndContributionMap":{"functional-code":{"insertions":1,"deletions":3}}},{"hash":"f31b94acb2e31d2d1785ccc58660fe6899b1e461","messageTitle":"Update access modifiers of methods in MainWindow.","messageBody":"","fileTypesAndContributionMap":{"functional-code":{"insertions":3,"deletions":3}}},{"hash":"a6828416345b3ee018bdd29e6f51506eceeaf812","messageTitle":"Updating sample UI example.","messageBody":"","fileTypesAndContributionMap":{"docs":{"insertions":2,"deletions":2}}},{"hash":"97d456c8b894038732eab5bc0c3415da254d0429","messageTitle":"Change the Application Icon of Ailurus.","messageBody":"","fileTypesAndContributionMap":{"functional-code":{"insertions":2,"deletions":2}}},{"hash":"39fd062d262d9ee8a987b86a0684c7ebfb2b4894","messageTitle":"Update UserGuide","messageBody":"","fileTypesAndContributionMap":{"docs":{"insertions":87,"deletions":93}}}]},{"date":"2021-10-25","commitResults":[{"hash":"4f9fc98328e7e3e307a69bc88172f047bbad9da1","messageTitle":"Update User Guide.","messageBody":"","fileTypesAndContributionMap":{"docs":{"insertions":12,"deletions":4}}},{"hash":"ab263621d9a2b7fabc30cbd83c8d08420227061f","messageTitle":"Change Colour of Card Pane Selection.","messageBody":"","fileTypesAndContributionMap":{"functional-code":{"insertions":1,"deletions":1}}},{"hash":"818756a298c5dbd03b1fff4555ae85297a5a0fec","messageTitle":"Update User Guide according to commands discussed on 25/10.","messageBody":"","fileTypesAndContributionMap":{"docs":{"insertions":69,"deletions":24}}}]},{"date":"2021-10-26","commitResults":[{"hash":"c45a43ca221e1889c8505bb2fd78b9f0ed798a39","messageTitle":"Update UserGuide according to PR comments.","messageBody":"","fileTypesAndContributionMap":{"docs":{"insertions":25,"deletions":22}}},{"hash":"3b6c5fdcff27ee757c4748af81cc34da6af781c9","messageTitle":"Add deadline field to Task Cards.","messageBody":"","fileTypesAndContributionMap":{"functional-code":{"insertions":4,"deletions":0}}},{"hash":"7bf0b2cbaa01104ab779a93c4620a9ba55d30dad","messageTitle":"Amended emark as discussed on 26/10","messageBody":"","fileTypesAndContributionMap":{"docs":{"insertions":5,"deletions":5}}},{"hash":"f4cda9e82a54d056b700dd98f2b8f24655672bd1","messageTitle":"Add in eunmark in User Guide.","messageBody":"","fileTypesAndContributionMap":{"docs":{"insertions":19,"deletions":3}}},{"hash":"e1d167dbd27313eb6604d7826f8d7836a2a377dd","messageTitle":"Add in label for member list.","messageBody":"","fileTypesAndContributionMap":{"functional-code":{"insertions":40,"deletions":0}}},{"hash":"3c187e3d266a0807f25838513ed347fe18eac85f","messageTitle":"Create label for Task List.","messageBody":"","fileTypesAndContributionMap":{"functional-code":{"insertions":35,"deletions":0}}}]},{"date":"2021-10-27","commitResults":[{"hash":"341f39fef475b540ec94920b8a8f9168632f851c","messageTitle":"Add Event List Label. Changed label from Member/Task List.","messageBody":"","fileTypesAndContributionMap":{"functional-code":{"insertions":40,"deletions":3}}},{"hash":"ee4e7289908f08bc249d6da66afea856ff029f79","messageTitle":"Add functionality to display when task is done or not.","messageBody":"","fileTypesAndContributionMap":{"functional-code":{"insertions":8,"deletions":13}}},{"hash":"1771edf85a613e159ffd79e7e7192271bf890cf7","messageTitle":"Change colour display to make the two states more appealing.","messageBody":"","fileTypesAndContributionMap":{"functional-code":{"insertions":5,"deletions":1}}},{"hash":"6a2e3949d64a4b47661e927413535be5e3ea4c7e","messageTitle":"Add in functionality to check if participants have attended the event.","messageBody":"","fileTypesAndContributionMap":{"functional-code":{"insertions":18,"deletions":2}}},{"hash":"388e6648936752cb248dcbbc573d4d7d5bcde321","messageTitle":"Add emarkall in UserGuide","messageBody":"","fileTypesAndContributionMap":{"docs":{"insertions":16,"deletions":4}}},{"hash":"ce86fa8f4e3ecf9d27465e219b2be29b62d0d16c","messageTitle":"Add in links to technical jargons, and how-to-use instructions in User Guide.","messageBody":"","fileTypesAndContributionMap":{"docs":{"insertions":9,"deletions":2}}},{"hash":"5648328b77e819404de2bc8244fc742d7751c18e","messageTitle":"Adding 2 dots to abbreviations.","messageBody":"","fileTypesAndContributionMap":{"docs":{"insertions":2,"deletions":2}}},{"hash":"9a324681c51dfaeff87d5a20177347b4d91a3e1e","messageTitle":"Change colour scheme.","messageBody":"","fileTypesAndContributionMap":{"functional-code":{"insertions":6,"deletions":6}}}]},{"date":"2021-10-28","commitResults":[{"hash":"de05a1233b207ec9d5c67c845abe49ee69a8be10","messageTitle":"Take out elist /m.","messageBody":"","fileTypesAndContributionMap":{"functional-code":{"insertions":1,"deletions":12}}},{"hash":"6d18b344142a42f889fe127c31353b56cc2d5f8e","messageTitle":"Update GUI colours.","messageBody":"","fileTypesAndContributionMap":{"functional-code":{"insertions":6,"deletions":6}}},{"hash":"a99b49f7aec4a2759ae627a29edebdc7f55b8f25","messageTitle":"Take away elist.","messageBody":"","fileTypesAndContributionMap":{"docs":{"insertions":0,"deletions":12}}}]}],"LiuZhi1an":[{"date":"2021-09-30","commitResults":[{"hash":"76fd03033f9bed5b767150ec4d525170ec514e54","messageTitle":"edit aboutus","messageBody":"","fileTypesAndContributionMap":{"docs":{"insertions":33,"deletions":23}}},{"hash":"3169f6374296b4009d81c25c49f4532d9a6862d6","messageTitle":"edit developer guide","messageBody":"","fileTypesAndContributionMap":{"docs":{"insertions":48,"deletions":148}}},{"hash":"c1af40749aeba1745f5be866d6b4b9257ecbba1b","messageTitle":"edit developer guide","messageBody":"","fileTypesAndContributionMap":{"docs":{"insertions":148,"deletions":48}}},{"hash":"11c29ce4b18081b9397cc59d594a03e54a091972","messageTitle":"edit developer guide","messageBody":"","fileTypesAndContributionMap":{"docs":{"insertions":41,"deletions":2}}}]},{"date":"2021-10-06","commitResults":[{"hash":"bd0fbae1899e991c32079f4cea464762ba071658","messageTitle":"add constraints to NFR","messageBody":"","fileTypesAndContributionMap":{"docs":{"insertions":4,"deletions":0}}},{"hash":"dee1598f561b6c0747078802eb2bf3a32102ad5c","messageTitle":"refactor all tag occurrences to position","messageBody":"","fileTypesAndContributionMap":{"functional-code":{"insertions":183,"deletions":183},"docs":{"insertions":5,"deletions":5},"test-code":{"insertions":167,"deletions":167}}},{"hash":"81a96084fc8a517d56a35b2b7e3baf04afbbc352","messageTitle":"apply checkstyle","messageBody":"","fileTypesAndContributionMap":{"test-code":{"insertions":41,"deletions":27}}},{"hash":"f0af3d8bb34b62c14ce50cf407e0224ebdda977b","messageTitle":"apply checkstyleMain","messageBody":"","fileTypesAndContributionMap":{"functional-code":{"insertions":4,"deletions":2}}}]},{"date":"2021-10-07","commitResults":[{"hash":"97a4f9d441f39fe5750f60eba76ad53cbc5109c4","messageTitle":"fix previously unchanged tags","messageBody":"","fileTypesAndContributionMap":{"functional-code":{"insertions":30,"deletions":29},"docs":{"insertions":18,"deletions":18},"test-code":{"insertions":19,"deletions":19}}},{"hash":"fc1b9d86d487743b4deff5204ae18790dcaf7c9c","messageTitle":"add some more NFRs","messageBody":"","fileTypesAndContributionMap":{"docs":{"insertions":6,"deletions":1}}},{"hash":"38ffbff966c03a48cd895fda1a36b018419b3413","messageTitle":"resolve conflicts","messageBody":"","fileTypesAndContributionMap":{"functional-code":{"insertions":10,"deletions":64},"test-code":{"insertions":45,"deletions":344}}},{"hash":"8f65230dd30d9f73b70ab6f87bfbc13ddb4e5405","messageTitle":"resolve conflicts","messageBody":"","fileTypesAndContributionMap":{"functional-code":{"insertions":24,"deletions":24},"test-code":{"insertions":83,"deletions":83}}},{"hash":"9cfa1085f1fae1f44a858dfc713443a079bdd815","messageTitle":"fix conflicts in guides","messageBody":"","fileTypesAndContributionMap":{"functional-code":{"insertions":2,"deletions":2},"docs":{"insertions":10,"deletions":44}}}]},{"date":"2021-10-11","commitResults":[{"hash":"1f5b7479b352108a28f16a5b48c0d15b43f9f537","messageTitle":"implement add task to a member","messageBody":"","fileTypesAndContributionMap":{"functional-code":{"insertions":212,"deletions":20},"test-code":{"insertions":1,"deletions":1}}},{"hash":"b5dcb59b1ecf48638723839c2f466a9f7b24c791","messageTitle":"implement delete task for a member","messageBody":"","fileTypesAndContributionMap":{"functional-code":{"insertions":194,"deletions":17}}}]},{"date":"2021-10-12","commitResults":[{"hash":"58b652354e309c6343a4fd5d702d6ea195529fca","messageTitle":"add test methods for TAddCommand and task models","messageBody":"","fileTypesAndContributionMap":{"test-code":{"insertions":379,"deletions":0}}},{"hash":"8f39130ca99c1b64ee35d720180c48b7d599a3f2","messageTitle":"add test methods for TDelCommand","messageBody":"","fileTypesAndContributionMap":{"functional-code":{"insertions":2,"deletions":2},"test-code":{"insertions":337,"deletions":0}}},{"hash":"be5a4d79a7f5296f01bb5af2c95ec81e0c2b7c83","messageTitle":"add test for parsers","messageBody":"","fileTypesAndContributionMap":{"functional-code":{"insertions":5,"deletions":9},"test-code":{"insertions":179,"deletions":13}}},{"hash":"9438cbb5a54649bf64f1ee39fbbb680b7db9da3c","messageTitle":"add test methods for parserUtil","messageBody":"","fileTypesAndContributionMap":{"functional-code":{"insertions":7,"deletions":3},"test-code":{"insertions":70,"deletions":0}}},{"hash":"697d5424408c9a7d70d5cfe0d417b38c07b4617d","messageTitle":"change usage of MemberID and TaskID to index","messageBody":"","fileTypesAndContributionMap":{"functional-code":{"insertions":66,"deletions":176},"test-code":{"insertions":136,"deletions":207}}},{"hash":"411d71da4a7cb9a4664ffad63e47a63aadc3ff4d","messageTitle":"resolve model conflicts","messageBody":"","fileTypesAndContributionMap":{"test-code":{"insertions":12,"deletions":0}}},{"hash":"c1655716d8b39e56b0fbc0f2d254743ee0db90dd","messageTitle":"fix minor bug","messageBody":"","fileTypesAndContributionMap":{"functional-code":{"insertions":6,"deletions":2}}}]},{"date":"2021-10-13","commitResults":[{"hash":"3d8061ac299b629d425d46b30c618abfda663cbb","messageTitle":"delete check duplicate task and make other changes","messageBody":"","fileTypesAndContributionMap":{"functional-code":{"insertions":13,"deletions":19},"test-code":{"insertions":34,"deletions":62}}},{"hash":"52f04bd00ef8f5c9152287807af093e6856163d6","messageTitle":"delete check duplicate task and make other changes","messageBody":"","fileTypesAndContributionMap":{"functional-code":{"insertions":2,"deletions":2},"test-code":{"insertions":0,"deletions":1}}},{"hash":"c8b6ec667a8193d4659eaa8eed2754bfd40dd7fd","messageTitle":"delete check duplicate task and make other changes","messageBody":"","fileTypesAndContributionMap":{"functional-code":{"insertions":0,"deletions":1},"test-code":{"insertions":2,"deletions":2}}},{"hash":"3adfe6657691ff7e0a1589395c4e5e72999d2552","messageTitle":"use name instead of taskname","messageBody":"","fileTypesAndContributionMap":{"functional-code":{"insertions":7,"deletions":8},"test-code":{"insertions":5,"deletions":5}}}]},{"date":"2021-10-18","commitResults":[{"hash":"d2a9129fec54ebfe5628c569de08cdc1d8dded85","messageTitle":"add tlist command file","messageBody":"","fileTypesAndContributionMap":{"functional-code":{"insertions":45,"deletions":1}}},{"hash":"bebb64f040483a680748bbfd820fa891c51a6f0a","messageTitle":"add tlist parser","messageBody":"","fileTypesAndContributionMap":{"functional-code":{"insertions":27,"deletions":0}}},{"hash":"1766534631f8dad58b164f3e1b84f32767467223","messageTitle":"change tlist parse format and add parser in addressbook","messageBody":"","fileTypesAndContributionMap":{"functional-code":{"insertions":24,"deletions":22}}},{"hash":"e0256b3daac94dfb7db67de8988e9c8eb3b28fa3","messageTitle":"add tests for tlistCommand, tlistParse and addressbookParser","messageBody":"","fileTypesAndContributionMap":{"functional-code":{"insertions":7,"deletions":0},"test-code":{"insertions":83,"deletions":11}}},{"hash":"f8d50cd3ea1eb50d80e87da9fc98e9b3537bef84","messageTitle":"fix CI","messageBody":"","fileTypesAndContributionMap":{"functional-code":{"insertions":12,"deletions":12},"test-code":{"insertions":7,"deletions":7}}},{"hash":"c9c52f7620c1fbd2cd9699287d3dfc8295d0c026","messageTitle":"fix CI","messageBody":"","fileTypesAndContributionMap":{"functional-code":{"insertions":16,"deletions":1},"test-code":{"insertions":19,"deletions":7}}},{"hash":"7a5466e190f8fd7d7c9c504a355332fd7929097a","messageTitle":"add test for no preamble failure","messageBody":"","fileTypesAndContributionMap":{"test-code":{"insertions":6,"deletions":0}}}]},{"date":"2021-10-20","commitResults":[{"hash":"8dda5b0896ea8f04bf4a7c74eaad61b1074a74af","messageTitle":"delete static for model stub","messageBody":"","fileTypesAndContributionMap":{"test-code":{"insertions":1,"deletions":1}}},{"hash":"50be61aad6a9b4783c5f97b6a4a09b8c68adf0d1","messageTitle":"add tadd command implementation in DG","messageBody":"","fileTypesAndContributionMap":{"docs":{"insertions":13,"deletions":0}}}]},{"date":"2021-10-21","commitResults":[{"hash":"8add6b4aeb2f7e59cb8cd6d82c99c370ba7808d3","messageTitle":"add tadd command implementation in DG","messageBody":"","fileTypesAndContributionMap":{"docs":{"insertions":46,"deletions":14}}},{"hash":"76584037a41ed1878a5e5a45ab3f10a775a67d59","messageTitle":"add tadd, tdel, tlist implementation in DG","messageBody":"","fileTypesAndContributionMap":{"docs":{"insertions":1,"deletions":1}}},{"hash":"fc269382241a7358d281e17ac11e0cb595daa71f","messageTitle":"resolve conflicts in DG","messageBody":"","fileTypesAndContributionMap":{"docs":{"insertions":6,"deletions":6}}},{"hash":"37b3fe1a079716e644f5c3e542081bfe2187c5d6","messageTitle":"resolve conflicts in DG","messageBody":"","fileTypesAndContributionMap":{"docs":{"insertions":1,"deletions":1}}},{"hash":"0082af15308eb8fb23fe25f0912a2947cb4aaa29","messageTitle":"resolve conflicts in DG","messageBody":"","fileTypesAndContributionMap":{"docs":{"insertions":2,"deletions":1}}}]}],"tsiyuk":[{"date":"2021-09-29","commitResults":[{"hash":"713e7e46c20059486c8aa2e9c45376ce1e8cbf88","messageTitle":"Modify README.md and add mock UI","messageBody":"","fileTypesAndContributionMap":{"functional-code":{"insertions":1,"deletions":1},"docs":{"insertions":11,"deletions":9}}}]},{"date":"2021-10-06","commitResults":[{"hash":"3afb57d3548d4b286830ad310f7dd36a5b92190b","messageTitle":"Documents: change all mentions to members","messageBody":"","fileTypesAndContributionMap":{"docs":{"insertions":83,"deletions":83}}},{"hash":"b9f20bd82d5a5c091c1b341de5643df8f18eeb22","messageTitle":"Refactoring code: replace add with padd","messageBody":"","fileTypesAndContributionMap":{"functional-code":{"insertions":3,"deletions":3},"other":{"insertions":40,"deletions":40},"test-code":{"insertions":7,"deletions":7}}},{"hash":"a2bbf91409d7e8807e5b786251b3789e32bb295c","messageTitle":"Modify import order","messageBody":"","fileTypesAndContributionMap":{"functional-code":{"insertions":1,"deletions":1},"test-code":{"insertions":17,"deletions":11}}},{"hash":"ea0db6c48317473080ab6afe44af6b7a71a56e3c","messageTitle":"Document: replace participants with members","messageBody":"","fileTypesAndContributionMap":{"docs":{"insertions":28,"deletions":28}}}]},{"date":"2021-10-09","commitResults":[{"hash":"19671d7d3dd78e3f37ba41a592a455a635d406ce","messageTitle":"Add draft task","messageBody":"","fileTypesAndContributionMap":{"functional-code":{"insertions":3536,"deletions":3163},"other":{"insertions":611,"deletions":0},"docs":{"insertions":2299,"deletions":2299},"test-code":{"insertions":3853,"deletions":3738}}},{"hash":"0d588e82521ddff0eab02556425c75d5b5b063b8","messageTitle":"merge conflicts","messageBody":"","fileTypesAndContributionMap":{"other":{"insertions":226,"deletions":226}}},{"hash":"db77999d1db8086f1eaf596a7a17eed14af67bac","messageTitle":"Implement task","messageBody":"","fileTypesAndContributionMap":{"functional-code":{"insertions":252,"deletions":43},"test-code":{"insertions":291,"deletions":18}}}]},{"date":"2021-10-10","commitResults":[{"hash":"2a6a7d728d539388c5d0353d2ec61adaf0dcf3ec","messageTitle":"delete /bin/","messageBody":"","fileTypesAndContributionMap":{"other":{"insertions":0,"deletions":610}}},{"hash":"d8805b0a88d4d4026b3b6458f95a95306224dca6","messageTitle":"change line separators","messageBody":"","fileTypesAndContributionMap":{"test-code":{"insertions":109,"deletions":109}}},{"hash":"5d3eeae566b41d36a99ac35a1bc41c896d868344","messageTitle":"Modify line separators","messageBody":"","fileTypesAndContributionMap":{"functional-code":{"insertions":3745,"deletions":3745},"other":{"insertions":73,"deletions":73},"docs":{"insertions":2299,"deletions":2299},"test-code":{"insertions":4017,"deletions":4017}}},{"hash":"150b5a9fca6fc04b5b5dd230b0199f55b272885e","messageTitle":"Fix json storage bugs: modify JsonAdaptedTask and JsonAdaptedMember","messageBody":"","fileTypesAndContributionMap":{"functional-code":{"insertions":2,"deletions":12},"test-code":{"insertions":61,"deletions":8}}},{"hash":"555c7b2fb6065609f0eeb7eeb6a953d02c464ea4","messageTitle":"deal with regressions","messageBody":"","fileTypesAndContributionMap":{"functional-code":{"insertions":5,"deletions":3},"test-code":{"insertions":5,"deletions":2}}},{"hash":"644b99a746345823df55e10d63ddc7ef072dc813","messageTitle":"Add index-based setTask and removeTask","messageBody":"","fileTypesAndContributionMap":{"functional-code":{"insertions":78,"deletions":15},"test-code":{"insertions":18,"deletions":5}}},{"hash":"fd9ebfd8fb3ca8af5d85bb24bf642179d67920e8","messageTitle":"Modify coding style","messageBody":"","fileTypesAndContributionMap":{"test-code":{"insertions":2,"deletions":3}}},{"hash":"a7c81290d1b6d988975b8d792339d4de4280b4e6","messageTitle":"Fix weird changes","messageBody":"","fileTypesAndContributionMap":{"functional-code":{"insertions":9,"deletions":16},"other":{"insertions":0,"deletions":1}}}]},{"date":"2021-10-13","commitResults":[{"hash":"6d3730761c1cc7b22d2a1e00c1946db0be8c5b47","messageTitle":"Member: make email and address optional","messageBody":"","fileTypesAndContributionMap":{"functional-code":{"insertions":47,"deletions":32},"test-code":{"insertions":42,"deletions":34}}}]},{"date":"2021-10-14","commitResults":[{"hash":"46c476b1d8cb9d38af764afa9fc5641da639f610","messageTitle":"Modify JsonAdaptedMember to support optional email and address","messageBody":"","fileTypesAndContributionMap":{"functional-code":{"insertions":2,"deletions":2},"test-code":{"insertions":18,"deletions":1}}},{"hash":"80d008a77a995a718ab2f94db391c2d3154aa038","messageTitle":"Fix bug in edit command","messageBody":"","fileTypesAndContributionMap":{"functional-code":{"insertions":8,"deletions":8},"test-code":{"insertions":2,"deletions":0}}},{"hash":"f049dcbeeef914187e7de7c5be5f0bcb55a37825","messageTitle":"Change test method name","messageBody":"","fileTypesAndContributionMap":{"test-code":{"insertions":1,"deletions":6}}}]},{"date":"2021-10-21","commitResults":[{"hash":"eb333924642c5033d0c12cb0276437064c95e136","messageTitle":"Modify DG","messageBody":"","fileTypesAndContributionMap":{"functional-code":{"insertions":15,"deletions":123},"other":{"insertions":4,"deletions":0},"docs":{"insertions":27,"deletions":3},"test-code":{"insertions":25,"deletions":19}}}]},{"date":"2021-10-22","commitResults":[{"hash":"d7553f4bc0aff114bf4cd93ef34c54067c56b630","messageTitle":"Add deadline and migrate task to module","messageBody":"","fileTypesAndContributionMap":{"functional-code":{"insertions":168,"deletions":59},"other":{"insertions":0,"deletions":4},"test-code":{"insertions":130,"deletions":28}}},{"hash":"3334485b1718d3a248dccfc9c4d37977def5501b","messageTitle":"Fix regressions","messageBody":"","fileTypesAndContributionMap":{"functional-code":{"insertions":12,"deletions":13},"docs":{"insertions":3,"deletions":0},"test-code":{"insertions":178,"deletions":49}}},{"hash":"bc140310e0e8b52171c384595cb567c2c22cc9c4","messageTitle":"Fix line separators","messageBody":"","fileTypesAndContributionMap":{"test-code":{"insertions":169,"deletions":169}}}]},{"date":"2021-10-23","commitResults":[{"hash":"193b008b60bd85738d35392937ce08d77044b098","messageTitle":"Fix member card sorting issue","messageBody":"","fileTypesAndContributionMap":{"functional-code":{"insertions":1,"deletions":3},"test-code":{"insertions":0,"deletions":1}}}]},{"date":"2021-10-24","commitResults":[{"hash":"dc35c7cc45b1e1fcb704e6f15d4ea50f770221f5","messageTitle":"Add getFilteredTaskList","messageBody":"","fileTypesAndContributionMap":{"functional-code":{"insertions":15,"deletions":0},"test-code":{"insertions":20,"deletions":0}}},{"hash":"834213878fdeaf51c6cae992a2dc7e25d11d67da","messageTitle":"Add getFilteredTaskList in logic","messageBody":"","fileTypesAndContributionMap":{"functional-code":{"insertions":10,"deletions":0}}},{"hash":"ef3e707f17851a380e2739de6e7a64112d3cc1b0","messageTitle":"Add update filtered list in methods","messageBody":"","fileTypesAndContributionMap":{"functional-code":{"insertions":3,"deletions":1}}}]},{"date":"2021-10-25","commitResults":[{"hash":"961bb6bae5266edd270df7baadcb4844798ce05d","messageTitle":"Add task edit command","messageBody":"","fileTypesAndContributionMap":{"functional-code":{"insertions":252,"deletions":7},"test-code":{"insertions":21,"deletions":6}}},{"hash":"9745c507c5126b96b583314af5dc478a196990df","messageTitle":"Remove duplicate methods","messageBody":"","fileTypesAndContributionMap":{"functional-code":{"insertions":4,"deletions":9}}},{"hash":"9c8645f1fca9f7692d904c2f82f401c1eebf7d97","messageTitle":"Remove java doc change","messageBody":"","fileTypesAndContributionMap":{"functional-code":{"insertions":3,"deletions":1}}},{"hash":"d93343f60a5611cc4c42e09f9200b36c42900cbc","messageTitle":"Remove java doc change","messageBody":"","fileTypesAndContributionMap":{"functional-code":{"insertions":1,"deletions":1}}},{"hash":"c0d20afc46ea002e77805c5608d414771c3c32f9","messageTitle":"fix line separators","messageBody":"","fileTypesAndContributionMap":{"functional-code":{"insertions":220,"deletions":220}}}]},{"date":"2021-10-27","commitResults":[{"hash":"0e997b974c434a8a8f1335da71b0e1fcecdd5100","messageTitle":"Add tdone command","messageBody":"","fileTypesAndContributionMap":{"functional-code":{"insertions":129,"deletions":7}}},{"hash":"372a6f1f33abb7804ae6af2f34efb5b5886c07e3","messageTitle":"Fix line separators","messageBody":"","fileTypesAndContributionMap":{"functional-code":{"insertions":119,"deletions":119}}}]}],"Samuel-bit-prog":[{"date":"2021-09-29","commitResults":[{"hash":"2a0b995c840820edc4d8b4760bf95cf98671251f","messageTitle":"Add DG and Target user profile, value proposition, and user stories up to 1.2 only","messageBody":"","fileTypesAndContributionMap":{"docs":{"insertions":45,"deletions":6}}},{"hash":"2b06b7b884957d0a86f203664c9612fb99faa219","messageTitle":"Modify DG based on comments","messageBody":"","fileTypesAndContributionMap":{"docs":{"insertions":12,"deletions":13}}}]},{"date":"2021-10-07","commitResults":[{"hash":"8c9c14e25af62a07fa1cde396e56a0dc6bdfd9fe","messageTitle":"Fix issue regarding table under Developer Guide and rephrase some phrases","messageBody":"","fileTypesAndContributionMap":{"docs":{"insertions":2,"deletions":2}}},{"hash":"eb9342dd2b7a6148e71b59cd0388022c65420217","messageTitle":"Fix find function to allow search for keywords instead of exact match and skeleton of Event.java","messageBody":"","fileTypesAndContributionMap":{"functional-code":{"insertions":14,"deletions":3}}},{"hash":"76a78820333e7b7cf0447d92766962d32d597093","messageTitle":"fix some test errors","messageBody":"","fileTypesAndContributionMap":{"test-code":{"insertions":1,"deletions":1}}}]},{"date":"2021-10-09","commitResults":[{"hash":"875b175a0c2d728865ff172b399252a9aedbcf92","messageTitle":"Add event with hashmap for attendance","messageBody":"","fileTypesAndContributionMap":{"functional-code":{"insertions":139,"deletions":1}}}]},{"date":"2021-10-10","commitResults":[{"hash":"e31446c75c416887a26faea31c2d99c07e1120c5","messageTitle":"Fix javadoc based on comments","messageBody":"","fileTypesAndContributionMap":{"functional-code":{"insertions":34,"deletions":12}}}]},{"date":"2021-10-11","commitResults":[{"hash":"8b09d979b540ceeb4712745a22aae3ee4139c573","messageTitle":"Implement event and JsonAdaptedEvent. Change test cases to fit new implementation as well as model and dependencies","messageBody":"","fileTypesAndContributionMap":{"functional-code":{"insertions":489,"deletions":11},"test-code":{"insertions":43,"deletions":3}}},{"hash":"dcfa635b4ee8dc1e6b64cfd19ef150b02aa98bfa","messageTitle":"fix merge conflicts","messageBody":"","fileTypesAndContributionMap":{"functional-code":{"insertions":1,"deletions":1},"test-code":{"insertions":5,"deletions":2}}}]},{"date":"2021-10-12","commitResults":[{"hash":"07c86978c0cea7a7317cc10f5646e62a8a4321a0","messageTitle":"make abstract class data that is extended by event and member.","messageBody":"Added skeleton for tests related to event\n","fileTypesAndContributionMap":{"functional-code":{"insertions":126,"deletions":143},"other":{"insertions":103,"deletions":105},"docs":{"insertions":2,"deletions":2},"test-code":{"insertions":114,"deletions":59}}},{"hash":"ccc16fed919d2500f2b7167dcf2fab8f122ff11a","messageTitle":"fix based on comments","messageBody":"","fileTypesAndContributionMap":{"functional-code":{"insertions":4,"deletions":4},"test-code":{"insertions":0,"deletions":16}}},{"hash":"e3588c740cf2b42fd2f4ea732093ab9602c47a47","messageTitle":"fix more errors based on comments","messageBody":"","fileTypesAndContributionMap":{"functional-code":{"insertions":2,"deletions":2},"other":{"insertions":1,"deletions":2},"test-code":{"insertions":6,"deletions":17}}}]},{"date":"2021-10-14","commitResults":[{"hash":"f69f619baa2e547f932c4af20eb6b963e66114ee","messageTitle":"add some test for event","messageBody":"","fileTypesAndContributionMap":{"functional-code":{"insertions":16,"deletions":0},"other":{"insertions":2,"deletions":2},"test-code":{"insertions":201,"deletions":0}}},{"hash":"486b7c95b4ee1f972b4331bd0d25575d80525610","messageTitle":"fix some naming errors for event test","messageBody":"","fileTypesAndContributionMap":{"other":{"insertions":2,"deletions":2},"test-code":{"insertions":1,"deletions":1}}}]},{"date":"2021-10-21","commitResults":[{"hash":"b53e26875eae79fc30bd200a0048c8c3c8d5e6cb","messageTitle":"Add more tests related to event. Refactor data class into module class and reshuffle packages","messageBody":"","fileTypesAndContributionMap":{"functional-code":{"insertions":102,"deletions":100},"other":{"insertions":80,"deletions":74},"docs":{"insertions":35,"deletions":35},"test-code":{"insertions":397,"deletions":147}}},{"hash":"ab7e66767277ea12dc2818e1f3f2cdef43f37bd3","messageTitle":"change small aspects of DG","messageBody":"","fileTypesAndContributionMap":{"docs":{"insertions":10,"deletions":3},"test-code":{"insertions":0,"deletions":8}}},{"hash":"b93c1a23cbd3eeaf098798efe97615265fdd487d","messageTitle":"change and update DG","messageBody":"","fileTypesAndContributionMap":{"functional-code":{"insertions":1,"deletions":1},"docs":{"insertions":31,"deletions":6},"test-code":{"insertions":4,"deletions":3}}},{"hash":"fe127f6f7f9d5277265f68cc8993acf20f888306","messageTitle":"fix errors where module replace data and save diagram as png","messageBody":"","fileTypesAndContributionMap":{"docs":{"insertions":36,"deletions":35},"test-code":{"insertions":0,"deletions":1}}},{"hash":"e714b01da123166a266ddcf5766d2319dc85083f","messageTitle":"fix merge conflicts","messageBody":"","fileTypesAndContributionMap":{"docs":{"insertions":0,"deletions":2}}}]},{"date":"2021-10-22","commitResults":[{"hash":"50110e6fda5f77e76fc605d5188020ba801fc5f9","messageTitle":"remove extra run assertion in build gradle and change depreciated archiveName to archiveFileName","messageBody":"","fileTypesAndContributionMap":{"other":{"insertions":1,"deletions":5}}}]},{"date":"2021-10-27","commitResults":[{"hash":"a07d0a23b0e537a82b5d3d481d41718ca06145a5","messageTitle":"change based on comment","messageBody":"","fileTypesAndContributionMap":{"other":{"insertions":1,"deletions":1}}}]},{"date":"2021-10-28","commitResults":[{"hash":"9cbac2ebd5ded1d03a5f0e1268f08a102dbc6531","messageTitle":"add mlist with filter for attendance and tlist with filter for overdue and completion status","messageBody":"","fileTypesAndContributionMap":{"functional-code":{"insertions":171,"deletions":32}}},{"hash":"68fc36cb8f19a64a4e8ba1e7c8e560f012ea6690","messageTitle":"change some imports","messageBody":"","fileTypesAndContributionMap":{"functional-code":{"insertions":6,"deletions":1}}},{"hash":"4f816fe3f7a3bc82670293b7619e2db974666c80","messageTitle":"fix checkstyle errors","messageBody":"","fileTypesAndContributionMap":{"functional-code":{"insertions":20,"deletions":8}}},{"hash":"3243a8e190fbe315c83363bd2d12246fbd6dd4df","messageTitle":"change based on comments","messageBody":"","fileTypesAndContributionMap":{"functional-code":{"insertions":3,"deletions":3}}}]}],"leeroy999":[{"date":"2021-09-29","commitResults":[{"hash":"e0ba8938e029eaadc1c5cac161312878f9c918d6","messageTitle":"Update _config.yml and _base.scss and use cases for DeveloperGuide.md","messageBody":"","fileTypesAndContributionMap":{"docs":{"insertions":81,"deletions":12}}},{"hash":"3e65417b81254059ff838139121c02e620dcbb30","messageTitle":"Update developer guide with minor fix","messageBody":"","fileTypesAndContributionMap":{"docs":{"insertions":1,"deletions":1}}},{"hash":"d4eda4dbce72a5b88bfa8350c358ecb6f355384e","messageTitle":"Update index.md with changes in names","messageBody":"","fileTypesAndContributionMap":{"docs":{"insertions":4,"deletions":4}}},{"hash":"888680dac719e0d03b169a22ee33326bb30d1fce","messageTitle":"Update DG use cases with marking task as done","messageBody":"","fileTypesAndContributionMap":{"docs":{"insertions":30,"deletions":1}}}]},{"date":"2021-09-30","commitResults":[{"hash":"c711686d7291114d6c20eb08c198819bdcc3b186","messageTitle":"Update docs for AB3 traces.","messageBody":"","fileTypesAndContributionMap":{"docs":{"insertions":4,"deletions":5}}}]},{"date":"2021-10-01","commitResults":[{"hash":"7e4c759601ab630272a441b71654655865365fa7","messageTitle":"Update docs for AB3 traces.","messageBody":"","fileTypesAndContributionMap":{"docs":{"insertions":2,"deletions":2}}}]},{"date":"2021-10-06","commitResults":[{"hash":"9f7724faa2703c8006b623c6feccd1ba75d587aa","messageTitle":"Update AboutUs.md with portfolios","messageBody":"","fileTypesAndContributionMap":{"docs":{"insertions":136,"deletions":5}}}]},{"date":"2021-10-07","commitResults":[{"hash":"ec09f47c33719f8e4c68789793917c42838bb3f8","messageTitle":"Update person to member","messageBody":"","fileTypesAndContributionMap":{"functional-code":{"insertions":411,"deletions":411},"other":{"insertions":194,"deletions":194},"docs":{"insertions":92,"deletions":92},"test-code":{"insertions":645,"deletions":645}}}]},{"date":"2021-10-11","commitResults":[{"hash":"57e9414d5e6006338cb8ea23e890abed0dd03360","messageTitle":"Update Padd to pascal casing, and add event add commands WIP.","messageBody":"","fileTypesAndContributionMap":{"functional-code":{"insertions":66,"deletions":3},"other":{"insertions":40,"deletions":40},"test-code":{"insertions":8,"deletions":8}}}]},{"date":"2021-10-12","commitResults":[{"hash":"cc8762c621862e6aa009a9c1fb018e7c826e5db8","messageTitle":"Add eadd command and update event classes to have individual EventDate and EventName. WIP","messageBody":"","fileTypesAndContributionMap":{"functional-code":{"insertions":350,"deletions":61}}},{"hash":"798f9f5f7b152e3b605e0bfc288e87fa77cdb160","messageTitle":"Add eadd and edelete commands, add functionality for adding participants to event.","messageBody":"","fileTypesAndContributionMap":{"functional-code":{"insertions":171,"deletions":40},"test-code":{"insertions":6,"deletions":0}}}]},{"date":"2021-10-13","commitResults":[{"hash":"a95f74bfbd0cb2351123bd018e90d597dc8ae980","messageTitle":"Add elist command","messageBody":"","fileTypesAndContributionMap":{"functional-code":{"insertions":24,"deletions":0}}},{"hash":"62693a9aefe2ef23ed7f36f162c545def8403355","messageTitle":"Add elistm command to list members in event, and fix delete and editing of members not affecting event participants","messageBody":"","fileTypesAndContributionMap":{"functional-code":{"insertions":128,"deletions":14}}},{"hash":"9976b15de2d5daa699118c458128f83fe5982a0e","messageTitle":"Fix minor checkstyle","messageBody":"","fileTypesAndContributionMap":{"functional-code":{"insertions":22,"deletions":11}}},{"hash":"870f9fd6998d09b5f66444f420416731896df88d","messageTitle":"Fix Tdel and Tadd, and fix PREFIX_MEMBER_ID","messageBody":"","fileTypesAndContributionMap":{"functional-code":{"insertions":14,"deletions":15},"other":{"insertions":53,"deletions":53},"test-code":{"insertions":12,"deletions":12}}}]},{"date":"2021-10-14","commitResults":[{"hash":"5c212848bfb5de2daa7be1360dfab2611a08fc13","messageTitle":"Fix javadocs","messageBody":"","fileTypesAndContributionMap":{"functional-code":{"insertions":1,"deletions":1},"other":{"insertions":1,"deletions":1}}}]},{"date":"2021-10-17","commitResults":[{"hash":"4bb477319b9fbec382e5a046663fce4398bbabab","messageTitle":"Update Model UML diagram WIP","messageBody":"","fileTypesAndContributionMap":{"docs":{"insertions":11,"deletions":0}}}]},{"date":"2021-10-20","commitResults":[{"hash":"c895e1812f4989d5d373939a0a9ec46e8c328102","messageTitle":"Add CommandActivityDiagram and update build.gradle WIP","messageBody":"","fileTypesAndContributionMap":{"other":{"insertions":4,"deletions":0},"docs":{"insertions":24,"deletions":3}}}]},{"date":"2021-10-21","commitResults":[{"hash":"89b4cf554cf227c632039351079fa079192ce58d","messageTitle":"Update docs and update build.gradle WIP","messageBody":"","fileTypesAndContributionMap":{"docs":{"insertions":96,"deletions":58}}},{"hash":"1b56aeb4af5ba2b8b30723f8f3cbf29c2c1964b5","messageTitle":"Update on docs (minor)","messageBody":"","fileTypesAndContributionMap":{"docs":{"insertions":2,"deletions":2}}}]},{"date":"2021-10-23","commitResults":[{"hash":"4d06d4e3816a6d01052465b97ee3fc1abe6d3075","messageTitle":"Update on docs table of contents","messageBody":"","fileTypesAndContributionMap":{"functional-code":{"insertions":1,"deletions":0},"docs":{"insertions":47,"deletions":9}}},{"hash":"63e2ec71c86a73e8b2f29f15c9a8287a888813e5","messageTitle":"Fix minor bug","messageBody":"","fileTypesAndContributionMap":{"functional-code":{"insertions":0,"deletions":1}}}]},{"date":"2021-10-24","commitResults":[{"hash":"9e46ed70da2d8c814e9b877bba44dbc769687047","messageTitle":"Remove clear command from docs, update User Guide with categories","messageBody":"","fileTypesAndContributionMap":{"docs":{"insertions":78,"deletions":139}}}]},{"date":"2021-10-25","commitResults":[{"hash":"30cc9b8af6e16b06156f6fc0271e50f8c1372fb5","messageTitle":"Refactor commands and parsers for OOP WIP","messageBody":"","fileTypesAndContributionMap":{"functional-code":{"insertions":22,"deletions":38},"other":{"insertions":66,"deletions":30},"test-code":{"insertions":47,"deletions":67}}},{"hash":"a1132eed60e188a32399b01809285d4a8ef9edbd","messageTitle":"Refactor commands and parsers, refactor Mlist command with Elistm and delete Elistmcommand.","messageBody":"","fileTypesAndContributionMap":{"functional-code":{"insertions":69,"deletions":98},"other":{"insertions":35,"deletions":26},"test-code":{"insertions":6,"deletions":6}}}]},{"date":"2021-10-26","commitResults":[{"hash":"203d5b559d6bb344bd007226d32fa46dfaaee0b6","messageTitle":"Refactor Logic and fixing bugs WIP","messageBody":"","fileTypesAndContributionMap":{"functional-code":{"insertions":141,"deletions":156},"other":{"insertions":155,"deletions":167},"docs":{"insertions":35,"deletions":35},"test-code":{"insertions":32,"deletions":28}}},{"hash":"8b1ddfec037dc806acab6d8ad1a60cdef46a3b2b","messageTitle":"Refactor tests WIP","messageBody":"","fileTypesAndContributionMap":{"test-code":{"insertions":4,"deletions":2}}},{"hash":"2b1bc9e0162288ee750bfb2689e7b419194b164c","messageTitle":"Refactor mlist test WIP","messageBody":"","fileTypesAndContributionMap":{"test-code":{"insertions":2,"deletions":1}}},{"hash":"460cd61629d556997f261a78fea05a0603d1f98d","messageTitle":"Refactor tokenizer WIP","messageBody":"","fileTypesAndContributionMap":{"functional-code":{"insertions":3,"deletions":3}}}]},{"date":"2021-10-27","commitResults":[{"hash":"2993d83d8e146e37db566334fd96fb3f30571489","messageTitle":"Add Eedit, Emadd, Emdel, Emark, Eunmark, EmarkAll. Fix checkstyle bugs.","messageBody":"","fileTypesAndContributionMap":{"functional-code":{"insertions":994,"deletions":35},"test-code":{"insertions":11,"deletions":12}}},{"hash":"5a963074ecbf1c5194845830e4d55d302986bcdc","messageTitle":"Fix minor variable namings for MESSAGE_SUCCESS","messageBody":"","fileTypesAndContributionMap":{"functional-code":{"insertions":10,"deletions":10}}}]}]},"authorFileTypeContributionMap":{"GWphua":{"docs":222,"functional-code":581,"test-code":1},"LiuZhi1an":{"docs":133,"functional-code":460,"test-code":1069},"tsiyuk":{"docs":71,"functional-code":1070,"test-code":831,"other":2},"Samuel-bit-prog":{"docs":76,"functional-code":979,"test-code":651,"other":1},"leeroy999":{"docs":450,"functional-code":2056,"test-code":823,"other":1}},"authorContributionVariance":{"GWphua":5259.1465,"LiuZhi1an":95372.234,"tsiyuk":1.9807734E7,"Samuel-bit-prog":46387.69,"leeroy999":207420.47},"authorDisplayNameMap":{"GWphua":"CS2103T-T15-2 PHUA.. WEI","LiuZhi1an":"CS2103T-T15-2 LIU ..ILAN","tsiyuk":"CS2103T-T15-2 CHI ..I XU","Samuel-bit-prog":"CS2103T-T15-2 SAMU.. REN","leeroy999":"CS2103T-T15-2 LEER.. LIU"}}
