[{"path":"README.md","fileType":"docs","lines":[{"lineNumber":1,"author":{"gitId":"ryanpeh"},"content":"[![CI Status](https://github.com/AY2122S1-CS2103T-F12-1/tp/workflows/Java%20CI/badge.svg)](https://github.com/AY2122S1-CS2103T-F12-1/tp/actions)","lastModifiedDate":"2021-09-30"},{"lineNumber":2,"author":{"gitId":"ryanpeh"},"content":"[![codecov](https://codecov.io/gh/AY2122S1-CS2103T-F12-1/tp/branch/master/graph/badge.svg?token\u003d6LH2DLRN3E)](https://codecov.io/gh/AY2122S1-CS2103T-F12-1/tp)","lastModifiedDate":"2021-09-30"},{"lineNumber":3,"author":{"gitId":"ryanpeh"},"content":"","lastModifiedDate":"2021-09-30"},{"lineNumber":4,"author":{"gitId":"ryanpeh"},"content":"**SmartNUS** is a desktop app specifically designed for students to revise for their exams. It has been optimized for use via a Command Line Interface but it also incorporates a Graphical User Interface (GUI). SmartNUS is the go-to app if you’re a fast typer or if you need a tool to streamline your revision process. Download today!","lastModifiedDate":"2021-09-30"},{"lineNumber":5,"author":{"gitId":"-"},"content":"","lastModifiedDate":"2020-05-23"},{"lineNumber":6,"author":{"gitId":"-"},"content":"![Ui](docs/images/Ui.png)","lastModifiedDate":"2020-05-23"},{"lineNumber":7,"author":{"gitId":"-"},"content":"","lastModifiedDate":"2020-05-23"},{"lineNumber":8,"author":{"gitId":"ryanpeh"},"content":"For the detailed documentation of this project, see the **[SmartNUS Product Website](https://ay2122s1-cs2103t-f12-1.github.io/tp/)**.","lastModifiedDate":"2021-09-30"},{"lineNumber":9,"author":{"gitId":"ryanpeh"},"content":"","lastModifiedDate":"2021-09-30"},{"lineNumber":10,"author":{"gitId":"ryanpeh"},"content":"## Acknowledgements","lastModifiedDate":"2021-09-30"},{"lineNumber":11,"author":{"gitId":"ryanpeh"},"content":"","lastModifiedDate":"2021-09-30"},{"lineNumber":12,"author":{"gitId":"ryanpeh"},"content":"This project is based on the AddressBook-Level3 project by [SE-EDU initiative](https://se-education.org).","lastModifiedDate":"2021-09-30"}],"authorContributionMap":{"ryanpeh":9,"-":3}},{"path":"docs/AboutUs.md","fileType":"docs","lines":[{"lineNumber":1,"author":{"gitId":"-"},"content":"---","lastModifiedDate":"2020-05-23"},{"lineNumber":2,"author":{"gitId":"-"},"content":"layout: page","lastModifiedDate":"2020-05-23"},{"lineNumber":3,"author":{"gitId":"-"},"content":"title: About Us","lastModifiedDate":"2020-05-23"},{"lineNumber":4,"author":{"gitId":"-"},"content":"---","lastModifiedDate":"2020-05-23"},{"lineNumber":5,"author":{"gitId":"-"},"content":"","lastModifiedDate":"2020-05-23"},{"lineNumber":6,"author":{"gitId":"ryanpeh"},"content":"**SmartNUS** is a project built for CS2103T Software Engineering.","lastModifiedDate":"2021-09-30"},{"lineNumber":7,"author":{"gitId":"-"},"content":"","lastModifiedDate":"2020-05-23"},{"lineNumber":8,"author":{"gitId":"ryanpeh"},"content":"We are a team based in the [School of Computing, National University of Singapore](http://www.comp.nus.edu.sg).","lastModifiedDate":"2021-09-30"},{"lineNumber":9,"author":{"gitId":"-"},"content":"","lastModifiedDate":"2020-06-17"},{"lineNumber":10,"author":{"gitId":"ryanpeh"},"content":"## Project Team","lastModifiedDate":"2021-09-30"},{"lineNumber":11,"author":{"gitId":"-"},"content":"","lastModifiedDate":"2020-05-23"},{"lineNumber":12,"author":{"gitId":"ryanpeh"},"content":"### Abhishek Gupta","lastModifiedDate":"2021-09-30"},{"lineNumber":13,"author":{"gitId":"-"},"content":"","lastModifiedDate":"2020-05-23"},{"lineNumber":14,"author":{"gitId":"ryanpeh"},"content":"\u003cimg src\u003d\"images/agentum07.png\" width\u003d\"200px\"\u003e","lastModifiedDate":"2021-09-30"},{"lineNumber":15,"author":{"gitId":"-"},"content":"","lastModifiedDate":"2020-05-23"},{"lineNumber":16,"author":{"gitId":"ryanpeh"},"content":"[[github](https://github.com/agentum07)]","lastModifiedDate":"2021-09-30"},{"lineNumber":17,"author":{"gitId":"-"},"content":"[[portfolio](team/johndoe.md)]","lastModifiedDate":"2020-05-23"},{"lineNumber":18,"author":{"gitId":"-"},"content":"","lastModifiedDate":"2020-05-23"},{"lineNumber":19,"author":{"gitId":"ryanpeh"},"content":"* Role: Developer","lastModifiedDate":"2021-09-30"},{"lineNumber":20,"author":{"gitId":"ryanpeh"},"content":"* Responsibilities:","lastModifiedDate":"2021-09-30"},{"lineNumber":21,"author":{"gitId":"-"},"content":"","lastModifiedDate":"2020-05-23"},{"lineNumber":22,"author":{"gitId":"ryanpeh"},"content":"### Arya Nagatama Giat","lastModifiedDate":"2021-09-30"},{"lineNumber":23,"author":{"gitId":"-"},"content":"","lastModifiedDate":"2020-05-23"},{"lineNumber":24,"author":{"gitId":"ryanpeh"},"content":"\u003cimg src\u003d\"images/aryagiat.png\" width\u003d\"200px\"\u003e","lastModifiedDate":"2021-09-30"},{"lineNumber":25,"author":{"gitId":"-"},"content":"","lastModifiedDate":"2020-05-23"},{"lineNumber":26,"author":{"gitId":"ryanpeh"},"content":"[[github](http://github.com/aryagiat)]","lastModifiedDate":"2021-09-30"},{"lineNumber":27,"author":{"gitId":"-"},"content":"[[portfolio](team/johndoe.md)]","lastModifiedDate":"2020-05-23"},{"lineNumber":28,"author":{"gitId":"-"},"content":"","lastModifiedDate":"2020-05-23"},{"lineNumber":29,"author":{"gitId":"ryanpeh"},"content":"* Role: Developer","lastModifiedDate":"2021-09-30"},{"lineNumber":30,"author":{"gitId":"ryanpeh"},"content":"* Responsibilities:","lastModifiedDate":"2021-09-30"},{"lineNumber":31,"author":{"gitId":"-"},"content":"","lastModifiedDate":"2020-05-23"},{"lineNumber":32,"author":{"gitId":"ryanpeh"},"content":"### Neo Jing Xuan","lastModifiedDate":"2021-09-30"},{"lineNumber":33,"author":{"gitId":"-"},"content":"","lastModifiedDate":"2020-05-23"},{"lineNumber":34,"author":{"gitId":"ryanpeh"},"content":"\u003cimg src\u003d\"images/neojxuan.png\" width\u003d\"200px\"\u003e","lastModifiedDate":"2021-09-30"},{"lineNumber":35,"author":{"gitId":"-"},"content":"","lastModifiedDate":"2020-05-23"},{"lineNumber":36,"author":{"gitId":"ryanpeh"},"content":"[[github](http://github.com/neojxuan)] [[portfolio](team/johndoe.md)]","lastModifiedDate":"2021-09-30"},{"lineNumber":37,"author":{"gitId":"-"},"content":"","lastModifiedDate":"2020-05-23"},{"lineNumber":38,"author":{"gitId":"-"},"content":"* Role: Developer","lastModifiedDate":"2020-05-23"},{"lineNumber":39,"author":{"gitId":"ryanpeh"},"content":"* Responsibilities:","lastModifiedDate":"2021-09-30"},{"lineNumber":40,"author":{"gitId":"-"},"content":"","lastModifiedDate":"2020-05-23"},{"lineNumber":41,"author":{"gitId":"ryanpeh"},"content":"### Ong Jun Heng, Cedric","lastModifiedDate":"2021-09-30"},{"lineNumber":42,"author":{"gitId":"-"},"content":"","lastModifiedDate":"2020-05-23"},{"lineNumber":43,"author":{"gitId":"ryanpeh"},"content":"\u003cimg src\u003d\"images/cedricongjh.png\" width\u003d\"200px\"\u003e","lastModifiedDate":"2021-09-30"},{"lineNumber":44,"author":{"gitId":"-"},"content":"","lastModifiedDate":"2020-05-23"},{"lineNumber":45,"author":{"gitId":"ryanpeh"},"content":"[[github](http://github.com/cedricongjh)]","lastModifiedDate":"2021-09-30"},{"lineNumber":46,"author":{"gitId":"-"},"content":"[[portfolio](team/johndoe.md)]","lastModifiedDate":"2020-05-23"},{"lineNumber":47,"author":{"gitId":"-"},"content":"","lastModifiedDate":"2020-05-23"},{"lineNumber":48,"author":{"gitId":"-"},"content":"* Role: Developer","lastModifiedDate":"2020-05-23"},{"lineNumber":49,"author":{"gitId":"ryanpeh"},"content":"* Responsibilities:","lastModifiedDate":"2021-09-30"},{"lineNumber":50,"author":{"gitId":"-"},"content":"","lastModifiedDate":"2020-05-23"},{"lineNumber":51,"author":{"gitId":"ryanpeh"},"content":"### Peh Kai Min, Ryan","lastModifiedDate":"2021-09-30"},{"lineNumber":52,"author":{"gitId":"-"},"content":"","lastModifiedDate":"2020-05-23"},{"lineNumber":53,"author":{"gitId":"ryanpeh"},"content":"\u003cimg src\u003d\"images/ryanpeh.png\" width\u003d\"200px\"\u003e","lastModifiedDate":"2021-09-30"},{"lineNumber":54,"author":{"gitId":"-"},"content":"","lastModifiedDate":"2020-05-23"},{"lineNumber":55,"author":{"gitId":"ryanpeh"},"content":"[[github](http://github.com/ryanpeh)]","lastModifiedDate":"2021-09-30"},{"lineNumber":56,"author":{"gitId":"-"},"content":"[[portfolio](team/johndoe.md)]","lastModifiedDate":"2020-05-23"},{"lineNumber":57,"author":{"gitId":"-"},"content":"","lastModifiedDate":"2020-05-23"},{"lineNumber":58,"author":{"gitId":"-"},"content":"* Role: Developer","lastModifiedDate":"2020-05-23"},{"lineNumber":59,"author":{"gitId":"ryanpeh"},"content":"* Responsibilities: ","lastModifiedDate":"2021-09-30"}],"authorContributionMap":{"ryanpeh":25,"-":34}},{"path":"docs/DeveloperGuide.md","fileType":"docs","lines":[{"lineNumber":1,"author":{"gitId":"-"},"content":"---","lastModifiedDate":"2020-05-23"},{"lineNumber":2,"author":{"gitId":"-"},"content":"layout: page","lastModifiedDate":"2020-05-23"},{"lineNumber":3,"author":{"gitId":"-"},"content":"title: Developer Guide","lastModifiedDate":"2020-05-23"},{"lineNumber":4,"author":{"gitId":"-"},"content":"---","lastModifiedDate":"2020-05-23"},{"lineNumber":5,"author":{"gitId":"-"},"content":"* Table of Contents","lastModifiedDate":"2020-05-23"},{"lineNumber":6,"author":{"gitId":"-"},"content":"{:toc}","lastModifiedDate":"2020-05-23"},{"lineNumber":7,"author":{"gitId":"-"},"content":"","lastModifiedDate":"2020-05-23"},{"lineNumber":8,"author":{"gitId":"-"},"content":"--------------------------------------------------------------------------------------------------------------------","lastModifiedDate":"2020-05-23"},{"lineNumber":9,"author":{"gitId":"-"},"content":"","lastModifiedDate":"2021-07-30"},{"lineNumber":10,"author":{"gitId":"-"},"content":"## **Acknowledgements**","lastModifiedDate":"2021-07-30"},{"lineNumber":11,"author":{"gitId":"-"},"content":"","lastModifiedDate":"2021-07-30"},{"lineNumber":12,"author":{"gitId":"-"},"content":"* {list here sources of all reused/adapted ideas, code, documentation, and third-party libraries -- include links to the original source as well}","lastModifiedDate":"2021-07-30"},{"lineNumber":13,"author":{"gitId":"-"},"content":"","lastModifiedDate":"2021-07-30"},{"lineNumber":14,"author":{"gitId":"-"},"content":"--------------------------------------------------------------------------------------------------------------------","lastModifiedDate":"2021-07-30"},{"lineNumber":15,"author":{"gitId":"-"},"content":"","lastModifiedDate":"2020-05-23"},{"lineNumber":16,"author":{"gitId":"-"},"content":"## **Setting up, getting started**","lastModifiedDate":"2020-05-23"},{"lineNumber":17,"author":{"gitId":"-"},"content":"","lastModifiedDate":"2020-05-23"},{"lineNumber":18,"author":{"gitId":"-"},"content":"Refer to the guide [_Setting up and getting started_](SettingUp.md).","lastModifiedDate":"2020-05-23"},{"lineNumber":19,"author":{"gitId":"-"},"content":"","lastModifiedDate":"2020-05-23"},{"lineNumber":20,"author":{"gitId":"-"},"content":"--------------------------------------------------------------------------------------------------------------------","lastModifiedDate":"2020-05-23"},{"lineNumber":21,"author":{"gitId":"-"},"content":"","lastModifiedDate":"2020-05-23"},{"lineNumber":22,"author":{"gitId":"-"},"content":"## **Design**","lastModifiedDate":"2020-05-23"},{"lineNumber":23,"author":{"gitId":"-"},"content":"","lastModifiedDate":"2020-05-23"},{"lineNumber":24,"author":{"gitId":"-"},"content":"\u003cdiv markdown\u003d\"span\" class\u003d\"alert alert-primary\"\u003e","lastModifiedDate":"2021-07-31"},{"lineNumber":25,"author":{"gitId":"-"},"content":"","lastModifiedDate":"2020-05-23"},{"lineNumber":26,"author":{"gitId":"-"},"content":":bulb: **Tip:** The `.puml` files used to create diagrams in this document can be found in the [diagrams](https://github.com/se-edu/addressbook-level3/tree/master/docs/diagrams/) folder. Refer to the [_PlantUML Tutorial_ at se-edu/guides](https://se-education.org/guides/tutorials/plantUml.html) to learn how to create and edit diagrams.","lastModifiedDate":"2021-07-31"},{"lineNumber":27,"author":{"gitId":"-"},"content":"\u003c/div\u003e","lastModifiedDate":"2021-07-31"},{"lineNumber":28,"author":{"gitId":"-"},"content":"","lastModifiedDate":"2020-05-23"},{"lineNumber":29,"author":{"gitId":"-"},"content":"### Architecture","lastModifiedDate":"2021-07-31"},{"lineNumber":30,"author":{"gitId":"-"},"content":"","lastModifiedDate":"2020-05-23"},{"lineNumber":31,"author":{"gitId":"-"},"content":"\u003cimg src\u003d\"images/ArchitectureDiagram.png\" width\u003d\"280\" /\u003e","lastModifiedDate":"2021-07-31"},{"lineNumber":32,"author":{"gitId":"-"},"content":"","lastModifiedDate":"2020-05-23"},{"lineNumber":33,"author":{"gitId":"-"},"content":"The ***Architecture Diagram*** given above explains the high-level design of the App.","lastModifiedDate":"2021-07-31"},{"lineNumber":34,"author":{"gitId":"-"},"content":"","lastModifiedDate":"2020-05-23"},{"lineNumber":35,"author":{"gitId":"-"},"content":"Given below is a quick overview of main components and how they interact with each other.","lastModifiedDate":"2021-07-31"},{"lineNumber":36,"author":{"gitId":"-"},"content":"","lastModifiedDate":"2021-07-31"},{"lineNumber":37,"author":{"gitId":"-"},"content":"**Main components of the architecture**","lastModifiedDate":"2021-07-31"},{"lineNumber":38,"author":{"gitId":"-"},"content":"","lastModifiedDate":"2020-05-23"},{"lineNumber":39,"author":{"gitId":"-"},"content":"**`Main`** has two classes called [`Main`](https://github.com/se-edu/addressbook-level3/tree/master/src/main/java/seedu/address/Main.java) and [`MainApp`](https://github.com/se-edu/addressbook-level3/tree/master/src/main/java/seedu/address/MainApp.java). It is responsible for,","lastModifiedDate":"2020-05-23"},{"lineNumber":40,"author":{"gitId":"-"},"content":"* At app launch: Initializes the components in the correct sequence, and connects them up with each other.","lastModifiedDate":"2020-05-23"},{"lineNumber":41,"author":{"gitId":"-"},"content":"* At shut down: Shuts down the components and invokes cleanup methods where necessary.","lastModifiedDate":"2020-05-23"},{"lineNumber":42,"author":{"gitId":"-"},"content":"","lastModifiedDate":"2020-05-23"},{"lineNumber":43,"author":{"gitId":"-"},"content":"[**`Commons`**](#common-classes) represents a collection of classes used by multiple other components.","lastModifiedDate":"2020-05-23"},{"lineNumber":44,"author":{"gitId":"-"},"content":"","lastModifiedDate":"2020-05-23"},{"lineNumber":45,"author":{"gitId":"-"},"content":"The rest of the App consists of four components.","lastModifiedDate":"2020-05-23"},{"lineNumber":46,"author":{"gitId":"-"},"content":"","lastModifiedDate":"2020-05-23"},{"lineNumber":47,"author":{"gitId":"-"},"content":"* [**`UI`**](#ui-component): The UI of the App.","lastModifiedDate":"2020-05-23"},{"lineNumber":48,"author":{"gitId":"-"},"content":"* [**`Logic`**](#logic-component): The command executor.","lastModifiedDate":"2020-05-23"},{"lineNumber":49,"author":{"gitId":"-"},"content":"* [**`Model`**](#model-component): Holds the data of the App in memory.","lastModifiedDate":"2020-05-23"},{"lineNumber":50,"author":{"gitId":"-"},"content":"* [**`Storage`**](#storage-component): Reads data from, and writes data to, the hard disk.","lastModifiedDate":"2020-05-23"},{"lineNumber":51,"author":{"gitId":"-"},"content":"","lastModifiedDate":"2020-05-23"},{"lineNumber":52,"author":{"gitId":"-"},"content":"","lastModifiedDate":"2020-05-23"},{"lineNumber":53,"author":{"gitId":"-"},"content":"**How the architecture components interact with each other**","lastModifiedDate":"2020-05-23"},{"lineNumber":54,"author":{"gitId":"-"},"content":"","lastModifiedDate":"2020-05-23"},{"lineNumber":55,"author":{"gitId":"-"},"content":"The *Sequence Diagram* below shows how the components interact with each other for the scenario where the user issues the command `delete 1`.","lastModifiedDate":"2020-05-23"},{"lineNumber":56,"author":{"gitId":"-"},"content":"","lastModifiedDate":"2020-05-23"},{"lineNumber":57,"author":{"gitId":"-"},"content":"\u003cimg src\u003d\"images/ArchitectureSequenceDiagram.png\" width\u003d\"574\" /\u003e","lastModifiedDate":"2020-06-07"},{"lineNumber":58,"author":{"gitId":"-"},"content":"","lastModifiedDate":"2020-05-23"},{"lineNumber":59,"author":{"gitId":"-"},"content":"Each of the four main components (also shown in the diagram above),","lastModifiedDate":"2021-07-31"},{"lineNumber":60,"author":{"gitId":"-"},"content":"","lastModifiedDate":"2021-07-31"},{"lineNumber":61,"author":{"gitId":"-"},"content":"* defines its *API* in an `interface` with the same name as the Component.","lastModifiedDate":"2021-07-31"},{"lineNumber":62,"author":{"gitId":"-"},"content":"* implements its functionality using a concrete `{Component Name}Manager` class (which follows the corresponding API `interface` mentioned in the previous point.","lastModifiedDate":"2021-07-31"},{"lineNumber":63,"author":{"gitId":"-"},"content":"","lastModifiedDate":"2021-07-31"},{"lineNumber":64,"author":{"gitId":"-"},"content":"For example, the `Logic` component defines its API in the `Logic.java` interface and implements its functionality using the `LogicManager.java` class which follows the `Logic` interface. Other components interact with a given component through its interface rather than the concrete class (reason: to prevent outside component\u0027s being coupled to the implementation of a component), as illustrated in the (partial) class diagram below.","lastModifiedDate":"2021-07-31"},{"lineNumber":65,"author":{"gitId":"-"},"content":"","lastModifiedDate":"2021-07-31"},{"lineNumber":66,"author":{"gitId":"-"},"content":"\u003cimg src\u003d\"images/ComponentManagers.png\" width\u003d\"300\" /\u003e","lastModifiedDate":"2021-07-31"},{"lineNumber":67,"author":{"gitId":"-"},"content":"","lastModifiedDate":"2021-07-31"},{"lineNumber":68,"author":{"gitId":"-"},"content":"The sections below give more details of each component.","lastModifiedDate":"2020-05-23"},{"lineNumber":69,"author":{"gitId":"-"},"content":"","lastModifiedDate":"2020-05-23"},{"lineNumber":70,"author":{"gitId":"-"},"content":"### UI component","lastModifiedDate":"2020-05-23"},{"lineNumber":71,"author":{"gitId":"-"},"content":"","lastModifiedDate":"2020-05-23"},{"lineNumber":72,"author":{"gitId":"-"},"content":"The **API** of this component is specified in [`Ui.java`](https://github.com/se-edu/addressbook-level3/tree/master/src/main/java/seedu/address/ui/Ui.java)","lastModifiedDate":"2021-07-31"},{"lineNumber":73,"author":{"gitId":"-"},"content":"","lastModifiedDate":"2020-05-23"},{"lineNumber":74,"author":{"gitId":"-"},"content":"![Structure of the UI Component](images/UiClassDiagram.png)","lastModifiedDate":"2021-07-31"},{"lineNumber":75,"author":{"gitId":"-"},"content":"","lastModifiedDate":"2020-05-23"},{"lineNumber":76,"author":{"gitId":"-"},"content":"The UI consists of a `MainWindow` that is made up of parts e.g.`CommandBox`, `ResultDisplay`, `PersonListPanel`, `StatusBarFooter` etc. All these, including the `MainWindow`, inherit from the abstract `UiPart` class which captures the commonalities between classes that represent parts of the visible GUI.","lastModifiedDate":"2021-07-31"},{"lineNumber":77,"author":{"gitId":"-"},"content":"","lastModifiedDate":"2020-05-23"},{"lineNumber":78,"author":{"gitId":"-"},"content":"The `UI` component uses the JavaFx UI framework. The layout of these UI parts are defined in matching `.fxml` files that are in the `src/main/resources/view` folder. For example, the layout of the [`MainWindow`](https://github.com/se-edu/addressbook-level3/tree/master/src/main/java/seedu/address/ui/MainWindow.java) is specified in [`MainWindow.fxml`](https://github.com/se-edu/addressbook-level3/tree/master/src/main/resources/view/MainWindow.fxml)","lastModifiedDate":"2021-07-31"},{"lineNumber":79,"author":{"gitId":"-"},"content":"","lastModifiedDate":"2020-05-23"},{"lineNumber":80,"author":{"gitId":"-"},"content":"The `UI` component,","lastModifiedDate":"2020-05-23"},{"lineNumber":81,"author":{"gitId":"-"},"content":"","lastModifiedDate":"2020-05-23"},{"lineNumber":82,"author":{"gitId":"-"},"content":"* executes user commands using the `Logic` component.","lastModifiedDate":"2021-07-31"},{"lineNumber":83,"author":{"gitId":"-"},"content":"* listens for changes to `Model` data so that the UI can be updated with the modified data.","lastModifiedDate":"2021-07-31"},{"lineNumber":84,"author":{"gitId":"-"},"content":"* keeps a reference to the `Logic` component, because the `UI` relies on the `Logic` to execute commands.","lastModifiedDate":"2021-07-31"},{"lineNumber":85,"author":{"gitId":"-"},"content":"* depends on some classes in the `Model` component, as it displays `Person` object residing in the `Model`.","lastModifiedDate":"2021-07-31"},{"lineNumber":86,"author":{"gitId":"-"},"content":"","lastModifiedDate":"2020-05-23"},{"lineNumber":87,"author":{"gitId":"-"},"content":"### Logic component","lastModifiedDate":"2020-05-23"},{"lineNumber":88,"author":{"gitId":"-"},"content":"","lastModifiedDate":"2020-05-23"},{"lineNumber":89,"author":{"gitId":"-"},"content":"**API** : [`Logic.java`](https://github.com/se-edu/addressbook-level3/tree/master/src/main/java/seedu/address/logic/Logic.java)","lastModifiedDate":"2021-07-31"},{"lineNumber":90,"author":{"gitId":"-"},"content":"","lastModifiedDate":"2020-05-23"},{"lineNumber":91,"author":{"gitId":"-"},"content":"Here\u0027s a (partial) class diagram of the `Logic` component:","lastModifiedDate":"2021-07-31"},{"lineNumber":92,"author":{"gitId":"-"},"content":"","lastModifiedDate":"2020-05-23"},{"lineNumber":93,"author":{"gitId":"-"},"content":"\u003cimg src\u003d\"images/LogicClassDiagram.png\" width\u003d\"550\"/\u003e","lastModifiedDate":"2021-07-31"},{"lineNumber":94,"author":{"gitId":"-"},"content":"","lastModifiedDate":"2020-05-23"},{"lineNumber":95,"author":{"gitId":"-"},"content":"How the `Logic` component works:","lastModifiedDate":"2021-07-31"},{"lineNumber":96,"author":{"gitId":"-"},"content":"1. When `Logic` is called upon to execute a command, it uses the `AddressBookParser` class to parse the user command.","lastModifiedDate":"2021-07-31"},{"lineNumber":97,"author":{"gitId":"-"},"content":"1. This results in a `Command` object (more precisely, an object of one of its subclasses e.g., `AddCommand`) which is executed by the `LogicManager`.","lastModifiedDate":"2021-07-31"},{"lineNumber":98,"author":{"gitId":"-"},"content":"1. The command can communicate with the `Model` when it is executed (e.g. to add a person).","lastModifiedDate":"2021-07-31"},{"lineNumber":99,"author":{"gitId":"-"},"content":"1. The result of the command execution is encapsulated as a `CommandResult` object which is returned back from `Logic`.","lastModifiedDate":"2021-07-31"},{"lineNumber":100,"author":{"gitId":"-"},"content":"","lastModifiedDate":"2021-07-31"},{"lineNumber":101,"author":{"gitId":"-"},"content":"The Sequence Diagram below illustrates the interactions within the `Logic` component for the `execute(\"delete 1\")` API call.","lastModifiedDate":"2021-07-31"},{"lineNumber":102,"author":{"gitId":"-"},"content":"","lastModifiedDate":"2020-05-23"},{"lineNumber":103,"author":{"gitId":"-"},"content":"![Interactions Inside the Logic Component for the `delete 1` Command](images/DeleteSequenceDiagram.png)","lastModifiedDate":"2020-05-23"},{"lineNumber":104,"author":{"gitId":"-"},"content":"","lastModifiedDate":"2020-05-23"},{"lineNumber":105,"author":{"gitId":"-"},"content":"\u003cdiv markdown\u003d\"span\" class\u003d\"alert alert-info\"\u003e:information_source: **Note:** The lifeline for `DeleteCommandParser` should end at the destroy marker (X) but due to a limitation of PlantUML, the lifeline reaches the end of diagram.","lastModifiedDate":"2020-05-23"},{"lineNumber":106,"author":{"gitId":"-"},"content":"\u003c/div\u003e","lastModifiedDate":"2020-05-23"},{"lineNumber":107,"author":{"gitId":"-"},"content":"","lastModifiedDate":"2020-05-23"},{"lineNumber":108,"author":{"gitId":"-"},"content":"Here are the other classes in `Logic` (omitted from the class diagram above) that are used for parsing a user command:","lastModifiedDate":"2021-07-31"},{"lineNumber":109,"author":{"gitId":"-"},"content":"","lastModifiedDate":"2021-07-31"},{"lineNumber":110,"author":{"gitId":"-"},"content":"\u003cimg src\u003d\"images/ParserClasses.png\" width\u003d\"600\"/\u003e","lastModifiedDate":"2021-07-31"},{"lineNumber":111,"author":{"gitId":"-"},"content":"","lastModifiedDate":"2020-05-23"},{"lineNumber":112,"author":{"gitId":"-"},"content":"How the parsing works:","lastModifiedDate":"2021-07-31"},{"lineNumber":113,"author":{"gitId":"-"},"content":"* When called upon to parse a user command, the `AddressBookParser` class creates an `XYZCommandParser` (`XYZ` is a placeholder for the specific command name e.g., `AddCommandParser`) which uses the other classes shown above to parse the user command and create a `XYZCommand` object (e.g., `AddCommand`) which the `AddressBookParser` returns back as a `Command` object.","lastModifiedDate":"2021-07-31"},{"lineNumber":114,"author":{"gitId":"-"},"content":"* All `XYZCommandParser` classes (e.g., `AddCommandParser`, `DeleteCommandParser`, ...) inherit from the `Parser` interface so that they can be treated similarly where possible e.g, during testing.","lastModifiedDate":"2021-07-31"},{"lineNumber":115,"author":{"gitId":"-"},"content":"","lastModifiedDate":"2020-05-23"},{"lineNumber":116,"author":{"gitId":"-"},"content":"### Model component","lastModifiedDate":"2021-07-31"},{"lineNumber":117,"author":{"gitId":"-"},"content":"**API** : [`Model.java`](https://github.com/se-edu/addressbook-level3/tree/master/src/main/java/seedu/address/model/Model.java)","lastModifiedDate":"2020-05-23"},{"lineNumber":118,"author":{"gitId":"-"},"content":"","lastModifiedDate":"2020-05-23"},{"lineNumber":119,"author":{"gitId":"-"},"content":"\u003cimg src\u003d\"images/ModelClassDiagram.png\" width\u003d\"450\" /\u003e","lastModifiedDate":"2021-07-31"},{"lineNumber":120,"author":{"gitId":"-"},"content":"","lastModifiedDate":"2020-05-23"},{"lineNumber":121,"author":{"gitId":"-"},"content":"","lastModifiedDate":"2020-05-23"},{"lineNumber":122,"author":{"gitId":"-"},"content":"The `Model` component,","lastModifiedDate":"2021-07-31"},{"lineNumber":123,"author":{"gitId":"-"},"content":"","lastModifiedDate":"2020-05-23"},{"lineNumber":124,"author":{"gitId":"-"},"content":"* stores the address book data i.e., all `Person` objects (which are contained in a `UniquePersonList` object).","lastModifiedDate":"2021-07-31"},{"lineNumber":125,"author":{"gitId":"-"},"content":"* stores the currently \u0027selected\u0027 `Person` objects (e.g., results of a search query) as a separate _filtered_ list which is exposed to outsiders as an unmodifiable `ObservableList\u003cPerson\u003e` that can be \u0027observed\u0027 e.g. the UI can be bound to this list so that the UI automatically updates when the data in the list change.","lastModifiedDate":"2021-07-31"},{"lineNumber":126,"author":{"gitId":"-"},"content":"* stores a `UserPref` object that represents the user’s preferences. This is exposed to the outside as a `ReadOnlyUserPref` objects.","lastModifiedDate":"2021-07-31"},{"lineNumber":127,"author":{"gitId":"-"},"content":"* does not depend on any of the other three components (as the `Model` represents data entities of the domain, they should make sense on their own without depending on other components)","lastModifiedDate":"2021-07-31"},{"lineNumber":128,"author":{"gitId":"-"},"content":"","lastModifiedDate":"2021-07-31"},{"lineNumber":129,"author":{"gitId":"-"},"content":"\u003cdiv markdown\u003d\"span\" class\u003d\"alert alert-info\"\u003e:information_source: **Note:** An alternative (arguably, a more OOP) model is given below. It has a `Tag` list in the `AddressBook`, which `Person` references. This allows `AddressBook` to only require one `Tag` object per unique tag, instead of each `Person` needing their own `Tag` objects.\u003cbr\u003e","lastModifiedDate":"2021-07-31"},{"lineNumber":130,"author":{"gitId":"-"},"content":"","lastModifiedDate":"2021-07-31"},{"lineNumber":131,"author":{"gitId":"-"},"content":"\u003cimg src\u003d\"images/BetterModelClassDiagram.png\" width\u003d\"450\" /\u003e","lastModifiedDate":"2021-07-31"},{"lineNumber":132,"author":{"gitId":"-"},"content":"","lastModifiedDate":"2020-05-23"},{"lineNumber":133,"author":{"gitId":"-"},"content":"\u003c/div\u003e","lastModifiedDate":"2020-05-23"},{"lineNumber":134,"author":{"gitId":"-"},"content":"","lastModifiedDate":"2020-05-23"},{"lineNumber":135,"author":{"gitId":"-"},"content":"","lastModifiedDate":"2020-05-23"},{"lineNumber":136,"author":{"gitId":"-"},"content":"### Storage component","lastModifiedDate":"2020-05-23"},{"lineNumber":137,"author":{"gitId":"-"},"content":"","lastModifiedDate":"2020-05-23"},{"lineNumber":138,"author":{"gitId":"-"},"content":"**API** : [`Storage.java`](https://github.com/se-edu/addressbook-level3/tree/master/src/main/java/seedu/address/storage/Storage.java)","lastModifiedDate":"2020-05-23"},{"lineNumber":139,"author":{"gitId":"-"},"content":"","lastModifiedDate":"2020-05-23"},{"lineNumber":140,"author":{"gitId":"-"},"content":"\u003cimg src\u003d\"images/StorageClassDiagram.png\" width\u003d\"550\" /\u003e","lastModifiedDate":"2021-07-31"},{"lineNumber":141,"author":{"gitId":"-"},"content":"","lastModifiedDate":"2021-07-31"},{"lineNumber":142,"author":{"gitId":"-"},"content":"The `Storage` component,","lastModifiedDate":"2020-05-23"},{"lineNumber":143,"author":{"gitId":"-"},"content":"* can save both address book data and user preference data in json format, and read them back into corresponding objects.","lastModifiedDate":"2021-07-31"},{"lineNumber":144,"author":{"gitId":"-"},"content":"* inherits from both `AddressBookStorage` and `UserPrefStorage`, which means it can be treated as either one (if only the functionality of only one is needed).","lastModifiedDate":"2021-07-31"},{"lineNumber":145,"author":{"gitId":"-"},"content":"* depends on some classes in the `Model` component (because the `Storage` component\u0027s job is to save/retrieve objects that belong to the `Model`)","lastModifiedDate":"2021-07-21"},{"lineNumber":146,"author":{"gitId":"-"},"content":"","lastModifiedDate":"2020-05-23"},{"lineNumber":147,"author":{"gitId":"-"},"content":"### Common classes","lastModifiedDate":"2020-05-23"},{"lineNumber":148,"author":{"gitId":"-"},"content":"","lastModifiedDate":"2020-05-23"},{"lineNumber":149,"author":{"gitId":"-"},"content":"Classes used by multiple components are in the `seedu.addressbook.commons` package.","lastModifiedDate":"2020-05-23"},{"lineNumber":150,"author":{"gitId":"-"},"content":"","lastModifiedDate":"2020-05-23"},{"lineNumber":151,"author":{"gitId":"-"},"content":"--------------------------------------------------------------------------------------------------------------------","lastModifiedDate":"2020-05-23"},{"lineNumber":152,"author":{"gitId":"-"},"content":"","lastModifiedDate":"2020-05-23"},{"lineNumber":153,"author":{"gitId":"-"},"content":"## **Implementation**","lastModifiedDate":"2020-05-23"},{"lineNumber":154,"author":{"gitId":"-"},"content":"","lastModifiedDate":"2020-05-23"},{"lineNumber":155,"author":{"gitId":"-"},"content":"This section describes some noteworthy details on how certain features are implemented.","lastModifiedDate":"2020-05-23"},{"lineNumber":156,"author":{"gitId":"-"},"content":"","lastModifiedDate":"2020-05-23"},{"lineNumber":157,"author":{"gitId":"-"},"content":"### \\[Proposed\\] Undo/redo feature","lastModifiedDate":"2020-06-07"},{"lineNumber":158,"author":{"gitId":"-"},"content":"","lastModifiedDate":"2020-05-23"},{"lineNumber":159,"author":{"gitId":"-"},"content":"#### Proposed Implementation","lastModifiedDate":"2020-05-23"},{"lineNumber":160,"author":{"gitId":"-"},"content":"","lastModifiedDate":"2020-05-23"},{"lineNumber":161,"author":{"gitId":"-"},"content":"The proposed undo/redo mechanism is facilitated by `VersionedAddressBook`. It extends `AddressBook` with an undo/redo history, stored internally as an `addressBookStateList` and `currentStatePointer`. Additionally, it implements the following operations:","lastModifiedDate":"2020-05-23"},{"lineNumber":162,"author":{"gitId":"-"},"content":"","lastModifiedDate":"2020-05-23"},{"lineNumber":163,"author":{"gitId":"-"},"content":"* `VersionedAddressBook#commit()` — Saves the current address book state in its history.","lastModifiedDate":"2020-05-23"},{"lineNumber":164,"author":{"gitId":"-"},"content":"* `VersionedAddressBook#undo()` — Restores the previous address book state from its history.","lastModifiedDate":"2020-05-23"},{"lineNumber":165,"author":{"gitId":"-"},"content":"* `VersionedAddressBook#redo()` — Restores a previously undone address book state from its history.","lastModifiedDate":"2020-05-23"},{"lineNumber":166,"author":{"gitId":"-"},"content":"","lastModifiedDate":"2020-05-23"},{"lineNumber":167,"author":{"gitId":"-"},"content":"These operations are exposed in the `Model` interface as `Model#commitAddressBook()`, `Model#undoAddressBook()` and `Model#redoAddressBook()` respectively.","lastModifiedDate":"2020-05-23"},{"lineNumber":168,"author":{"gitId":"-"},"content":"","lastModifiedDate":"2020-05-23"},{"lineNumber":169,"author":{"gitId":"-"},"content":"Given below is an example usage scenario and how the undo/redo mechanism behaves at each step.","lastModifiedDate":"2020-05-23"},{"lineNumber":170,"author":{"gitId":"-"},"content":"","lastModifiedDate":"2020-05-23"},{"lineNumber":171,"author":{"gitId":"-"},"content":"Step 1. The user launches the application for the first time. The `VersionedAddressBook` will be initialized with the initial address book state, and the `currentStatePointer` pointing to that single address book state.","lastModifiedDate":"2020-05-23"},{"lineNumber":172,"author":{"gitId":"-"},"content":"","lastModifiedDate":"2020-05-23"},{"lineNumber":173,"author":{"gitId":"-"},"content":"![UndoRedoState0](images/UndoRedoState0.png)","lastModifiedDate":"2020-05-23"},{"lineNumber":174,"author":{"gitId":"-"},"content":"","lastModifiedDate":"2020-05-23"},{"lineNumber":175,"author":{"gitId":"-"},"content":"Step 2. The user executes `delete 5` command to delete the 5th person in the address book. The `delete` command calls `Model#commitAddressBook()`, causing the modified state of the address book after the `delete 5` command executes to be saved in the `addressBookStateList`, and the `currentStatePointer` is shifted to the newly inserted address book state.","lastModifiedDate":"2020-05-23"},{"lineNumber":176,"author":{"gitId":"-"},"content":"","lastModifiedDate":"2020-05-23"},{"lineNumber":177,"author":{"gitId":"-"},"content":"![UndoRedoState1](images/UndoRedoState1.png)","lastModifiedDate":"2020-05-23"},{"lineNumber":178,"author":{"gitId":"-"},"content":"","lastModifiedDate":"2020-05-23"},{"lineNumber":179,"author":{"gitId":"-"},"content":"Step 3. The user executes `add n/David …​` to add a new person. The `add` command also calls `Model#commitAddressBook()`, causing another modified address book state to be saved into the `addressBookStateList`.","lastModifiedDate":"2020-05-23"},{"lineNumber":180,"author":{"gitId":"-"},"content":"","lastModifiedDate":"2020-05-23"},{"lineNumber":181,"author":{"gitId":"-"},"content":"![UndoRedoState2](images/UndoRedoState2.png)","lastModifiedDate":"2020-05-23"},{"lineNumber":182,"author":{"gitId":"-"},"content":"","lastModifiedDate":"2020-05-23"},{"lineNumber":183,"author":{"gitId":"-"},"content":"\u003cdiv markdown\u003d\"span\" class\u003d\"alert alert-info\"\u003e:information_source: **Note:** If a command fails its execution, it will not call `Model#commitAddressBook()`, so the address book state will not be saved into the `addressBookStateList`.","lastModifiedDate":"2020-05-23"},{"lineNumber":184,"author":{"gitId":"-"},"content":"","lastModifiedDate":"2020-05-23"},{"lineNumber":185,"author":{"gitId":"-"},"content":"\u003c/div\u003e","lastModifiedDate":"2020-05-23"},{"lineNumber":186,"author":{"gitId":"-"},"content":"","lastModifiedDate":"2020-05-23"},{"lineNumber":187,"author":{"gitId":"-"},"content":"Step 4. The user now decides that adding the person was a mistake, and decides to undo that action by executing the `undo` command. The `undo` command will call `Model#undoAddressBook()`, which will shift the `currentStatePointer` once to the left, pointing it to the previous address book state, and restores the address book to that state.","lastModifiedDate":"2020-05-23"},{"lineNumber":188,"author":{"gitId":"-"},"content":"","lastModifiedDate":"2020-05-23"},{"lineNumber":189,"author":{"gitId":"-"},"content":"![UndoRedoState3](images/UndoRedoState3.png)","lastModifiedDate":"2020-05-23"},{"lineNumber":190,"author":{"gitId":"-"},"content":"","lastModifiedDate":"2020-05-23"},{"lineNumber":191,"author":{"gitId":"-"},"content":"\u003cdiv markdown\u003d\"span\" class\u003d\"alert alert-info\"\u003e:information_source: **Note:** If the `currentStatePointer` is at index 0, pointing to the initial AddressBook state, then there are no previous AddressBook states to restore. The `undo` command uses `Model#canUndoAddressBook()` to check if this is the case. If so, it will return an error to the user rather","lastModifiedDate":"2020-05-23"},{"lineNumber":192,"author":{"gitId":"-"},"content":"than attempting to perform the undo.","lastModifiedDate":"2020-05-23"},{"lineNumber":193,"author":{"gitId":"-"},"content":"","lastModifiedDate":"2020-05-23"},{"lineNumber":194,"author":{"gitId":"-"},"content":"\u003c/div\u003e","lastModifiedDate":"2020-05-23"},{"lineNumber":195,"author":{"gitId":"-"},"content":"","lastModifiedDate":"2020-05-23"},{"lineNumber":196,"author":{"gitId":"-"},"content":"The following sequence diagram shows how the undo operation works:","lastModifiedDate":"2020-05-23"},{"lineNumber":197,"author":{"gitId":"-"},"content":"","lastModifiedDate":"2020-05-23"},{"lineNumber":198,"author":{"gitId":"-"},"content":"![UndoSequenceDiagram](images/UndoSequenceDiagram.png)","lastModifiedDate":"2020-05-23"},{"lineNumber":199,"author":{"gitId":"-"},"content":"","lastModifiedDate":"2020-05-23"},{"lineNumber":200,"author":{"gitId":"-"},"content":"\u003cdiv markdown\u003d\"span\" class\u003d\"alert alert-info\"\u003e:information_source: **Note:** The lifeline for `UndoCommand` should end at the destroy marker (X) but due to a limitation of PlantUML, the lifeline reaches the end of diagram.","lastModifiedDate":"2020-05-23"},{"lineNumber":201,"author":{"gitId":"-"},"content":"","lastModifiedDate":"2020-05-23"},{"lineNumber":202,"author":{"gitId":"-"},"content":"\u003c/div\u003e","lastModifiedDate":"2020-05-23"},{"lineNumber":203,"author":{"gitId":"-"},"content":"","lastModifiedDate":"2020-05-23"},{"lineNumber":204,"author":{"gitId":"-"},"content":"The `redo` command does the opposite — it calls `Model#redoAddressBook()`, which shifts the `currentStatePointer` once to the right, pointing to the previously undone state, and restores the address book to that state.","lastModifiedDate":"2020-05-23"},{"lineNumber":205,"author":{"gitId":"-"},"content":"","lastModifiedDate":"2020-05-23"},{"lineNumber":206,"author":{"gitId":"-"},"content":"\u003cdiv markdown\u003d\"span\" class\u003d\"alert alert-info\"\u003e:information_source: **Note:** If the `currentStatePointer` is at index `addressBookStateList.size() - 1`, pointing to the latest address book state, then there are no undone AddressBook states to restore. The `redo` command uses `Model#canRedoAddressBook()` to check if this is the case. If so, it will return an error to the user rather than attempting to perform the redo.","lastModifiedDate":"2020-05-23"},{"lineNumber":207,"author":{"gitId":"-"},"content":"","lastModifiedDate":"2020-05-23"},{"lineNumber":208,"author":{"gitId":"-"},"content":"\u003c/div\u003e","lastModifiedDate":"2020-05-23"},{"lineNumber":209,"author":{"gitId":"-"},"content":"","lastModifiedDate":"2020-05-23"},{"lineNumber":210,"author":{"gitId":"-"},"content":"Step 5. The user then decides to execute the command `list`. Commands that do not modify the address book, such as `list`, will usually not call `Model#commitAddressBook()`, `Model#undoAddressBook()` or `Model#redoAddressBook()`. Thus, the `addressBookStateList` remains unchanged.","lastModifiedDate":"2020-05-23"},{"lineNumber":211,"author":{"gitId":"-"},"content":"","lastModifiedDate":"2020-05-23"},{"lineNumber":212,"author":{"gitId":"-"},"content":"![UndoRedoState4](images/UndoRedoState4.png)","lastModifiedDate":"2020-05-23"},{"lineNumber":213,"author":{"gitId":"-"},"content":"","lastModifiedDate":"2020-05-23"},{"lineNumber":214,"author":{"gitId":"-"},"content":"Step 6. The user executes `clear`, which calls `Model#commitAddressBook()`. Since the `currentStatePointer` is not pointing at the end of the `addressBookStateList`, all address book states after the `currentStatePointer` will be purged. Reason: It no longer makes sense to redo the `add n/David …​` command. This is the behavior that most modern desktop applications follow.","lastModifiedDate":"2020-05-23"},{"lineNumber":215,"author":{"gitId":"-"},"content":"","lastModifiedDate":"2020-05-23"},{"lineNumber":216,"author":{"gitId":"-"},"content":"![UndoRedoState5](images/UndoRedoState5.png)","lastModifiedDate":"2020-05-23"},{"lineNumber":217,"author":{"gitId":"-"},"content":"","lastModifiedDate":"2020-05-23"},{"lineNumber":218,"author":{"gitId":"-"},"content":"The following activity diagram summarizes what happens when a user executes a new command:","lastModifiedDate":"2020-05-23"},{"lineNumber":219,"author":{"gitId":"-"},"content":"","lastModifiedDate":"2020-05-23"},{"lineNumber":220,"author":{"gitId":"-"},"content":"\u003cimg src\u003d\"images/CommitActivityDiagram.png\" width\u003d\"250\" /\u003e","lastModifiedDate":"2021-07-31"},{"lineNumber":221,"author":{"gitId":"-"},"content":"","lastModifiedDate":"2020-05-23"},{"lineNumber":222,"author":{"gitId":"-"},"content":"#### Design considerations:","lastModifiedDate":"2021-07-31"},{"lineNumber":223,"author":{"gitId":"-"},"content":"","lastModifiedDate":"2020-05-23"},{"lineNumber":224,"author":{"gitId":"-"},"content":"**Aspect: How undo \u0026 redo executes:**","lastModifiedDate":"2021-07-31"},{"lineNumber":225,"author":{"gitId":"-"},"content":"","lastModifiedDate":"2020-05-23"},{"lineNumber":226,"author":{"gitId":"-"},"content":"* **Alternative 1 (current choice):** Saves the entire address book.","lastModifiedDate":"2020-05-23"},{"lineNumber":227,"author":{"gitId":"-"},"content":"  * Pros: Easy to implement.","lastModifiedDate":"2020-05-23"},{"lineNumber":228,"author":{"gitId":"-"},"content":"  * Cons: May have performance issues in terms of memory usage.","lastModifiedDate":"2020-05-23"},{"lineNumber":229,"author":{"gitId":"-"},"content":"","lastModifiedDate":"2020-05-23"},{"lineNumber":230,"author":{"gitId":"-"},"content":"* **Alternative 2:** Individual command knows how to undo/redo by","lastModifiedDate":"2020-05-23"},{"lineNumber":231,"author":{"gitId":"-"},"content":"  itself.","lastModifiedDate":"2020-05-23"},{"lineNumber":232,"author":{"gitId":"-"},"content":"  * Pros: Will use less memory (e.g. for `delete`, just save the person being deleted).","lastModifiedDate":"2020-05-23"},{"lineNumber":233,"author":{"gitId":"-"},"content":"  * Cons: We must ensure that the implementation of each individual command are correct.","lastModifiedDate":"2020-05-23"},{"lineNumber":234,"author":{"gitId":"-"},"content":"","lastModifiedDate":"2020-05-23"},{"lineNumber":235,"author":{"gitId":"-"},"content":"_{more aspects and alternatives to be added}_","lastModifiedDate":"2020-05-23"},{"lineNumber":236,"author":{"gitId":"-"},"content":"","lastModifiedDate":"2020-05-23"},{"lineNumber":237,"author":{"gitId":"-"},"content":"### \\[Proposed\\] Data archiving","lastModifiedDate":"2020-05-23"},{"lineNumber":238,"author":{"gitId":"-"},"content":"","lastModifiedDate":"2020-05-23"},{"lineNumber":239,"author":{"gitId":"-"},"content":"_{Explain here how the data archiving feature will be implemented}_","lastModifiedDate":"2020-05-23"},{"lineNumber":240,"author":{"gitId":"-"},"content":"","lastModifiedDate":"2020-05-23"},{"lineNumber":241,"author":{"gitId":"-"},"content":"","lastModifiedDate":"2020-05-23"},{"lineNumber":242,"author":{"gitId":"-"},"content":"--------------------------------------------------------------------------------------------------------------------","lastModifiedDate":"2020-05-23"},{"lineNumber":243,"author":{"gitId":"-"},"content":"","lastModifiedDate":"2020-05-23"},{"lineNumber":244,"author":{"gitId":"-"},"content":"## **Documentation, logging, testing, configuration, dev-ops**","lastModifiedDate":"2020-06-07"},{"lineNumber":245,"author":{"gitId":"-"},"content":"","lastModifiedDate":"2020-05-23"},{"lineNumber":246,"author":{"gitId":"-"},"content":"* [Documentation guide](Documentation.md)","lastModifiedDate":"2020-06-07"},{"lineNumber":247,"author":{"gitId":"-"},"content":"* [Testing guide](Testing.md)","lastModifiedDate":"2020-06-07"},{"lineNumber":248,"author":{"gitId":"-"},"content":"* [Logging guide](Logging.md)","lastModifiedDate":"2020-06-07"},{"lineNumber":249,"author":{"gitId":"-"},"content":"* [Configuration guide](Configuration.md)","lastModifiedDate":"2020-06-07"},{"lineNumber":250,"author":{"gitId":"-"},"content":"* [DevOps guide](DevOps.md)","lastModifiedDate":"2020-06-07"},{"lineNumber":251,"author":{"gitId":"-"},"content":"","lastModifiedDate":"2020-05-23"},{"lineNumber":252,"author":{"gitId":"-"},"content":"--------------------------------------------------------------------------------------------------------------------","lastModifiedDate":"2020-05-23"},{"lineNumber":253,"author":{"gitId":"-"},"content":"","lastModifiedDate":"2020-05-23"},{"lineNumber":254,"author":{"gitId":"-"},"content":"## **Appendix: Requirements**","lastModifiedDate":"2020-05-23"},{"lineNumber":255,"author":{"gitId":"-"},"content":"","lastModifiedDate":"2020-05-23"},{"lineNumber":256,"author":{"gitId":"-"},"content":"### Product scope","lastModifiedDate":"2020-05-23"},{"lineNumber":257,"author":{"gitId":"-"},"content":"","lastModifiedDate":"2020-05-23"},{"lineNumber":258,"author":{"gitId":"-"},"content":"**Target user profile**:","lastModifiedDate":"2020-05-23"},{"lineNumber":259,"author":{"gitId":"-"},"content":"","lastModifiedDate":"2020-05-23"},{"lineNumber":260,"author":{"gitId":"-"},"content":"* has a need to manage a significant number of contacts","lastModifiedDate":"2020-05-23"},{"lineNumber":261,"author":{"gitId":"-"},"content":"* prefer desktop apps over other types","lastModifiedDate":"2020-05-23"},{"lineNumber":262,"author":{"gitId":"-"},"content":"* can type fast","lastModifiedDate":"2020-05-23"},{"lineNumber":263,"author":{"gitId":"-"},"content":"* prefers typing to mouse interactions","lastModifiedDate":"2020-05-26"},{"lineNumber":264,"author":{"gitId":"-"},"content":"* is reasonably comfortable using CLI apps","lastModifiedDate":"2020-05-23"},{"lineNumber":265,"author":{"gitId":"-"},"content":"","lastModifiedDate":"2020-05-23"},{"lineNumber":266,"author":{"gitId":"-"},"content":"**Value proposition**: manage contacts faster than a typical mouse/GUI driven app","lastModifiedDate":"2020-05-23"},{"lineNumber":267,"author":{"gitId":"-"},"content":"","lastModifiedDate":"2020-05-23"},{"lineNumber":268,"author":{"gitId":"-"},"content":"","lastModifiedDate":"2020-05-23"},{"lineNumber":269,"author":{"gitId":"-"},"content":"### User stories","lastModifiedDate":"2020-06-07"},{"lineNumber":270,"author":{"gitId":"-"},"content":"","lastModifiedDate":"2020-05-23"},{"lineNumber":271,"author":{"gitId":"-"},"content":"Priorities: High (must have) - `* * *`, Medium (nice to have) - `* *`, Low (unlikely to have) - `*`","lastModifiedDate":"2020-05-23"},{"lineNumber":272,"author":{"gitId":"-"},"content":"","lastModifiedDate":"2020-05-23"},{"lineNumber":273,"author":{"gitId":"-"},"content":"| Priority | As a …​                                    | I want to …​                     | So that I can…​                                                        |","lastModifiedDate":"2020-05-23"},{"lineNumber":274,"author":{"gitId":"-"},"content":"| -------- | ------------------------------------------ | ------------------------------ | ---------------------------------------------------------------------- |","lastModifiedDate":"2020-05-23"},{"lineNumber":275,"author":{"gitId":"Agentum07"},"content":"| `* * *`  | NUS Student | add a multiple choice question to the topic         | review the question in MCQ style|","lastModifiedDate":"2021-09-30"},{"lineNumber":276,"author":{"gitId":"Agentum07"},"content":"| `* * *`  | NUS Student | add an answer to the multiple choice question       | see the correct answer during the review                                                                        |","lastModifiedDate":"2021-09-30"},{"lineNumber":277,"author":{"gitId":"Agentum07"},"content":"| `* * *`  | NUS Student | delete the question and at the same time delete all answers belonging to that question | remove questions and answer that are not needed|","lastModifiedDate":"2021-09-30"},{"lineNumber":278,"author":{"gitId":"Agentum07"},"content":"| `* * *`  | NUS Student | do a quiz containing only questions from a certain tag       | revise questions for the specific tag|","lastModifiedDate":"2021-09-30"},{"lineNumber":279,"author":{"gitId":"Agentum07"},"content":"| `* * *`  | NUS Student | specify the number of questions to be included in any quiz| revise the number of questions taking into account time constraints or the importance I place on that module/topic, rather than having to go through all questions|","lastModifiedDate":"2021-09-30"},{"lineNumber":280,"author":{"gitId":"Agentum07"},"content":"| `* * *`  | NUS Student | see the list of all commands | know what commands to use to perform a specific task that I want|","lastModifiedDate":"2021-09-30"},{"lineNumber":281,"author":{"gitId":"Agentum07"},"content":"| `* * *`  | NUS Student | specify the number of questions to be included in any quiz| revise the number of questions taking into account time constraints or the importance I place on that module/topic, rather than having to go through all questions|","lastModifiedDate":"2021-09-30"},{"lineNumber":282,"author":{"gitId":"Agentum07"},"content":"| `* * *`  | NUS Student | add tags | tag questions to categorise them and search through them easily|","lastModifiedDate":"2021-09-30"},{"lineNumber":283,"author":{"gitId":"Agentum07"},"content":"| `* * *`  | NUS Student | delete existing tag | delete unneeded tags|","lastModifiedDate":"2021-09-30"},{"lineNumber":284,"author":{"gitId":"Agentum07"},"content":"| `* * *`  | NUS Student | add a True or False question to the topic | review the question in T/F style|","lastModifiedDate":"2021-09-30"},{"lineNumber":285,"author":{"gitId":"Agentum07"},"content":"| `* * *`  | NUS Student | add an open ended question to the topic | review the question open endedly|","lastModifiedDate":"2021-09-30"},{"lineNumber":286,"author":{"gitId":"Agentum07"},"content":"| `* * *`  | NUS Student | add an answer to the True or False question | see the correct answer during the review|","lastModifiedDate":"2021-09-30"},{"lineNumber":287,"author":{"gitId":"Agentum07"},"content":"| `* * *`  | NUS Student | add an answer to the open ended question | see the correct answer during the review|","lastModifiedDate":"2021-09-30"},{"lineNumber":288,"author":{"gitId":"Agentum07"},"content":"| `* * *`  | NUS Student | tag questions with custom tags (e.g. midterm, quiz, finals) | mark questions (add a note)|","lastModifiedDate":"2021-09-30"},{"lineNumber":289,"author":{"gitId":"Agentum07"},"content":"| `* *`    | NUS Student | end the quiz mid way | end the quiz without finishing it, and return to question list|","lastModifiedDate":"2021-09-30"},{"lineNumber":290,"author":{"gitId":"Agentum07"},"content":"| `* * `   | NUS Student | search questions by tag | filter out questions based on the specific tags|","lastModifiedDate":"2021-09-30"},{"lineNumber":291,"author":{"gitId":"Agentum07"},"content":"| `* * `   | NUS Student | search questions by keyword | filter out questions based on the specific keyword|","lastModifiedDate":"2021-09-30"},{"lineNumber":292,"author":{"gitId":"Agentum07"},"content":"| `* *`    | NUS Student | update existing tag | change a tag if there is a typo|","lastModifiedDate":"2021-09-30"},{"lineNumber":293,"author":{"gitId":"Agentum07"},"content":"| `* *`    | NUS Student | edit the multiple choice question | amend the question just in case I made a mistake |","lastModifiedDate":"2021-09-30"},{"lineNumber":294,"author":{"gitId":"Agentum07"},"content":"| `* *`    | NUS Student | edit the True or False question | amend the question just in case I made a mistake |","lastModifiedDate":"2021-09-30"},{"lineNumber":295,"author":{"gitId":"Agentum07"},"content":"| `* *`    | NUS Student | edit the open ended question | amend the question just in case I made a mistake |","lastModifiedDate":"2021-09-30"},{"lineNumber":296,"author":{"gitId":"Agentum07"},"content":"| `* *`    | NUS Student | edit the multiple choice answer | amend the answer just in case I made a mistake |","lastModifiedDate":"2021-09-30"},{"lineNumber":297,"author":{"gitId":"Agentum07"},"content":"| `* *`    | NUS Student | edit the True or False answer | amend the answer just in case I made a mistake |","lastModifiedDate":"2021-09-30"},{"lineNumber":298,"author":{"gitId":"Agentum07"},"content":"| `* *`    | NUS Student | edit the open ended answer | amend the answer just in case I made a mistake |","lastModifiedDate":"2021-09-30"},{"lineNumber":299,"author":{"gitId":"Agentum07"},"content":"| `* *`    | NUS Student | mark a review as correct | track which questions I answered correctly |","lastModifiedDate":"2021-09-30"},{"lineNumber":300,"author":{"gitId":"Agentum07"},"content":"| `* *`    | NUS Student | mark a review as incorrect | track which questions I need to review again |","lastModifiedDate":"2021-09-30"},{"lineNumber":301,"author":{"gitId":"Agentum07"},"content":"| `*`      | NUS Student | undo a command | undo something that I did carelessly |","lastModifiedDate":"2021-09-30"},{"lineNumber":302,"author":{"gitId":"Agentum07"},"content":"| `*`      | NUS Student | add an exam date to a tag | prioritize which modules to study for |","lastModifiedDate":"2021-09-30"},{"lineNumber":303,"author":{"gitId":"Agentum07"},"content":"| `*`      | NUS Student | view how many times I have answered any question correctly and incorrectly | identify areas of improvement to focus on during revision|","lastModifiedDate":"2021-09-30"},{"lineNumber":304,"author":{"gitId":"Agentum07"},"content":"| `*`      | NUS Student | view how many times I have answered questions from a particular topic correctly and incorrectly| identify areas of improvement to focus on during revision|","lastModifiedDate":"2021-09-30"},{"lineNumber":305,"author":{"gitId":"Agentum07"},"content":"| `*`      | NUS Student | have Demo data already in the application [modules, QnA, tags]| see how the application works and try it out easily|","lastModifiedDate":"2021-09-30"},{"lineNumber":306,"author":{"gitId":"Agentum07"},"content":"| `*`      | NUS Student | create a deadline (date) for the selected topic| manage my time to review topics|","lastModifiedDate":"2021-09-30"},{"lineNumber":307,"author":{"gitId":"Agentum07"},"content":"| `*`      | NUS Student | view deleted questions | still see the questions I might need but have deleted|","lastModifiedDate":"2021-09-30"},{"lineNumber":308,"author":{"gitId":"Agentum07"},"content":"| `*`      | NUS Student | restore deleted questions | to restore questions that I deleted but need again|","lastModifiedDate":"2021-09-30"},{"lineNumber":309,"author":{"gitId":"Agentum07"},"content":"| `*`      | NUS Student | delete everything and start fresh | get rid of all data I have entered so far|","lastModifiedDate":"2021-09-30"},{"lineNumber":310,"author":{"gitId":"Agentum07"},"content":"| `*`      | NUS Student | go back or forward in the question list | review again the questions I have answered |","lastModifiedDate":"2021-09-30"},{"lineNumber":311,"author":{"gitId":"-"},"content":"","lastModifiedDate":"2020-05-23"},{"lineNumber":312,"author":{"gitId":"-"},"content":"","lastModifiedDate":"2020-05-23"},{"lineNumber":313,"author":{"gitId":"-"},"content":"### Use cases","lastModifiedDate":"2020-06-07"},{"lineNumber":314,"author":{"gitId":"-"},"content":"","lastModifiedDate":"2020-05-23"},{"lineNumber":315,"author":{"gitId":"neojxuan"},"content":"(For all use cases below, the **System** is the `SmartNUS` and the **Actor** is the `user`, unless specified otherwise)","lastModifiedDate":"2021-09-30"},{"lineNumber":316,"author":{"gitId":"-"},"content":"","lastModifiedDate":"2020-05-23"},{"lineNumber":317,"author":{"gitId":"neojxuan"},"content":"","lastModifiedDate":"2021-09-30"},{"lineNumber":318,"author":{"gitId":"neojxuan"},"content":"**Use case: Add Multiple Choice question and options**","lastModifiedDate":"2021-09-30"},{"lineNumber":319,"author":{"gitId":"-"},"content":"","lastModifiedDate":"2020-05-23"},{"lineNumber":320,"author":{"gitId":"-"},"content":"**MSS**","lastModifiedDate":"2020-05-23"},{"lineNumber":321,"author":{"gitId":"-"},"content":"","lastModifiedDate":"2020-05-23"},{"lineNumber":322,"author":{"gitId":"neojxuan"},"content":"1.  User requests to add an MCQ question and its options, indicating the correct answer.","lastModifiedDate":"2021-09-30"},{"lineNumber":323,"author":{"gitId":"neojxuan"},"content":"2.  SmartNUS saves the question, its options and the correct answer.","lastModifiedDate":"2021-09-30"},{"lineNumber":324,"author":{"gitId":"neojxuan"},"content":"","lastModifiedDate":"2021-09-30"},{"lineNumber":325,"author":{"gitId":"neojxuan"},"content":"**Extensions**","lastModifiedDate":"2021-09-30"},{"lineNumber":326,"author":{"gitId":"neojxuan"},"content":"","lastModifiedDate":"2021-09-30"},{"lineNumber":327,"author":{"gitId":"neojxuan"},"content":"* 1a. User does not specify any options.","lastModifiedDate":"2021-09-30"},{"lineNumber":328,"author":{"gitId":"neojxuan"},"content":"* SmartNUS shows error message.  ","lastModifiedDate":"2021-09-30"},{"lineNumber":329,"author":{"gitId":"neojxuan"},"content":"  Use case ends.","lastModifiedDate":"2021-09-30"},{"lineNumber":330,"author":{"gitId":"neojxuan"},"content":"","lastModifiedDate":"2021-09-30"},{"lineNumber":331,"author":{"gitId":"neojxuan"},"content":"* 1b. User does not specify the correct answer.","lastModifiedDate":"2021-09-30"},{"lineNumber":332,"author":{"gitId":"neojxuan"},"content":"* SmartNUS shows error message.  ","lastModifiedDate":"2021-09-30"},{"lineNumber":333,"author":{"gitId":"neojxuan"},"content":"  Use case ends.","lastModifiedDate":"2021-09-30"},{"lineNumber":334,"author":{"gitId":"-"},"content":"","lastModifiedDate":"2020-05-23"},{"lineNumber":335,"author":{"gitId":"neojxuan"},"content":"* 1c. User specifies more than one correct answer.","lastModifiedDate":"2021-09-30"},{"lineNumber":336,"author":{"gitId":"neojxuan"},"content":"* SmartNUS shows error message.  ","lastModifiedDate":"2021-09-30"},{"lineNumber":337,"author":{"gitId":"neojxuan"},"content":"  Use case ends.","lastModifiedDate":"2021-09-30"},{"lineNumber":338,"author":{"gitId":"-"},"content":"","lastModifiedDate":"2021-09-30"},{"lineNumber":339,"author":{"gitId":"neojxuan"},"content":"","lastModifiedDate":"2021-09-30"},{"lineNumber":340,"author":{"gitId":"neojxuan"},"content":"**Use case: Add True/False question**","lastModifiedDate":"2021-09-30"},{"lineNumber":341,"author":{"gitId":"neojxuan"},"content":"","lastModifiedDate":"2021-09-30"},{"lineNumber":342,"author":{"gitId":"neojxuan"},"content":"**MSS**","lastModifiedDate":"2021-09-30"},{"lineNumber":343,"author":{"gitId":"neojxuan"},"content":"","lastModifiedDate":"2021-09-30"},{"lineNumber":344,"author":{"gitId":"neojxuan"},"content":"1.  User requests to add a True/False question, indicating the correct answer.","lastModifiedDate":"2021-09-30"},{"lineNumber":345,"author":{"gitId":"neojxuan"},"content":"2.  SmartNUS saves the question and the correct answer.","lastModifiedDate":"2021-09-30"},{"lineNumber":346,"author":{"gitId":"neojxuan"},"content":"","lastModifiedDate":"2021-09-30"},{"lineNumber":347,"author":{"gitId":"neojxuan"},"content":"**Extensions**","lastModifiedDate":"2021-09-30"},{"lineNumber":348,"author":{"gitId":"neojxuan"},"content":"","lastModifiedDate":"2021-09-30"},{"lineNumber":349,"author":{"gitId":"neojxuan"},"content":"* 1a. User does not specify the correct answer.","lastModifiedDate":"2021-09-30"},{"lineNumber":350,"author":{"gitId":"neojxuan"},"content":"    * 1a1. SmartNUS shows error message.  ","lastModifiedDate":"2021-09-30"},{"lineNumber":351,"author":{"gitId":"neojxuan"},"content":"      Use case ends.","lastModifiedDate":"2021-09-30"},{"lineNumber":352,"author":{"gitId":"neojxuan"},"content":"","lastModifiedDate":"2021-09-30"},{"lineNumber":353,"author":{"gitId":"neojxuan"},"content":"* 1b. User specifies more than one correct answer.","lastModifiedDate":"2021-09-30"},{"lineNumber":354,"author":{"gitId":"neojxuan"},"content":"    * 1b1. SmartNUS shows error message.  ","lastModifiedDate":"2021-09-30"},{"lineNumber":355,"author":{"gitId":"neojxuan"},"content":"      Use case ends.","lastModifiedDate":"2021-09-30"},{"lineNumber":356,"author":{"gitId":"neojxuan"},"content":"","lastModifiedDate":"2021-09-30"},{"lineNumber":357,"author":{"gitId":"neojxuan"},"content":"","lastModifiedDate":"2021-09-30"},{"lineNumber":358,"author":{"gitId":"neojxuan"},"content":"**Use case: Delete a question**","lastModifiedDate":"2021-09-30"},{"lineNumber":359,"author":{"gitId":"neojxuan"},"content":"","lastModifiedDate":"2021-09-30"},{"lineNumber":360,"author":{"gitId":"neojxuan"},"content":"**MSS**","lastModifiedDate":"2021-09-30"},{"lineNumber":361,"author":{"gitId":"neojxuan"},"content":"","lastModifiedDate":"2021-09-30"},{"lineNumber":362,"author":{"gitId":"neojxuan"},"content":"1.  User requests to list questions.","lastModifiedDate":"2021-09-30"},{"lineNumber":363,"author":{"gitId":"neojxuan"},"content":"2.  SmartNUS shows a list of all questions.","lastModifiedDate":"2021-09-30"},{"lineNumber":364,"author":{"gitId":"neojxuan"},"content":"3.  User requests to delete a specific question in the list.","lastModifiedDate":"2021-09-30"},{"lineNumber":365,"author":{"gitId":"neojxuan"},"content":"4.  SmartNUS deletes the question.","lastModifiedDate":"2021-09-30"},{"lineNumber":366,"author":{"gitId":"-"},"content":"    Use case ends.","lastModifiedDate":"2020-05-23"},{"lineNumber":367,"author":{"gitId":"-"},"content":"","lastModifiedDate":"2020-05-23"},{"lineNumber":368,"author":{"gitId":"-"},"content":"**Extensions**","lastModifiedDate":"2020-05-23"},{"lineNumber":369,"author":{"gitId":"-"},"content":"","lastModifiedDate":"2020-05-23"},{"lineNumber":370,"author":{"gitId":"-"},"content":"* 2a. The list is empty.","lastModifiedDate":"2020-05-23"},{"lineNumber":371,"author":{"gitId":"neojxuan"},"content":"    * 2a1. SmartNUS shows message that there are no questions.","lastModifiedDate":"2021-09-30"},{"lineNumber":372,"author":{"gitId":"neojxuan"},"content":"      Use case ends.","lastModifiedDate":"2021-09-30"},{"lineNumber":373,"author":{"gitId":"-"},"content":"","lastModifiedDate":"2020-05-23"},{"lineNumber":374,"author":{"gitId":"neojxuan"},"content":"* 3a. The given index is invalid.","lastModifiedDate":"2021-09-30"},{"lineNumber":375,"author":{"gitId":"neojxuan"},"content":"    * 3a1. SmartNUS shows an error message.","lastModifiedDate":"2021-09-30"},{"lineNumber":376,"author":{"gitId":"neojxuan"},"content":"      Use case resumes at Step 2.","lastModifiedDate":"2021-09-30"},{"lineNumber":377,"author":{"gitId":"neojxuan"},"content":"","lastModifiedDate":"2021-09-30"},{"lineNumber":378,"author":{"gitId":"neojxuan"},"content":"","lastModifiedDate":"2021-09-30"},{"lineNumber":379,"author":{"gitId":"neojxuan"},"content":"**Use case: Tag a question**","lastModifiedDate":"2021-09-30"},{"lineNumber":380,"author":{"gitId":"neojxuan"},"content":"","lastModifiedDate":"2021-09-30"},{"lineNumber":381,"author":{"gitId":"neojxuan"},"content":"**MSS**","lastModifiedDate":"2021-09-30"},{"lineNumber":382,"author":{"gitId":"neojxuan"},"content":"","lastModifiedDate":"2021-09-30"},{"lineNumber":383,"author":{"gitId":"neojxuan"},"content":"1.  User requests to list questions.","lastModifiedDate":"2021-09-30"},{"lineNumber":384,"author":{"gitId":"neojxuan"},"content":"2.  SmartNUS shows a list of all questions.","lastModifiedDate":"2021-09-30"},{"lineNumber":385,"author":{"gitId":"neojxuan"},"content":"3.  User requests to tag a specific question in the list with specific tag(s).","lastModifiedDate":"2021-09-30"},{"lineNumber":386,"author":{"gitId":"neojxuan"},"content":"4.  SmartNUS tags the question with the specified tags.  ","lastModifiedDate":"2021-09-30"},{"lineNumber":387,"author":{"gitId":"neojxuan"},"content":"    Use case ends.","lastModifiedDate":"2021-09-30"},{"lineNumber":388,"author":{"gitId":"neojxuan"},"content":"","lastModifiedDate":"2021-09-30"},{"lineNumber":389,"author":{"gitId":"neojxuan"},"content":"**Extensions**","lastModifiedDate":"2021-09-30"},{"lineNumber":390,"author":{"gitId":"neojxuan"},"content":"","lastModifiedDate":"2021-09-30"},{"lineNumber":391,"author":{"gitId":"neojxuan"},"content":"* 2a. The list is empty.","lastModifiedDate":"2021-09-30"},{"lineNumber":392,"author":{"gitId":"neojxuan"},"content":"    * 2a1. SmartNUS shows message that there are no questions.  ","lastModifiedDate":"2021-09-30"},{"lineNumber":393,"author":{"gitId":"-"},"content":"      Use case ends.","lastModifiedDate":"2020-05-23"},{"lineNumber":394,"author":{"gitId":"-"},"content":"","lastModifiedDate":"2020-05-23"},{"lineNumber":395,"author":{"gitId":"-"},"content":"* 3a. The given index is invalid.","lastModifiedDate":"2020-05-23"},{"lineNumber":396,"author":{"gitId":"neojxuan"},"content":"    * 3a1. SmartNUS shows an error message.  ","lastModifiedDate":"2021-09-30"},{"lineNumber":397,"author":{"gitId":"neojxuan"},"content":"      Use case resumes at Step 2.","lastModifiedDate":"2021-09-30"},{"lineNumber":398,"author":{"gitId":"-"},"content":"","lastModifiedDate":"2020-05-23"},{"lineNumber":399,"author":{"gitId":"neojxuan"},"content":"* 3b. At least one specified tag does not exist.","lastModifiedDate":"2021-09-30"},{"lineNumber":400,"author":{"gitId":"neojxuan"},"content":"    * 3b1. SmartNUS creates tags that do not exist.  ","lastModifiedDate":"2021-09-30"},{"lineNumber":401,"author":{"gitId":"neojxuan"},"content":"      Use case resumes at Step 4.","lastModifiedDate":"2021-09-30"},{"lineNumber":402,"author":{"gitId":"-"},"content":"","lastModifiedDate":"2021-09-30"},{"lineNumber":403,"author":{"gitId":"-"},"content":"","lastModifiedDate":"2021-09-30"},{"lineNumber":404,"author":{"gitId":"neojxuan"},"content":"**Use case: Start a quiz**","lastModifiedDate":"2021-09-30"},{"lineNumber":405,"author":{"gitId":"-"},"content":"","lastModifiedDate":"2021-09-30"},{"lineNumber":406,"author":{"gitId":"neojxuan"},"content":"**MSS**","lastModifiedDate":"2021-09-30"},{"lineNumber":407,"author":{"gitId":"neojxuan"},"content":"","lastModifiedDate":"2021-09-30"},{"lineNumber":408,"author":{"gitId":"neojxuan"},"content":"1.  User requests to start a quiz, specifying number of questions and tags.","lastModifiedDate":"2021-09-30"},{"lineNumber":409,"author":{"gitId":"neojxuan"},"content":"2.  SmartNUS shows a question from one of the specified tags and its options.","lastModifiedDate":"2021-09-30"},{"lineNumber":410,"author":{"gitId":"neojxuan"},"content":"3.  User chooses one option.","lastModifiedDate":"2021-09-30"},{"lineNumber":411,"author":{"gitId":"neojxuan"},"content":"4.  SmartNUS shows the correct option (answer).","lastModifiedDate":"2021-09-30"},{"lineNumber":412,"author":{"gitId":"neojxuan"},"content":"5.  Steps 2 to 4 are repeated until the user has answered the number of questions he/she specified when starting the quiz.","lastModifiedDate":"2021-09-30"},{"lineNumber":413,"author":{"gitId":"neojxuan"},"content":"6.  SmartNUS shows the user’s score (number of questions correct and total number of questions answered).","lastModifiedDate":"2021-09-30"},{"lineNumber":414,"author":{"gitId":"neojxuan"},"content":"","lastModifiedDate":"2021-09-30"},{"lineNumber":415,"author":{"gitId":"neojxuan"},"content":"**Extensions**","lastModifiedDate":"2021-09-30"},{"lineNumber":416,"author":{"gitId":"neojxuan"},"content":"","lastModifiedDate":"2021-09-30"},{"lineNumber":417,"author":{"gitId":"neojxuan"},"content":"* 1a. Number of questions is invalid (negative or more than total number of questions).","lastModifiedDate":"2021-09-30"},{"lineNumber":418,"author":{"gitId":"neojxuan"},"content":"    * 1a1. SmartNUS shows error message.","lastModifiedDate":"2021-09-30"},{"lineNumber":419,"author":{"gitId":"neojxuan"},"content":"      Use case ends.","lastModifiedDate":"2021-09-30"},{"lineNumber":420,"author":{"gitId":"neojxuan"},"content":"","lastModifiedDate":"2021-09-30"},{"lineNumber":421,"author":{"gitId":"neojxuan"},"content":"* 1b. At least one tag does not exist.","lastModifiedDate":"2021-09-30"},{"lineNumber":422,"author":{"gitId":"neojxuan"},"content":"    * 1b1. SmartNUS shows an error message.","lastModifiedDate":"2021-09-30"},{"lineNumber":423,"author":{"gitId":"neojxuan"},"content":"      Use case ends.","lastModifiedDate":"2021-09-30"},{"lineNumber":424,"author":{"gitId":"-"},"content":"","lastModifiedDate":"2021-09-30"},{"lineNumber":425,"author":{"gitId":"neojxuan"},"content":"* 2a. User did not specify any tags.","lastModifiedDate":"2021-09-30"},{"lineNumber":426,"author":{"gitId":"neojxuan"},"content":"    * 2a1. SmartNUS shows any question (that has not yet been shown in the quiz) and its options.","lastModifiedDate":"2021-09-30"},{"lineNumber":427,"author":{"gitId":"neojxuan"},"content":"      Use case resumes at Step 3.","lastModifiedDate":"2021-09-30"},{"lineNumber":428,"author":{"gitId":"neojxuan"},"content":"","lastModifiedDate":"2021-09-30"},{"lineNumber":429,"author":{"gitId":"neojxuan"},"content":"* 5a. User did not specify number of questions.","lastModifiedDate":"2021-09-30"},{"lineNumber":430,"author":{"gitId":"neojxuan"},"content":"    * 5a1. Steps 2 to 4 are repeated until all questions from the specified tags have been shown.","lastModifiedDate":"2021-09-30"},{"lineNumber":431,"author":{"gitId":"neojxuan"},"content":"      Use case resumes at Step 6.","lastModifiedDate":"2021-09-30"},{"lineNumber":432,"author":{"gitId":"-"},"content":"","lastModifiedDate":"2020-05-23"},{"lineNumber":433,"author":{"gitId":"-"},"content":"","lastModifiedDate":"2020-05-23"},{"lineNumber":434,"author":{"gitId":"-"},"content":"","lastModifiedDate":"2020-05-23"},{"lineNumber":435,"author":{"gitId":"-"},"content":"### Non-Functional Requirements","lastModifiedDate":"2020-05-23"},{"lineNumber":436,"author":{"gitId":"-"},"content":"","lastModifiedDate":"2020-05-23"},{"lineNumber":437,"author":{"gitId":"-"},"content":"1. Should work on any _mainstream OS_ as long as it has Java `11` or above installed.","lastModifiedDate":"2020-05-23"},{"lineNumber":438,"author":{"gitId":"Agentum07"},"content":"2. Should be able to hold up to 1000 questions without a noticeable sluggishness in performance for typical usage.","lastModifiedDate":"2021-09-30"},{"lineNumber":439,"author":{"gitId":"Agentum07"},"content":"3. A student with above average typing speed for regular English text (i.e. not code, not system admin commands) should be able to accomplish most of the tasks faster using commands than using the mouse.","lastModifiedDate":"2021-09-30"},{"lineNumber":440,"author":{"gitId":"Agentum07"},"content":"4. The data should be stored locally and should be in an editable json file.","lastModifiedDate":"2021-09-30"},{"lineNumber":441,"author":{"gitId":"Agentum07"},"content":"5. The product should be for a single user at a time.","lastModifiedDate":"2021-09-30"},{"lineNumber":442,"author":{"gitId":"Agentum07"},"content":"6. The final product should be a result of morphing the given AB3 code base.","lastModifiedDate":"2021-09-30"},{"lineNumber":443,"author":{"gitId":"Agentum07"},"content":"7. The final product should be self-contained i.e should not prompt the user to open any links.","lastModifiedDate":"2021-09-30"},{"lineNumber":444,"author":{"gitId":"Agentum07"},"content":"8. The final product should be fully functional without the internet.","lastModifiedDate":"2021-09-30"},{"lineNumber":445,"author":{"gitId":"-"},"content":"","lastModifiedDate":"2020-05-23"},{"lineNumber":446,"author":{"gitId":"-"},"content":"### Glossary","lastModifiedDate":"2020-05-23"},{"lineNumber":447,"author":{"gitId":"-"},"content":"","lastModifiedDate":"2020-05-23"},{"lineNumber":448,"author":{"gitId":"-"},"content":"* **Mainstream OS**: Windows, Linux, Unix, OS-X","lastModifiedDate":"2020-05-23"},{"lineNumber":449,"author":{"gitId":"-"},"content":"","lastModifiedDate":"2020-05-23"},{"lineNumber":450,"author":{"gitId":"-"},"content":"--------------------------------------------------------------------------------------------------------------------","lastModifiedDate":"2020-05-23"},{"lineNumber":451,"author":{"gitId":"-"},"content":"","lastModifiedDate":"2020-05-23"},{"lineNumber":452,"author":{"gitId":"-"},"content":"## **Appendix: Instructions for manual testing**","lastModifiedDate":"2020-05-23"},{"lineNumber":453,"author":{"gitId":"-"},"content":"","lastModifiedDate":"2020-05-23"},{"lineNumber":454,"author":{"gitId":"-"},"content":"Given below are instructions to test the app manually.","lastModifiedDate":"2020-05-23"},{"lineNumber":455,"author":{"gitId":"-"},"content":"","lastModifiedDate":"2020-05-23"},{"lineNumber":456,"author":{"gitId":"-"},"content":"\u003cdiv markdown\u003d\"span\" class\u003d\"alert alert-info\"\u003e:information_source: **Note:** These instructions only provide a starting point for testers to work on;","lastModifiedDate":"2020-05-23"},{"lineNumber":457,"author":{"gitId":"-"},"content":"testers are expected to do more *exploratory* testing.","lastModifiedDate":"2020-05-23"},{"lineNumber":458,"author":{"gitId":"-"},"content":"","lastModifiedDate":"2020-05-23"},{"lineNumber":459,"author":{"gitId":"-"},"content":"\u003c/div\u003e","lastModifiedDate":"2020-05-23"},{"lineNumber":460,"author":{"gitId":"-"},"content":"","lastModifiedDate":"2020-05-23"},{"lineNumber":461,"author":{"gitId":"-"},"content":"### Launch and shutdown","lastModifiedDate":"2020-05-23"},{"lineNumber":462,"author":{"gitId":"-"},"content":"","lastModifiedDate":"2020-05-23"},{"lineNumber":463,"author":{"gitId":"-"},"content":"1. Initial launch","lastModifiedDate":"2020-05-23"},{"lineNumber":464,"author":{"gitId":"-"},"content":"","lastModifiedDate":"2020-05-23"},{"lineNumber":465,"author":{"gitId":"-"},"content":"   1. Download the jar file and copy into an empty folder","lastModifiedDate":"2020-05-23"},{"lineNumber":466,"author":{"gitId":"-"},"content":"","lastModifiedDate":"2020-05-23"},{"lineNumber":467,"author":{"gitId":"-"},"content":"   1. Double-click the jar file Expected: Shows the GUI with a set of sample contacts. The window size may not be optimum.","lastModifiedDate":"2020-05-23"},{"lineNumber":468,"author":{"gitId":"-"},"content":"","lastModifiedDate":"2020-05-23"},{"lineNumber":469,"author":{"gitId":"-"},"content":"1. Saving window preferences","lastModifiedDate":"2020-05-23"},{"lineNumber":470,"author":{"gitId":"-"},"content":"","lastModifiedDate":"2020-05-23"},{"lineNumber":471,"author":{"gitId":"-"},"content":"   1. Resize the window to an optimum size. Move the window to a different location. Close the window.","lastModifiedDate":"2020-05-23"},{"lineNumber":472,"author":{"gitId":"-"},"content":"","lastModifiedDate":"2020-05-23"},{"lineNumber":473,"author":{"gitId":"-"},"content":"   1. Re-launch the app by double-clicking the jar file.\u003cbr\u003e","lastModifiedDate":"2020-05-23"},{"lineNumber":474,"author":{"gitId":"-"},"content":"       Expected: The most recent window size and location is retained.","lastModifiedDate":"2020-05-23"},{"lineNumber":475,"author":{"gitId":"-"},"content":"","lastModifiedDate":"2020-05-23"},{"lineNumber":476,"author":{"gitId":"-"},"content":"1. _{ more test cases …​ }_","lastModifiedDate":"2020-05-23"},{"lineNumber":477,"author":{"gitId":"-"},"content":"","lastModifiedDate":"2020-05-23"},{"lineNumber":478,"author":{"gitId":"-"},"content":"### Deleting a person","lastModifiedDate":"2020-05-23"},{"lineNumber":479,"author":{"gitId":"-"},"content":"","lastModifiedDate":"2020-05-23"},{"lineNumber":480,"author":{"gitId":"-"},"content":"1. Deleting a person while all persons are being shown","lastModifiedDate":"2020-05-23"},{"lineNumber":481,"author":{"gitId":"-"},"content":"","lastModifiedDate":"2020-05-23"},{"lineNumber":482,"author":{"gitId":"-"},"content":"   1. Prerequisites: List all persons using the `list` command. Multiple persons in the list.","lastModifiedDate":"2020-05-23"},{"lineNumber":483,"author":{"gitId":"-"},"content":"","lastModifiedDate":"2020-05-23"},{"lineNumber":484,"author":{"gitId":"-"},"content":"   1. Test case: `delete 1`\u003cbr\u003e","lastModifiedDate":"2020-05-23"},{"lineNumber":485,"author":{"gitId":"-"},"content":"      Expected: First contact is deleted from the list. Details of the deleted contact shown in the status message. Timestamp in the status bar is updated.","lastModifiedDate":"2020-05-23"},{"lineNumber":486,"author":{"gitId":"-"},"content":"","lastModifiedDate":"2020-05-23"},{"lineNumber":487,"author":{"gitId":"-"},"content":"   1. Test case: `delete 0`\u003cbr\u003e","lastModifiedDate":"2020-05-23"},{"lineNumber":488,"author":{"gitId":"-"},"content":"      Expected: No person is deleted. Error details shown in the status message. Status bar remains the same.","lastModifiedDate":"2020-05-23"},{"lineNumber":489,"author":{"gitId":"-"},"content":"","lastModifiedDate":"2020-05-23"},{"lineNumber":490,"author":{"gitId":"-"},"content":"   1. Other incorrect delete commands to try: `delete`, `delete x`, `...` (where x is larger than the list size)\u003cbr\u003e","lastModifiedDate":"2020-05-23"},{"lineNumber":491,"author":{"gitId":"-"},"content":"      Expected: Similar to previous.","lastModifiedDate":"2020-05-23"},{"lineNumber":492,"author":{"gitId":"-"},"content":"","lastModifiedDate":"2020-05-23"},{"lineNumber":493,"author":{"gitId":"-"},"content":"1. _{ more test cases …​ }_","lastModifiedDate":"2020-05-23"},{"lineNumber":494,"author":{"gitId":"-"},"content":"","lastModifiedDate":"2020-05-23"},{"lineNumber":495,"author":{"gitId":"-"},"content":"### Saving data","lastModifiedDate":"2020-05-23"},{"lineNumber":496,"author":{"gitId":"-"},"content":"","lastModifiedDate":"2020-05-23"},{"lineNumber":497,"author":{"gitId":"-"},"content":"1. Dealing with missing/corrupted data files","lastModifiedDate":"2020-05-23"},{"lineNumber":498,"author":{"gitId":"-"},"content":"","lastModifiedDate":"2020-05-23"},{"lineNumber":499,"author":{"gitId":"-"},"content":"   1. _{explain how to simulate a missing/corrupted file, and the expected behavior}_","lastModifiedDate":"2020-05-23"},{"lineNumber":500,"author":{"gitId":"-"},"content":"","lastModifiedDate":"2020-05-23"},{"lineNumber":501,"author":{"gitId":"-"},"content":"1. _{ more test cases …​ }_","lastModifiedDate":"2020-05-23"}],"authorContributionMap":{"neojxuan":97,"-":361,"Agentum07":43}},{"path":"docs/index.md","fileType":"docs","lines":[{"lineNumber":1,"author":{"gitId":"-"},"content":"---","lastModifiedDate":"2020-05-23"},{"lineNumber":2,"author":{"gitId":"-"},"content":"layout: page","lastModifiedDate":"2020-05-23"},{"lineNumber":3,"author":{"gitId":"-"},"content":"title: AddressBook Level-3","lastModifiedDate":"2020-05-23"},{"lineNumber":4,"author":{"gitId":"-"},"content":"---","lastModifiedDate":"2020-05-23"},{"lineNumber":5,"author":{"gitId":"-"},"content":"","lastModifiedDate":"2020-05-23"},{"lineNumber":6,"author":{"gitId":"ryanpeh"},"content":"[![CI Status](https://github.com/AY2122S1-CS2103T-F12-1/tp/workflows/Java%20CI/badge.svg)](https://github.com/AY2122S1-CS2103T-F12-1/tp/actions)","lastModifiedDate":"2021-09-30"},{"lineNumber":7,"author":{"gitId":"-"},"content":"[![codecov](https://codecov.io/gh/AY2122S1-CS2103T-F12-1/tp/branch/master/graph/badge.svg?token\u003d6LH2DLRN3E)](https://codecov.io/gh/AY2122S1-CS2103T-F12-1/tp)","lastModifiedDate":"2021-09-14"},{"lineNumber":8,"author":{"gitId":"-"},"content":"","lastModifiedDate":"2020-05-23"},{"lineNumber":9,"author":{"gitId":"-"},"content":"![Ui](images/Ui.png)","lastModifiedDate":"2020-05-23"},{"lineNumber":10,"author":{"gitId":"-"},"content":"","lastModifiedDate":"2020-05-23"},{"lineNumber":11,"author":{"gitId":"ryanpeh"},"content":"**SmartNUS is a desktop app specifically designed for students to revise for their exams.** It has been optimized for use via a Command Line Interface but it also incorporates a Graphical User Interface (GUI). SmartNUS is the go-to app if you’re a fast typer or if you need a tool to streamline your revision process. Download today!","lastModifiedDate":"2021-09-30"},{"lineNumber":12,"author":{"gitId":"-"},"content":"","lastModifiedDate":"2020-05-23"},{"lineNumber":13,"author":{"gitId":"ryanpeh"},"content":"* If you are interested in using SmartNUS, head over to the [_Quick Start_ section of the **User Guide**](UserGuide.html#quick-start).","lastModifiedDate":"2021-09-30"},{"lineNumber":14,"author":{"gitId":"ryanpeh"},"content":"* If you are interested about developing SmartNUS, the [**Developer Guide**](DeveloperGuide.html) is a good place to start.","lastModifiedDate":"2021-09-30"},{"lineNumber":15,"author":{"gitId":"-"},"content":"","lastModifiedDate":"2020-05-23"},{"lineNumber":16,"author":{"gitId":"-"},"content":"","lastModifiedDate":"2020-05-23"},{"lineNumber":17,"author":{"gitId":"-"},"content":"**Acknowledgements**","lastModifiedDate":"2020-05-23"},{"lineNumber":18,"author":{"gitId":"-"},"content":"","lastModifiedDate":"2020-05-23"},{"lineNumber":19,"author":{"gitId":"-"},"content":"* Libraries used: [JavaFX](https://openjfx.io/), [Jackson](https://github.com/FasterXML/jackson), [JUnit5](https://github.com/junit-team/junit5)","lastModifiedDate":"2020-05-23"}],"authorContributionMap":{"ryanpeh":4,"-":15}}]
