{"authorDailyContributionsMap":{"neojxuan":[{"date":"2021-09-25","commitResults":[{"hash":"343e2a08ab9fdf9270a1813e0e01049a16a340e4","messageTitle":"Add MCQ, Qn and Choice models","messageBody":"","fileTypesAndContributionMap":{"functional-code":{"insertions":111,"deletions":0}}},{"hash":"44a15fa82e68b70a1ab8a74bbd22808321cbb517","messageTitle":"Add javadocs for some methods in Question","messageBody":"","fileTypesAndContributionMap":{"functional-code":{"insertions":6,"deletions":0}}},{"hash":"fc371226d2a2e61acbc5d6c7cec6d1182ea41673","messageTitle":"Rename person package to question","messageBody":"","fileTypesAndContributionMap":{"functional-code":{"insertions":38,"deletions":38},"other":{"insertions":20,"deletions":20},"docs":{"insertions":2,"deletions":2},"test-code":{"insertions":45,"deletions":45}}},{"hash":"26010e4b17cbbfd253f54ca672f1e78838db548e","messageTitle":"Rename Person class to Question class","messageBody":"","fileTypesAndContributionMap":{"functional-code":{"insertions":202,"deletions":202},"other":{"insertions":32,"deletions":32},"docs":{"insertions":68,"deletions":68},"test-code":{"insertions":172,"deletions":172}}},{"hash":"ef8b9c9a268a0becbdb1b0b32dd0e748b84767a9","messageTitle":"Allow name field to store non-alphanumeric char","messageBody":"","fileTypesAndContributionMap":{"functional-code":{"insertions":4,"deletions":4},"test-code":{"insertions":4,"deletions":6}}},{"hash":"1fe69a3235131fd01c742f7fdf0eece7c697c70b","messageTitle":"Add Choice attribute to Question class","messageBody":"","fileTypesAndContributionMap":{"functional-code":{"insertions":94,"deletions":13},"test-code":{"insertions":7,"deletions":1}}},{"hash":"e68107791366ac56c46dd8b85b1b587959ef1de6","messageTitle":"Refactor Question class into abstract Question and concrete MCQ classes","messageBody":"","fileTypesAndContributionMap":{"functional-code":{"insertions":52,"deletions":10},"test-code":{"insertions":3,"deletions":1}}},{"hash":"37b387fc3532e1002bed115b99b26f2b177a5d3a","messageTitle":"Delete duplicate Question class","messageBody":"","fileTypesAndContributionMap":{"functional-code":{"insertions":0,"deletions":102}}},{"hash":"9dccc6d3511c8cbeed6baa98ec081d0b32e7b137","messageTitle":"Fix checkstyle errors","messageBody":"","fileTypesAndContributionMap":{"functional-code":{"insertions":109,"deletions":99},"test-code":{"insertions":4,"deletions":1}}},{"hash":"7bc9373590b90520f2bc9e971d27e51935a5e5ae","messageTitle":"Fix styling","messageBody":"","fileTypesAndContributionMap":{"test-code":{"insertions":2,"deletions":2}}},{"hash":"f8ba09eada74bccfd6f13cf8f44c57382410bdcc","messageTitle":"Add tests for Choice class","messageBody":"","fileTypesAndContributionMap":{"functional-code":{"insertions":20,"deletions":0},"test-code":{"insertions":39,"deletions":0}}},{"hash":"c6c96b1501728977528f12751afaf4c49b0bc844","messageTitle":"Fix styling","messageBody":"","fileTypesAndContributionMap":{"functional-code":{"insertions":1,"deletions":1},"test-code":{"insertions":2,"deletions":2}}},{"hash":"d4278bb20b9e71e5cb06238e48a679fdc8dc870a","messageTitle":"Add tests for Choice","messageBody":"","fileTypesAndContributionMap":{"functional-code":{"insertions":4,"deletions":7},"test-code":{"insertions":15,"deletions":0}}},{"hash":"4fcfe5d56128d0ee3e59fcdb00b433c0cb050962","messageTitle":"Fix styling","messageBody":"","fileTypesAndContributionMap":{"functional-code":{"insertions":1,"deletions":1},"test-code":{"insertions":4,"deletions":4}}},{"hash":"a7f694c0c76f9661f8fecb3e3d35ee51c56187b7","messageTitle":"Refactor Question and MCQ classes","messageBody":"","fileTypesAndContributionMap":{"functional-code":{"insertions":3,"deletions":11}}},{"hash":"0314df35ec0a88a66c208b1a067d7f58cd93dbaf","messageTitle":"Remove equals comparison for Choice in Question for now","messageBody":"Choices cannot be saved and loaded to storage as of now.\nThis causes some tests to fail.\n","fileTypesAndContributionMap":{"functional-code":{"insertions":2,"deletions":2}}}]},{"date":"2021-09-30","commitResults":[{"hash":"877f645c591e648648f1c2906e9fcdadeef64e67","messageTitle":"docs: Add use cases for SmartNUS","messageBody":"","fileTypesAndContributionMap":{"docs":{"insertions":103,"deletions":10}}},{"hash":"5a1b0d485a6b53df370862c20efacd269db1607e","messageTitle":"docs: update glossary","messageBody":"","fileTypesAndContributionMap":{"docs":{"insertions":0,"deletions":1}}}]},{"date":"2021-10-01","commitResults":[{"hash":"a8bf29dba58bf7f1eb6722ce2c7711bef315ba49","messageTitle":"docs: update DG product scope","messageBody":"","fileTypesAndContributionMap":{"docs":{"insertions":3,"deletions":2}}}]},{"date":"2021-10-05","commitResults":[{"hash":"a9efcb75c2c847ad127939449be13faf6db412e5","messageTitle":"tests: Add tests for question hashcode","messageBody":"","fileTypesAndContributionMap":{"test-code":{"insertions":32,"deletions":0}}},{"hash":"0b467cc6466276bb25ab13ba59d013295146b368","messageTitle":"Rename PersonBuilder to QuestionBuilder","messageBody":"","fileTypesAndContributionMap":{"other":{"insertions":25,"deletions":19},"test-code":{"insertions":96,"deletions":96}}},{"hash":"6c3b850f1c12ef888208a8f39a1d094860517ed2","messageTitle":"style: remove white spaces","messageBody":"","fileTypesAndContributionMap":{"docs":{"insertions":30,"deletions":15},"test-code":{"insertions":4,"deletions":4}}},{"hash":"bd57f0380808d030d0fef1c8e78caf79441db62a","messageTitle":"style: remove whitespace","messageBody":"","fileTypesAndContributionMap":{"docs":{"insertions":1,"deletions":1}}},{"hash":"c1a6c04ce3d3d8c9e5360d5be32092136569f694","messageTitle":"style: fix checkstyle issues","messageBody":"","fileTypesAndContributionMap":{"test-code":{"insertions":5,"deletions":1}}},{"hash":"e5ad188a8e738bafc067f484fcd2ea6f6f7b1dc4","messageTitle":"Change more Person into Question","messageBody":"","fileTypesAndContributionMap":{"functional-code":{"insertions":70,"deletions":70},"other":{"insertions":5,"deletions":5},"test-code":{"insertions":141,"deletions":135}}},{"hash":"16efda1a31d7188560fab90b0c847d408dd04465","messageTitle":"rename person methods to question methods","messageBody":"","fileTypesAndContributionMap":{"functional-code":{"insertions":6,"deletions":6},"docs":{"insertions":5,"deletions":5},"test-code":{"insertions":4,"deletions":4}}},{"hash":"64222c57bbc7c4b29b99ff22be7bb2c8a8abd703","messageTitle":"fix styling","messageBody":"","fileTypesAndContributionMap":{"test-code":{"insertions":2,"deletions":1}}},{"hash":"e21248d5676e3a0e81d18c612b89f7ff2aa4c0bf","messageTitle":"fix checkstyle","messageBody":"","fileTypesAndContributionMap":{"test-code":{"insertions":2,"deletions":2}}}]},{"date":"2021-10-06","commitResults":[{"hash":"7ed5583c9c927f426115435a707d9512f72866c2","messageTitle":"Remove address field from Question","messageBody":"","fileTypesAndContributionMap":{"functional-code":{"insertions":20,"deletions":145},"test-code":{"insertions":56,"deletions":228}}},{"hash":"6ba590735662259d5eb5512bcfe5be46d36acad3","messageTitle":"Remove address from gui","messageBody":"","fileTypesAndContributionMap":{"functional-code":{"insertions":0,"deletions":3}}},{"hash":"fe7d4a52f69883d9faa0a4d1d6a6ad7f5d990e06","messageTitle":"Remove Email field","messageBody":"","fileTypesAndContributionMap":{"functional-code":{"insertions":16,"deletions":156},"test-code":{"insertions":48,"deletions":235}}},{"hash":"51a783f819de3ebac060f9a404592cf7b621d9f8","messageTitle":"Remove email from gui and json data","messageBody":"","fileTypesAndContributionMap":{"functional-code":{"insertions":0,"deletions":3},"test-code":{"insertions":3,"deletions":15}}},{"hash":"7bab51489238f0feb52551f9a220aef6a8817c2e","messageTitle":"Remove email prefix","messageBody":"","fileTypesAndContributionMap":{"functional-code":{"insertions":0,"deletions":3},"test-code":{"insertions":2,"deletions":10}}}]},{"date":"2021-10-07","commitResults":[{"hash":"5183e2c0d2b2ae2120e1e00cbbd20cff30b62fea","messageTitle":"Rename Phone to Importance","messageBody":"","fileTypesAndContributionMap":{"functional-code":{"insertions":70,"deletions":70},"other":{"insertions":14,"deletions":14},"test-code":{"insertions":172,"deletions":172}}},{"hash":"fb08ba016f9a877944e21a94d4c4cbb80e7c1575","messageTitle":"Update regex validation for Importance field","messageBody":"","fileTypesAndContributionMap":{"functional-code":{"insertions":1,"deletions":1},"test-code":{"insertions":32,"deletions":27}}},{"hash":"3362ebd4eb50ff2f4710527e704565f1cec11c82","messageTitle":"Update json files with importance field","messageBody":"","fileTypesAndContributionMap":{"test-code":{"insertions":14,"deletions":24}}},{"hash":"0421ef70bde7fdddb3596dfe3b72320041f4d6c0","messageTitle":"Update gui for importance field","messageBody":"","fileTypesAndContributionMap":{"functional-code":{"insertions":1,"deletions":1}}},{"hash":"eb5f27c2a8e6674aa38d8a313c72df1683174c57","messageTitle":"Fix styling","messageBody":"","fileTypesAndContributionMap":{"functional-code":{"insertions":9,"deletions":7},"test-code":{"insertions":27,"deletions":23}}},{"hash":"1baf00990d9223107169991483e2f04be06a3fc5","messageTitle":"Rename Person to Question","messageBody":"","fileTypesAndContributionMap":{"functional-code":{"insertions":89,"deletions":90},"other":{"insertions":44,"deletions":44},"test-code":{"insertions":264,"deletions":263}}},{"hash":"7e5f6a08e96b082af3121080fbb521f00a5ee0fc","messageTitle":"Rename Person to Question in UG and DG","messageBody":"","fileTypesAndContributionMap":{"docs":{"insertions":88,"deletions":93}}},{"hash":"87c4474f9bae0e358fa60e34a30d968e3072a9a4","messageTitle":"Add more tests for importance","messageBody":"","fileTypesAndContributionMap":{"test-code":{"insertions":15,"deletions":1}}},{"hash":"efa4669961e4e6cb44b33984382fe8a0f827a175","messageTitle":"fix style","messageBody":"","fileTypesAndContributionMap":{"test-code":{"insertions":1,"deletions":1}}},{"hash":"89f593e3137d7e5ff74a8c75c0f51b00cb74e599","messageTitle":"Update prefix format","messageBody":"","fileTypesAndContributionMap":{"functional-code":{"insertions":3,"deletions":3}}},{"hash":"4a5f71ff1b60c67d3a86d02b45752e856765b098","messageTitle":"fix styling","messageBody":"","fileTypesAndContributionMap":{"functional-code":{"insertions":4,"deletions":3},"test-code":{"insertions":9,"deletions":6}}},{"hash":"8137d9a271b5d201ffc40d664b7c30df2d6bcd4a","messageTitle":"fix: add space to prefixes","messageBody":"","fileTypesAndContributionMap":{"functional-code":{"insertions":6,"deletions":6}}},{"hash":"44882d9f57454dfe6cdb53edfbdf9a9f0292d667","messageTitle":"Change prefixes so tokenizer can be used","messageBody":"","fileTypesAndContributionMap":{"functional-code":{"insertions":6,"deletions":6}}}]},{"date":"2021-10-08","commitResults":[{"hash":"93be40b5ead6902be36df39f3204986c49cedb9e","messageTitle":"Update choice text and gui representation","messageBody":"","fileTypesAndContributionMap":{"functional-code":{"insertions":37,"deletions":3},"test-code":{"insertions":10,"deletions":0}}}]},{"date":"2021-10-14","commitResults":[{"hash":"52d5655cde90d709e308a7e29588568534104423","messageTitle":"Change sample data to sample questions","messageBody":"","fileTypesAndContributionMap":{"functional-code":{"insertions":56,"deletions":20}}},{"hash":"db920baa60b74bd944ec699ffc6a067a745fa99e","messageTitle":"fix style","messageBody":"","fileTypesAndContributionMap":{"functional-code":{"insertions":15,"deletions":15}}},{"hash":"bd2fcb3b81d061de0e5fe5daab3fa29afe6847d2","messageTitle":"fix style","messageBody":"","fileTypesAndContributionMap":{"functional-code":{"insertions":1,"deletions":1}}},{"hash":"b13d8b646a4bba5055976914da1d79c36b52bae0","messageTitle":"Add tests for sample question data","messageBody":"","fileTypesAndContributionMap":{"functional-code":{"insertions":21,"deletions":1},"test-code":{"insertions":20,"deletions":0}}},{"hash":"a418961a34d58e7efcac691e33768976f99a7687","messageTitle":"Add tests for Question isValidQuestion","messageBody":"","fileTypesAndContributionMap":{"test-code":{"insertions":27,"deletions":0}}},{"hash":"39b4fcf560598b1c219c2a2be262e8cffd1e27c4","messageTitle":"Revert gui changes for choice bg colour","messageBody":"","fileTypesAndContributionMap":{"functional-code":{"insertions":3,"deletions":1}}}]}],"aryagiat":[{"date":"2021-10-09","commitResults":[{"hash":"f2b0a2410d003fd654c044931c8674e036b56239","messageTitle":"Add a getter to get all the questions","messageBody":"","fileTypesAndContributionMap":{"functional-code":{"insertions":22,"deletions":0}}},{"hash":"6e2099f9d13084b75321630d499b231eee557f70","messageTitle":"Feat: Add the quiz class","messageBody":"","fileTypesAndContributionMap":{"functional-code":{"insertions":95,"deletions":3}}},{"hash":"4cecc584b9858b86c38044119436b1e361b87d75","messageTitle":"Fix: update the value of sample \u0027Importance\u0027 data","messageBody":"","fileTypesAndContributionMap":{"functional-code":{"insertions":6,"deletions":6}}},{"hash":"611901b89fe024dad93d90b32da57c6e7200a267","messageTitle":"Add quiz related commands","messageBody":"","fileTypesAndContributionMap":{"functional-code":{"insertions":63,"deletions":0},"other":{"insertions":4,"deletions":2}}},{"hash":"dae4b2c28a9fc645b749c8e7386d9730b5c3e3eb","messageTitle":"Add quiz related command parser","messageBody":"","fileTypesAndContributionMap":{"functional-code":{"insertions":2,"deletions":2},"test-code":{"insertions":2,"deletions":1}}}]},{"date":"2021-10-10","commitResults":[{"hash":"12e88ba69b53fb7ebf0fdcc3ee9dd2259824748f","messageTitle":"Fix: fix based on checkstyle","messageBody":"","fileTypesAndContributionMap":{"functional-code":{"insertions":8,"deletions":8}}},{"hash":"109d593221bcf3ab4b9befb56202dbd57ca34c77","messageTitle":"Add tests for quiz","messageBody":"","fileTypesAndContributionMap":{"test-code":{"insertions":126,"deletions":0}}},{"hash":"9698915ba12d8aaf5eb08301c877919e4efc3294","messageTitle":"Update quiz in DG","messageBody":"","fileTypesAndContributionMap":{"docs":{"insertions":1,"deletions":1}}},{"hash":"a68d975eb7afd0390e000bb4494478935ecb5bf3","messageTitle":"Fix to match checkstyle","messageBody":"","fileTypesAndContributionMap":{"test-code":{"insertions":10,"deletions":6}}}]},{"date":"2021-10-15","commitResults":[{"hash":"1fb748086f188d6a3242b150c5acbdd3598364a9","messageTitle":"Update UG for v1.2","messageBody":"","fileTypesAndContributionMap":{"functional-code":{"insertions":1,"deletions":1},"docs":{"insertions":68,"deletions":22}}}]}],"ryanpeh":[{"date":"2021-09-30","commitResults":[{"hash":"7e1c895784ae89873bbc014e92fa55c69979adff","messageTitle":"Add developer profiles in about us","messageBody":"","fileTypesAndContributionMap":{"docs":{"insertions":25,"deletions":25}}},{"hash":"6782ffed8b8a1c393899c6f4b412cf9f1d63d371","messageTitle":"Update README.md","messageBody":"","fileTypesAndContributionMap":{"docs":{"insertions":9,"deletions":11}}},{"hash":"5a1aaec53f7cce7a86dfc98051aed32acd48aea0","messageTitle":"Update product website","messageBody":"","fileTypesAndContributionMap":{"docs":{"insertions":4,"deletions":4}}}]},{"date":"2021-10-12","commitResults":[{"hash":"a8053ef180e00a40a160d46e8bc5285293c7559d","messageTitle":"Add quiz window shown from quiz command","messageBody":"","fileTypesAndContributionMap":{"functional-code":{"insertions":379,"deletions":5},"test-code":{"insertions":5,"deletions":5}}}]},{"date":"2021-10-13","commitResults":[{"hash":"0c6a6151e522b652ee467446c9ebb09094d4a35e","messageTitle":"Add displaying of question in question window","messageBody":"","fileTypesAndContributionMap":{"functional-code":{"insertions":43,"deletions":4}}},{"hash":"01dda5dec88127cc25bf8549883337cd902cfae3","messageTitle":"Add basic quiz functionality","messageBody":"","fileTypesAndContributionMap":{"functional-code":{"insertions":197,"deletions":60},"other":{"insertions":4,"deletions":1},"test-code":{"insertions":1,"deletions":0}}},{"hash":"d0f9368af822d286cb5fdba96975c2010193b717","messageTitle":"Modify displayed messages","messageBody":"","fileTypesAndContributionMap":{"functional-code":{"insertions":6,"deletions":4}}}]},{"date":"2021-10-14","commitResults":[{"hash":"207430669df9034c5a62003de91d3b4c1a41efc6","messageTitle":"Fix various code quality and checkstyle issues","messageBody":"","fileTypesAndContributionMap":{"functional-code":{"insertions":47,"deletions":60}}},{"hash":"aab0ab6085bcaf277e301e27715a91198ea6fcf4","messageTitle":"Add error handling when accessing out of bound questions","messageBody":"","fileTypesAndContributionMap":{"functional-code":{"insertions":22,"deletions":5}}},{"hash":"de0066d896ca7e9008c2c4a38db2ec7a08bb39cf","messageTitle":"Fix test cases","messageBody":"","fileTypesAndContributionMap":{"test-code":{"insertions":2,"deletions":2}}},{"hash":"256426e2229d628abf24cb12bebced6d973f70d8","messageTitle":"Change question choice shuffling logic","messageBody":"","fileTypesAndContributionMap":{"functional-code":{"insertions":30,"deletions":14}}},{"hash":"c49c0d808145b000520f066645a9e103e267a9d4","messageTitle":"Add test cases","messageBody":"","fileTypesAndContributionMap":{"functional-code":{"insertions":0,"deletions":3},"test-code":{"insertions":82,"deletions":0}}},{"hash":"cfab59d2b5187b2602e6c02c9ddf9dec9a5ceef7","messageTitle":"Fix checkstyle issues","messageBody":"","fileTypesAndContributionMap":{"test-code":{"insertions":0,"deletions":2}}},{"hash":"a1b003badb474a60350e92a07f6f1e81f7657bc5","messageTitle":"Add line break","messageBody":"","fileTypesAndContributionMap":{"functional-code":{"insertions":1,"deletions":1}}}]},{"date":"2021-10-15","commitResults":[{"hash":"9bb96f9b3f1b5304ebaeec9dd55ec4e59c350350","messageTitle":"Modify displayed text when incorrect answer format is entered","messageBody":"","fileTypesAndContributionMap":{"functional-code":{"insertions":6,"deletions":3}}}]}],"cedricongjh":[{"date":"2021-09-24","commitResults":[{"hash":"16cd5439c8107486262f5f4b16ebe55451188576","messageTitle":"Add preliminary QuizCommand","messageBody":"","fileTypesAndContributionMap":{"functional-code":{"insertions":61,"deletions":0},"test-code":{"insertions":54,"deletions":0}}},{"hash":"7635efd9ce739448aa4ffa722920ad7b9e4d212d","messageTitle":"Make arePrefixesPresent available in ParserUtil","messageBody":"","fileTypesAndContributionMap":{"functional-code":{"insertions":11,"deletions":8}}}]},{"date":"2021-09-25","commitResults":[{"hash":"0100adde3126fc7d66d19a256eddf2727f9168d2","messageTitle":"Configure Parser to Parse add mcq question command","messageBody":"","fileTypesAndContributionMap":{"functional-code":{"insertions":106,"deletions":134}}},{"hash":"28a653dcbb51bf04fef6f145c961ab7f0c650263","messageTitle":"Add Unit tests for AddMcqCommandParser","messageBody":"","fileTypesAndContributionMap":{"test-code":{"insertions":229,"deletions":4}}},{"hash":"94d68808602f0e4d8ffe2d71c7d6ba4ef728f9c0","messageTitle":"Fix line endings issue in ParserUtil","messageBody":"","fileTypesAndContributionMap":{"functional-code":{"insertions":208,"deletions":1}}}]},{"date":"2021-09-30","commitResults":[{"hash":"b7ae9e19aa73b207ec3e6201a18e0b8441464742","messageTitle":"Add Newline at EOF for Tests","messageBody":"","fileTypesAndContributionMap":{"test-code":{"insertions":4,"deletions":4}}},{"hash":"4516dfaff1989d09af5a1e561ec09d0838dcfe55","messageTitle":"Fix CheckStyle issues","messageBody":"","fileTypesAndContributionMap":{"test-code":{"insertions":34,"deletions":32}}}]},{"date":"2021-10-08","commitResults":[{"hash":"da76b33750aeb4608fa1a73de7faa472c418397e","messageTitle":"Configure AddMcqCommand to add Question to Model","messageBody":"","fileTypesAndContributionMap":{"functional-code":{"insertions":64,"deletions":85}}},{"hash":"be78d28922583ccf26287c7cf459fd027fffad1b","messageTitle":"Update unit tests for AddMcqCommandParser","messageBody":"","fileTypesAndContributionMap":{"test-code":{"insertions":103,"deletions":94}}},{"hash":"34671b2ca555aa511085d75a13faa797626a94f3","messageTitle":"Update AddMcqCommand MESSAGE_USAGE","messageBody":"","fileTypesAndContributionMap":{"functional-code":{"insertions":4,"deletions":1}}},{"hash":"1aae83e00e9d3e667471ecc08b3d7675bcb710c0","messageTitle":"Refactor logic for parsing choices","messageBody":"","fileTypesAndContributionMap":{"functional-code":{"insertions":12,"deletions":4},"test-code":{"insertions":5,"deletions":8}}},{"hash":"adaddabc5137b717a1c1416a1bbcdd87e6de1815","messageTitle":"Add tests for AddMcqCommand","messageBody":"","fileTypesAndContributionMap":{"functional-code":{"insertions":1,"deletions":1},"test-code":{"insertions":190,"deletions":1}}},{"hash":"c3c9ae7505c858eb58455d129f13a5459d3c3c35","messageTitle":"Fix AddMcqCommandTest","messageBody":"","fileTypesAndContributionMap":{"functional-code":{"insertions":1,"deletions":0},"test-code":{"insertions":5,"deletions":5}}}]}],"Agentum07":[{"date":"2021-09-30","commitResults":[{"hash":"143c40eea9aecf33c51a9d33a8a4749e76e1da3c","messageTitle":"Update User Stories and NFRs","messageBody":"","fileTypesAndContributionMap":{"docs":{"insertions":44,"deletions":12}}}]},{"date":"2021-10-11","commitResults":[{"hash":"1df763bf929474ab325910ace0a1749f91d83aff","messageTitle":"Refactor Storage usages of AddressBook to SmartNus","messageBody":"","fileTypesAndContributionMap":{"functional-code":{"insertions":10,"deletions":10},"other":{"insertions":26,"deletions":26},"test-code":{"insertions":11,"deletions":11}}},{"hash":"f2272617be97adecb74e9549fd67c53e4d2194bb","messageTitle":"Fix order of import statements","messageBody":"","fileTypesAndContributionMap":{"functional-code":{"insertions":4,"deletions":4}}},{"hash":"2e71d49490deae35e53c9d9e9734da46ed81c3a5","messageTitle":"Created class to represent choices in json format","messageBody":"","fileTypesAndContributionMap":{"functional-code":{"insertions":44,"deletions":3}}}]},{"date":"2021-10-12","commitResults":[{"hash":"9a0f259fc5478c7a659515f369e60d811e0cfbcb","messageTitle":"Add test for storing invalid choice","messageBody":"","fileTypesAndContributionMap":{"test-code":{"insertions":20,"deletions":6}}},{"hash":"80d8f5d8a5896418b5646af1c90ca117cc13e555","messageTitle":"add functionality to read existing data","messageBody":"","fileTypesAndContributionMap":{"functional-code":{"insertions":26,"deletions":9}}},{"hash":"7e9230450118dd721246422ad28092d65acea280","messageTitle":"fix checkstyle","messageBody":"","fileTypesAndContributionMap":{"test-code":{"insertions":4,"deletions":4}}}]}]},"authorFileTypeContributionMap":{"neojxuan":{"docs":222,"functional-code":661,"test-code":928},"aryagiat":{"docs":69,"functional-code":171,"test-code":132},"ryanpeh":{"docs":35,"functional-code":593,"test-code":88},"cedricongjh":{"docs":0,"functional-code":232,"test-code":455},"Agentum07":{"docs":42,"functional-code":87,"test-code":45}},"authorContributionVariance":{"neojxuan":243589.67,"aryagiat":2414.8774,"ryanpeh":10262.584,"cedricongjh":26023.863,"Agentum07":948.5922},"authorDisplayNameMap":{"neojxuan":"CS2103T-F12-1 NEO ..XUAN","aryagiat":"CS2103T-F12-1 ARYA..GIAT","ryanpeh":"CS2103T-F12-1 PEH ..RYAN","cedricongjh":"CS2103T-F12-1 ONG ..DRIC","Agentum07":"CS2103T-F12-1 ABHI..UPTA"}}
